CN,PLT_CN,INVYR,STATECD,COUNTYCD,PLOT,TRANSECT,SUBP,CONDID,MEASYEAR,SMALLCT,MEDIUMCT,LARGECT,RSNCTCD,PILESCD,SMALL_TL_COND,SMALL_TL_PLOT,SMALL_TL_UNADJ,MEDIUM_TL_COND,MEDIUM_TL_PLOT,MEDIUM_TL_UNADJ,LARGE_TL_COND,LARGE_TL_PLOT,LARGE_TL_UNADJ,CREATED_DATE,MODIFIED_DATE,FWD_STATUS_CD,FWD_NONSAMPLE_REASN_CD,FWD_SAMPLE_METHOD,SLOPE
56708026010538,60264822010538,2004,54,1,1932,150,1,1,2004,7,0,0,0,0,17.238497139341682,22.901647277537784,22.901647277537784,17.238497139341682,22.901647277537784,22.901647277537784,28.730828565569468,38.16941212922964,38.16941212922964,2005-10-31 11:59:18,2026-06-25 13:31:38,,,2,
56708034010538,60264822010538,2004,54,1,1932,150,2,1,2004,9,4,0,0,0,17.238497139341682,22.901647277537784,22.901647277537784,17.238497139341682,22.901647277537784,22.901647277537784,28.730828565569468,38.16941212922964,38.16941212922964,2005-10-31 11:59:18,2026-06-25 13:31:38,,,2,
56708042010538,60264822010538,2004,54,1,1932,150,3,2,2004,4,0,0,0,0,5.663150138196104,22.901647277537784,22.901647277537784,5.663150138196104,22.901647277537784,22.901647277537784,9.438583563660174,38.16941212922964,38.16941212922964,2005-10-31 11:59:18,2026-06-25 13:31:38,,,2,
56708050010538,60264822010538,2004,54,1,1932,150,4,1,2004,11,4,2,0,0,17.238497139341682,22.901647277537784,22.901647277537784,17.238497139341682,22.901647277537784,22.901647277537784,28.730828565569468,38.16941212922964,38.16941212922964,2005-10-31 11:59:18,2026-06-25 13:31:38,,,2,
56707056010538,60265847010538,2004,54,5,1861,150,1,1,2004,19,5,1,0,0,16.692863422391703,16.692863422391703,22.692863422391703,16.692863422391703,16.692863422391703,22.692863422391703,27.821439037319507,27.821439037319507,37.82143903731951,2005-10-31 11:59:18,2026-06-25 13:31:37,,,2,
56707070010538,60265847010538,2004,54,5,1861,150,2,1,2004,16,1,1,0,0,16.692863422391703,16.692863422391703,22.692863422391703,16.692863422391703,16.692863422391703,22.692863422391703,27.821439037319507,27.821439037319507,37.82143903731951,2005-10-31 11:59:18,2026-06-25 13:31:37,,,2,
56707084010538,60265847010538,2004,54,5,1861,150,4,1,2004,12,1,1,0,0,16.692863422391703,16.692863422391703,22.692863422391703,16.692863422391703,16.692863422391703,22.692863422391703,27.821439037319507,27.821439037319507,37.82143903731951,2005-10-31 11:59:18,2026-06-25 13:31:37,,,2,
56706867010538,60266563010538,2004,54,7,1499,150,1,1,2004,20,2,0,0,0,23.962737174527003,23.962737174527003,23.962737174527003,23.962737174527003,23.962737174527003,23.962737174527003,39.93789529087834,39.93789529087834,39.93789529087834,2005-10-31 11:59:18,2026-06-25 13:31:38,,,2,
56706876010538,60266563010538,2004,54,7,1499,150,2,1,2004,6,2,1,0,0,23.962737174527003,23.962737174527003,23.962737174527003,23.962737174527003,23.962737174527003,23.962737174527003,39.93789529087834,39.93789529087834,39.93789529087834,2005-10-31 11:59:18,2026-06-25 13:31:38,,,2,
56706884010538,60266563010538,2004,54,7,1499,150,3,1,2004,0,0,0,0,0,23.962737174527003,23.962737174527003,23.962737174527003,23.962737174527003,23.962737174527003,23.962737174527003,39.93789529087834,39.93789529087834,39.93789529087834,2005-10-31 11:59:18,2026-06-25 13:31:38,,,2,
56706892010538,60266563010538,2004,54,7,1499,150,4,1,2004,6,0,0,0,0,23.962737174527003,23.962737174527003,23.962737174527003,23.962737174527003,23.962737174527003,23.962737174527003,39.93789529087834,39.93789529087834,39.93789529087834,2005-10-31 11:59:18,2026-06-25 13:31:38,,,2,
56706958010538,60266401010538,2004,54,7,1744,150,1,1,2004,13,5,0,0,0,22.786299454576447,22.786299454576447,22.786299454576447,22.786299454576447,22.786299454576447,22.786299454576447,37.97716575762741,37.97716575762741,37.97716575762741,2005-10-31 11:59:18,2026-06-25 13:31:37,,,2,
56706969010538,60266401010538,2004,54,7,1744,150,2,1,2004,9,7,2,0,0,22.786299454576447,22.786299454576447,22.786299454576447,22.786299454576447,22.786299454576447,22.786299454576447,37.97716575762741,37.97716575762741,37.97716575762741,2005-10-31 11:59:18,2026-06-25 13:31:37,,,2,
56706978010538,60266401010538,2004,54,7,1744,150,3,1,2004,11,2,0,0,0,22.786299454576447,22.786299454576447,22.786299454576447,22.786299454576447,22.786299454576447,22.786299454576447,37.97716575762741,37.97716575762741,37.97716575762741,2005-10-31 11:59:18,2026-06-25 13:31:37,,,2,
56706989010538,60266401010538,2004,54,7,1744,150,4,1,2004,10,3,0,0,0,22.786299454576447,22.786299454576447,22.786299454576447,22.786299454576447,22.786299454576447,22.786299454576447,37.97716575762741,37.97716575762741,37.97716575762741,2005-10-31 11:59:18,2026-06-25 13:31:37,,,2,
56707267010538,60267085010538,2004,54,11,797,150,1,1,2004,0,2,0,0,0,17.970223141259936,23.970223141259936,23.970223141259936,17.970223141259936,23.970223141259936,23.970223141259936,29.950371902099892,39.95037190209989,39.95037190209989,2005-10-31 11:59:18,2026-06-25 13:31:38,,,2,
56707275010538,60267085010538,2004,54,11,797,150,2,1,2004,14,3,0,0,0,17.970223141259936,23.970223141259936,23.970223141259936,17.970223141259936,23.970223141259936,23.970223141259936,29.950371902099892,39.95037190209989,39.95037190209989,2005-10-31 11:59:18,2026-06-25 13:31:38,,,2,
56707283010538,60267085010538,2004,54,11,797,150,3,1,2004,5,3,0,0,0,17.970223141259936,23.970223141259936,23.970223141259936,17.970223141259936,23.970223141259936,23.970223141259936,29.950371902099892,39.95037190209989,39.95037190209989,2005-10-31 11:59:18,2026-06-25 13:31:38,,,2,
56708070010538,60267985010538,2004,54,17,1054,150,1,1,2004,10,5,0,0,0,23.04837359419181,23.04837359419181,23.04837359419181,23.04837359419181,23.04837359419181,23.04837359419181,38.41395599031968,38.41395599031968,38.41395599031968,2005-10-31 11:59:18,2026-06-25 13:31:38,,,2,
56708079010538,60267985010538,2004,54,17,1054,150,2,1,2004,9,1,0,0,0,23.04837359419181,23.04837359419181,23.04837359419181,23.04837359419181,23.04837359419181,23.04837359419181,38.41395599031968,38.41395599031968,38.41395599031968,2005-10-31 11:59:18,2026-06-25 13:31:38,,,2,
56708087010538,60267985010538,2004,54,17,1054,150,3,1,2004,25,8,3,0,0,23.04837359419181,23.04837359419181,23.04837359419181,23.04837359419181,23.04837359419181,23.04837359419181,38.41395599031968,38.41395599031968,38.41395599031968,2005-10-31 11:59:19,2026-06-25 13:31:38,,,2,
56708103010538,60267985010538,2004,54,17,1054,150,4,1,2004,12,4,0,0,0,23.04837359419181,23.04837359419181,23.04837359419181,23.04837359419181,23.04837359419181,23.04837359419181,38.41395599031968,38.41395599031968,38.41395599031968,2005-10-31 11:59:19,2026-06-25 13:31:38,,,2,
56706216010538,60271004010538,2004,54,25,2197,150,2,1,2004,5,2,0,0,0,23.746987151348844,23.746987151348844,23.746987151348844,23.746987151348844,23.746987151348844,23.746987151348844,39.57831191891474,39.57831191891474,39.57831191891474,2005-10-31 11:59:19,2026-06-25 13:31:38,,,2,
56706224010538,60271004010538,2004,54,25,2197,150,3,1,2004,9,1,0,0,0,23.746987151348844,23.746987151348844,23.746987151348844,23.746987151348844,23.746987151348844,23.746987151348844,39.57831191891474,39.57831191891474,39.57831191891474,2005-10-31 11:59:19,2026-06-25 13:31:38,,,2,
56706232010538,60271004010538,2004,54,25,2197,150,4,1,2004,7,2,0,0,0,23.746987151348844,23.746987151348844,23.746987151348844,23.746987151348844,23.746987151348844,23.746987151348844,39.57831191891474,39.57831191891474,39.57831191891474,2005-10-31 11:59:19,2026-06-25 13:31:38,,,2,
56706764010538,60270544010538,2004,54,25,2331,150,1,1,2004,26,6,0,0,0,22.89525262428718,22.89525262428718,22.89525262428718,22.89525262428718,22.89525262428718,22.89525262428718,38.158754373811966,38.158754373811966,38.158754373811966,2005-10-31 11:59:19,2026-06-25 13:31:37,,,2,
56706777010538,60270544010538,2004,54,25,2331,150,2,1,2004,3,0,0,0,0,22.89525262428718,22.89525262428718,22.89525262428718,22.89525262428718,22.89525262428718,22.89525262428718,38.158754373811966,38.158754373811966,38.158754373811966,2005-10-31 11:59:19,2026-06-25 13:31:37,,,2,
56706786010538,60270544010538,2004,54,25,2331,150,3,1,2004,1,1,0,0,0,22.89525262428718,22.89525262428718,22.89525262428718,22.89525262428718,22.89525262428718,22.89525262428718,38.158754373811966,38.158754373811966,38.158754373811966,2005-10-31 11:59:19,2026-06-25 13:31:37,,,2,
56706796010538,60270544010538,2004,54,25,2331,150,4,1,2004,16,5,1,0,0,22.89525262428718,22.89525262428718,22.89525262428718,22.89525262428718,22.89525262428718,22.89525262428718,38.158754373811966,38.158754373811966,38.158754373811966,2005-10-31 11:59:19,2026-06-25 13:31:37,,,2,
56707604010538,60272420010538,2004,54,31,598,150,1,1,2004,16,1,0,0,0,23.63420434271061,23.63420434271061,23.63420434271061,23.63420434271061,23.63420434271061,23.63420434271061,39.39034057118435,39.39034057118435,39.39034057118435,2005-10-31 11:59:19,2026-06-25 13:31:37,,,2,
56707612010538,60272420010538,2004,54,31,598,150,2,1,2004,23,4,0,0,0,23.63420434271061,23.63420434271061,23.63420434271061,23.63420434271061,23.63420434271061,23.63420434271061,39.39034057118435,39.39034057118435,39.39034057118435,2005-10-31 11:59:19,2026-06-25 13:31:37,,,2,
56707620010538,60272420010538,2004,54,31,598,150,3,1,2004,14,2,2,0,0,23.63420434271061,23.63420434271061,23.63420434271061,23.63420434271061,23.63420434271061,23.63420434271061,39.39034057118435,39.39034057118435,39.39034057118435,2005-10-31 11:59:19,2026-06-25 13:31:37,,,2,
56707629010538,60272420010538,2004,54,31,598,150,4,1,2004,7,3,4,0,0,23.63420434271061,23.63420434271061,23.63420434271061,23.63420434271061,23.63420434271061,23.63420434271061,39.39034057118435,39.39034057118435,39.39034057118435,2005-10-31 11:59:19,2026-06-25 13:31:37,,,2,
56706713010538,60271920010538,2004,54,31,2183,150,1,1,2004,11,3,1,0,0,17.501430829408683,22.972959860459323,22.972959860459323,17.501430829408683,22.972959860459323,22.972959860459323,29.169051382347806,38.28826643409887,38.28826643409887,2005-10-31 11:59:19,2026-06-25 13:31:37,,,2,
56706722010538,60271920010538,2004,54,31,2183,150,2,2,2004,3,2,0,0,0,5.471529031050639,22.972959860459323,22.972959860459323,5.471529031050639,22.972959860459323,22.972959860459323,9.119215051751064,38.28826643409887,38.28826643409887,2005-10-31 11:59:19,2026-06-25 13:31:37,,,2,
56706734010538,60271920010538,2004,54,31,2183,150,3,1,2004,10,2,3,0,0,17.501430829408683,22.972959860459323,22.972959860459323,17.501430829408683,22.972959860459323,22.972959860459323,29.169051382347806,38.28826643409887,38.28826643409887,2005-10-31 11:59:19,2026-06-25 13:31:37,,,2,
56706744010538,60271920010538,2004,54,31,2183,150,4,1,2004,8,6,2,0,0,17.501430829408683,22.972959860459323,22.972959860459323,17.501430829408683,22.972959860459323,22.972959860459323,29.169051382347806,38.28826643409887,38.28826643409887,2005-10-31 11:59:19,2026-06-25 13:31:37,,,2,
56707159010538,60274986010538,2004,54,39,649,150,1,1,2004,11,6,0,0,0,17.111002647465337,22.774152785661443,22.774152785661443,17.111002647465337,22.774152785661443,22.774152785661443,28.518337745775565,37.956921309435735,37.956921309435735,2005-10-31 11:59:19,2026-06-25 13:31:37,,,2,
56707173010538,60274986010538,2004,54,39,649,150,2,2,2004,11,2,3,0,0,5.663150138196104,22.774152785661443,22.774152785661443,5.663150138196104,22.774152785661443,22.774152785661443,9.438583563660174,37.956921309435735,37.956921309435735,2005-10-31 11:59:19,2026-06-25 13:31:37,,,2,
56707185010538,60274986010538,2004,54,39,649,150,3,1,2004,12,4,0,0,0,17.111002647465337,22.774152785661443,22.774152785661443,17.111002647465337,22.774152785661443,22.774152785661443,28.518337745775565,37.956921309435735,37.956921309435735,2005-10-31 11:59:19,2026-06-25 13:31:37,,,2,
56707199010538,60274986010538,2004,54,39,649,150,4,1,2004,15,2,1,0,0,17.111002647465337,22.774152785661443,22.774152785661443,17.111002647465337,22.774152785661443,22.774152785661443,28.518337745775565,37.956921309435735,37.956921309435735,2005-10-31 11:59:19,2026-06-25 13:31:37,,,2,
56707112010538,60274807010538,2004,54,39,1369,150,1,1,2004,8,2,1,0,0,21.031847048999808,21.031847048999808,21.031847048999808,21.031847048999808,21.031847048999808,21.031847048999808,35.05307841499968,35.05307841499968,35.05307841499968,2005-10-31 11:59:19,2026-06-25 13:31:38,,,2,
56707122010538,60274807010538,2004,54,39,1369,150,2,1,2004,10,3,0,0,0,21.031847048999808,21.031847048999808,21.031847048999808,21.031847048999808,21.031847048999808,21.031847048999808,35.05307841499968,35.05307841499968,35.05307841499968,2005-10-31 11:59:19,2026-06-25 13:31:38,,,2,
56707131010538,60274807010538,2004,54,39,1369,150,3,1,2004,10,2,0,0,0,21.031847048999808,21.031847048999808,21.031847048999808,21.031847048999808,21.031847048999808,21.031847048999808,35.05307841499968,35.05307841499968,35.05307841499968,2005-10-31 11:59:19,2026-06-25 13:31:38,,,2,
56707140010538,60274807010538,2004,54,39,1369,150,4,1,2004,7,3,2,0,0,21.031847048999808,21.031847048999808,21.031847048999808,21.031847048999808,21.031847048999808,21.031847048999808,35.05307841499968,35.05307841499968,35.05307841499968,2005-10-31 11:59:19,2026-06-25 13:31:38,,,2,
56706357010538,60276426010538,2004,54,45,534,150,1,1,2004,5,1,2,0,0,21.026111604394526,21.026111604394526,21.026111604394526,21.026111604394526,21.026111604394526,21.026111604394526,35.04351934065754,35.04351934065754,35.04351934065754,2005-10-31 11:59:19,2026-06-25 13:31:38,,,2,
56706365010538,60276426010538,2004,54,45,534,150,2,1,2004,10,1,0,0,0,21.026111604394526,21.026111604394526,21.026111604394526,21.026111604394526,21.026111604394526,21.026111604394526,35.04351934065754,35.04351934065754,35.04351934065754,2005-10-31 11:59:19,2026-06-25 13:31:38,,,2,
56706375010538,60276426010538,2004,54,45,534,150,3,1,2004,22,1,0,0,0,21.026111604394526,21.026111604394526,21.026111604394526,21.026111604394526,21.026111604394526,21.026111604394526,35.04351934065754,35.04351934065754,35.04351934065754,2005-10-31 11:59:19,2026-06-25 13:31:38,,,2,
56706384010538,60276426010538,2004,54,45,534,150,4,1,2004,9,3,1,0,0,21.026111604394526,21.026111604394526,21.026111604394526,21.026111604394526,21.026111604394526,21.026111604394526,35.04351934065754,35.04351934065754,35.04351934065754,2005-10-31 11:59:19,2026-06-25 13:31:38,,,2,
56706251010538,60277154010538,2004,54,47,437,150,1,1,2004,23,6,4,0,0,23.75948214155811,23.75948214155811,23.75948214155811,23.75948214155811,23.75948214155811,23.75948214155811,39.59913690259685,39.59913690259685,39.59913690259685,2005-10-31 11:59:20,2026-06-25 13:31:38,,,2,
56706260010538,60277154010538,2004,54,47,437,150,2,1,2004,10,0,1,0,0,23.75948214155811,23.75948214155811,23.75948214155811,23.75948214155811,23.75948214155811,23.75948214155811,39.59913690259685,39.59913690259685,39.59913690259685,2005-10-31 11:59:20,2026-06-25 13:31:38,,,2,
56706268010538,60277154010538,2004,54,47,437,150,3,1,2004,9,3,0,0,0,23.75948214155811,23.75948214155811,23.75948214155811,23.75948214155811,23.75948214155811,23.75948214155811,39.59913690259685,39.59913690259685,39.59913690259685,2005-10-31 11:59:20,2026-06-25 13:31:38,,,2,
56706278010538,60277154010538,2004,54,47,437,150,4,1,2004,12,2,4,0,0,23.75948214155811,23.75948214155811,23.75948214155811,23.75948214155811,23.75948214155811,23.75948214155811,39.59913690259685,39.59913690259685,39.59913690259685,2005-10-31 11:59:20,2026-06-25 13:31:38,,,2,
56708123010538,60277468010538,2004,54,49,1319,150,1,1,2004,7,4,1,0,0,23.739501184615914,23.739501184615914,23.739501184615914,23.739501184615914,23.739501184615914,23.739501184615914,39.565835307693185,39.565835307693185,39.565835307693185,2005-10-31 11:59:20,2026-06-25 13:31:37,,,2,
56708129010538,60277468010538,2004,54,49,1319,150,2,1,2004,8,4,2,0,0,23.739501184615914,23.739501184615914,23.739501184615914,23.739501184615914,23.739501184615914,23.739501184615914,39.565835307693185,39.565835307693185,39.565835307693185,2005-10-31 11:59:20,2026-06-25 13:31:37,,,2,
56708137010538,60277468010538,2004,54,49,1319,150,3,1,2004,8,3,0,0,0,23.739501184615914,23.739501184615914,23.739501184615914,23.739501184615914,23.739501184615914,23.739501184615914,39.565835307693185,39.565835307693185,39.565835307693185,2005-10-31 11:59:20,2026-06-25 13:31:37,,,2,
56708145010538,60277468010538,2004,54,49,1319,150,4,1,2004,9,3,0,0,0,23.739501184615914,23.739501184615914,23.739501184615914,23.739501184615914,23.739501184615914,23.739501184615914,39.565835307693185,39.565835307693185,39.565835307693185,2005-10-31 11:59:20,2026-06-25 13:31:37,,,2,
56706298010538,60278287010538,2004,54,55,961,150,1,1,2004,8,4,3,0,0,21.669534674732905,21.669534674732905,21.669534674732905,21.669534674732905,21.669534674732905,21.669534674732905,36.11589112455484,36.11589112455484,36.11589112455484,2005-10-31 11:59:20,2026-06-25 13:31:38,,,2,
56706313010538,60278287010538,2004,54,55,961,150,2,1,2004,16,2,0,0,0,21.669534674732905,21.669534674732905,21.669534674732905,21.669534674732905,21.669534674732905,21.669534674732905,36.11589112455484,36.11589112455484,36.11589112455484,2005-10-31 11:59:20,2026-06-25 13:31:38,,,2,
56706328010538,60278287010538,2004,54,55,961,150,3,1,2004,8,2,0,0,0,21.669534674732905,21.669534674732905,21.669534674732905,21.669534674732905,21.669534674732905,21.669534674732905,36.11589112455484,36.11589112455484,36.11589112455484,2005-10-31 11:59:20,2026-06-25 13:31:38,,,2,
56706338010538,60278287010538,2004,54,55,961,150,4,1,2004,10,3,2,0,0,21.669534674732905,21.669534674732905,21.669534674732905,21.669534674732905,21.669534674732905,21.669534674732905,36.11589112455484,36.11589112455484,36.11589112455484,2005-10-31 11:59:20,2026-06-25 13:31:38,,,2,
56706164010538,60278861010538,2004,54,55,2278,150,1,1,2004,4,6,2,0,0,22.681333569525304,22.681333569525304,22.681333569525304,22.681333569525304,22.681333569525304,22.681333569525304,37.80222261587551,37.80222261587551,37.80222261587551,2005-10-31 11:59:20,2026-06-25 13:31:38,,,2,
56706175010538,60278861010538,2004,54,55,2278,150,2,1,2004,14,3,2,0,0,22.681333569525304,22.681333569525304,22.681333569525304,22.681333569525304,22.681333569525304,22.681333569525304,37.80222261587551,37.80222261587551,37.80222261587551,2005-10-31 11:59:20,2026-06-25 13:31:38,,,2,
56706183010538,60278861010538,2004,54,55,2278,150,3,1,2004,8,5,1,0,0,22.681333569525304,22.681333569525304,22.681333569525304,22.681333569525304,22.681333569525304,22.681333569525304,37.80222261587551,37.80222261587551,37.80222261587551,2005-10-31 11:59:20,2026-06-25 13:31:38,,,2,
56706195010538,60278861010538,2004,54,55,2278,150,4,1,2004,17,2,1,0,0,22.681333569525304,22.681333569525304,22.681333569525304,22.681333569525304,22.681333569525304,22.681333569525304,37.80222261587551,37.80222261587551,37.80222261587551,2005-10-31 11:59:20,2026-06-25 13:31:38,,,2,
56706451010538,60279998010538,2004,54,59,257,150,1,1,2004,8,4,0,0,0,15.542182398078584,20.90874554407808,20.90874554407808,15.542182398078584,20.90874554407808,20.90874554407808,25.903637330130973,34.84790924013013,34.84790924013013,2005-10-31 11:59:20,2026-06-25 13:31:37,,,2,
56706461010538,60279998010538,2004,54,59,257,150,2,1,2004,18,4,0,0,0,15.542182398078584,20.90874554407808,20.90874554407808,15.542182398078584,20.90874554407808,20.90874554407808,25.903637330130973,34.84790924013013,34.84790924013013,2005-10-31 11:59:20,2026-06-25 13:31:37,,,2,
56706470010538,60279998010538,2004,54,59,257,150,3,1,2004,14,5,0,0,0,15.542182398078584,20.90874554407808,20.90874554407808,15.542182398078584,20.90874554407808,20.90874554407808,25.903637330130973,34.84790924013013,34.84790924013013,2005-10-31 11:59:20,2026-06-25 13:31:37,,,2,
56706481010538,60279998010538,2004,54,59,257,150,4,2,2004,9,3,1,0,0,5.366563145999495,20.90874554407808,20.90874554407808,5.366563145999495,20.90874554407808,20.90874554407808,8.94427190999916,34.84790924013013,34.84790924013013,2005-10-31 11:59:20,2026-06-25 13:31:37,,,2,
56707967010538,60280574010538,2004,54,61,2189,150,1,1,2004,18,3,1,0,0,23.757548453875177,23.757548453875177,23.757548453875177,23.757548453875177,23.757548453875177,23.757548453875177,39.59591408979196,39.59591408979196,39.59591408979196,2005-10-31 11:59:20,2026-06-25 13:31:38,,,2,
56707979010538,60280574010538,2004,54,61,2189,150,2,1,2004,25,5,1,0,0,23.757548453875177,23.757548453875177,23.757548453875177,23.757548453875177,23.757548453875177,23.757548453875177,39.59591408979196,39.59591408979196,39.59591408979196,2005-10-31 11:59:20,2026-06-25 13:31:38,,,2,
56707992010538,60280574010538,2004,54,61,2189,150,3,1,2004,22,0,0,0,0,23.757548453875177,23.757548453875177,23.757548453875177,23.757548453875177,23.757548453875177,23.757548453875177,39.59591408979196,39.59591408979196,39.59591408979196,2005-10-31 11:59:20,2026-06-25 13:31:38,,,2,
56708005010538,60280574010538,2004,54,61,2189,150,4,1,2004,34,9,0,0,0,23.757548453875177,23.757548453875177,23.757548453875177,23.757548453875177,23.757548453875177,23.757548453875177,39.59591408979196,39.59591408979196,39.59591408979196,2005-10-31 11:59:20,2026-06-25 13:31:38,,,2,
56707710010538,60281174010538,2004,54,65,623,150,2,1,2004,13,1,2,0,0,11.992514033267067,23.739471744593978,23.739471744593978,11.992514033267067,23.739471744593978,23.739471744593978,19.987523388778445,39.56578624098996,39.56578624098996,2005-10-31 11:59:20,2026-06-25 13:31:37,,,2,
56707718010538,60281174010538,2004,54,65,623,150,3,3,2004,15,4,1,0,0,6.0,23.739471744593978,23.739471744593978,6.0,23.739471744593978,23.739471744593978,10.0,39.56578624098996,39.56578624098996,2005-10-31 11:59:20,2026-06-25 13:31:37,,,2,
56707727010538,60281174010538,2004,54,65,623,150,4,1,2004,6,2,3,0,0,11.992514033267067,23.739471744593978,23.739471744593978,11.992514033267067,23.739471744593978,23.739471744593978,19.987523388778445,39.56578624098996,39.56578624098996,2005-10-31 11:59:20,2026-06-25 13:31:37,,,2,
56707011010538,60282015010538,2004,54,67,2152,150,1,1,2004,6,1,0,0,0,17.188709883637483,23.009564884509473,23.009564884509473,17.188709883637483,23.009564884509473,23.009564884509473,28.64784980606247,38.34927480751579,38.34927480751579,2005-10-31 11:59:20,2026-06-25 13:31:38,,,2,
56707020010538,60282015010538,2004,54,67,2152,150,2,1,2004,3,1,0,0,0,17.188709883637483,23.009564884509473,23.009564884509473,17.188709883637483,23.009564884509473,23.009564884509473,28.64784980606247,38.34927480751579,38.34927480751579,2005-10-31 11:59:20,2026-06-25 13:31:38,,,2,
56707028010538,60282015010538,2004,54,67,2152,150,3,2,2004,10,3,0,0,0,5.820855000871991,23.009564884509473,23.009564884509473,5.820855000871991,23.009564884509473,23.009564884509473,9.70142500145332,38.34927480751579,38.34927480751579,2005-10-31 11:59:20,2026-06-25 13:31:38,,,2,
56707036010538,60282015010538,2004,54,67,2152,150,4,1,2004,11,2,0,0,0,17.188709883637483,23.009564884509473,23.009564884509473,17.188709883637483,23.009564884509473,23.009564884509473,28.64784980606247,38.34927480751579,38.34927480751579,2005-10-31 11:59:20,2026-06-25 13:31:38,,,2,
56706588010538,60283476010538,2004,54,75,1492,150,1,1,2004,9,4,1,0,0,23.947765241061138,23.947765241061138,23.947765241061138,23.947765241061138,23.947765241061138,23.947765241061138,39.91294206843523,39.91294206843523,39.91294206843523,2005-10-31 11:59:21,2026-06-25 13:31:37,,,2,
56706600010538,60283476010538,2004,54,75,1492,150,2,1,2004,6,5,2,0,0,23.947765241061138,23.947765241061138,23.947765241061138,23.947765241061138,23.947765241061138,23.947765241061138,39.91294206843523,39.91294206843523,39.91294206843523,2005-10-31 11:59:21,2026-06-25 13:31:37,,,2,
56706611010538,60283476010538,2004,54,75,1492,150,3,1,2004,22,4,3,0,0,23.947765241061138,23.947765241061138,23.947765241061138,23.947765241061138,23.947765241061138,23.947765241061138,39.91294206843523,39.91294206843523,39.91294206843523,2005-10-31 11:59:21,2026-06-25 13:31:37,,,2,
56706619010538,60283476010538,2004,54,75,1492,150,4,1,2004,10,3,1,0,0,23.947765241061138,23.947765241061138,23.947765241061138,23.947765241061138,23.947765241061138,23.947765241061138,39.91294206843523,39.91294206843523,39.91294206843523,2005-10-31 11:59:21,2026-06-25 13:31:37,,,2,
56707859010538,60284566010538,2004,54,77,1290,150,1,1,2004,4,2,1,0,0,23.77107749288929,23.77107749288929,23.77107749288929,23.77107749288929,23.77107749288929,23.77107749288929,39.618462488148815,39.618462488148815,39.618462488148815,2005-10-31 11:59:21,2026-06-25 13:31:38,,,2,
56707872010538,60284566010538,2004,54,77,1290,150,2,1,2004,11,4,0,0,0,23.77107749288929,23.77107749288929,23.77107749288929,23.77107749288929,23.77107749288929,23.77107749288929,39.618462488148815,39.618462488148815,39.618462488148815,2005-10-31 11:59:21,2026-06-25 13:31:38,,,2,
56707882010538,60284566010538,2004,54,77,1290,150,3,1,2004,11,0,0,0,0,23.77107749288929,23.77107749288929,23.77107749288929,23.77107749288929,23.77107749288929,23.77107749288929,39.618462488148815,39.618462488148815,39.618462488148815,2005-10-31 11:59:21,2026-06-25 13:31:38,,,2,
56707893010538,60284566010538,2004,54,77,1290,150,4,1,2004,15,2,0,0,0,23.77107749288929,23.77107749288929,23.77107749288929,23.77107749288929,23.77107749288929,23.77107749288929,39.618462488148815,39.618462488148815,39.618462488148815,2005-10-31 11:59:21,2026-06-25 13:31:38,,,2,
56706405010538,60286022010538,2004,54,81,1027,150,1,1,2004,17,9,3,0,0,23.522900405882744,23.522900405882744,23.522900405882744,23.522900405882744,23.522900405882744,23.522900405882744,39.20483400980457,39.20483400980457,39.20483400980457,2005-10-31 11:59:21,2026-06-25 13:31:38,,,2,
56706413010538,60286022010538,2004,54,81,1027,150,2,1,2004,16,4,1,0,0,23.522900405882744,23.522900405882744,23.522900405882744,23.522900405882744,23.522900405882744,23.522900405882744,39.20483400980457,39.20483400980457,39.20483400980457,2005-10-31 11:59:21,2026-06-25 13:31:38,,,2,
56706422010538,60286022010538,2004,54,81,1027,150,3,1,2004,4,0,0,0,0,23.522900405882744,23.522900405882744,23.522900405882744,23.522900405882744,23.522900405882744,23.522900405882744,39.20483400980457,39.20483400980457,39.20483400980457,2005-10-31 11:59:21,2026-06-25 13:31:38,,,2,
56706430010538,60286022010538,2004,54,81,1027,150,4,1,2004,13,1,1,0,0,23.522900405882744,23.522900405882744,23.522900405882744,23.522900405882744,23.522900405882744,23.522900405882744,39.20483400980457,39.20483400980457,39.20483400980457,2005-10-31 11:59:21,2026-06-25 13:31:38,,,2,
56706646010538,60259817010538,2004,54,83,1402,150,1,1,2004,33,8,2,0,0,23.51770808915657,23.51770808915657,23.51770808915657,23.51770808915657,23.51770808915657,23.51770808915657,39.19618014859429,39.19618014859429,39.19618014859429,2005-10-31 11:59:21,2026-06-25 13:31:37,,,2,
56706662010538,60259817010538,2004,54,83,1402,150,2,1,2004,22,7,4,0,0,23.51770808915657,23.51770808915657,23.51770808915657,23.51770808915657,23.51770808915657,23.51770808915657,39.19618014859429,39.19618014859429,39.19618014859429,2005-10-31 11:59:21,2026-06-25 13:31:37,,,2,
56706678010538,60259817010538,2004,54,83,1402,150,3,1,2004,26,9,3,0,0,23.51770808915657,23.51770808915657,23.51770808915657,23.51770808915657,23.51770808915657,23.51770808915657,39.19618014859429,39.19618014859429,39.19618014859429,2005-10-31 11:59:21,2026-06-25 13:31:37,,,2,
56706692010538,60259817010538,2004,54,83,1402,150,4,1,2004,11,7,1,0,0,23.51770808915657,23.51770808915657,23.51770808915657,23.51770808915657,23.51770808915657,23.51770808915657,39.19618014859429,39.19618014859429,39.19618014859429,2005-10-31 11:59:21,2026-06-25 13:31:37,,,2,
56706912010538,60262436010538,2004,54,97,2114,150,1,1,2004,4,2,1,0,0,14.264087343916563,23.846221228672523,23.846221228672523,14.264087343916563,23.846221228672523,23.846221228672523,26.16156816303158,39.74370204778754,39.74370204778754,2005-10-31 11:59:21,2026-06-25 13:31:38,,,2,
56706925010538,60262436010538,2004,54,97,2114,150,3,1,2004,0,0,0,0,0,14.264087343916563,23.846221228672523,23.846221228672523,14.264087343916563,23.846221228672523,23.846221228672523,26.16156816303158,39.74370204778754,39.74370204778754,2005-10-31 11:59:21,2026-06-25 13:31:38,,,2,
56706936010538,60262436010538,2004,54,97,2114,150,4,1,2004,10,5,4,0,0,14.264087343916563,23.846221228672523,23.846221228672523,14.264087343916563,23.846221228672523,23.846221228672523,26.16156816303158,39.74370204778754,39.74370204778754,2005-10-31 11:59:21,2026-06-25 13:31:38,,,2,
56707222010538,60263298010538,2004,54,99,1933,150,1,1,2004,17,7,1,0,0,22.86445204898009,22.86445204898009,22.86445204898009,22.86445204898009,22.86445204898009,22.86445204898009,38.107420081633485,38.107420081633485,38.107420081633485,2005-10-31 11:59:21,2026-06-25 13:31:37,,,2,
56707232010538,60263298010538,2004,54,99,1933,150,2,1,2004,9,3,1,0,0,22.86445204898009,22.86445204898009,22.86445204898009,22.86445204898009,22.86445204898009,22.86445204898009,38.107420081633485,38.107420081633485,38.107420081633485,2005-10-31 11:59:21,2026-06-25 13:31:37,,,2,
56707240010538,60263298010538,2004,54,99,1933,150,3,1,2004,7,4,1,0,0,22.86445204898009,22.86445204898009,22.86445204898009,22.86445204898009,22.86445204898009,22.86445204898009,38.107420081633485,38.107420081633485,38.107420081633485,2005-10-31 11:59:21,2026-06-25 13:31:37,,,2,
56707248010538,60263298010538,2004,54,99,1933,150,4,1,2004,8,5,3,0,0,22.86445204898009,22.86445204898009,22.86445204898009,22.86445204898009,22.86445204898009,22.86445204898009,38.107420081633485,38.107420081633485,38.107420081633485,2005-10-31 11:59:21,2026-06-25 13:31:37,,,2,
56706816010538,60264203010538,2004,54,101,2463,150,1,1,2004,7,4,1,0,0,22.96801027813619,22.96801027813619,22.96801027813619,22.96801027813619,22.96801027813619,22.96801027813619,38.28001713022699,38.28001713022699,38.28001713022699,2005-10-31 11:59:21,2026-06-25 13:31:38,,,2,
56706827010538,60264203010538,2004,54,101,2463,150,2,1,2004,11,6,1,0,0,22.96801027813619,22.96801027813619,22.96801027813619,22.96801027813619,22.96801027813619,22.96801027813619,38.28001713022699,38.28001713022699,38.28001713022699,2005-10-31 11:59:21,2026-06-25 13:31:38,,,2,
56706838010538,60264203010538,2004,54,101,2463,150,3,1,2004,36,2,0,0,0,22.96801027813619,22.96801027813619,22.96801027813619,22.96801027813619,22.96801027813619,22.96801027813619,38.28001713022699,38.28001713022699,38.28001713022699,2005-10-31 11:59:21,2026-06-25 13:31:38,,,2,
56706846010538,60264203010538,2004,54,101,2463,150,4,1,2004,9,4,0,0,0,22.96801027813619,22.96801027813619,22.96801027813619,22.96801027813619,22.96801027813619,22.96801027813619,38.28001713022699,38.28001713022699,38.28001713022699,2005-10-31 11:59:21,2026-06-25 13:31:38,,,2,
56708165010538,60264333010538,2004,54,103,380,150,1,1,2004,4,6,1,0,0,23.68740399384678,23.68740399384678,23.68740399384678,23.68740399384678,23.68740399384678,23.68740399384678,39.47900665641129,39.47900665641129,39.47900665641129,2005-10-31 11:59:21,2026-06-25 13:31:38,,,2,
56708174010538,60264333010538,2004,54,103,380,150,2,1,2004,9,5,2,0,0,23.68740399384678,23.68740399384678,23.68740399384678,23.68740399384678,23.68740399384678,23.68740399384678,39.47900665641129,39.47900665641129,39.47900665641129,2005-10-31 11:59:21,2026-06-25 13:31:38,,,2,
56708184010538,60264333010538,2004,54,103,380,150,3,1,2004,4,10,0,0,0,23.68740399384678,23.68740399384678,23.68740399384678,23.68740399384678,23.68740399384678,23.68740399384678,39.47900665641129,39.47900665641129,39.47900665641129,2005-10-31 11:59:21,2026-06-25 13:31:38,,,2,
56708198010538,60264333010538,2004,54,103,380,150,4,1,2004,14,5,1,0,0,23.68740399384678,23.68740399384678,23.68740399384678,23.68740399384678,23.68740399384678,23.68740399384678,39.47900665641129,39.47900665641129,39.47900665641129,2005-10-31 11:59:21,2026-06-25 13:31:38,,,2,
56708218010538,60286749010538,2004,54,105,1773,150,1,1,2004,0,0,0,0,0,5.883484054145521,23.35501308519616,23.35501308519616,5.883484054145521,23.35501308519616,23.35501308519616,9.805806756909202,38.92502180866027,38.92502180866027,2005-10-31 11:59:22,2026-06-25 13:31:37,,,2,
56708227010538,60286749010538,2004,54,105,1773,150,2,1,2004,8,5,8,0,0,5.883484054145521,23.35501308519616,23.35501308519616,5.883484054145521,23.35501308519616,23.35501308519616,9.805806756909202,38.92502180866027,38.92502180866027,2005-10-31 11:59:22,2026-06-25 13:31:37,,,2,
56708257010538,60287197010538,2004,54,107,1633,150,1,1,2004,5,3,0,0,0,23.17152505204392,23.17152505204392,23.17152505204392,23.17152505204392,23.17152505204392,23.17152505204392,38.6192084200732,38.6192084200732,38.6192084200732,2005-10-31 11:59:22,2026-06-25 13:31:39,,,2,
56708267010538,60287197010538,2004,54,107,1633,150,2,1,2004,17,1,0,0,0,23.17152505204392,23.17152505204392,23.17152505204392,23.17152505204392,23.17152505204392,23.17152505204392,38.6192084200732,38.6192084200732,38.6192084200732,2005-10-31 11:59:22,2026-06-25 13:31:39,,,2,
56708277010538,60287197010538,2004,54,107,1633,150,3,1,2004,13,7,2,0,0,23.17152505204392,23.17152505204392,23.17152505204392,23.17152505204392,23.17152505204392,23.17152505204392,38.6192084200732,38.6192084200732,38.6192084200732,2005-10-31 11:59:22,2026-06-25 13:31:39,,,2,
56708285010538,60287197010538,2004,54,107,1633,150,4,1,2004,12,2,1,0,0,23.17152505204392,23.17152505204392,23.17152505204392,23.17152505204392,23.17152505204392,23.17152505204392,38.6192084200732,38.6192084200732,38.6192084200732,2005-10-31 11:59:22,2026-06-25 13:31:39,,,2,
62036535010538,66749541010538,2005,54,1,2429,150,1,1,2005,5,4,6,0,0,15.205306631664772,20.868456769860877,20.868456769860877,15.205306631664772,20.868456769860877,20.868456769860877,25.34217771944129,34.78076128310146,34.78076128310146,2006-05-03 10:42:49,2026-06-25 13:31:38,,,2,
62036545010538,66749541010538,2005,54,1,2429,150,2,1,2005,41,9,0,0,0,15.205306631664772,20.868456769860877,20.868456769860877,15.205306631664772,20.868456769860877,20.868456769860877,25.34217771944129,34.78076128310146,34.78076128310146,2006-05-03 10:42:49,2026-06-25 13:31:38,,,2,
62036556010538,66749541010538,2005,54,1,2429,150,3,2,2005,15,3,0,0,0,5.663150138196104,20.868456769860877,20.868456769860877,5.663150138196104,20.868456769860877,20.868456769860877,9.438583563660174,34.78076128310146,34.78076128310146,2006-05-03 10:42:49,2026-06-25 13:31:38,,,2,
62036567010538,66749541010538,2005,54,1,2429,150,4,1,2005,12,5,2,0,0,15.205306631664772,20.868456769860877,20.868456769860877,15.205306631664772,20.868456769860877,20.868456769860877,25.34217771944129,34.78076128310146,34.78076128310146,2006-05-03 10:42:49,2026-06-25 13:31:38,,,2,
62035645010538,66750371010538,2005,54,5,2402,150,1,1,2005,7,4,2,0,0,23.853707195405455,23.853707195405455,23.853707195405455,23.853707195405455,23.853707195405455,23.853707195405455,39.756178659009095,39.756178659009095,39.756178659009095,2006-05-03 10:42:49,2026-06-25 13:31:39,,,2,
62035655010538,66750371010538,2005,54,5,2402,150,2,1,2005,3,0,0,0,0,23.853707195405455,23.853707195405455,23.853707195405455,23.853707195405455,23.853707195405455,23.853707195405455,39.756178659009095,39.756178659009095,39.756178659009095,2006-05-03 10:42:49,2026-06-25 13:31:39,,,2,
62035664010538,66750371010538,2005,54,5,2402,150,3,1,2005,14,1,2,0,0,23.853707195405455,23.853707195405455,23.853707195405455,23.853707195405455,23.853707195405455,23.853707195405455,39.756178659009095,39.756178659009095,39.756178659009095,2006-05-03 10:42:49,2026-06-25 13:31:39,,,2,
62035673010538,66750371010538,2005,54,5,2402,150,4,1,2005,10,0,0,0,0,23.853707195405455,23.853707195405455,23.853707195405455,23.853707195405455,23.853707195405455,23.853707195405455,39.756178659009095,39.756178659009095,39.756178659009095,2006-05-03 10:42:49,2026-06-25 13:31:39,,,2,
62035801010538,66751670010538,2005,54,13,454,150,1,1,2005,31,10,3,0,0,11.791078142131926,23.791078142131926,23.791078142131926,11.791078142131926,23.791078142131926,23.791078142131926,19.651796903553212,39.65179690355321,39.65179690355321,2006-05-03 10:42:49,2026-06-25 13:31:37,,,2,
62035822010538,66751670010538,2005,54,13,454,150,4,1,2005,17,2,3,0,0,11.791078142131926,23.791078142131926,23.791078142131926,11.791078142131926,23.791078142131926,23.791078142131926,19.651796903553212,39.65179690355321,39.65179690355321,2006-05-03 10:42:49,2026-06-25 13:31:37,,,2,
62035764010538,66752082010538,2005,54,15,1378,150,1,1,2005,9,1,2,0,0,16.937871280596575,22.60102141879268,22.60102141879268,16.937871280596575,22.60102141879268,22.60102141879268,28.22978546766096,37.668369031321134,37.668369031321134,2006-05-03 10:42:49,2026-06-25 13:31:38,,,2,
62035773010538,66752082010538,2005,54,15,1378,150,2,1,2005,6,2,0,0,0,16.937871280596575,22.60102141879268,22.60102141879268,16.937871280596575,22.60102141879268,22.60102141879268,28.22978546766096,37.668369031321134,37.668369031321134,2006-05-03 10:42:49,2026-06-25 13:31:38,,,2,
62035782010538,66752082010538,2005,54,15,1378,150,3,1,2005,7,1,0,0,0,16.937871280596575,22.60102141879268,22.60102141879268,16.937871280596575,22.60102141879268,22.60102141879268,28.22978546766096,37.668369031321134,37.668369031321134,2006-05-03 10:42:50,2026-06-25 13:31:38,,,2,
62035791010538,66752082010538,2005,54,15,1378,150,4,2,2005,3,0,0,0,0,5.663150138196104,22.60102141879268,22.60102141879268,5.663150138196104,22.60102141879268,22.60102141879268,9.438583563660174,37.668369031321134,37.668369031321134,2006-05-03 10:42:50,2026-06-25 13:31:38,,,2,
62035463010538,66766488010538,2005,54,19,913,150,1,1,2005,1,0,1,0,0,21.957780699476437,21.957780699476437,21.957780699476437,21.957780699476437,21.957780699476437,21.957780699476437,36.59630116579406,36.59630116579406,36.59630116579406,2006-05-03 10:42:50,2026-06-25 13:31:38,,,2,
62035475010538,66766488010538,2005,54,19,913,150,2,1,2005,2,0,2,0,0,21.957780699476437,21.957780699476437,21.957780699476437,21.957780699476437,21.957780699476437,21.957780699476437,36.59630116579406,36.59630116579406,36.59630116579406,2006-05-03 10:42:50,2026-06-25 13:31:38,,,2,
62035487010538,66766488010538,2005,54,19,913,150,3,1,2005,0,1,0,0,0,21.957780699476437,21.957780699476437,21.957780699476437,21.957780699476437,21.957780699476437,21.957780699476437,36.59630116579406,36.59630116579406,36.59630116579406,2006-05-03 10:42:50,2026-06-25 13:31:38,,,2,
62035495010538,66766488010538,2005,54,19,913,150,4,1,2005,0,0,1,0,0,21.957780699476437,21.957780699476437,21.957780699476437,21.957780699476437,21.957780699476437,21.957780699476437,36.59630116579406,36.59630116579406,36.59630116579406,2006-05-03 10:42:50,2026-06-25 13:31:38,,,2,
62036468010538,66755179010538,2005,54,23,2149,150,2,1,2005,5,2,1,0,0,11.410107849523012,23.230962850395006,23.230962850395006,11.410107849523012,23.230962850395006,23.230962850395006,19.016846415871687,38.718271417325006,38.718271417325006,2006-05-03 10:42:50,2026-06-25 13:31:37,,,2,
62036484010538,66755179010538,2005,54,23,2149,150,4,1,2005,8,1,1,0,0,11.410107849523012,23.230962850395006,23.230962850395006,11.410107849523012,23.230962850395006,23.230962850395006,19.016846415871687,38.718271417325006,38.718271417325006,2006-05-03 10:42:50,2026-06-25 13:31:37,,,2,
62036308010538,66757074010538,2005,54,27,602,150,1,1,2005,4,5,4,0,0,23.720943429825027,23.720943429825027,23.720943429825027,23.720943429825027,23.720943429825027,23.720943429825027,39.53490571637504,39.53490571637504,39.53490571637504,2006-05-03 11:21:59,2026-06-25 13:31:38,,,2,
62036319010538,66757074010538,2005,54,27,602,150,2,1,2005,11,7,4,0,0,23.720943429825027,23.720943429825027,23.720943429825027,23.720943429825027,23.720943429825027,23.720943429825027,39.53490571637504,39.53490571637504,39.53490571637504,2006-05-03 11:21:59,2026-06-25 13:31:38,,,2,
62036339010538,66757074010538,2005,54,27,602,150,3,1,2005,3,3,2,0,0,23.720943429825027,23.720943429825027,23.720943429825027,23.720943429825027,23.720943429825027,23.720943429825027,39.53490571637504,39.53490571637504,39.53490571637504,2006-05-03 11:21:59,2026-06-25 13:31:38,,,2,
62036352010538,66757074010538,2005,54,27,602,150,4,1,2005,29,9,2,0,0,23.720943429825027,23.720943429825027,23.720943429825027,23.720943429825027,23.720943429825027,23.720943429825027,39.53490571637504,39.53490571637504,39.53490571637504,2006-05-03 11:21:59,2026-06-25 13:31:38,,,2,
62036622010538,66758089010538,2005,54,33,830,150,1,1,2005,36,9,1,0,0,17.039341743249537,23.009564884509473,23.009564884509473,17.039341743249537,23.009564884509473,23.009564884509473,28.3989029054159,38.34927480751579,38.34927480751579,2006-05-03 10:42:50,2026-06-25 13:31:37,,,2,
62036630010538,66758089010538,2005,54,33,830,150,2,2,2005,2,0,0,0,0,5.970223141259935,23.009564884509473,23.009564884509473,5.970223141259935,23.009564884509473,23.009564884509473,9.950371902099892,38.34927480751579,38.34927480751579,2006-05-03 10:42:50,2026-06-25 13:31:37,,,2,
62036638010538,66758089010538,2005,54,33,830,150,3,1,2005,5,2,6,0,0,17.039341743249537,23.009564884509473,23.009564884509473,17.039341743249537,23.009564884509473,23.009564884509473,28.3989029054159,38.34927480751579,38.34927480751579,2006-05-03 10:42:50,2026-06-25 13:31:37,,,2,
62036647010538,66758089010538,2005,54,33,830,150,4,1,2005,16,4,0,0,0,17.039341743249537,23.009564884509473,23.009564884509473,17.039341743249537,23.009564884509473,23.009564884509473,28.3989029054159,38.34927480751579,38.34927480751579,2006-05-03 10:42:50,2026-06-25 13:31:37,,,2,
62035838010538,66758939010538,2005,54,35,1145,150,2,2,2005,6,3,2,0,0,11.23401028350766,22.804870428819218,22.804870428819218,11.23401028350766,22.804870428819218,22.804870428819218,18.723350472512767,38.00811738136536,38.00811738136536,2006-05-03 10:42:50,2026-06-25 13:31:38,,,2,
62035847010538,66758939010538,2005,54,35,1145,150,3,2,2005,3,0,2,0,0,11.23401028350766,22.804870428819218,22.804870428819218,11.23401028350766,22.804870428819218,22.804870428819218,18.723350472512767,38.00811738136536,38.00811738136536,2006-05-03 10:42:50,2026-06-25 13:31:38,,,2,
62035719010538,66735152010538,2005,54,39,2374,150,1,1,2005,4,1,7,0,0,23.751996174825177,23.751996174825177,23.751996174825177,23.751996174825177,23.751996174825177,23.751996174825177,39.586660291375296,39.586660291375296,39.586660291375296,2006-05-03 10:42:50,2026-06-25 13:31:39,,,2,
62035731010538,66735152010538,2005,54,39,2374,150,2,1,2005,3,0,0,0,0,23.751996174825177,23.751996174825177,23.751996174825177,23.751996174825177,23.751996174825177,23.751996174825177,39.586660291375296,39.586660291375296,39.586660291375296,2006-05-03 10:42:50,2026-06-25 13:31:39,,,2,
62035744010538,66735152010538,2005,54,39,2374,150,3,1,2005,6,1,1,0,0,23.751996174825177,23.751996174825177,23.751996174825177,23.751996174825177,23.751996174825177,23.751996174825177,39.586660291375296,39.586660291375296,39.586660291375296,2006-05-03 10:42:50,2026-06-25 13:31:39,,,2,
62035753010538,66735152010538,2005,54,39,2374,150,4,1,2005,3,1,0,0,0,23.751996174825177,23.751996174825177,23.751996174825177,23.751996174825177,23.751996174825177,23.751996174825177,39.586660291375296,39.586660291375296,39.586660291375296,2006-05-03 10:42:50,2026-06-25 13:31:39,,,2,
62035604010538,66735647010538,2005,54,41,2378,150,1,1,2005,8,1,1,0,0,18.7299486699518,22.013571397644764,22.013571397644764,18.7299486699518,22.013571397644764,22.013571397644764,33.373858603106356,36.65748133079932,36.65748133079932,2006-05-03 10:42:50,2026-06-25 13:31:38,,,2,
62035612010538,66735647010538,2005,54,41,2378,150,2,1,2005,3,0,1,0,0,18.7299486699518,22.013571397644764,22.013571397644764,18.7299486699518,22.013571397644764,22.013571397644764,33.373858603106356,36.65748133079932,36.65748133079932,2006-05-03 10:42:50,2026-06-25 13:31:38,,,2,
62035621010538,66735647010538,2005,54,41,2378,150,3,1,2005,9,1,2,0,0,18.7299486699518,22.013571397644764,22.013571397644764,18.7299486699518,22.013571397644764,22.013571397644764,33.373858603106356,36.65748133079932,36.65748133079932,2006-05-03 10:42:50,2026-06-25 13:31:38,,,2,
62035631010538,66735647010538,2005,54,41,2378,150,4,1,2005,9,1,0,0,0,18.7299486699518,22.013571397644764,22.013571397644764,18.7299486699518,22.013571397644764,22.013571397644764,33.373858603106356,36.65748133079932,36.65748133079932,2006-05-03 10:42:50,2026-06-25 13:31:38,,,2,
62035222010538,66738107010538,2005,54,47,1853,150,1,1,2005,8,2,2,0,0,23.04054961499544,23.04054961499544,23.04054961499544,23.04054961499544,23.04054961499544,23.04054961499544,38.400916024992405,38.400916024992405,38.400916024992405,2006-05-03 10:42:51,2026-06-25 13:31:37,,,2,
62035230010538,66738107010538,2005,54,47,1853,150,2,1,2005,17,3,0,0,0,23.04054961499544,23.04054961499544,23.04054961499544,23.04054961499544,23.04054961499544,23.04054961499544,38.400916024992405,38.400916024992405,38.400916024992405,2006-05-03 10:42:51,2026-06-25 13:31:37,,,2,
62035239010538,66738107010538,2005,54,47,1853,150,3,1,2005,10,1,0,0,0,23.04054961499544,23.04054961499544,23.04054961499544,23.04054961499544,23.04054961499544,23.04054961499544,38.400916024992405,38.400916024992405,38.400916024992405,2006-05-03 10:42:51,2026-06-25 13:31:37,,,2,
62035254010538,66738107010538,2005,54,47,1853,150,4,1,2005,10,2,5,0,0,23.04054961499544,23.04054961499544,23.04054961499544,23.04054961499544,23.04054961499544,23.04054961499544,38.400916024992405,38.400916024992405,38.400916024992405,2006-05-03 10:42:51,2026-06-25 13:31:37,,,2,
62035184010538,66737921010538,2005,54,47,2474,150,1,1,2005,11,2,0,0,0,23.201301910783986,23.201301910783986,23.201301910783986,23.201301910783986,23.201301910783986,23.201301910783986,38.66883651797331,38.66883651797331,38.66883651797331,2006-05-03 10:42:50,2026-06-25 13:31:38,,,2,
62035192010538,66737921010538,2005,54,47,2474,150,2,1,2005,9,1,2,0,0,23.201301910783986,23.201301910783986,23.201301910783986,23.201301910783986,23.201301910783986,23.201301910783986,38.66883651797331,38.66883651797331,38.66883651797331,2006-05-03 10:42:50,2026-06-25 13:31:38,,,2,
62035200010538,66737921010538,2005,54,47,2474,150,3,1,2005,3,0,0,0,0,23.201301910783986,23.201301910783986,23.201301910783986,23.201301910783986,23.201301910783986,23.201301910783986,38.66883651797331,38.66883651797331,38.66883651797331,2006-05-03 10:42:50,2026-06-25 13:31:38,,,2,
62035208010538,66737921010538,2005,54,47,2474,150,4,1,2005,8,3,2,0,0,23.201301910783986,23.201301910783986,23.201301910783986,23.201301910783986,23.201301910783986,23.201301910783986,38.66883651797331,38.66883651797331,38.66883651797331,2006-05-03 10:42:50,2026-06-25 13:31:38,,,2,
62036667010538,66738888010538,2005,54,51,1731,150,4,2,2005,7,3,0,0,0,6.0,24.0,24.0,6.0,24.0,24.0,10.0,40.0,40.0,2006-05-03 10:42:51,2026-06-25 13:31:37,,,2,
62035273010538,66740054010538,2005,54,55,737,150,4,2,2005,9,1,1,0,0,5.570860145311556,23.570860145311556,23.570860145311556,5.570860145311556,23.570860145311556,23.570860145311556,9.284766908852593,39.284766908852596,39.284766908852596,2006-05-03 10:42:51,2026-06-25 13:31:37,,,2,
62035311010538,66741059010538,2005,54,59,1096,150,1,1,2005,5,2,1,0,0,20.75110728805981,20.75110728805981,20.75110728805981,20.75110728805981,20.75110728805981,20.75110728805981,34.58517881343302,34.58517881343302,34.58517881343302,2006-05-03 10:42:51,2026-06-25 13:31:38,,,2,
62035322010538,66741059010538,2005,54,59,1096,150,2,1,2005,7,3,0,0,0,20.75110728805981,20.75110728805981,20.75110728805981,20.75110728805981,20.75110728805981,20.75110728805981,34.58517881343302,34.58517881343302,34.58517881343302,2006-05-03 10:42:51,2026-06-25 13:31:38,,,2,
62035332010538,66741059010538,2005,54,59,1096,150,3,1,2005,5,2,1,0,0,20.75110728805981,20.75110728805981,20.75110728805981,20.75110728805981,20.75110728805981,20.75110728805981,34.58517881343302,34.58517881343302,34.58517881343302,2006-05-03 10:42:51,2026-06-25 13:31:38,,,2,
62035341010538,66741059010538,2005,54,59,1096,150,4,1,2005,10,2,2,0,0,20.75110728805981,20.75110728805981,20.75110728805981,20.75110728805981,20.75110728805981,20.75110728805981,34.58517881343302,34.58517881343302,34.58517881343302,2006-05-03 10:42:51,2026-06-25 13:31:38,,,2,
62036367010538,66742166010538,2005,54,65,1431,150,1,1,2005,7,2,1,0,0,23.024263560350924,23.024263560350924,23.024263560350924,23.024263560350924,23.024263560350924,23.024263560350924,38.37377260058487,38.37377260058487,38.37377260058487,2006-05-03 10:42:51,2026-06-25 13:31:37,,,2,
62036376010538,66742166010538,2005,54,65,1431,150,2,1,2005,9,1,1,0,0,23.024263560350924,23.024263560350924,23.024263560350924,23.024263560350924,23.024263560350924,23.024263560350924,38.37377260058487,38.37377260058487,38.37377260058487,2006-05-03 10:42:51,2026-06-25 13:31:37,,,2,
62036386010538,66742166010538,2005,54,65,1431,150,3,1,2005,8,0,1,0,0,23.024263560350924,23.024263560350924,23.024263560350924,23.024263560350924,23.024263560350924,23.024263560350924,38.37377260058487,38.37377260058487,38.37377260058487,2006-05-03 10:42:51,2026-06-25 13:31:37,,,2,
62036398010538,66742166010538,2005,54,65,1431,150,4,1,2005,11,4,4,0,0,23.024263560350924,23.024263560350924,23.024263560350924,23.024263560350924,23.024263560350924,23.024263560350924,38.37377260058487,38.37377260058487,38.37377260058487,2006-05-03 10:42:51,2026-06-25 13:31:37,,,2,
62035506010538,66742943010538,2005,54,67,862,150,1,1,2005,6,5,3,0,0,23.212570147055537,23.212570147055537,23.212570147055537,23.212570147055537,23.212570147055537,23.212570147055537,38.68761691175923,38.68761691175923,38.68761691175923,2006-05-03 10:42:51,2026-06-25 13:31:38,,,2,
62035517010538,66742943010538,2005,54,67,862,150,2,1,2005,5,3,0,0,0,23.212570147055537,23.212570147055537,23.212570147055537,23.212570147055537,23.212570147055537,23.212570147055537,38.68761691175923,38.68761691175923,38.68761691175923,2006-05-03 10:42:51,2026-06-25 13:31:38,,,2,
62035530010538,66742943010538,2005,54,67,862,150,3,1,2005,3,4,0,0,0,23.212570147055537,23.212570147055537,23.212570147055537,23.212570147055537,23.212570147055537,23.212570147055537,38.68761691175923,38.68761691175923,38.68761691175923,2006-05-03 10:42:51,2026-06-25 13:31:38,,,2,
62035538010538,66742943010538,2005,54,67,862,150,4,1,2005,12,10,2,0,0,23.212570147055537,23.212570147055537,23.212570147055537,23.212570147055537,23.212570147055537,23.212570147055537,38.68761691175923,38.68761691175923,38.68761691175923,2006-05-03 10:42:51,2026-06-25 13:31:38,,,2,
62035428010538,66743702010538,2005,54,71,1818,150,1,1,2005,13,2,2,0,0,23.888869325003856,23.888869325003856,23.888869325003856,23.888869325003856,23.888869325003856,23.888869325003856,39.81478220833976,39.81478220833976,39.81478220833976,2006-05-03 10:42:51,2026-06-25 13:31:37,,,2,
62035436010538,66743702010538,2005,54,71,1818,150,2,1,2005,12,5,2,0,0,23.888869325003856,23.888869325003856,23.888869325003856,23.888869325003856,23.888869325003856,23.888869325003856,39.81478220833976,39.81478220833976,39.81478220833976,2006-05-03 10:42:51,2026-06-25 13:31:37,,,2,
62035444010538,66743702010538,2005,54,71,1818,150,3,1,2005,8,3,1,0,0,23.888869325003856,23.888869325003856,23.888869325003856,23.888869325003856,23.888869325003856,23.888869325003856,39.81478220833976,39.81478220833976,39.81478220833976,2006-05-03 10:42:51,2026-06-25 13:31:37,,,2,
62035453010538,66743702010538,2005,54,71,1818,150,4,1,2005,10,5,0,0,0,23.888869325003856,23.888869325003856,23.888869325003856,23.888869325003856,23.888869325003856,23.888869325003856,39.81478220833976,39.81478220833976,39.81478220833976,2006-05-03 10:42:51,2026-06-25 13:31:37,,,2,
62035389010538,66744079010538,2005,54,71,2100,150,1,1,2005,9,2,5,0,0,23.77107749288929,23.77107749288929,23.77107749288929,23.77107749288929,23.77107749288929,23.77107749288929,39.618462488148815,39.618462488148815,39.618462488148815,2006-05-03 10:42:57,2026-06-25 13:31:37,,,2,
62035397010538,66744079010538,2005,54,71,2100,150,2,1,2005,4,5,4,0,0,23.77107749288929,23.77107749288929,23.77107749288929,23.77107749288929,23.77107749288929,23.77107749288929,39.618462488148815,39.618462488148815,39.618462488148815,2006-05-03 10:42:57,2026-06-25 13:31:37,,,2,
62035410010538,66744079010538,2005,54,71,2100,150,3,1,2005,5,7,5,0,0,23.77107749288929,23.77107749288929,23.77107749288929,23.77107749288929,23.77107749288929,23.77107749288929,39.618462488148815,39.618462488148815,39.618462488148815,2006-05-03 10:42:57,2026-06-25 13:31:37,,,2,
62035418010538,66744079010538,2005,54,71,2100,150,4,1,2005,7,2,1,0,0,23.77107749288929,23.77107749288929,23.77107749288929,23.77107749288929,23.77107749288929,23.77107749288929,39.618462488148815,39.618462488148815,39.618462488148815,2006-05-03 10:42:57,2026-06-25 13:31:37,,,2,
62036494010538,66746381010538,2005,54,77,1835,150,1,1,2005,3,2,1,0,0,17.75072028856509,23.57157528943708,23.57157528943708,17.75072028856509,23.57157528943708,23.57157528943708,29.58453381427515,39.28595881572847,39.28595881572847,2006-05-03 10:42:58,2026-06-25 13:31:37,,,2,
62036502010538,66746381010538,2005,54,77,1835,150,2,1,2005,29,10,3,0,0,17.75072028856509,23.57157528943708,23.57157528943708,17.75072028856509,23.57157528943708,23.57157528943708,29.58453381427515,39.28595881572847,39.28595881572847,2006-05-03 10:42:58,2026-06-25 13:31:37,,,2,
62036510010538,66746381010538,2005,54,77,1835,150,3,1,2005,2,3,5,0,0,17.75072028856509,23.57157528943708,23.57157528943708,17.75072028856509,23.57157528943708,23.57157528943708,29.58453381427515,39.28595881572847,39.28595881572847,2006-05-03 10:42:58,2026-06-25 13:31:37,,,2,
62036521010538,66746381010538,2005,54,77,1835,150,4,2,2005,10,3,1,0,0,5.820855000871991,23.57157528943708,23.57157528943708,5.820855000871991,23.57157528943708,23.57157528943708,9.70142500145332,39.28595881572847,39.28595881572847,2006-05-03 10:42:58,2026-06-25 13:31:37,,,2,
62035684010538,66746758010538,2005,54,79,1640,150,1,1,2005,3,0,1,0,0,23.20952271394288,23.20952271394288,23.20952271394288,23.20952271394288,23.20952271394288,23.20952271394288,38.68253785657147,38.68253785657147,38.68253785657147,2006-05-03 10:42:58,2026-06-25 13:31:38,,,2,
62035692010538,66746758010538,2005,54,79,1640,150,2,1,2005,6,0,0,0,0,23.20952271394288,23.20952271394288,23.20952271394288,23.20952271394288,23.20952271394288,23.20952271394288,38.68253785657147,38.68253785657147,38.68253785657147,2006-05-03 10:42:58,2026-06-25 13:31:38,,,2,
62035700010538,66746758010538,2005,54,79,1640,150,3,1,2005,8,2,0,0,0,23.20952271394288,23.20952271394288,23.20952271394288,23.20952271394288,23.20952271394288,23.20952271394288,38.68253785657147,38.68253785657147,38.68253785657147,2006-05-03 10:42:58,2026-06-25 13:31:38,,,2,
62035708010538,66746758010538,2005,54,79,1640,150,4,1,2005,1,0,1,0,0,23.20952271394288,23.20952271394288,23.20952271394288,23.20952271394288,23.20952271394288,23.20952271394288,38.68253785657147,38.68253785657147,38.68253785657147,2006-05-03 10:42:58,2026-06-25 13:31:38,,,2,
62035292010538,66748168010538,2005,54,81,1604,150,4,4,2005,12,4,1,0,0,5.746957711326909,23.746957711326907,23.746957711326907,5.746957711326909,23.746957711326907,23.746957711326907,9.578262852211514,39.578262852211516,39.578262852211516,2006-05-03 10:42:58,2026-06-25 13:31:37,,,2,
62035548010538,66749280010538,2005,54,83,1282,150,1,1,2005,15,3,4,0,0,23.043481128979053,23.043481128979053,23.043481128979053,23.043481128979053,23.043481128979053,23.043481128979053,38.40580188163175,38.40580188163175,38.40580188163175,2006-05-03 10:42:58,2026-06-25 13:31:37,,,2,
62035561010538,66749280010538,2005,54,83,1282,150,2,1,2005,36,15,9,0,0,23.043481128979053,23.043481128979053,23.043481128979053,23.043481128979053,23.043481128979053,23.043481128979053,38.40580188163175,38.40580188163175,38.40580188163175,2006-05-03 10:42:58,2026-06-25 13:31:37,,,2,
62035573010538,66749280010538,2005,54,83,1282,150,3,1,2005,11,2,0,0,0,23.043481128979053,23.043481128979053,23.043481128979053,23.043481128979053,23.043481128979053,23.043481128979053,38.40580188163175,38.40580188163175,38.40580188163175,2006-05-03 10:42:58,2026-06-25 13:31:37,,,2,
62035592010538,66749280010538,2005,54,83,1282,150,4,1,2005,100,34,12,3,0,23.043481128979053,23.043481128979053,23.043481128979053,23.043481128979053,23.043481128979053,23.043481128979053,38.40580188163175,38.40580188163175,38.40580188163175,2006-05-03 10:42:58,2026-06-25 13:31:37,,,2,
62035137010538,66761066010538,2005,54,89,2113,150,1,1,2005,14,4,1,0,0,23.530549886725904,23.530549886725904,23.530549886725904,23.530549886725904,23.530549886725904,23.530549886725904,39.21758314454317,39.21758314454317,39.21758314454317,2006-05-03 11:27:32,2026-06-25 13:31:37,,,2,
62035146010538,66761066010538,2005,54,89,2113,150,2,1,2005,5,1,4,0,0,23.530549886725904,23.530549886725904,23.530549886725904,23.530549886725904,23.530549886725904,23.530549886725904,39.21758314454317,39.21758314454317,39.21758314454317,2006-05-03 11:27:32,2026-06-25 13:31:37,,,2,
62035160010538,66761066010538,2005,54,89,2113,150,3,1,2005,7,4,1,0,0,23.530549886725904,23.530549886725904,23.530549886725904,23.530549886725904,23.530549886725904,23.530549886725904,39.21758314454317,39.21758314454317,39.21758314454317,2006-05-03 11:27:32,2026-06-25 13:31:37,,,2,
62035170010538,66761066010538,2005,54,89,2113,150,4,1,2005,6,4,3,0,0,23.530549886725904,23.530549886725904,23.530549886725904,23.530549886725904,23.530549886725904,23.530549886725904,39.21758314454317,39.21758314454317,39.21758314454317,2006-05-03 11:27:32,2026-06-25 13:31:37,,,2,
62036577010538,66762239010538,2005,54,95,1258,150,1,1,2005,10,6,1,0,0,23.38796231666686,23.38796231666686,23.38796231666686,23.38796231666686,23.38796231666686,23.38796231666686,38.97993719444477,38.97993719444477,38.97993719444477,2006-05-03 10:42:58,2026-06-25 13:31:38,,,2,
62036586010538,66762239010538,2005,54,95,1258,150,2,1,2005,6,5,3,0,0,23.38796231666686,23.38796231666686,23.38796231666686,23.38796231666686,23.38796231666686,23.38796231666686,38.97993719444477,38.97993719444477,38.97993719444477,2006-05-03 10:42:58,2026-06-25 13:31:38,,,2,
62036599010538,66762239010538,2005,54,95,1258,150,3,1,2005,15,4,3,0,0,23.38796231666686,23.38796231666686,23.38796231666686,23.38796231666686,23.38796231666686,23.38796231666686,38.97993719444477,38.97993719444477,38.97993719444477,2006-05-03 10:42:58,2026-06-25 13:31:38,,,2,
62036610010538,66762239010538,2005,54,95,1258,150,4,1,2005,5,2,1,0,0,23.38796231666686,23.38796231666686,23.38796231666686,23.38796231666686,23.38796231666686,23.38796231666686,38.97993719444477,38.97993719444477,38.97993719444477,2006-05-03 10:42:58,2026-06-25 13:31:38,,,2,
62035913010538,66763398010538,2005,54,99,1003,150,1,1,2005,6,1,1,0,0,23.061728134852718,23.061728134852718,23.061728134852718,23.061728134852718,23.061728134852718,23.061728134852718,38.43621355808786,38.43621355808786,38.43621355808786,2006-05-03 10:42:58,2026-06-25 13:31:38,,,2,
62035921010538,66763398010538,2005,54,99,1003,150,2,1,2005,7,1,0,0,0,23.061728134852718,23.061728134852718,23.061728134852718,23.061728134852718,23.061728134852718,23.061728134852718,38.43621355808786,38.43621355808786,38.43621355808786,2006-05-03 10:42:58,2026-06-25 13:31:38,,,2,
62035930010538,66763398010538,2005,54,99,1003,150,3,1,2005,8,2,1,0,0,23.061728134852718,23.061728134852718,23.061728134852718,23.061728134852718,23.061728134852718,23.061728134852718,38.43621355808786,38.43621355808786,38.43621355808786,2006-05-03 10:42:58,2026-06-25 13:31:38,,,2,
62035938010538,66763398010538,2005,54,99,1003,150,4,1,2005,3,1,2,0,0,23.061728134852718,23.061728134852718,23.061728134852718,23.061728134852718,23.061728134852718,23.061728134852718,38.43621355808786,38.43621355808786,38.43621355808786,2006-05-03 10:42:58,2026-06-25 13:31:38,,,2,
62036682010538,66764829010538,2005,54,107,762,150,2,2,2005,90,6,8,0,0,6.0,24.0,24.0,6.0,24.0,24.0,10.0,40.0,40.0,2006-05-03 10:42:58,2026-06-25 13:31:37,,,2,
71354061010538,75121668010538,2006,54,7,1364,150,1,1,2006,4,0,2,0,0,17.284898065189697,22.948048203385802,22.948048203385802,17.284898065189697,22.948048203385802,22.948048203385802,28.80816344198283,38.246747005643,38.246747005643,2007-10-02 09:58:11,2026-06-25 13:31:38,,,2,
71354070010538,75121668010538,2006,54,7,1364,150,2,1,2006,6,1,1,0,0,17.284898065189697,22.948048203385802,22.948048203385802,17.284898065189697,22.948048203385802,22.948048203385802,28.80816344198283,38.246747005643,38.246747005643,2007-10-02 09:58:11,2026-06-25 13:31:38,,,2,
71354078010538,75121668010538,2006,54,7,1364,150,3,1,2006,1,2,5,0,0,17.284898065189697,22.948048203385802,22.948048203385802,17.284898065189697,22.948048203385802,22.948048203385802,28.80816344198283,38.246747005643,38.246747005643,2007-10-02 09:58:11,2026-06-25 13:31:38,,,2,
71354086010538,75121668010538,2006,54,7,1364,150,4,2,2006,8,1,0,0,0,5.663150138196104,22.948048203385802,22.948048203385802,5.663150138196104,22.948048203385802,22.948048203385802,9.438583563660174,38.246747005643,38.246747005643,2007-10-02 09:58:11,2026-06-25 13:31:38,,,2,
71354910010538,75124707010538,2006,54,17,2157,150,1,1,2006,10,8,2,0,0,16.68438100263796,22.68438100263796,22.68438100263796,16.68438100263796,22.68438100263796,22.68438100263796,27.807301671063264,37.807301671063264,37.807301671063264,2007-10-02 09:58:11,2026-06-25 13:31:38,,,2,
71354921010538,75124707010538,2006,54,17,2157,150,3,1,2006,11,6,1,0,0,16.68438100263796,22.68438100263796,22.68438100263796,16.68438100263796,22.68438100263796,22.68438100263796,27.807301671063264,37.807301671063264,37.807301671063264,2007-10-02 09:58:11,2026-06-25 13:31:38,,,2,
71354933010538,75124707010538,2006,54,17,2157,150,4,1,2006,7,3,4,0,0,16.68438100263796,22.68438100263796,22.68438100263796,16.68438100263796,22.68438100263796,22.68438100263796,27.807301671063264,37.807301671063264,37.807301671063264,2007-10-02 09:58:11,2026-06-25 13:31:38,,,2,
71354540010538,75131953010538,2006,54,27,48,150,1,1,2006,1,1,1,0,0,23.933618117209786,23.933618117209786,23.933618117209786,23.933618117209786,23.933618117209786,23.933618117209786,39.88936352868298,39.88936352868298,39.88936352868298,2007-10-02 09:58:12,2026-06-25 13:31:38,,,2,
71354550010538,75131953010538,2006,54,27,48,150,2,1,2006,7,0,0,0,0,23.933618117209786,23.933618117209786,23.933618117209786,23.933618117209786,23.933618117209786,23.933618117209786,39.88936352868298,39.88936352868298,39.88936352868298,2007-10-02 09:58:12,2026-06-25 13:31:38,,,2,
71354558010538,75131953010538,2006,54,27,48,150,3,1,2006,6,1,0,0,0,23.933618117209786,23.933618117209786,23.933618117209786,23.933618117209786,23.933618117209786,23.933618117209786,39.88936352868298,39.88936352868298,39.88936352868298,2007-10-02 09:58:12,2026-06-25 13:31:38,,,2,
71354566010538,75131953010538,2006,54,27,48,150,4,1,2006,10,0,0,0,0,23.933618117209786,23.933618117209786,23.933618117209786,23.933618117209786,23.933618117209786,23.933618117209786,39.88936352868298,39.88936352868298,39.88936352868298,2007-10-02 09:58:12,2026-06-25 13:31:38,,,2,
71353810010538,75132886010538,2006,54,31,2446,150,1,1,2006,30,5,3,0,0,24.0,24.0,24.0,24.0,24.0,24.0,40.0,40.0,40.0,2007-10-02 09:58:12,2026-06-25 13:31:38,,,2,
71353820010538,75132886010538,2006,54,31,2446,150,2,1,2006,0,0,0,0,0,24.0,24.0,24.0,24.0,24.0,24.0,40.0,40.0,40.0,2007-10-02 09:58:12,2026-06-25 13:31:38,,,2,
71353828010538,75132886010538,2006,54,31,2446,150,3,1,2006,6,2,2,0,0,24.0,24.0,24.0,24.0,24.0,24.0,40.0,40.0,40.0,2007-10-02 09:58:12,2026-06-25 13:31:38,,,2,
71353837010538,75132886010538,2006,54,31,2446,150,4,1,2006,6,0,1,0,0,24.0,24.0,24.0,24.0,24.0,24.0,40.0,40.0,40.0,2007-10-02 09:58:12,2026-06-25 13:31:38,,,2,
71354864010538,75134104010538,2006,54,33,3590,150,1,1,2006,9,5,6,0,0,22.738488546029,22.738488546029,22.738488546029,22.738488546029,22.738488546029,22.738488546029,37.89748091004834,37.89748091004834,37.89748091004834,2007-10-02 09:58:12,2026-06-25 13:31:38,,,2,
71354873010538,75134104010538,2006,54,33,3590,150,2,1,2006,3,3,1,0,0,22.738488546029,22.738488546029,22.738488546029,22.738488546029,22.738488546029,22.738488546029,37.89748091004834,37.89748091004834,37.89748091004834,2007-10-02 09:58:12,2026-06-25 13:31:38,,,2,
71354884010538,75134104010538,2006,54,33,3590,150,3,1,2006,10,4,4,0,0,22.738488546029,22.738488546029,22.738488546029,22.738488546029,22.738488546029,22.738488546029,37.89748091004834,37.89748091004834,37.89748091004834,2007-10-02 09:58:12,2026-06-25 13:31:38,,,2,
71354899010538,75134104010538,2006,54,33,3590,150,4,1,2006,,,,,1,22.738488546029,22.738488546029,22.738488546029,22.738488546029,22.738488546029,22.738488546029,37.89748091004834,37.89748091004834,37.89748091004834,2007-10-02 09:58:12,2026-06-25 13:31:38,,,2,
71355012010538,75135141010538,2006,54,35,759,150,1,1,2006,28,15,13,0,0,23.63044176547243,23.63044176547243,23.63044176547243,23.63044176547243,23.63044176547243,23.63044176547243,39.384069609120715,39.384069609120715,39.384069609120715,2007-10-02 09:58:12,2026-06-25 13:31:39,,,2,
71355031010538,75135141010538,2006,54,35,759,150,3,1,2006,7,3,1,0,0,23.63044176547243,23.63044176547243,23.63044176547243,23.63044176547243,23.63044176547243,23.63044176547243,39.384069609120715,39.384069609120715,39.384069609120715,2007-10-02 09:58:12,2026-06-25 13:31:39,,,2,
71355046010538,75135141010538,2006,54,35,759,150,4,1,2006,12,7,1,0,0,23.63044176547243,23.63044176547243,23.63044176547243,23.63044176547243,23.63044176547243,23.63044176547243,39.384069609120715,39.384069609120715,39.384069609120715,2007-10-02 09:58:12,2026-06-25 13:31:39,,,2,
71354207010538,75134754010538,2006,54,35,1488,150,4,2,2006,10,2,0,0,0,5.970223141259935,23.970223141259936,23.970223141259936,5.970223141259935,23.970223141259936,23.970223141259936,9.950371902099892,39.95037190209989,39.95037190209989,2007-10-02 09:58:12,2026-06-25 13:31:38,,,2,
71354097010538,75136732010538,2006,54,39,1127,150,1,1,2006,11,2,1,0,0,16.91319733834112,22.91319733834112,22.91319733834112,16.91319733834112,22.91319733834112,22.91319733834112,28.188662230568536,38.18866223056853,38.18866223056853,2007-10-02 09:58:12,2026-06-25 13:31:38,,,2,
71354109010538,75136732010538,2006,54,39,1127,150,2,1,2006,3,2,1,0,0,16.91319733834112,22.91319733834112,22.91319733834112,16.91319733834112,22.91319733834112,22.91319733834112,28.188662230568536,38.18866223056853,38.18866223056853,2007-10-02 09:58:12,2026-06-25 13:31:38,,,2,
71354123010538,75136732010538,2006,54,39,1127,150,4,1,2006,3,3,1,0,0,16.91319733834112,22.91319733834112,22.91319733834112,16.91319733834112,22.91319733834112,22.91319733834112,28.188662230568536,38.18866223056853,38.18866223056853,2007-10-02 09:58:12,2026-06-25 13:31:38,,,2,
71354217010538,75137924010538,2006,54,43,2281,150,1,1,2006,12,4,0,0,0,22.718015422575757,22.718015422575757,22.718015422575757,22.718015422575757,22.718015422575757,22.718015422575757,37.86335903762626,37.86335903762626,37.86335903762626,2007-10-02 09:58:12,2026-06-25 13:31:38,,,2,
71354226010538,75137924010538,2006,54,43,2281,150,2,1,2006,8,4,0,0,0,22.718015422575757,22.718015422575757,22.718015422575757,22.718015422575757,22.718015422575757,22.718015422575757,37.86335903762626,37.86335903762626,37.86335903762626,2007-10-02 09:58:12,2026-06-25 13:31:38,,,2,
71354238010538,75137924010538,2006,54,43,2281,150,3,1,2006,12,4,0,0,0,22.718015422575757,22.718015422575757,22.718015422575757,22.718015422575757,22.718015422575757,22.718015422575757,37.86335903762626,37.86335903762626,37.86335903762626,2007-10-02 09:58:12,2026-06-25 13:31:38,,,2,
71354246010538,75137924010538,2006,54,43,2281,150,4,1,2006,9,2,0,0,0,22.718015422575757,22.718015422575757,22.718015422575757,22.718015422575757,22.718015422575757,22.718015422575757,37.86335903762626,37.86335903762626,37.86335903762626,2007-10-02 09:58:12,2026-06-25 13:31:38,,,2,
71355831010538,75140955010538,2006,54,51,944,150,1,1,2006,22,7,1,0,0,23.667076229544517,23.667076229544517,23.667076229544517,23.667076229544517,23.667076229544517,23.667076229544517,39.44512704924086,39.44512704924086,39.44512704924086,2007-10-02 09:58:13,2026-06-25 13:31:38,,,2,
71355842010538,75140955010538,2006,54,51,944,150,2,1,2006,23,17,6,0,0,23.667076229544517,23.667076229544517,23.667076229544517,23.667076229544517,23.667076229544517,23.667076229544517,39.44512704924086,39.44512704924086,39.44512704924086,2007-10-02 09:58:13,2026-06-25 13:31:38,,,2,
71355856010538,75140955010538,2006,54,51,944,150,3,1,2006,10,4,2,0,0,23.667076229544517,23.667076229544517,23.667076229544517,23.667076229544517,23.667076229544517,23.667076229544517,39.44512704924086,39.44512704924086,39.44512704924086,2007-10-02 09:58:13,2026-06-25 13:31:38,,,2,
71355867010538,75140955010538,2006,54,51,944,150,4,1,2006,12,1,0,0,0,23.667076229544517,23.667076229544517,23.667076229544517,23.667076229544517,23.667076229544517,23.667076229544517,39.44512704924086,39.44512704924086,39.44512704924086,2007-10-02 09:58:13,2026-06-25 13:31:38,,,2,
71353461010538,75142567010538,2006,54,55,2287,150,1,1,2006,12,3,0,0,0,17.560326745465968,23.560326745465968,23.560326745465968,17.560326745465968,23.560326745465968,23.560326745465968,29.26721124244328,39.26721124244328,39.26721124244328,2007-10-02 09:58:13,2026-06-25 13:31:39,,,2,
71353469010538,75142567010538,2006,54,55,2287,150,2,1,2006,2,0,0,0,0,17.560326745465968,23.560326745465968,23.560326745465968,17.560326745465968,23.560326745465968,23.560326745465968,29.26721124244328,39.26721124244328,39.26721124244328,2007-10-02 09:58:13,2026-06-25 13:31:39,,,2,
71353479010538,75142567010538,2006,54,55,2287,150,3,2,2006,4,1,1,0,0,6.0,23.560326745465968,23.560326745465968,6.0,23.560326745465968,23.560326745465968,10.0,39.26721124244328,39.26721124244328,2007-10-02 09:58:13,2026-06-25 13:31:39,,,2,
71353488010538,75142567010538,2006,54,55,2287,150,4,1,2006,18,5,1,0,0,17.560326745465968,23.560326745465968,23.560326745465968,17.560326745465968,23.560326745465968,23.560326745465968,29.26721124244328,39.26721124244328,39.26721124244328,2007-10-02 09:58:13,2026-06-25 13:31:39,,,2,
71354641010538,75143129010538,2006,54,57,102,150,1,1,2006,23,0,0,0,0,22.80182299570656,22.80182299570656,22.80182299570656,22.80182299570656,22.80182299570656,22.80182299570656,38.0030383261776,38.0030383261776,38.0030383261776,2007-10-02 09:58:13,2026-06-25 13:31:38,,,2,
71354651010538,75143129010538,2006,54,57,102,150,2,1,2006,8,1,1,0,0,22.80182299570656,22.80182299570656,22.80182299570656,22.80182299570656,22.80182299570656,22.80182299570656,38.0030383261776,38.0030383261776,38.0030383261776,2007-10-02 09:58:13,2026-06-25 13:31:38,,,2,
71354660010538,75143129010538,2006,54,57,102,150,3,1,2006,14,1,3,0,0,22.80182299570656,22.80182299570656,22.80182299570656,22.80182299570656,22.80182299570656,22.80182299570656,38.0030383261776,38.0030383261776,38.0030383261776,2007-10-02 09:58:13,2026-06-25 13:31:38,,,2,
71354672010538,75143129010538,2006,54,57,102,150,4,1,2006,15,1,1,0,0,22.80182299570656,22.80182299570656,22.80182299570656,22.80182299570656,22.80182299570656,22.80182299570656,38.0030383261776,38.0030383261776,38.0030383261776,2007-10-02 09:58:13,2026-06-25 13:31:38,,,2,
71353847010538,75098222010538,2006,54,71,822,150,1,1,2006,6,2,2,0,0,16.980967994834568,22.23826344689445,22.23826344689445,16.980967994834568,22.23826344689445,22.23826344689445,28.301613324724283,37.06377241149075,37.06377241149075,2007-10-02 09:58:13,2026-06-25 13:31:37,,,2,
71353855010538,75098222010538,2006,54,71,822,150,2,1,2006,5,0,1,0,0,16.980967994834568,22.23826344689445,22.23826344689445,16.980967994834568,22.23826344689445,22.23826344689445,28.301613324724283,37.06377241149075,37.06377241149075,2007-10-02 09:58:13,2026-06-25 13:31:37,,,2,
71353863010538,75098222010538,2006,54,71,822,150,3,2,2006,3,1,1,0,0,5.257295452059882,22.23826344689445,22.23826344689445,5.257295452059882,22.23826344689445,22.23826344689445,8.76215908676647,37.06377241149075,37.06377241149075,2007-10-02 09:58:13,2026-06-25 13:31:37,,,2,
71353872010538,75098222010538,2006,54,71,822,150,4,1,2006,7,1,0,0,0,16.980967994834568,22.23826344689445,22.23826344689445,16.980967994834568,22.23826344689445,22.23826344689445,28.301613324724283,37.06377241149075,37.06377241149075,2007-10-02 09:58:13,2026-06-25 13:31:37,,,2,
71353976010538,75100930010538,2006,54,75,202,150,1,1,2006,12,1,0,0,0,22.639157431768083,22.639157431768083,22.639157431768083,22.639157431768083,22.639157431768083,22.639157431768083,37.7319290529468,37.7319290529468,37.7319290529468,2007-10-02 09:58:13,2026-06-25 13:31:37,,,2,
71353986010538,75100930010538,2006,54,75,202,150,2,1,2006,9,3,1,0,0,22.639157431768083,22.639157431768083,22.639157431768083,22.639157431768083,22.639157431768083,22.639157431768083,37.7319290529468,37.7319290529468,37.7319290529468,2007-10-02 09:58:13,2026-06-25 13:31:37,,,2,
71353997010538,75100930010538,2006,54,75,202,150,3,1,2006,16,3,0,0,0,22.639157431768083,22.639157431768083,22.639157431768083,22.639157431768083,22.639157431768083,22.639157431768083,37.7319290529468,37.7319290529468,37.7319290529468,2007-10-02 09:58:13,2026-06-25 13:31:37,,,2,
71354007010538,75100930010538,2006,54,75,202,150,4,1,2006,9,4,3,0,0,22.639157431768083,22.639157431768083,22.639157431768083,22.639157431768083,22.639157431768083,22.639157431768083,37.7319290529468,37.7319290529468,37.7319290529468,2007-10-02 09:58:13,2026-06-25 13:31:37,,,2,
71354737010538,75102010010538,2006,54,77,363,150,1,1,2006,8,2,2,0,0,23.985028066534134,23.985028066534134,23.985028066534134,23.985028066534134,23.985028066534134,23.985028066534134,39.97504677755689,39.97504677755689,39.97504677755689,2007-10-02 09:58:13,2026-06-25 13:31:38,,,2,
71354749010538,75102010010538,2006,54,77,363,150,2,1,2006,4,2,0,0,0,23.985028066534134,23.985028066534134,23.985028066534134,23.985028066534134,23.985028066534134,23.985028066534134,39.97504677755689,39.97504677755689,39.97504677755689,2007-10-02 09:58:13,2026-06-25 13:31:38,,,2,
71354758010538,75102010010538,2006,54,77,363,150,3,1,2006,10,2,3,0,0,23.985028066534134,23.985028066534134,23.985028066534134,23.985028066534134,23.985028066534134,23.985028066534134,39.97504677755689,39.97504677755689,39.97504677755689,2007-10-02 09:58:13,2026-06-25 13:31:38,,,2,
71354768010538,75102010010538,2006,54,77,363,150,4,1,2006,10,1,1,0,0,23.985028066534134,23.985028066534134,23.985028066534134,23.985028066534134,23.985028066534134,23.985028066534134,39.97504677755689,39.97504677755689,39.97504677755689,2007-10-02 09:58:13,2026-06-25 13:31:38,,,2,
71353591010538,75102844010538,2006,54,81,1197,150,1,1,2006,13,5,3,0,0,22.846059345640626,22.846059345640626,22.846059345640626,22.846059345640626,22.846059345640626,22.846059345640626,38.07676557606771,38.07676557606771,38.07676557606771,2007-10-02 09:58:13,2026-06-25 13:31:39,,,2,
71353603010538,75102844010538,2006,54,81,1197,150,2,1,2006,9,0,0,0,0,22.846059345640626,22.846059345640626,22.846059345640626,22.846059345640626,22.846059345640626,22.846059345640626,38.07676557606771,38.07676557606771,38.07676557606771,2007-10-02 09:58:13,2026-06-25 13:31:39,,,2,
71353614010538,75102844010538,2006,54,81,1197,150,3,1,2006,22,3,1,0,0,22.846059345640626,22.846059345640626,22.846059345640626,22.846059345640626,22.846059345640626,22.846059345640626,38.07676557606771,38.07676557606771,38.07676557606771,2007-10-02 09:58:13,2026-06-25 13:31:39,,,2,
71353638010538,75102844010538,2006,54,81,1197,150,4,1,2006,11,5,8,0,0,22.846059345640626,22.846059345640626,22.846059345640626,22.846059345640626,22.846059345640626,22.846059345640626,38.07676557606771,38.07676557606771,38.07676557606771,2007-10-02 09:58:13,2026-06-25 13:31:39,,,2,
71353539010538,75147797010538,2006,54,81,1666,150,1,1,2006,8,2,0,0,0,16.76391306297327,22.76391306297327,22.76391306297327,16.76391306297327,22.76391306297327,22.76391306297327,25.02942760451945,38.02942760451945,38.02942760451945,2007-10-02 09:58:14,2026-06-25 13:31:38,,,2,
71353551010538,75147797010538,2006,54,81,1666,150,2,1,2006,3,1,0,0,0,16.76391306297327,22.76391306297327,22.76391306297327,16.76391306297327,22.76391306297327,22.76391306297327,25.02942760451945,38.02942760451945,38.02942760451945,2007-10-02 09:58:14,2026-06-25 13:31:38,,,2,
71353564010538,75147797010538,2006,54,81,1666,150,3,1,2006,4,0,0,0,0,16.76391306297327,22.76391306297327,22.76391306297327,16.76391306297327,22.76391306297327,22.76391306297327,25.02942760451945,38.02942760451945,38.02942760451945,2007-10-02 09:58:14,2026-06-25 13:31:38,,,2,
71353932010538,75106606010538,2006,54,83,1083,150,1,1,2006,9,2,1,0,0,23.694919400601645,23.694919400601645,23.694919400601645,23.694919400601645,23.694919400601645,23.694919400601645,39.49153233433608,39.49153233433608,39.49153233433608,2007-10-02 09:58:14,2026-06-25 13:31:37,,,2,
71353941010538,75106606010538,2006,54,83,1083,150,2,1,2006,7,1,1,0,0,23.694919400601645,23.694919400601645,23.694919400601645,23.694919400601645,23.694919400601645,23.694919400601645,39.49153233433608,39.49153233433608,39.49153233433608,2007-10-02 09:58:14,2026-06-25 13:31:37,,,2,
71353951010538,75106606010538,2006,54,83,1083,150,3,1,2006,4,2,1,0,0,23.694919400601645,23.694919400601645,23.694919400601645,23.694919400601645,23.694919400601645,23.694919400601645,39.49153233433608,39.49153233433608,39.49153233433608,2007-10-02 09:58:14,2026-06-25 13:31:37,,,2,
71353962010538,75106606010538,2006,54,83,1083,150,4,1,2006,7,2,0,0,0,23.694919400601645,23.694919400601645,23.694919400601645,23.694919400601645,23.694919400601645,23.694919400601645,39.49153233433608,39.49153233433608,39.49153233433608,2007-10-02 09:58:14,2026-06-25 13:31:37,,,2,
71353884010538,75105865010538,2006,54,83,3587,150,1,1,2006,8,2,2,0,0,23.720943429825027,23.720943429825027,23.720943429825027,23.720943429825027,23.720943429825027,23.720943429825027,39.53490571637504,39.53490571637504,39.53490571637504,2007-10-02 09:58:14,2026-06-25 13:31:37,,,2,
71353898010538,75105865010538,2006,54,83,3587,150,2,1,2006,3,3,2,0,0,23.720943429825027,23.720943429825027,23.720943429825027,23.720943429825027,23.720943429825027,23.720943429825027,39.53490571637504,39.53490571637504,39.53490571637504,2007-10-02 09:58:14,2026-06-25 13:31:37,,,2,
71353910010538,75105865010538,2006,54,83,3587,150,3,1,2006,2,1,1,0,0,23.720943429825027,23.720943429825027,23.720943429825027,23.720943429825027,23.720943429825027,23.720943429825027,39.53490571637504,39.53490571637504,39.53490571637504,2007-10-02 09:58:14,2026-06-25 13:31:37,,,2,
71353920010538,75105865010538,2006,54,83,3587,150,4,1,2006,5,1,0,0,0,23.720943429825027,23.720943429825027,23.720943429825027,23.720943429825027,23.720943429825027,23.720943429825027,39.53490571637504,39.53490571637504,39.53490571637504,2007-10-02 09:58:14,2026-06-25 13:31:37,,,2,
71354818010538,75107954010538,2006,54,85,347,150,1,1,2006,4,0,0,0,0,22.820215699046024,22.820215699046024,22.820215699046024,22.820215699046024,22.820215699046024,22.820215699046024,38.03369283174337,38.03369283174337,38.03369283174337,2007-10-02 09:58:14,2026-06-25 13:31:38,,,2,
71354830010538,75107954010538,2006,54,85,347,150,2,1,2006,4,0,0,0,0,22.820215699046024,22.820215699046024,22.820215699046024,22.820215699046024,22.820215699046024,22.820215699046024,38.03369283174337,38.03369283174337,38.03369283174337,2007-10-02 09:58:14,2026-06-25 13:31:38,,,2,
71354841010538,75107954010538,2006,54,85,347,150,3,1,2006,14,7,0,0,0,22.820215699046024,22.820215699046024,22.820215699046024,22.820215699046024,22.820215699046024,22.820215699046024,38.03369283174337,38.03369283174337,38.03369283174337,2007-10-02 09:58:14,2026-06-25 13:31:38,,,2,
71354849010538,75107954010538,2006,54,85,347,150,4,1,2006,16,7,2,0,0,22.820215699046024,22.820215699046024,22.820215699046024,22.820215699046024,22.820215699046024,22.820215699046024,38.03369283174337,38.03369283174337,38.03369283174337,2007-10-02 09:58:14,2026-06-25 13:31:38,,,2,
71354167010538,75108864010538,2006,54,87,2346,150,1,1,2006,5,2,1,0,0,10.93742329131105,22.50523600350995,22.50523600350995,10.93742329131105,22.50523600350995,22.50523600350995,18.229038818851752,37.50872667251659,37.50872667251659,2007-10-02 09:58:14,2026-06-25 13:31:37,,,2,
71354175010538,75108864010538,2006,54,87,2346,150,2,1,2006,21,4,0,0,0,10.93742329131105,22.50523600350995,22.50523600350995,10.93742329131105,22.50523600350995,22.50523600350995,18.229038818851752,37.50872667251659,37.50872667251659,2007-10-02 09:58:14,2026-06-25 13:31:37,,,2,
71354603010538,75110337010538,2006,54,93,1199,150,1,1,2006,13,4,1,0,0,23.38047634993393,23.38047634993393,23.38047634993393,23.38047634993393,23.38047634993393,23.38047634993393,38.967460583223215,38.967460583223215,38.967460583223215,2007-10-02 09:58:14,2026-06-25 13:31:38,,,2,
71354611010538,75110337010538,2006,54,93,1199,150,2,1,2006,7,3,3,0,0,23.38047634993393,23.38047634993393,23.38047634993393,23.38047634993393,23.38047634993393,23.38047634993393,38.967460583223215,38.967460583223215,38.967460583223215,2007-10-02 09:58:14,2026-06-25 13:31:38,,,2,
71354621010538,75110337010538,2006,54,93,1199,150,3,1,2006,10,7,1,0,0,23.38047634993393,23.38047634993393,23.38047634993393,23.38047634993393,23.38047634993393,23.38047634993393,38.967460583223215,38.967460583223215,38.967460583223215,2007-10-02 09:58:14,2026-06-25 13:31:38,,,2,
71354629010538,75110337010538,2006,54,93,1199,150,4,1,2006,21,5,2,0,0,23.38047634993393,23.38047634993393,23.38047634993393,23.38047634993393,23.38047634993393,23.38047634993393,38.967460583223215,38.967460583223215,38.967460583223215,2007-10-02 09:58:14,2026-06-25 13:31:38,,,2,
71354255010538,75111584010538,2006,54,99,2210,150,1,1,2006,1,4,0,0,0,22.80182299570656,22.80182299570656,22.80182299570656,22.80182299570656,22.80182299570656,22.80182299570656,38.0030383261776,38.0030383261776,38.0030383261776,2007-10-02 09:58:14,2026-06-25 13:31:38,,,2,
71354263010538,75111584010538,2006,54,99,2210,150,2,1,2006,4,2,1,0,0,22.80182299570656,22.80182299570656,22.80182299570656,22.80182299570656,22.80182299570656,22.80182299570656,38.0030383261776,38.0030383261776,38.0030383261776,2007-10-02 09:58:14,2026-06-25 13:31:38,,,2,
71354271010538,75111584010538,2006,54,99,2210,150,3,1,2006,7,2,2,0,0,22.80182299570656,22.80182299570656,22.80182299570656,22.80182299570656,22.80182299570656,22.80182299570656,38.0030383261776,38.0030383261776,38.0030383261776,2007-10-02 09:58:14,2026-06-25 13:31:38,,,2,
71354279010538,75111584010538,2006,54,99,2210,150,4,1,2006,12,0,3,0,0,22.80182299570656,22.80182299570656,22.80182299570656,22.80182299570656,22.80182299570656,22.80182299570656,38.0030383261776,38.0030383261776,38.0030383261776,2007-10-02 09:58:14,2026-06-25 13:31:38,,,2,
71354022010538,75147910010538,2006,54,101,2253,150,1,1,2006,15,0,0,0,0,23.61419394574648,23.61419394574648,23.61419394574648,23.61419394574648,23.61419394574648,23.61419394574648,39.356989909577464,39.356989909577464,39.356989909577464,2007-10-02 09:58:14,2026-06-25 13:31:37,,,2,
71354032010538,75147910010538,2006,54,101,2253,150,2,1,2006,37,6,7,0,0,23.61419394574648,23.61419394574648,23.61419394574648,23.61419394574648,23.61419394574648,23.61419394574648,39.356989909577464,39.356989909577464,39.356989909577464,2007-10-02 09:58:14,2026-06-25 13:31:37,,,2,
71354040010538,75147910010538,2006,54,101,2253,150,3,1,2006,9,0,0,0,0,23.61419394574648,23.61419394574648,23.61419394574648,23.61419394574648,23.61419394574648,23.61419394574648,39.356989909577464,39.356989909577464,39.356989909577464,2007-10-02 09:58:14,2026-06-25 13:31:37,,,2,
71354050010538,75147910010538,2006,54,101,2253,150,4,1,2006,7,3,0,0,0,23.61419394574648,23.61419394574648,23.61419394574648,23.61419394574648,23.61419394574648,23.61419394574648,39.356989909577464,39.356989909577464,39.356989909577464,2007-10-02 09:58:14,2026-06-25 13:31:37,,,2,
71354947010538,75115064010538,2006,54,103,1046,150,1,1,2006,17,5,5,0,0,23.82393033666539,23.82393033666539,23.82393033666539,23.82393033666539,23.82393033666539,23.82393033666539,39.70655056110898,39.70655056110898,39.70655056110898,2007-10-02 09:58:15,2026-06-25 13:31:37,,,2,
71354960010538,75115064010538,2006,54,103,1046,150,2,1,2006,2,4,6,0,0,23.82393033666539,23.82393033666539,23.82393033666539,23.82393033666539,23.82393033666539,23.82393033666539,39.70655056110898,39.70655056110898,39.70655056110898,2007-10-02 09:58:15,2026-06-25 13:31:37,,,2,
71354972010538,75115064010538,2006,54,103,1046,150,3,1,2006,12,6,4,0,0,23.82393033666539,23.82393033666539,23.82393033666539,23.82393033666539,23.82393033666539,23.82393033666539,39.70655056110898,39.70655056110898,39.70655056110898,2007-10-02 09:58:15,2026-06-25 13:31:37,,,2,
71354984010538,75115064010538,2006,54,103,1046,150,4,1,2006,35,11,3,0,0,23.82393033666539,23.82393033666539,23.82393033666539,23.82393033666539,23.82393033666539,23.82393033666539,39.70655056110898,39.70655056110898,39.70655056110898,2007-10-02 09:58:15,2026-06-25 13:31:37,,,2,
71353499010538,75118154010538,2006,54,109,2439,150,1,1,2006,2,3,0,0,0,23.447543936827735,23.447543936827735,23.447543936827735,23.447543936827735,23.447543936827735,23.447543936827735,39.07923989471289,39.07923989471289,39.07923989471289,2007-10-02 09:58:15,2026-06-25 13:31:37,,,2,
71353508010538,75118154010538,2006,54,109,2439,150,2,1,2006,0,2,1,0,0,23.447543936827735,23.447543936827735,23.447543936827735,23.447543936827735,23.447543936827735,23.447543936827735,39.07923989471289,39.07923989471289,39.07923989471289,2007-10-02 09:58:15,2026-06-25 13:31:37,,,2,
71353527010538,75118154010538,2006,54,109,2439,150,4,1,2006,2,0,0,0,0,23.447543936827735,23.447543936827735,23.447543936827735,23.447543936827735,23.447543936827735,23.447543936827735,39.07923989471289,39.07923989471289,39.07923989471289,2007-10-02 09:58:15,2026-06-25 13:31:37,,,2,
175059392010661,122560886010661,2007,54,11,1711,150,1,1,2007,4,6,2,0,0,11.817102171355305,23.817102171355305,23.817102171355305,11.817102171355305,23.817102171355305,23.817102171355305,19.695170285592177,39.69517028559218,39.69517028559218,2008-12-29 08:54:12,2026-06-25 13:31:38,,,2,
175059393010661,122560886010661,2007,54,11,1711,150,2,1,2007,6,1,2,0,0,11.817102171355305,23.817102171355305,23.817102171355305,11.817102171355305,23.817102171355305,23.817102171355305,19.695170285592177,39.69517028559218,39.69517028559218,2008-12-29 08:54:12,2026-06-25 13:31:38,,,2,
175059394010661,122560886010661,2007,54,11,1711,150,3,2,2007,0,0,0,0,0,6.0,23.817102171355305,23.817102171355305,6.0,23.817102171355305,23.817102171355305,10.0,39.69517028559218,39.69517028559218,2008-12-29 08:54:12,2026-06-25 13:31:38,,,2,
175059395010661,122560886010661,2007,54,11,1711,150,4,3,2007,110,0,0,1,0,6.0,23.817102171355305,23.817102171355305,6.0,23.817102171355305,23.817102171355305,10.0,39.69517028559218,39.69517028559218,2008-12-29 08:54:12,2026-06-25 13:31:38,,,2,
175059537010661,122560562010661,2007,54,13,1984,150,1,1,2007,3,2,4,0,0,23.853707195405455,23.853707195405455,23.853707195405455,23.853707195405455,23.853707195405455,23.853707195405455,39.756178659009095,39.756178659009095,39.756178659009095,2008-12-29 08:54:12,2026-06-25 13:31:38,,,2,
175059538010661,122560562010661,2007,54,13,1984,150,2,1,2007,7,3,3,0,0,23.853707195405455,23.853707195405455,23.853707195405455,23.853707195405455,23.853707195405455,23.853707195405455,39.756178659009095,39.756178659009095,39.756178659009095,2008-12-29 08:54:12,2026-06-25 13:31:38,,,2,
175059539010661,122560562010661,2007,54,13,1984,150,3,1,2007,2,1,3,0,0,23.853707195405455,23.853707195405455,23.853707195405455,23.853707195405455,23.853707195405455,23.853707195405455,39.756178659009095,39.756178659009095,39.756178659009095,2008-12-29 08:54:12,2026-06-25 13:31:38,,,2,
175059540010661,122560562010661,2007,54,13,1984,150,4,1,2007,7,3,2,0,0,23.853707195405455,23.853707195405455,23.853707195405455,23.853707195405455,23.853707195405455,23.853707195405455,39.756178659009095,39.756178659009095,39.756178659009095,2008-12-29 08:54:12,2026-06-25 13:31:38,,,2,
175059724010661,122560452010661,2007,54,15,1739,150,1,1,2007,17,1,2,0,0,23.167964875839687,23.167964875839687,23.167964875839687,23.167964875839687,23.167964875839687,23.167964875839687,38.61327479306615,38.61327479306615,38.61327479306615,2008-12-29 08:54:12,2026-06-25 13:31:37,,,2,
175059725010661,122560452010661,2007,54,15,1739,150,2,1,2007,13,5,4,0,0,23.167964875839687,23.167964875839687,23.167964875839687,23.167964875839687,23.167964875839687,23.167964875839687,38.61327479306615,38.61327479306615,38.61327479306615,2008-12-29 08:54:12,2026-06-25 13:31:37,,,2,
175059726010661,122560452010661,2007,54,15,1739,150,3,1,2007,2,3,1,0,0,23.167964875839687,23.167964875839687,23.167964875839687,23.167964875839687,23.167964875839687,23.167964875839687,38.61327479306615,38.61327479306615,38.61327479306615,2008-12-29 08:54:12,2026-06-25 13:31:37,,,2,
175059727010661,122560452010661,2007,54,15,1739,150,4,1,2007,9,3,1,0,0,23.167964875839687,23.167964875839687,23.167964875839687,23.167964875839687,23.167964875839687,23.167964875839687,38.61327479306615,38.61327479306615,38.61327479306615,2008-12-29 08:54:12,2026-06-25 13:31:37,,,2,
175059817010661,122560400010661,2007,54,17,1836,150,1,1,2007,11,4,0,0,0,22.27420957857048,22.27420957857048,22.27420957857048,22.27420957857048,22.27420957857048,22.27420957857048,37.1236826309508,37.1236826309508,37.1236826309508,2008-12-29 08:54:12,2026-06-25 13:31:37,,,2,
175059818010661,122560400010661,2007,54,17,1836,150,2,1,2007,3,5,3,0,0,22.27420957857048,22.27420957857048,22.27420957857048,22.27420957857048,22.27420957857048,22.27420957857048,37.1236826309508,37.1236826309508,37.1236826309508,2008-12-29 08:54:12,2026-06-25 13:31:37,,,2,
175059819010661,122560400010661,2007,54,17,1836,150,3,1,2007,0,2,0,0,0,22.27420957857048,22.27420957857048,22.27420957857048,22.27420957857048,22.27420957857048,22.27420957857048,37.1236826309508,37.1236826309508,37.1236826309508,2008-12-29 08:54:12,2026-06-25 13:31:37,,,2,
175059820010661,122560400010661,2007,54,17,1836,150,4,1,2007,11,11,3,0,0,22.27420957857048,22.27420957857048,22.27420957857048,22.27420957857048,22.27420957857048,22.27420957857048,37.1236826309508,37.1236826309508,37.1236826309508,2008-12-29 08:54:12,2026-06-25 13:31:37,,,2,
175060068010661,122560472010661,2007,54,19,361,150,1,1,2007,8,4,1,0,0,11.000884839063758,22.7180656916506,22.7180656916506,11.000884839063758,22.7180656916506,22.7180656916506,18.334808065106262,37.86344281941767,37.86344281941767,2008-12-29 08:54:12,2026-06-25 13:31:38,,,2,
175060069010661,122560472010661,2007,54,19,361,150,2,2,2007,2,1,1,0,0,11.717180852586843,22.7180656916506,22.7180656916506,11.717180852586843,22.7180656916506,22.7180656916506,19.528634754311405,37.86344281941767,37.86344281941767,2008-12-29 08:54:12,2026-06-25 13:31:38,,,2,
175060070010661,122560472010661,2007,54,19,361,150,3,2,2007,5,2,3,0,0,11.717180852586843,22.7180656916506,22.7180656916506,11.717180852586843,22.7180656916506,22.7180656916506,19.528634754311405,37.86344281941767,37.86344281941767,2008-12-29 08:54:12,2026-06-25 13:31:38,,,2,
175060071010661,122560472010661,2007,54,19,361,150,4,1,2007,4,0,0,0,0,11.000884839063758,22.7180656916506,22.7180656916506,11.000884839063758,22.7180656916506,22.7180656916506,18.334808065106262,37.86344281941767,37.86344281941767,2008-12-29 08:54:12,2026-06-25 13:31:38,,,2,
175060241010661,122560424010661,2007,54,21,1777,150,1,1,2007,0,0,1,0,0,17.754473118081776,23.754473118081776,23.754473118081776,17.754473118081776,23.754473118081776,23.754473118081776,31.944182151794504,39.5441821517945,39.5441821517945,2008-12-29 08:54:12,2026-06-25 13:31:38,,,2,
175060242010661,122560424010661,2007,54,21,1777,150,2,1,2007,2,3,0,0,0,17.754473118081776,23.754473118081776,23.754473118081776,17.754473118081776,23.754473118081776,23.754473118081776,31.944182151794504,39.5441821517945,39.5441821517945,2008-12-29 08:54:12,2026-06-25 13:31:38,,,2,
175060243010661,122560424010661,2007,54,21,1777,150,3,1,2007,0,0,0,0,0,17.754473118081776,23.754473118081776,23.754473118081776,17.754473118081776,23.754473118081776,23.754473118081776,31.944182151794504,39.5441821517945,39.5441821517945,2008-12-29 08:54:12,2026-06-25 13:31:38,,,2,
175060244010661,122560424010661,2007,54,21,1777,150,4,1,2007,0,1,0,0,0,17.754473118081776,23.754473118081776,23.754473118081776,17.754473118081776,23.754473118081776,23.754473118081776,31.944182151794504,39.5441821517945,39.5441821517945,2008-12-29 08:54:12,2026-06-25 13:31:38,,,2,
175060409010661,122560220010661,2007,54,25,677,150,1,1,2007,11,5,3,0,0,17.36748919321362,23.36748919321362,23.36748919321362,17.36748919321362,23.36748919321362,23.36748919321362,28.945815322022696,38.945815322022696,38.945815322022696,2008-12-29 08:54:12,2026-06-25 13:31:38,,,2,
175060410010661,122560220010661,2007,54,25,677,150,2,2,2007,0,0,0,0,0,6.0,23.36748919321362,23.36748919321362,6.0,23.36748919321362,23.36748919321362,10.0,38.945815322022696,38.945815322022696,2008-12-29 08:54:12,2026-06-25 13:31:38,,,2,
175060411010661,122560220010661,2007,54,25,677,150,3,1,2007,14,3,1,0,0,17.36748919321362,23.36748919321362,23.36748919321362,17.36748919321362,23.36748919321362,23.36748919321362,28.945815322022696,38.945815322022696,38.945815322022696,2008-12-29 08:54:12,2026-06-25 13:31:38,,,2,
175060412010661,122560220010661,2007,54,25,677,150,4,1,2007,21,4,3,0,0,17.36748919321362,23.36748919321362,23.36748919321362,17.36748919321362,23.36748919321362,23.36748919321362,28.945815322022696,38.945815322022696,38.945815322022696,2008-12-29 08:54:12,2026-06-25 13:31:38,,,2,
175060534010661,122560712010661,2007,54,39,2504,150,1,1,2007,0,0,0,0,0,18.0,24.0,24.0,18.0,24.0,24.0,30.0,40.0,40.0,2008-12-29 08:54:12,2026-06-25 13:31:37,,,2,
175060535010661,122560712010661,2007,54,39,2504,150,2,1,2007,0,0,0,0,0,18.0,24.0,24.0,18.0,24.0,24.0,30.0,40.0,40.0,2008-12-29 08:54:12,2026-06-25 13:31:37,,,2,
175060536010661,122560712010661,2007,54,39,2504,150,3,2,2007,4,2,1,0,0,6.0,24.0,24.0,6.0,24.0,24.0,10.0,40.0,40.0,2008-12-29 08:54:12,2026-06-25 13:31:37,,,2,
175060537010661,122560712010661,2007,54,39,2504,150,4,1,2007,0,0,0,0,0,18.0,24.0,24.0,18.0,24.0,24.0,30.0,40.0,40.0,2008-12-29 08:54:12,2026-06-25 13:31:37,,,2,
175060604010661,122561056010661,2007,54,45,284,150,1,1,2007,5,0,2,0,0,23.424451421587964,23.424451421587964,23.424451421587964,23.424451421587964,23.424451421587964,23.424451421587964,39.040752369313275,39.040752369313275,39.040752369313275,2008-12-29 08:54:12,2026-06-25 13:31:38,,,2,
175060605010661,122561056010661,2007,54,45,284,150,2,1,2007,2,1,2,0,0,23.424451421587964,23.424451421587964,23.424451421587964,23.424451421587964,23.424451421587964,23.424451421587964,39.040752369313275,39.040752369313275,39.040752369313275,2008-12-29 08:54:12,2026-06-25 13:31:38,,,2,
175060606010661,122561056010661,2007,54,45,284,150,3,1,2007,8,6,1,0,0,23.424451421587964,23.424451421587964,23.424451421587964,23.424451421587964,23.424451421587964,23.424451421587964,39.040752369313275,39.040752369313275,39.040752369313275,2008-12-29 08:54:12,2026-06-25 13:31:38,,,2,
175060607010661,122561056010661,2007,54,45,284,150,4,1,2007,6,1,2,0,0,23.424451421587964,23.424451421587964,23.424451421587964,23.424451421587964,23.424451421587964,23.424451421587964,39.040752369313275,39.040752369313275,39.040752369313275,2008-12-29 08:54:12,2026-06-25 13:31:38,,,2,
175060746010661,122560278010661,2007,54,49,1524,150,1,1,2007,32,17,2,0,0,11.817102171355305,23.817102171355305,23.817102171355305,11.817102171355305,23.817102171355305,23.817102171355305,19.695170285592177,39.69517028559218,39.69517028559218,2008-12-29 08:54:12,2026-06-25 13:31:37,,,2,
175060747010661,122560278010661,2007,54,49,1524,150,2,2,2007,0,0,0,0,0,12.0,23.817102171355305,23.817102171355305,12.0,23.817102171355305,23.817102171355305,20.0,39.69517028559218,39.69517028559218,2008-12-29 08:54:12,2026-06-25 13:31:37,,,2,
175060748010661,122560278010661,2007,54,49,1524,150,3,1,2007,6,1,0,0,0,11.817102171355305,23.817102171355305,23.817102171355305,11.817102171355305,23.817102171355305,23.817102171355305,19.695170285592177,39.69517028559218,39.69517028559218,2008-12-29 08:54:12,2026-06-25 13:31:37,,,2,
175060749010661,122560278010661,2007,54,49,1524,150,4,2,2007,0,0,0,0,0,12.0,23.817102171355305,23.817102171355305,12.0,23.817102171355305,23.817102171355305,20.0,39.69517028559218,39.69517028559218,2008-12-29 08:54:12,2026-06-25 13:31:37,,,2,
175060908010661,122561064010661,2007,54,51,785,150,1,1,2007,5,2,1,0,0,19.931384492641776,23.853707195405455,23.853707195405455,19.931384492641776,23.853707195405455,23.853707195405455,35.833855956245415,39.756178659009095,39.756178659009095,2008-12-29 08:54:12,2026-06-25 13:31:37,,,2,
175060909010661,122561064010661,2007,54,51,785,150,2,1,2007,3,0,4,0,0,19.931384492641776,23.853707195405455,23.853707195405455,19.931384492641776,23.853707195405455,23.853707195405455,35.833855956245415,39.756178659009095,39.756178659009095,2008-12-29 08:54:12,2026-06-25 13:31:37,,,2,
175060910010661,122561064010661,2007,54,51,785,150,3,1,2007,2,2,3,0,0,19.931384492641776,23.853707195405455,23.853707195405455,19.931384492641776,23.853707195405455,23.853707195405455,35.833855956245415,39.756178659009095,39.756178659009095,2008-12-29 08:54:12,2026-06-25 13:31:37,,,2,
175060911010661,122561064010661,2007,54,51,785,150,4,1,2007,0,0,1,0,0,19.931384492641776,23.853707195405455,23.853707195405455,19.931384492641776,23.853707195405455,23.853707195405455,35.833855956245415,39.756178659009095,39.756178659009095,2008-12-29 08:54:12,2026-06-25 13:31:37,,,2,
175061037010661,122560862010661,2007,54,53,1601,150,1,1,2007,3,4,3,0,0,23.75381531665893,23.75381531665893,23.75381531665893,23.75381531665893,23.75381531665893,23.75381531665893,39.58969219443155,39.58969219443155,39.58969219443155,2008-12-29 08:54:12,2026-06-25 13:31:37,,,2,
175061038010661,122560862010661,2007,54,53,1601,150,2,1,2007,5,3,2,0,0,23.75381531665893,23.75381531665893,23.75381531665893,23.75381531665893,23.75381531665893,23.75381531665893,39.58969219443155,39.58969219443155,39.58969219443155,2008-12-29 08:54:12,2026-06-25 13:31:37,,,2,
175061039010661,122560862010661,2007,54,53,1601,150,3,1,2007,3,0,2,0,0,23.75381531665893,23.75381531665893,23.75381531665893,23.75381531665893,23.75381531665893,23.75381531665893,39.58969219443155,39.58969219443155,39.58969219443155,2008-12-29 08:54:12,2026-06-25 13:31:37,,,2,
175061040010661,122560862010661,2007,54,53,1601,150,4,1,2007,3,4,2,0,0,23.75381531665893,23.75381531665893,23.75381531665893,23.75381531665893,23.75381531665893,23.75381531665893,39.58969219443155,39.58969219443155,39.58969219443155,2008-12-29 08:54:12,2026-06-25 13:31:37,,,2,
175061175010661,122560344010661,2007,54,67,2125,150,1,1,2007,5,1,3,0,0,23.853707195405455,23.853707195405455,23.853707195405455,23.853707195405455,23.853707195405455,23.853707195405455,39.756178659009095,39.756178659009095,39.756178659009095,2008-12-29 08:54:12,2026-06-25 13:31:38,,,2,
175061176010661,122560344010661,2007,54,67,2125,150,2,1,2007,6,4,3,0,0,23.853707195405455,23.853707195405455,23.853707195405455,23.853707195405455,23.853707195405455,23.853707195405455,39.756178659009095,39.756178659009095,39.756178659009095,2008-12-29 08:54:12,2026-06-25 13:31:38,,,2,
175061177010661,122560344010661,2007,54,67,2125,150,3,1,2007,5,9,1,0,0,23.853707195405455,23.853707195405455,23.853707195405455,23.853707195405455,23.853707195405455,23.853707195405455,39.756178659009095,39.756178659009095,39.756178659009095,2008-12-29 08:54:12,2026-06-25 13:31:38,,,2,
175061178010661,122560344010661,2007,54,67,2125,150,4,1,2007,0,4,3,0,0,23.853707195405455,23.853707195405455,23.853707195405455,23.853707195405455,23.853707195405455,23.853707195405455,39.756178659009095,39.756178659009095,39.756178659009095,2008-12-29 08:54:12,2026-06-25 13:31:38,,,2,
175061280010661,122559864010661,2007,54,71,525,150,1,1,2007,8,1,3,0,0,23.051112454862967,23.051112454862967,23.051112454862967,23.051112454862967,23.051112454862967,23.051112454862967,38.41852075810495,38.41852075810495,38.41852075810495,2008-12-29 08:54:12,2026-06-25 13:31:38,,,2,
175061281010661,122559864010661,2007,54,71,525,150,2,1,2007,8,2,1,0,0,23.051112454862967,23.051112454862967,23.051112454862967,23.051112454862967,23.051112454862967,23.051112454862967,38.41852075810495,38.41852075810495,38.41852075810495,2008-12-29 08:54:12,2026-06-25 13:31:38,,,2,
175061282010661,122559864010661,2007,54,71,525,150,3,1,2007,15,4,1,0,0,23.051112454862967,23.051112454862967,23.051112454862967,23.051112454862967,23.051112454862967,23.051112454862967,38.41852075810495,38.41852075810495,38.41852075810495,2008-12-29 08:54:12,2026-06-25 13:31:38,,,2,
175061283010661,122559864010661,2007,54,71,525,150,4,1,2007,10,0,0,0,0,23.051112454862967,23.051112454862967,23.051112454862967,23.051112454862967,23.051112454862967,23.051112454862967,38.41852075810495,38.41852075810495,38.41852075810495,2008-12-29 08:54:12,2026-06-25 13:31:38,,,2,
175062979010661,122559940010661,2007,54,75,2500,150,1,1,2007,3,2,0,0,0,23.397409873763472,23.397409873763472,23.397409873763472,23.397409873763472,23.397409873763472,23.397409873763472,38.99568312293912,38.99568312293912,38.99568312293912,2008-12-29 08:54:12,2026-06-25 13:31:38,,,2,
175062980010661,122559940010661,2007,54,75,2500,150,2,1,2007,7,0,1,0,0,23.397409873763472,23.397409873763472,23.397409873763472,23.397409873763472,23.397409873763472,23.397409873763472,38.99568312293912,38.99568312293912,38.99568312293912,2008-12-29 08:54:12,2026-06-25 13:31:38,,,2,
175062981010661,122559940010661,2007,54,75,2500,150,3,1,2007,3,3,2,0,0,23.397409873763472,23.397409873763472,23.397409873763472,23.397409873763472,23.397409873763472,23.397409873763472,38.99568312293912,38.99568312293912,38.99568312293912,2008-12-29 08:54:12,2026-06-25 13:31:38,,,2,
175062982010661,122559940010661,2007,54,75,2500,150,4,1,2007,1,1,1,0,0,23.397409873763472,23.397409873763472,23.397409873763472,23.397409873763472,23.397409873763472,23.397409873763472,38.99568312293912,38.99568312293912,38.99568312293912,2008-12-29 08:54:12,2026-06-25 13:31:38,,,2,
175061385010661,122560808010661,2007,54,79,879,150,1,1,2007,3,1,2,0,0,22.1459734540099,22.1459734540099,22.1459734540099,22.1459734540099,22.1459734540099,22.1459734540099,36.90995575668317,36.90995575668317,36.90995575668317,2008-12-29 08:54:12,2026-06-25 13:31:38,,,2,
175061386010661,122560808010661,2007,54,79,879,150,2,1,2007,7,0,0,0,0,22.1459734540099,22.1459734540099,22.1459734540099,22.1459734540099,22.1459734540099,22.1459734540099,36.90995575668317,36.90995575668317,36.90995575668317,2008-12-29 08:54:12,2026-06-25 13:31:38,,,2,
175061387010661,122560808010661,2007,54,79,879,150,3,1,2007,3,4,1,0,0,22.1459734540099,22.1459734540099,22.1459734540099,22.1459734540099,22.1459734540099,22.1459734540099,36.90995575668317,36.90995575668317,36.90995575668317,2008-12-29 08:54:12,2026-06-25 13:31:38,,,2,
175061388010661,122560808010661,2007,54,79,879,150,4,1,2007,6,1,1,0,0,22.1459734540099,22.1459734540099,22.1459734540099,22.1459734540099,22.1459734540099,22.1459734540099,36.90995575668317,36.90995575668317,36.90995575668317,2008-12-29 08:54:12,2026-06-25 13:31:38,,,2,
175061556010661,122560048010661,2007,54,83,112,150,1,1,2007,0,0,4,0,0,17.817102171355305,17.817102171355305,23.817102171355305,17.817102171355305,17.817102171355305,23.817102171355305,29.695170285592177,29.695170285592177,39.69517028559218,2008-12-29 08:54:12,2026-06-25 13:31:38,,,2,
175061557010661,122560048010661,2007,54,83,112,150,2,1,2007,0,0,1,0,0,17.817102171355305,17.817102171355305,23.817102171355305,17.817102171355305,17.817102171355305,23.817102171355305,29.695170285592177,29.695170285592177,39.69517028559218,2008-12-29 08:54:12,2026-06-25 13:31:38,,,2,
175061558010661,122560048010661,2007,54,83,112,150,3,1,2007,0,0,2,0,0,17.817102171355305,17.817102171355305,23.817102171355305,17.817102171355305,17.817102171355305,23.817102171355305,29.695170285592177,29.695170285592177,39.69517028559218,2008-12-29 08:54:12,2026-06-25 13:31:38,,,2,
175061559010661,122560048010661,2007,54,83,112,150,4,2,2007,0,0,0,0,0,6.0,17.817102171355305,23.817102171355305,6.0,17.817102171355305,23.817102171355305,10.0,29.695170285592177,39.69517028559218,2008-12-29 08:54:12,2026-06-25 13:31:38,,,2,
175061672010661,122560652010661,2007,54,85,240,150,1,1,2007,10,2,0,0,0,22.197169356316696,22.197169356316696,22.197169356316696,22.197169356316696,22.197169356316696,22.197169356316696,36.99528226052783,36.99528226052783,36.99528226052783,2008-12-29 08:54:12,2026-06-25 13:31:38,,,2,
175061673010661,122560652010661,2007,54,85,240,150,2,1,2007,4,5,5,0,0,22.197169356316696,22.197169356316696,22.197169356316696,22.197169356316696,22.197169356316696,22.197169356316696,36.99528226052783,36.99528226052783,36.99528226052783,2008-12-29 08:54:12,2026-06-25 13:31:38,,,2,
175061674010661,122560652010661,2007,54,85,240,150,3,1,2007,14,5,0,0,0,22.197169356316696,22.197169356316696,22.197169356316696,22.197169356316696,22.197169356316696,22.197169356316696,36.99528226052783,36.99528226052783,36.99528226052783,2008-12-29 08:54:12,2026-06-25 13:31:38,,,2,
175061675010661,122560652010661,2007,54,85,240,150,4,1,2007,2,4,3,0,0,22.197169356316696,22.197169356316696,22.197169356316696,22.197169356316696,22.197169356316696,22.197169356316696,36.99528226052783,36.99528226052783,36.99528226052783,2008-12-29 08:54:12,2026-06-25 13:31:38,,,2,
175061837010661,122560682010661,2007,54,87,275,150,1,1,2007,2,2,1,0,0,22.17143357481871,22.17143357481871,22.17143357481871,22.17143357481871,22.17143357481871,22.17143357481871,36.95238929136452,36.95238929136452,36.95238929136452,2008-12-29 08:54:12,2026-06-25 13:31:38,,,2,
175061838010661,122560682010661,2007,54,87,275,150,2,1,2007,3,3,3,0,0,22.17143357481871,22.17143357481871,22.17143357481871,22.17143357481871,22.17143357481871,22.17143357481871,36.95238929136452,36.95238929136452,36.95238929136452,2008-12-29 08:54:12,2026-06-25 13:31:38,,,2,
175061839010661,122560682010661,2007,54,87,275,150,3,1,2007,1,0,0,0,0,22.17143357481871,22.17143357481871,22.17143357481871,22.17143357481871,22.17143357481871,22.17143357481871,36.95238929136452,36.95238929136452,36.95238929136452,2008-12-29 08:54:12,2026-06-25 13:31:38,,,2,
175061840010661,122560682010661,2007,54,87,275,150,4,1,2007,6,5,0,0,0,22.17143357481871,22.17143357481871,22.17143357481871,22.17143357481871,22.17143357481871,22.17143357481871,36.95238929136452,36.95238929136452,36.95238929136452,2008-12-29 08:54:12,2026-06-25 13:31:38,,,2,
175062186010661,122560248010661,2007,54,89,2204,150,1,1,2007,8,1,1,0,0,22.72792570616148,22.72792570616148,22.72792570616148,22.72792570616148,22.72792570616148,22.72792570616148,37.879876176935795,37.879876176935795,37.879876176935795,2008-12-29 08:54:12,2026-06-25 13:31:37,,,2,
175062187010661,122560248010661,2007,54,89,2204,150,2,1,2007,4,1,1,0,0,22.72792570616148,22.72792570616148,22.72792570616148,22.72792570616148,22.72792570616148,22.72792570616148,37.879876176935795,37.879876176935795,37.879876176935795,2008-12-29 08:54:12,2026-06-25 13:31:37,,,2,
175062188010661,122560248010661,2007,54,89,2204,150,3,1,2007,7,1,1,0,0,22.72792570616148,22.72792570616148,22.72792570616148,22.72792570616148,22.72792570616148,22.72792570616148,37.879876176935795,37.879876176935795,37.879876176935795,2008-12-29 08:54:12,2026-06-25 13:31:37,,,2,
175062189010661,122560248010661,2007,54,89,2204,150,4,1,2007,15,1,0,0,0,22.72792570616148,22.72792570616148,22.72792570616148,22.72792570616148,22.72792570616148,22.72792570616148,37.879876176935795,37.879876176935795,37.879876176935795,2008-12-29 08:54:12,2026-06-25 13:31:37,,,2,
175063018010661,122559922010661,2007,54,93,857,150,1,1,2007,5,1,0,0,0,24.0,24.0,24.0,24.0,24.0,24.0,40.0,40.0,40.0,2008-12-29 08:54:12,2026-06-25 13:31:37,,,2,
175063019010661,122559922010661,2007,54,93,857,150,2,1,2007,23,0,0,0,0,24.0,24.0,24.0,24.0,24.0,24.0,40.0,40.0,40.0,2008-12-29 08:54:12,2026-06-25 13:31:37,,,2,
175063020010661,122559922010661,2007,54,93,857,150,3,1,2007,11,4,3,0,0,24.0,24.0,24.0,24.0,24.0,24.0,40.0,40.0,40.0,2008-12-29 08:54:12,2026-06-25 13:31:37,,,2,
175063021010661,122559922010661,2007,54,93,857,150,4,1,2007,11,2,2,0,0,24.0,24.0,24.0,24.0,24.0,24.0,40.0,40.0,40.0,2008-12-29 08:54:12,2026-06-25 13:31:37,,,2,
175062336010661,122560160010661,2007,54,97,2408,150,1,1,2007,0,0,0,0,0,12.0,24.0,24.0,12.0,24.0,24.0,20.0,40.0,40.0,2008-12-29 08:54:12,2026-06-25 13:31:38,,,2,
175062337010661,122560160010661,2007,54,97,2408,150,2,1,2007,0,0,0,0,0,12.0,24.0,24.0,12.0,24.0,24.0,20.0,40.0,40.0,2008-12-29 08:54:12,2026-06-25 13:31:38,,,2,
175062338010661,122560160010661,2007,54,97,2408,150,3,2,2007,7,8,2,0,0,12.0,24.0,24.0,12.0,24.0,24.0,20.0,40.0,40.0,2008-12-29 08:54:12,2026-06-25 13:31:38,,,2,
175062339010661,122560160010661,2007,54,97,2408,150,4,2,2007,6,4,2,0,0,12.0,24.0,24.0,12.0,24.0,24.0,20.0,40.0,40.0,2008-12-29 08:54:12,2026-06-25 13:31:38,,,2,
175062500010661,122560194010661,2007,54,101,696,150,1,1,2007,7,6,2,0,0,17.454344199457076,23.454344199457076,23.454344199457076,17.454344199457076,23.454344199457076,23.454344199457076,29.090573665761795,39.090573665761795,39.090573665761795,2008-12-29 08:54:12,2026-06-25 13:31:37,,,2,
175062501010661,122560194010661,2007,54,101,696,150,2,1,2007,11,1,1,0,0,17.454344199457076,23.454344199457076,23.454344199457076,17.454344199457076,23.454344199457076,23.454344199457076,29.090573665761795,39.090573665761795,39.090573665761795,2008-12-29 08:54:12,2026-06-25 13:31:37,,,2,
175062502010661,122560194010661,2007,54,101,696,150,3,1,2007,16,1,2,0,0,17.454344199457076,23.454344199457076,23.454344199457076,17.454344199457076,23.454344199457076,23.454344199457076,29.090573665761795,39.090573665761795,39.090573665761795,2008-12-29 08:54:12,2026-06-25 13:31:37,,,2,
175062503010661,122560194010661,2007,54,101,696,150,4,2,2007,0,0,0,0,0,6.0,23.454344199457076,23.454344199457076,6.0,23.454344199457076,23.454344199457076,10.0,39.090573665761795,39.090573665761795,2008-12-29 08:54:12,2026-06-25 13:31:37,,,2,
175062635010661,122560978010661,2007,54,109,250,150,1,1,2007,4,1,1,0,0,23.65079896979663,23.65079896979663,23.65079896979663,23.65079896979663,23.65079896979663,23.65079896979663,39.41799828299438,39.41799828299438,39.41799828299438,2008-12-29 08:54:12,2026-06-25 13:31:38,,,2,
175062636010661,122560978010661,2007,54,109,250,150,2,1,2007,2,0,0,0,0,23.65079896979663,23.65079896979663,23.65079896979663,23.65079896979663,23.65079896979663,23.65079896979663,39.41799828299438,39.41799828299438,39.41799828299438,2008-12-29 08:54:12,2026-06-25 13:31:38,,,2,
175062637010661,122560978010661,2007,54,109,250,150,3,1,2007,22,2,0,0,0,23.65079896979663,23.65079896979663,23.65079896979663,23.65079896979663,23.65079896979663,23.65079896979663,39.41799828299438,39.41799828299438,39.41799828299438,2008-12-29 08:54:12,2026-06-25 13:31:38,,,2,
175062638010661,122560978010661,2007,54,109,250,150,4,1,2007,11,2,0,0,0,23.65079896979663,23.65079896979663,23.65079896979663,23.65079896979663,23.65079896979663,23.65079896979663,39.41799828299438,39.41799828299438,39.41799828299438,2008-12-29 08:54:12,2026-06-25 13:31:38,,,2,
175062806010661,122560500010661,2007,54,109,379,150,1,1,2007,3,0,0,0,0,11.366563145999494,21.426912223389003,21.426912223389003,11.366563145999494,21.426912223389003,21.426912223389003,18.94427190999916,35.71152037231501,35.71152037231501,2008-12-29 08:54:12,2026-06-25 13:31:38,,,2,
175062807010661,122560500010661,2007,54,109,379,150,2,2,2007,27,4,6,0,0,10.060349077389509,21.426912223389003,21.426912223389003,10.060349077389509,21.426912223389003,21.426912223389003,16.767248462315848,35.71152037231501,35.71152037231501,2008-12-29 08:54:12,2026-06-25 13:31:38,,,2,
175062808010661,122560500010661,2007,54,109,379,150,3,1,2007,18,3,0,0,0,11.366563145999494,21.426912223389003,21.426912223389003,11.366563145999494,21.426912223389003,21.426912223389003,18.94427190999916,35.71152037231501,35.71152037231501,2008-12-29 08:54:12,2026-06-25 13:31:38,,,2,
175062809010661,122560500010661,2007,54,109,379,150,4,2,2007,16,2,1,0,0,10.060349077389509,21.426912223389003,21.426912223389003,10.060349077389509,21.426912223389003,21.426912223389003,16.767248462315848,35.71152037231501,35.71152037231501,2008-12-29 08:54:12,2026-06-25 13:31:38,,,2,
216495155010661,171000245010661,2008,54,1,2226,150,1,1,2008,5,0,1,0,0,23.443810799611487,23.443810799611487,23.443810799611487,23.443810799611487,23.443810799611487,23.443810799611487,39.07301799935248,39.07301799935248,39.07301799935248,2009-10-06 13:34:45,2026-06-25 13:31:37,,,2,
216495156010661,171000245010661,2008,54,1,2226,150,2,1,2008,8,1,1,0,0,23.443810799611487,23.443810799611487,23.443810799611487,23.443810799611487,23.443810799611487,23.443810799611487,39.07301799935248,39.07301799935248,39.07301799935248,2009-10-06 13:34:45,2026-06-25 13:31:37,,,2,
216495157010661,171000245010661,2008,54,1,2226,150,3,1,2008,6,0,0,0,0,23.443810799611487,23.443810799611487,23.443810799611487,23.443810799611487,23.443810799611487,23.443810799611487,39.07301799935248,39.07301799935248,39.07301799935248,2009-10-06 13:34:45,2026-06-25 13:31:37,,,2,
216495158010661,171000245010661,2008,54,1,2226,150,4,1,2008,3,0,1,0,0,23.443810799611487,23.443810799611487,23.443810799611487,23.443810799611487,23.443810799611487,23.443810799611487,39.07301799935248,39.07301799935248,39.07301799935248,2009-10-06 13:34:45,2026-06-25 13:31:37,,,2,
216495775010661,171000270010661,2008,54,7,1131,150,1,1,2008,5,1,0,0,0,21.74553098378242,21.74553098378242,21.74553098378242,21.74553098378242,21.74553098378242,21.74553098378242,36.24255163963737,36.24255163963737,36.24255163963737,2009-10-06 13:34:45,2026-06-25 13:31:38,,,2,
216495776010661,171000270010661,2008,54,7,1131,150,2,1,2008,6,1,0,0,0,21.74553098378242,21.74553098378242,21.74553098378242,21.74553098378242,21.74553098378242,21.74553098378242,36.24255163963737,36.24255163963737,36.24255163963737,2009-10-06 13:34:45,2026-06-25 13:31:38,,,2,
216495777010661,171000270010661,2008,54,7,1131,150,3,1,2008,8,1,0,0,0,21.74553098378242,21.74553098378242,21.74553098378242,21.74553098378242,21.74553098378242,21.74553098378242,36.24255163963737,36.24255163963737,36.24255163963737,2009-10-06 13:34:45,2026-06-25 13:31:38,,,2,
216495778010661,171000270010661,2008,54,7,1131,150,4,1,2008,15,4,2,0,0,21.74553098378242,21.74553098378242,21.74553098378242,21.74553098378242,21.74553098378242,21.74553098378242,36.24255163963737,36.24255163963737,36.24255163963737,2009-10-06 13:34:45,2026-06-25 13:31:38,,,2,
216495982010661,171001051010661,2008,54,15,1484,150,1,1,2008,7,3,1,0,0,17.853707195405455,17.853707195405455,23.853707195405455,17.853707195405455,17.853707195405455,23.853707195405455,29.756178659009095,29.756178659009095,39.756178659009095,2009-10-06 13:34:45,2026-06-25 13:31:37,,,2,
216495983010661,171001051010661,2008,54,15,1484,150,2,1,2008,11,0,0,0,0,17.853707195405455,17.853707195405455,23.853707195405455,17.853707195405455,17.853707195405455,23.853707195405455,29.756178659009095,29.756178659009095,39.756178659009095,2009-10-06 13:34:45,2026-06-25 13:31:37,,,2,
216495984010661,171001051010661,2008,54,15,1484,150,3,2,2008,0,0,0,0,0,6.0,17.853707195405455,23.853707195405455,6.0,17.853707195405455,23.853707195405455,10.0,29.756178659009095,39.756178659009095,2009-10-06 13:34:45,2026-06-25 13:31:37,,,2,
216495985010661,171001051010661,2008,54,15,1484,150,4,1,2008,10,2,0,0,0,17.853707195405455,17.853707195405455,23.853707195405455,17.853707195405455,17.853707195405455,23.853707195405455,29.756178659009095,29.756178659009095,39.756178659009095,2009-10-06 13:34:45,2026-06-25 13:31:37,,,2,
216497721010661,171001223010661,2008,54,19,442,150,1,1,2008,4,1,2,0,0,23.533936216582084,23.533936216582084,23.533936216582084,23.533936216582084,23.533936216582084,23.533936216582084,39.22322702763681,39.22322702763681,39.22322702763681,2009-10-06 13:34:45,2026-06-25 13:31:37,,,2,
216497722010661,171001223010661,2008,54,19,442,150,2,1,2008,6,3,0,0,0,23.533936216582084,23.533936216582084,23.533936216582084,23.533936216582084,23.533936216582084,23.533936216582084,39.22322702763681,39.22322702763681,39.22322702763681,2009-10-06 13:34:45,2026-06-25 13:31:37,,,2,
216497723010661,171001223010661,2008,54,19,442,150,3,1,2008,6,1,0,0,0,23.533936216582084,23.533936216582084,23.533936216582084,23.533936216582084,23.533936216582084,23.533936216582084,39.22322702763681,39.22322702763681,39.22322702763681,2009-10-06 13:34:45,2026-06-25 13:31:37,,,2,
216497724010661,171001223010661,2008,54,19,442,150,4,1,2008,4,0,1,0,0,23.533936216582084,23.533936216582084,23.533936216582084,23.533936216582084,23.533936216582084,23.533936216582084,39.22322702763681,39.22322702763681,39.22322702763681,2009-10-06 13:34:45,2026-06-25 13:31:37,,,2,
216495415010661,171000314010661,2008,54,25,286,150,1,1,2008,8,1,2,0,0,23.674562196277446,23.674562196277446,23.674562196277446,23.674562196277446,23.674562196277446,23.674562196277446,39.45760366046241,39.45760366046241,39.45760366046241,2009-10-06 13:34:45,2026-06-25 13:31:38,,,2,
216495416010661,171000314010661,2008,54,25,286,150,2,1,2008,4,3,0,0,0,23.674562196277446,23.674562196277446,23.674562196277446,23.674562196277446,23.674562196277446,23.674562196277446,39.45760366046241,39.45760366046241,39.45760366046241,2009-10-06 13:34:45,2026-06-25 13:31:38,,,2,
216495417010661,171000314010661,2008,54,25,286,150,3,1,2008,7,2,2,0,0,23.674562196277446,23.674562196277446,23.674562196277446,23.674562196277446,23.674562196277446,23.674562196277446,39.45760366046241,39.45760366046241,39.45760366046241,2009-10-06 13:34:45,2026-06-25 13:31:38,,,2,
216495418010661,171000314010661,2008,54,25,286,150,4,1,2008,12,5,3,0,0,23.674562196277446,23.674562196277446,23.674562196277446,23.674562196277446,23.674562196277446,23.674562196277446,39.45760366046241,39.45760366046241,39.45760366046241,2009-10-06 13:34:45,2026-06-25 13:31:38,,,2,
216494442010661,171000326010661,2008,54,27,188,150,1,1,2008,16,3,0,0,0,23.868512120679657,23.868512120679657,23.868512120679657,23.868512120679657,23.868512120679657,23.868512120679657,39.7808535344661,39.7808535344661,39.7808535344661,2009-10-06 13:34:45,2026-06-25 13:31:38,,,2,
216494443010661,171000326010661,2008,54,27,188,150,2,1,2008,7,0,0,0,0,23.868512120679657,23.868512120679657,23.868512120679657,23.868512120679657,23.868512120679657,23.868512120679657,39.7808535344661,39.7808535344661,39.7808535344661,2009-10-06 13:34:45,2026-06-25 13:31:38,,,2,
216494444010661,171000326010661,2008,54,27,188,150,3,1,2008,25,6,2,0,0,23.868512120679657,23.868512120679657,23.868512120679657,23.868512120679657,23.868512120679657,23.868512120679657,39.7808535344661,39.7808535344661,39.7808535344661,2009-10-06 13:34:45,2026-06-25 13:31:38,,,2,
216494445010661,171000326010661,2008,54,27,188,150,4,1,2008,11,1,3,0,0,23.868512120679657,23.868512120679657,23.868512120679657,23.868512120679657,23.868512120679657,23.868512120679657,39.7808535344661,39.7808535344661,39.7808535344661,2009-10-06 13:34:45,2026-06-25 13:31:38,,,2,
216494689010661,171000334010661,2008,54,27,1658,150,1,1,2008,9,0,0,0,0,23.95525120779407,23.95525120779407,23.95525120779407,23.95525120779407,23.95525120779407,23.95525120779407,39.92541867965679,39.92541867965679,39.92541867965679,2009-10-06 13:34:45,2026-06-25 13:31:37,,,2,
216494690010661,171000334010661,2008,54,27,1658,150,2,1,2008,7,0,0,0,0,23.95525120779407,23.95525120779407,23.95525120779407,23.95525120779407,23.95525120779407,23.95525120779407,39.92541867965679,39.92541867965679,39.92541867965679,2009-10-06 13:34:45,2026-06-25 13:31:37,,,2,
216494691010661,171000334010661,2008,54,27,1658,150,3,1,2008,13,3,0,0,0,23.95525120779407,23.95525120779407,23.95525120779407,23.95525120779407,23.95525120779407,23.95525120779407,39.92541867965679,39.92541867965679,39.92541867965679,2009-10-06 13:34:45,2026-06-25 13:31:37,,,2,
216494692010661,171000334010661,2008,54,27,1658,150,4,1,2008,18,5,4,0,0,23.95525120779407,23.95525120779407,23.95525120779407,23.95525120779407,23.95525120779407,23.95525120779407,39.92541867965679,39.92541867965679,39.92541867965679,2009-10-06 13:34:45,2026-06-25 13:31:37,,,2,
216496944010661,171001056010661,2008,54,29,2007,150,1,1,2008,11,1,0,0,0,22.582628715453215,22.582628715453215,22.582628715453215,22.582628715453215,22.582628715453215,22.582628715453215,37.63771452575536,37.63771452575536,37.63771452575536,2009-10-06 13:34:45,2026-06-25 13:31:38,,,2,
216496945010661,171001056010661,2008,54,29,2007,150,2,1,2008,8,0,1,0,0,22.582628715453215,22.582628715453215,22.582628715453215,22.582628715453215,22.582628715453215,22.582628715453215,37.63771452575536,37.63771452575536,37.63771452575536,2009-10-06 13:34:45,2026-06-25 13:31:38,,,2,
216496946010661,171001056010661,2008,54,29,2007,150,3,1,2008,27,3,0,0,0,22.582628715453215,22.582628715453215,22.582628715453215,22.582628715453215,22.582628715453215,22.582628715453215,37.63771452575536,37.63771452575536,37.63771452575536,2009-10-06 13:34:45,2026-06-25 13:31:38,,,2,
216496947010661,171001056010661,2008,54,29,2007,150,4,1,2008,6,2,0,0,0,22.582628715453215,22.582628715453215,22.582628715453215,22.582628715453215,22.582628715453215,22.582628715453215,37.63771452575536,37.63771452575536,37.63771452575536,2009-10-06 13:34:45,2026-06-25 13:31:38,,,2,
216494589010661,171000341010661,2008,54,31,608,150,1,1,2008,7,3,1,0,0,23.67080936676076,23.67080936676076,23.67080936676076,23.67080936676076,23.67080936676076,23.67080936676076,39.45134894460127,39.45134894460127,39.45134894460127,2009-10-06 13:34:45,2026-06-25 13:31:37,,,2,
216494590010661,171000341010661,2008,54,31,608,150,2,1,2008,2,0,3,0,0,23.67080936676076,23.67080936676076,23.67080936676076,23.67080936676076,23.67080936676076,23.67080936676076,39.45134894460127,39.45134894460127,39.45134894460127,2009-10-06 13:34:45,2026-06-25 13:31:37,,,2,
216494591010661,171000341010661,2008,54,31,608,150,3,1,2008,16,2,1,0,0,23.67080936676076,23.67080936676076,23.67080936676076,23.67080936676076,23.67080936676076,23.67080936676076,39.45134894460127,39.45134894460127,39.45134894460127,2009-10-06 13:34:45,2026-06-25 13:31:37,,,2,
216494592010661,171000341010661,2008,54,31,608,150,4,1,2008,14,1,2,0,0,23.67080936676076,23.67080936676076,23.67080936676076,23.67080936676076,23.67080936676076,23.67080936676076,39.45134894460127,39.45134894460127,39.45134894460127,2009-10-06 13:34:45,2026-06-25 13:31:37,,,2,
216497458010661,171000359010661,2008,54,35,893,150,1,1,2008,65,7,3,0,0,23.861026153946725,23.861026153946725,23.861026153946725,23.861026153946725,23.861026153946725,23.861026153946725,39.76837692324454,39.76837692324454,39.76837692324454,2009-10-06 13:34:45,2026-06-25 13:31:38,,,2,
216497459010661,171000359010661,2008,54,35,893,150,2,1,2008,20,2,1,0,0,23.861026153946725,23.861026153946725,23.861026153946725,23.861026153946725,23.861026153946725,23.861026153946725,39.76837692324454,39.76837692324454,39.76837692324454,2009-10-06 13:34:45,2026-06-25 13:31:38,,,2,
216497460010661,171000359010661,2008,54,35,893,150,3,1,2008,12,1,1,0,0,23.861026153946725,23.861026153946725,23.861026153946725,23.861026153946725,23.861026153946725,23.861026153946725,39.76837692324454,39.76837692324454,39.76837692324454,2009-10-06 13:34:45,2026-06-25 13:31:38,,,2,
216497461010661,171000359010661,2008,54,35,893,150,4,1,2008,4,0,1,0,0,23.861026153946725,23.861026153946725,23.861026153946725,23.861026153946725,23.861026153946725,23.861026153946725,39.76837692324454,39.76837692324454,39.76837692324454,2009-10-06 13:34:45,2026-06-25 13:31:38,,,2,
216494351010661,171000366010661,2008,54,37,222,150,1,1,2008,0,0,0,0,0,18.0,23.992514033267067,23.992514033267067,18.0,23.992514033267067,23.992514033267067,30.0,39.98752338877845,39.98752338877845,2009-10-06 13:34:45,2026-06-25 13:31:38,,,2,
216494352010661,171000366010661,2008,54,37,222,150,2,1,2008,0,0,0,0,0,18.0,23.992514033267067,23.992514033267067,18.0,23.992514033267067,23.992514033267067,30.0,39.98752338877845,39.98752338877845,2009-10-06 13:34:45,2026-06-25 13:31:38,,,2,
216494353010661,171000366010661,2008,54,37,222,150,3,2,2008,3,0,0,0,0,5.992514033267068,23.992514033267067,23.992514033267067,5.992514033267068,23.992514033267067,23.992514033267067,9.987523388778447,39.98752338877845,39.98752338877845,2009-10-06 13:34:45,2026-06-25 13:31:38,,,2,
216494354010661,171000366010661,2008,54,37,222,150,4,1,2008,0,0,0,0,0,18.0,23.992514033267067,23.992514033267067,18.0,23.992514033267067,23.992514033267067,30.0,39.98752338877845,39.98752338877845,2009-10-06 13:34:45,2026-06-25 13:31:38,,,2,
216497348010661,171000381010661,2008,54,39,1428,150,1,1,2008,0,0,0,0,0,16.624905946193486,23.69206269635335,23.69206269635335,16.624905946193486,23.69206269635335,23.69206269635335,28.400339371657555,39.46749612181742,39.46749612181742,2009-10-06 13:34:45,2026-06-25 13:31:38,,,2,
216497349010661,171000381010661,2008,54,39,1428,150,2,1,2008,0,0,0,0,0,16.624905946193486,23.69206269635335,23.69206269635335,16.624905946193486,23.69206269635335,23.69206269635335,28.400339371657555,39.46749612181742,39.46749612181742,2009-10-06 13:34:45,2026-06-25 13:31:38,,,2,
216497350010661,171000381010661,2008,54,39,1428,150,3,2,2008,0,0,0,0,0,6.0,23.69206269635335,23.69206269635335,6.0,23.69206269635335,23.69206269635335,10.0,39.46749612181742,39.46749612181742,2009-10-06 13:34:45,2026-06-25 13:31:38,,,2,
216497351010661,171000381010661,2008,54,39,1428,150,4,3,2008,1,0,0,0,0,1.067156750159865,23.69206269635335,23.69206269635335,1.067156750159865,23.69206269635335,23.69206269635335,1.067156750159865,39.46749612181742,39.46749612181742,2009-10-06 13:34:45,2026-06-25 13:31:38,,,2,
216497570010661,171001062010661,2008,54,43,794,150,1,1,2008,15,6,2,0,0,22.593087462774225,22.593087462774225,22.593087462774225,22.593087462774225,22.593087462774225,22.593087462774225,37.65514577129037,37.65514577129037,37.65514577129037,2009-10-06 13:34:45,2026-06-25 13:31:38,,,2,
216497571010661,171001062010661,2008,54,43,794,150,2,1,2008,4,1,1,0,0,22.593087462774225,22.593087462774225,22.593087462774225,22.593087462774225,22.593087462774225,22.593087462774225,37.65514577129037,37.65514577129037,37.65514577129037,2009-10-06 13:34:45,2026-06-25 13:31:38,,,2,
216497572010661,171001062010661,2008,54,43,794,150,3,1,2008,10,4,2,0,0,22.593087462774225,22.593087462774225,22.593087462774225,22.593087462774225,22.593087462774225,22.593087462774225,37.65514577129037,37.65514577129037,37.65514577129037,2009-10-06 13:34:45,2026-06-25 13:31:38,,,2,
216497573010661,171001062010661,2008,54,43,794,150,4,1,2008,6,1,2,0,0,22.593087462774225,22.593087462774225,22.593087462774225,22.593087462774225,22.593087462774225,22.593087462774225,37.65514577129037,37.65514577129037,37.65514577129037,2009-10-06 13:34:45,2026-06-25 13:31:38,,,2,
216496624010661,171001139010661,2008,54,47,1914,150,1,1,2008,0,0,0,0,0,12.0,23.317817856638463,23.317817856638463,12.0,23.317817856638463,23.317817856638463,20.0,38.863029761064105,38.863029761064105,2009-10-06 13:34:45,2026-06-25 13:31:38,,,2,
216496625010661,171001139010661,2008,54,47,1914,150,2,1,2008,0,0,0,0,0,12.0,23.317817856638463,23.317817856638463,12.0,23.317817856638463,23.317817856638463,20.0,38.863029761064105,38.863029761064105,2009-10-06 13:34:45,2026-06-25 13:31:38,,,2,
216496626010661,171001139010661,2008,54,47,1914,150,3,2,2008,25,5,2,0,0,11.317817856638465,23.317817856638463,23.317817856638463,11.317817856638465,23.317817856638463,23.317817856638463,18.86302976106411,38.863029761064105,38.863029761064105,2009-10-06 13:34:45,2026-06-25 13:31:38,,,2,
216496627010661,171001139010661,2008,54,47,1914,150,4,2,2008,12,4,0,0,0,11.317817856638465,23.317817856638463,23.317817856638463,11.317817856638465,23.317817856638463,23.317817856638463,18.86302976106411,38.863029761064105,38.863029761064105,2009-10-06 13:34:45,2026-06-25 13:31:38,,,2,
216495628010661,171000473010661,2008,54,67,1365,150,1,1,2008,19,9,1,0,0,23.91864618374392,23.91864618374392,23.91864618374392,23.91864618374392,23.91864618374392,23.91864618374392,39.86441030623987,39.86441030623987,39.86441030623987,2009-10-06 13:34:45,2026-06-25 13:31:38,,,2,
216495629010661,171000473010661,2008,54,67,1365,150,2,1,2008,44,4,1,0,0,23.91864618374392,23.91864618374392,23.91864618374392,23.91864618374392,23.91864618374392,23.91864618374392,39.86441030623987,39.86441030623987,39.86441030623987,2009-10-06 13:34:45,2026-06-25 13:31:38,,,2,
216495630010661,171000473010661,2008,54,67,1365,150,3,1,2008,36,7,2,0,0,23.91864618374392,23.91864618374392,23.91864618374392,23.91864618374392,23.91864618374392,23.91864618374392,39.86441030623987,39.86441030623987,39.86441030623987,2009-10-06 13:34:45,2026-06-25 13:31:38,,,2,
216495631010661,171000473010661,2008,54,67,1365,150,4,1,2008,10,5,0,0,0,23.91864618374392,23.91864618374392,23.91864618374392,23.91864618374392,23.91864618374392,23.91864618374392,39.86441030623987,39.86441030623987,39.86441030623987,2009-10-06 13:34:45,2026-06-25 13:31:38,,,2,
216496206010661,171000476010661,2008,54,69,354,150,1,1,2008,28,7,0,0,0,17.587823109163033,23.587823109163033,23.587823109163033,17.587823109163033,23.587823109163033,23.587823109163033,29.31303851527172,39.31303851527172,39.31303851527172,2009-10-06 13:34:46,2026-06-25 13:31:38,,,2,
216496207010661,171000476010661,2008,54,69,354,150,2,1,2008,47,8,0,0,0,17.587823109163033,23.587823109163033,23.587823109163033,17.587823109163033,23.587823109163033,23.587823109163033,29.31303851527172,39.31303851527172,39.31303851527172,2009-10-06 13:34:46,2026-06-25 13:31:38,,,2,
216496208010661,171000476010661,2008,54,69,354,150,3,1,2008,37,11,0,0,0,17.587823109163033,23.587823109163033,23.587823109163033,17.587823109163033,23.587823109163033,23.587823109163033,29.31303851527172,39.31303851527172,39.31303851527172,2009-10-06 13:34:46,2026-06-25 13:31:38,,,2,
216496209010661,171000476010661,2008,54,69,354,150,4,2,2008,0,0,0,0,0,6.0,23.587823109163033,23.587823109163033,6.0,23.587823109163033,23.587823109163033,10.0,39.31303851527172,39.31303851527172,2009-10-06 13:34:46,2026-06-25 13:31:38,,,2,
216494992010661,171000487010661,2008,54,75,1110,150,1,1,2008,0,2,2,0,0,21.775515468361185,21.775515468361185,21.775515468361185,21.775515468361185,21.775515468361185,21.775515468361185,36.29252578060198,36.29252578060198,36.29252578060198,2009-10-06 13:34:46,2026-06-25 13:31:38,,,2,
216494993010661,171000487010661,2008,54,75,1110,150,2,1,2008,14,4,2,0,0,21.775515468361185,21.775515468361185,21.775515468361185,21.775515468361185,21.775515468361185,21.775515468361185,36.29252578060198,36.29252578060198,36.29252578060198,2009-10-06 13:34:46,2026-06-25 13:31:38,,,2,
216494994010661,171000487010661,2008,54,75,1110,150,3,1,2008,3,0,2,0,0,21.775515468361185,21.775515468361185,21.775515468361185,21.775515468361185,21.775515468361185,21.775515468361185,36.29252578060198,36.29252578060198,36.29252578060198,2009-10-06 13:34:46,2026-06-25 13:31:38,,,2,
216494995010661,171000487010661,2008,54,75,1110,150,4,1,2008,0,0,0,0,0,21.775515468361185,21.775515468361185,21.775515468361185,21.775515468361185,21.775515468361185,21.775515468361185,36.29252578060198,36.29252578060198,36.29252578060198,2009-10-06 13:34:46,2026-06-25 13:31:38,,,2,
216494919010661,171000614010661,2008,54,83,214,150,1,1,2008,15,1,2,0,0,23.93296031578694,23.93296031578694,23.93296031578694,23.93296031578694,23.93296031578694,23.93296031578694,39.888267192978226,39.888267192978226,39.888267192978226,2009-10-06 13:34:46,2026-06-25 13:31:37,,,2,
216494920010661,171000614010661,2008,54,83,214,150,2,1,2008,40,1,1,0,0,23.93296031578694,23.93296031578694,23.93296031578694,23.93296031578694,23.93296031578694,23.93296031578694,39.888267192978226,39.888267192978226,39.888267192978226,2009-10-06 13:34:46,2026-06-25 13:31:37,,,2,
216494921010661,171000614010661,2008,54,83,214,150,3,1,2008,8,4,0,0,0,23.93296031578694,23.93296031578694,23.93296031578694,23.93296031578694,23.93296031578694,23.93296031578694,39.888267192978226,39.888267192978226,39.888267192978226,2009-10-06 13:34:46,2026-06-25 13:31:37,,,2,
216494922010661,171000614010661,2008,54,83,214,150,4,1,2008,32,1,0,0,0,23.93296031578694,23.93296031578694,23.93296031578694,23.93296031578694,23.93296031578694,23.93296031578694,39.888267192978226,39.888267192978226,39.888267192978226,2009-10-06 13:34:46,2026-06-25 13:31:37,,,2,
216496376010661,171000537010661,2008,54,87,744,150,1,1,2008,4,2,1,0,0,16.399015742682995,22.399015742682995,22.399015742682995,16.399015742682995,22.399015742682995,22.399015742682995,27.331692904471655,37.33169290447166,37.33169290447166,2009-10-06 13:34:46,2026-06-25 13:31:37,,,2,
216496378010661,171000537010661,2008,54,87,744,150,2,1,2008,23,3,0,0,0,16.399015742682995,22.399015742682995,22.399015742682995,16.399015742682995,22.399015742682995,22.399015742682995,27.331692904471655,37.33169290447166,37.33169290447166,2009-10-06 13:34:46,2026-06-25 13:31:37,,,2,
216496380010661,171000537010661,2008,54,87,744,150,3,1,2008,27,2,1,0,0,16.399015742682995,22.399015742682995,22.399015742682995,16.399015742682995,22.399015742682995,22.399015742682995,27.331692904471655,37.33169290447166,37.33169290447166,2009-10-06 13:34:46,2026-06-25 13:31:37,,,2,
216496381010661,171000537010661,2008,54,87,744,150,4,2,2008,0,0,0,0,0,6.0,22.399015742682995,22.399015742682995,6.0,22.399015742682995,22.399015742682995,10.0,37.33169290447166,37.33169290447166,2009-10-06 13:34:46,2026-06-25 13:31:37,,,2,
216494819010661,171000619010661,2008,54,93,218,150,1,1,2008,22,5,0,0,0,23.88089256503974,23.88089256503974,23.88089256503974,23.88089256503974,23.88089256503974,23.88089256503974,39.80148760839957,39.80148760839957,39.80148760839957,2009-10-06 13:34:46,2026-06-25 13:31:37,,,2,
216494820010661,171000619010661,2008,54,93,218,150,2,1,2008,12,2,3,0,0,23.88089256503974,23.88089256503974,23.88089256503974,23.88089256503974,23.88089256503974,23.88089256503974,39.80148760839957,39.80148760839957,39.80148760839957,2009-10-06 13:34:46,2026-06-25 13:31:37,,,2,
216494821010661,171000619010661,2008,54,93,218,150,3,1,2008,5,1,1,0,0,23.88089256503974,23.88089256503974,23.88089256503974,23.88089256503974,23.88089256503974,23.88089256503974,39.80148760839957,39.80148760839957,39.80148760839957,2009-10-06 13:34:46,2026-06-25 13:31:37,,,2,
216494822010661,171000619010661,2008,54,93,218,150,4,1,2008,11,0,0,0,0,23.88089256503974,23.88089256503974,23.88089256503974,23.88089256503974,23.88089256503974,23.88089256503974,39.80148760839957,39.80148760839957,39.80148760839957,2009-10-06 13:34:46,2026-06-25 13:31:37,,,2,
216495341010661,171000624010661,2008,54,101,1753,150,1,1,2008,43,3,1,0,0,23.86657843299672,23.86657843299672,23.86657843299672,23.86657843299672,23.86657843299672,23.86657843299672,39.777630721661204,39.777630721661204,39.777630721661204,2009-10-06 13:34:46,2026-06-25 13:31:37,,,2,
216495342010661,171000624010661,2008,54,101,1753,150,2,1,2008,11,3,0,0,0,23.86657843299672,23.86657843299672,23.86657843299672,23.86657843299672,23.86657843299672,23.86657843299672,39.777630721661204,39.777630721661204,39.777630721661204,2009-10-06 13:34:46,2026-06-25 13:31:37,,,2,
216495343010661,171000624010661,2008,54,101,1753,150,3,1,2008,8,2,1,0,0,23.86657843299672,23.86657843299672,23.86657843299672,23.86657843299672,23.86657843299672,23.86657843299672,39.777630721661204,39.777630721661204,39.777630721661204,2009-10-06 13:34:46,2026-06-25 13:31:37,,,2,
216495344010661,171000624010661,2008,54,101,1753,150,4,1,2008,25,0,3,0,0,23.86657843299672,23.86657843299672,23.86657843299672,23.86657843299672,23.86657843299672,23.86657843299672,39.777630721661204,39.777630721661204,39.777630721661204,2009-10-06 13:34:46,2026-06-25 13:31:37,,,2,
216497166010661,171000585010661,2008,54,107,934,150,1,1,2008,19,2,1,0,0,17.95525120779407,23.77610620866606,23.77610620866606,17.95525120779407,23.77610620866606,23.77610620866606,29.925418679656786,39.6268436811101,39.6268436811101,2009-10-06 13:34:46,2026-06-25 13:31:38,,,2,
216497167010661,171000585010661,2008,54,107,934,150,2,1,2008,22,0,0,0,0,17.95525120779407,23.77610620866606,23.77610620866606,17.95525120779407,23.77610620866606,23.77610620866606,29.925418679656786,39.6268436811101,39.6268436811101,2009-10-06 13:34:46,2026-06-25 13:31:38,,,2,
216497168010661,171000585010661,2008,54,107,934,150,3,1,2008,14,0,0,0,0,17.95525120779407,23.77610620866606,23.77610620866606,17.95525120779407,23.77610620866606,23.77610620866606,29.925418679656786,39.6268436811101,39.6268436811101,2009-10-06 13:34:46,2026-06-25 13:31:38,,,2,
216497169010661,171000585010661,2008,54,107,934,150,4,2,2008,36,1,1,0,0,5.820855000871991,23.77610620866606,23.77610620866606,5.820855000871991,23.77610620866606,23.77610620866606,9.70142500145332,39.6268436811101,39.6268436811101,2009-10-06 13:34:46,2026-06-25 13:31:38,,,2,
216517477010661,171000596010661,2008,54,109,1029,150,1,1,2008,0,0,0,0,0,23.47152903105064,23.47152903105064,23.47152903105064,23.47152903105064,23.47152903105064,23.47152903105064,39.11921505175106,39.11921505175106,39.11921505175106,2009-10-07 07:40:14,2026-06-25 13:31:38,,,2,
216517474010661,171000596010661,2008,54,109,1029,150,2,1,2008,0,0,0,0,0,23.47152903105064,23.47152903105064,23.47152903105064,23.47152903105064,23.47152903105064,23.47152903105064,39.11921505175106,39.11921505175106,39.11921505175106,2009-10-07 07:40:14,2026-06-25 13:31:38,,,2,
216517475010661,171000596010661,2008,54,109,1029,150,3,1,2008,0,0,0,0,0,23.47152903105064,23.47152903105064,23.47152903105064,23.47152903105064,23.47152903105064,23.47152903105064,39.11921505175106,39.11921505175106,39.11921505175106,2009-10-07 07:40:14,2026-06-25 13:31:38,,,2,
216517476010661,171000596010661,2008,54,109,1029,150,4,1,2008,0,0,0,0,0,23.47152903105064,23.47152903105064,23.47152903105064,23.47152903105064,23.47152903105064,23.47152903105064,39.11921505175106,39.11921505175106,39.11921505175106,2009-10-07 07:40:14,2026-06-25 13:31:38,,,2,
225051210010661,145007461010661,2009,54,1,1932,150,1,1,2009,0,0,0,0,0,23.087717478913117,23.087717478913117,23.087717478913117,23.087717478913117,23.087717478913117,23.087717478913117,38.47952913152186,38.47952913152186,38.47952913152186,2010-08-17 07:49:40,2026-06-25 13:31:37,,,2,
225051211010661,145007461010661,2009,54,1,1932,150,2,1,2009,10,2,7,0,0,23.087717478913117,23.087717478913117,23.087717478913117,23.087717478913117,23.087717478913117,23.087717478913117,38.47952913152186,38.47952913152186,38.47952913152186,2010-08-17 07:49:40,2026-06-25 13:31:37,,,2,
225051212010661,145007461010661,2009,54,1,1932,150,3,1,2009,2,0,0,0,0,23.087717478913117,23.087717478913117,23.087717478913117,23.087717478913117,23.087717478913117,23.087717478913117,38.47952913152186,38.47952913152186,38.47952913152186,2010-08-17 07:49:40,2026-06-25 13:31:37,,,2,
225051213010661,145007461010661,2009,54,1,1932,150,4,1,2009,11,2,1,0,0,23.087717478913117,23.087717478913117,23.087717478913117,23.087717478913117,23.087717478913117,23.087717478913117,38.47952913152186,38.47952913152186,38.47952913152186,2010-08-17 07:49:40,2026-06-25 13:31:37,,,2,
225069152010661,145008085010661,2009,54,5,1861,150,1,1,2009,11,7,0,0,0,16.46277541091373,16.46277541091373,22.46277541091373,16.46277541091373,16.46277541091373,22.46277541091373,27.43795901818955,27.43795901818955,37.43795901818955,2010-08-17 07:49:40,2026-06-25 13:31:38,,,2,
225069153010661,145008085010661,2009,54,5,1861,150,2,1,2009,2,4,1,0,0,16.46277541091373,16.46277541091373,22.46277541091373,16.46277541091373,16.46277541091373,22.46277541091373,27.43795901818955,27.43795901818955,37.43795901818955,2010-08-17 07:49:40,2026-06-25 13:31:38,,,2,
225069154010661,145008085010661,2009,54,5,1861,150,4,1,2009,3,2,1,0,0,16.46277541091373,16.46277541091373,22.46277541091373,16.46277541091373,16.46277541091373,22.46277541091373,27.43795901818955,27.43795901818955,37.43795901818955,2010-08-17 07:49:40,2026-06-25 13:31:38,,,2,
225052598010661,145007681010661,2009,54,7,1499,150,1,1,2009,1,5,0,0,0,23.970223141259936,23.970223141259936,23.970223141259936,23.970223141259936,23.970223141259936,23.970223141259936,39.95037190209989,39.95037190209989,39.95037190209989,2010-08-17 07:49:41,2026-06-25 13:31:37,,,2,
225052599010661,145007681010661,2009,54,7,1499,150,2,1,2009,8,0,1,0,0,23.970223141259936,23.970223141259936,23.970223141259936,23.970223141259936,23.970223141259936,23.970223141259936,39.95037190209989,39.95037190209989,39.95037190209989,2010-08-17 07:49:41,2026-06-25 13:31:37,,,2,
225052600010661,145007681010661,2009,54,7,1499,150,3,1,2009,4,0,0,0,0,23.970223141259936,23.970223141259936,23.970223141259936,23.970223141259936,23.970223141259936,23.970223141259936,39.95037190209989,39.95037190209989,39.95037190209989,2010-08-17 07:49:41,2026-06-25 13:31:37,,,2,
225052601010661,145007681010661,2009,54,7,1499,150,4,1,2009,1,3,1,0,0,23.970223141259936,23.970223141259936,23.970223141259936,23.970223141259936,23.970223141259936,23.970223141259936,39.95037190209989,39.95037190209989,39.95037190209989,2010-08-17 07:49:41,2026-06-25 13:31:37,,,2,
225052412010661,145007553010661,2009,54,7,1744,150,1,1,2009,5,0,0,0,0,22.347531140834064,22.347531140834064,22.347531140834064,22.347531140834064,22.347531140834064,22.347531140834064,37.24588523472344,37.24588523472344,37.24588523472344,2010-08-17 07:49:41,2026-06-25 13:31:38,,,2,
225052413010661,145007553010661,2009,54,7,1744,150,2,1,2009,5,2,0,0,0,22.347531140834064,22.347531140834064,22.347531140834064,22.347531140834064,22.347531140834064,22.347531140834064,37.24588523472344,37.24588523472344,37.24588523472344,2010-08-17 07:49:41,2026-06-25 13:31:38,,,2,
225052414010661,145007553010661,2009,54,7,1744,150,3,1,2009,8,1,1,0,0,22.347531140834064,22.347531140834064,22.347531140834064,22.347531140834064,22.347531140834064,22.347531140834064,37.24588523472344,37.24588523472344,37.24588523472344,2010-08-17 07:49:41,2026-06-25 13:31:38,,,2,
225052415010661,145007553010661,2009,54,7,1744,150,4,1,2009,3,0,1,0,0,22.347531140834064,22.347531140834064,22.347531140834064,22.347531140834064,22.347531140834064,22.347531140834064,37.24588523472344,37.24588523472344,37.24588523472344,2010-08-17 07:49:41,2026-06-25 13:31:38,,,2,
225082833010661,145007991010661,2009,54,11,797,150,1,1,2009,1,1,0,0,0,17.94044628251987,23.94044628251987,23.94044628251987,17.94044628251987,23.94044628251987,23.94044628251987,29.900743804199784,39.900743804199784,39.900743804199784,2010-08-17 07:49:41,2026-06-25 13:31:38,,,2,
225082834010661,145007991010661,2009,54,11,797,150,2,1,2009,7,5,0,0,0,17.94044628251987,23.94044628251987,23.94044628251987,17.94044628251987,23.94044628251987,23.94044628251987,29.900743804199784,39.900743804199784,39.900743804199784,2010-08-17 07:49:41,2026-06-25 13:31:38,,,2,
225082835010661,145007991010661,2009,54,11,797,150,3,1,2009,3,1,0,0,0,17.94044628251987,23.94044628251987,23.94044628251987,17.94044628251987,23.94044628251987,23.94044628251987,29.900743804199784,39.900743804199784,39.900743804199784,2010-08-17 07:49:41,2026-06-25 13:31:38,,,2,
225083715010661,145007655010661,2009,54,17,1054,150,1,1,2009,7,1,4,0,0,23.1611367105296,23.1611367105296,23.1611367105296,23.1611367105296,23.1611367105296,23.1611367105296,38.60189451754934,38.60189451754934,38.60189451754934,2010-08-17 07:49:41,2026-06-25 13:31:38,,,2,
225083716010661,145007655010661,2009,54,17,1054,150,2,1,2009,5,0,0,0,0,23.1611367105296,23.1611367105296,23.1611367105296,23.1611367105296,23.1611367105296,23.1611367105296,38.60189451754934,38.60189451754934,38.60189451754934,2010-08-17 07:49:41,2026-06-25 13:31:38,,,2,
225083717010661,145007655010661,2009,54,17,1054,150,3,1,2009,12,3,1,0,0,23.1611367105296,23.1611367105296,23.1611367105296,23.1611367105296,23.1611367105296,23.1611367105296,38.60189451754934,38.60189451754934,38.60189451754934,2010-08-17 07:49:41,2026-06-25 13:31:38,,,2,
225083718010661,145007655010661,2009,54,17,1054,150,4,1,2009,1,2,1,0,0,23.1611367105296,23.1611367105296,23.1611367105296,23.1611367105296,23.1611367105296,23.1611367105296,38.60189451754934,38.60189451754934,38.60189451754934,2010-08-17 07:49:41,2026-06-25 13:31:38,,,2,
225072743010661,145007489010661,2009,54,25,2197,150,1,1,2009,4,1,0,0,0,23.68740399384678,23.68740399384678,23.68740399384678,23.68740399384678,23.68740399384678,23.68740399384678,39.47900665641129,39.47900665641129,39.47900665641129,2010-08-17 07:49:41,2026-06-25 13:31:37,,,2,
225072744010661,145007489010661,2009,54,25,2197,150,2,1,2009,4,0,0,0,0,23.68740399384678,23.68740399384678,23.68740399384678,23.68740399384678,23.68740399384678,23.68740399384678,39.47900665641129,39.47900665641129,39.47900665641129,2010-08-17 07:49:41,2026-06-25 13:31:37,,,2,
225072745010661,145007489010661,2009,54,25,2197,150,3,1,2009,3,0,0,0,0,23.68740399384678,23.68740399384678,23.68740399384678,23.68740399384678,23.68740399384678,23.68740399384678,39.47900665641129,39.47900665641129,39.47900665641129,2010-08-17 07:49:41,2026-06-25 13:31:37,,,2,
225072746010661,145007489010661,2009,54,25,2197,150,4,1,2009,7,1,0,0,0,23.68740399384678,23.68740399384678,23.68740399384678,23.68740399384678,23.68740399384678,23.68740399384678,39.47900665641129,39.47900665641129,39.47900665641129,2010-08-17 07:49:41,2026-06-25 13:31:37,,,2,
225071885010661,145008167010661,2009,54,25,2331,150,1,1,2009,18,3,2,0,0,22.795409716711827,22.795409716711827,22.795409716711827,22.795409716711827,22.795409716711827,22.795409716711827,37.992349527853044,37.992349527853044,37.992349527853044,2010-08-17 07:49:41,2026-06-25 13:31:38,,,2,
225071886010661,145008167010661,2009,54,25,2331,150,2,1,2009,5,1,1,0,0,22.795409716711827,22.795409716711827,22.795409716711827,22.795409716711827,22.795409716711827,22.795409716711827,37.992349527853044,37.992349527853044,37.992349527853044,2010-08-17 07:49:41,2026-06-25 13:31:38,,,2,
225071887010661,145008167010661,2009,54,25,2331,150,3,1,2009,1,0,0,0,0,22.795409716711827,22.795409716711827,22.795409716711827,22.795409716711827,22.795409716711827,22.795409716711827,37.992349527853044,37.992349527853044,37.992349527853044,2010-08-17 07:49:41,2026-06-25 13:31:38,,,2,
225071888010661,145008167010661,2009,54,25,2331,150,4,1,2009,8,2,0,0,0,22.795409716711827,22.795409716711827,22.795409716711827,22.795409716711827,22.795409716711827,22.795409716711827,37.992349527853044,37.992349527853044,37.992349527853044,2010-08-17 07:49:41,2026-06-25 13:31:38,,,2,
225055284010661,145007189010661,2009,54,31,598,150,1,1,2009,4,3,1,0,0,23.397409873763472,23.397409873763472,23.397409873763472,23.397409873763472,23.397409873763472,23.397409873763472,38.99568312293912,38.99568312293912,38.99568312293912,2010-08-17 07:49:41,2026-06-25 13:31:37,,,2,
225055285010661,145007189010661,2009,54,31,598,150,2,1,2009,6,2,2,0,0,23.397409873763472,23.397409873763472,23.397409873763472,23.397409873763472,23.397409873763472,23.397409873763472,38.99568312293912,38.99568312293912,38.99568312293912,2010-08-17 07:49:41,2026-06-25 13:31:37,,,2,
225055286010661,145007189010661,2009,54,31,598,150,3,1,2009,4,0,0,0,0,23.397409873763472,23.397409873763472,23.397409873763472,23.397409873763472,23.397409873763472,23.397409873763472,38.99568312293912,38.99568312293912,38.99568312293912,2010-08-17 07:49:41,2026-06-25 13:31:37,,,2,
225055287010661,145007189010661,2009,54,31,598,150,4,1,2009,3,5,5,0,0,23.397409873763472,23.397409873763472,23.397409873763472,23.397409873763472,23.397409873763472,23.397409873763472,38.99568312293912,38.99568312293912,38.99568312293912,2010-08-17 07:49:41,2026-06-25 13:31:37,,,2,
225054684010661,145007229010661,2009,54,31,2183,150,1,1,2009,8,2,1,0,0,17.501430829408683,23.07229097472024,23.07229097472024,17.501430829408683,23.07229097472024,23.07229097472024,29.169051382347806,38.4538182912004,38.4538182912004,2010-08-17 07:49:41,2026-06-25 13:31:38,,,2,
225054685010661,145007229010661,2009,54,31,2183,150,2,2,2009,7,4,3,0,0,5.570860145311556,23.07229097472024,23.07229097472024,5.570860145311556,23.07229097472024,23.07229097472024,9.284766908852593,38.4538182912004,38.4538182912004,2010-08-17 07:49:41,2026-06-25 13:31:38,,,2,
225054686010661,145007229010661,2009,54,31,2183,150,3,1,2009,3,2,3,0,0,17.501430829408683,23.07229097472024,23.07229097472024,17.501430829408683,23.07229097472024,23.07229097472024,29.169051382347806,38.4538182912004,38.4538182912004,2010-08-17 07:49:41,2026-06-25 13:31:38,,,2,
225054687010661,145007229010661,2009,54,31,2183,150,4,1,2009,0,0,4,0,0,17.501430829408683,23.07229097472024,23.07229097472024,17.501430829408683,23.07229097472024,23.07229097472024,29.169051382347806,38.4538182912004,38.4538182912004,2010-08-17 07:49:41,2026-06-25 13:31:38,,,2,
226241652010661,145007883010661,2009,54,39,649,150,1,1,2009,6,2,1,0,0,16.974476304646725,22.90809442185651,22.90809442185651,16.974476304646725,22.90809442185651,22.90809442185651,28.290793841077875,38.18015736976085,38.18015736976085,2010-08-17 07:49:41,2026-06-25 13:31:38,,,2,
226241653010661,145007883010661,2009,54,39,649,150,2,2,2009,1,1,4,0,0,5.933618117209785,22.90809442185651,22.90809442185651,5.933618117209785,22.90809442185651,22.90809442185651,9.889363528682976,38.18015736976085,38.18015736976085,2010-08-17 07:49:41,2026-06-25 13:31:38,,,2,
226241654010661,145007883010661,2009,54,39,649,150,3,1,2009,3,6,0,0,0,16.974476304646725,22.90809442185651,22.90809442185651,16.974476304646725,22.90809442185651,22.90809442185651,28.290793841077875,38.18015736976085,38.18015736976085,2010-08-17 07:49:41,2026-06-25 13:31:38,,,2,
226241655010661,145007883010661,2009,54,39,649,150,4,1,2009,2,4,1,0,0,16.974476304646725,22.90809442185651,22.90809442185651,16.974476304646725,22.90809442185651,22.90809442185651,28.290793841077875,38.18015736976085,38.18015736976085,2010-08-17 07:49:41,2026-06-25 13:31:38,,,2,
225074284010661,145007811010661,2009,54,39,1369,150,1,1,2009,2,0,0,0,0,21.003798992772403,21.003798992772403,21.003798992772403,21.003798992772403,21.003798992772403,21.003798992772403,35.00633165462067,35.00633165462067,35.00633165462067,2010-08-17 07:49:41,2026-06-25 13:31:37,,,2,
225074285010661,145007811010661,2009,54,39,1369,150,2,1,2009,4,0,1,0,0,21.003798992772403,21.003798992772403,21.003798992772403,21.003798992772403,21.003798992772403,21.003798992772403,35.00633165462067,35.00633165462067,35.00633165462067,2010-08-17 07:49:41,2026-06-25 13:31:37,,,2,
225074286010661,145007811010661,2009,54,39,1369,150,3,1,2009,5,0,0,0,0,21.003798992772403,21.003798992772403,21.003798992772403,21.003798992772403,21.003798992772403,21.003798992772403,35.00633165462067,35.00633165462067,35.00633165462067,2010-08-17 07:49:41,2026-06-25 13:31:37,,,2,
225074287010661,145007811010661,2009,54,39,1369,150,4,1,2009,4,1,1,0,0,21.003798992772403,21.003798992772403,21.003798992772403,21.003798992772403,21.003798992772403,21.003798992772403,35.00633165462067,35.00633165462067,35.00633165462067,2010-08-17 07:49:41,2026-06-25 13:31:37,,,2,
225075600010661,145007927010661,2009,54,45,534,150,1,1,2009,9,4,0,0,0,20.121672472997155,20.121672472997155,20.121672472997155,20.121672472997155,20.121672472997155,20.121672472997155,33.53612078832859,33.53612078832859,33.53612078832859,2010-08-17 07:49:41,2026-06-25 13:31:37,,,2,
225075601010661,145007927010661,2009,54,45,534,150,2,1,2009,5,0,0,0,0,20.121672472997155,20.121672472997155,20.121672472997155,20.121672472997155,20.121672472997155,20.121672472997155,33.53612078832859,33.53612078832859,33.53612078832859,2010-08-17 07:49:41,2026-06-25 13:31:37,,,2,
225075602010661,145007927010661,2009,54,45,534,150,3,1,2009,11,2,0,0,0,20.121672472997155,20.121672472997155,20.121672472997155,20.121672472997155,20.121672472997155,20.121672472997155,33.53612078832859,33.53612078832859,33.53612078832859,2010-08-17 07:49:41,2026-06-25 13:31:37,,,2,
225075603010661,145007927010661,2009,54,45,534,150,4,1,2009,4,0,1,0,0,20.121672472997155,20.121672472997155,20.121672472997155,20.121672472997155,20.121672472997155,20.121672472997155,33.53612078832859,33.53612078832859,33.53612078832859,2010-08-17 07:49:41,2026-06-25 13:31:37,,,2,
225076496010661,145007747010661,2009,54,47,437,150,1,1,2009,8,0,2,0,0,23.95525120779407,23.95525120779407,23.95525120779407,23.95525120779407,23.95525120779407,23.95525120779407,39.92541867965679,39.92541867965679,39.92541867965679,2010-08-17 07:49:42,2026-06-25 13:31:37,,,2,
225076497010661,145007747010661,2009,54,47,437,150,2,1,2009,4,1,2,0,0,23.95525120779407,23.95525120779407,23.95525120779407,23.95525120779407,23.95525120779407,23.95525120779407,39.92541867965679,39.92541867965679,39.92541867965679,2010-08-17 07:49:42,2026-06-25 13:31:37,,,2,
225076498010661,145007747010661,2009,54,47,437,150,3,1,2009,6,2,0,0,0,23.95525120779407,23.95525120779407,23.95525120779407,23.95525120779407,23.95525120779407,23.95525120779407,39.92541867965679,39.92541867965679,39.92541867965679,2010-08-17 07:49:42,2026-06-25 13:31:37,,,2,
225076499010661,145007747010661,2009,54,47,437,150,4,1,2009,6,0,4,0,0,23.95525120779407,23.95525120779407,23.95525120779407,23.95525120779407,23.95525120779407,23.95525120779407,39.92541867965679,39.92541867965679,39.92541867965679,2010-08-17 07:49:42,2026-06-25 13:31:37,,,2,
225076785010661,145007619010661,2009,54,55,961,150,1,1,2009,6,2,1,0,0,21.7719622889318,21.7719622889318,21.7719622889318,21.7719622889318,21.7719622889318,21.7719622889318,36.286603814886334,36.286603814886334,36.286603814886334,2010-08-17 07:49:42,2026-06-25 13:31:38,,,2,
225076786010661,145007619010661,2009,54,55,961,150,2,1,2009,5,1,1,0,0,21.7719622889318,21.7719622889318,21.7719622889318,21.7719622889318,21.7719622889318,21.7719622889318,36.286603814886334,36.286603814886334,36.286603814886334,2010-08-17 07:49:42,2026-06-25 13:31:38,,,2,
225076787010661,145007619010661,2009,54,55,961,150,3,1,2009,2,1,1,0,0,21.7719622889318,21.7719622889318,21.7719622889318,21.7719622889318,21.7719622889318,21.7719622889318,36.286603814886334,36.286603814886334,36.286603814886334,2010-08-17 07:49:42,2026-06-25 13:31:38,,,2,
225076788010661,145007619010661,2009,54,55,961,150,4,1,2009,6,5,0,0,0,21.7719622889318,21.7719622889318,21.7719622889318,21.7719622889318,21.7719622889318,21.7719622889318,36.286603814886334,36.286603814886334,36.286603814886334,2010-08-17 07:49:42,2026-06-25 13:31:38,,,2,
225077477010661,145007503010661,2009,54,55,2278,150,1,1,2009,11,1,1,0,0,22.743962622798833,22.743962622798833,22.743962622798833,22.743962622798833,22.743962622798833,22.743962622798833,37.90660437133139,37.90660437133139,37.90660437133139,2010-08-17 07:49:42,2026-06-25 13:31:38,,,2,
225077478010661,145007503010661,2009,54,55,2278,150,2,1,2009,13,1,3,0,0,22.743962622798833,22.743962622798833,22.743962622798833,22.743962622798833,22.743962622798833,22.743962622798833,37.90660437133139,37.90660437133139,37.90660437133139,2010-08-17 07:49:42,2026-06-25 13:31:38,,,2,
225077479010661,145007503010661,2009,54,55,2278,150,3,1,2009,14,5,3,0,0,22.743962622798833,22.743962622798833,22.743962622798833,22.743962622798833,22.743962622798833,22.743962622798833,37.90660437133139,37.90660437133139,37.90660437133139,2010-08-17 07:49:42,2026-06-25 13:31:38,,,2,
225077480010661,145007503010661,2009,54,55,2278,150,4,1,2009,21,3,0,0,0,22.743962622798833,22.743962622798833,22.743962622798833,22.743962622798833,22.743962622798833,22.743962622798833,37.90660437133139,37.90660437133139,37.90660437133139,2010-08-17 07:49:42,2026-06-25 13:31:38,,,2,
225078379010661,145008093010661,2009,54,59,257,150,1,1,2009,3,2,1,0,0,15.312616366917561,20.457573921192825,20.457573921192825,15.312616366917561,20.457573921192825,20.457573921192825,25.521027278195934,34.09595653532138,34.09595653532138,2010-08-17 07:49:42,2026-06-25 13:31:37,,,2,
225078380010661,145008093010661,2009,54,59,257,150,2,1,2009,16,2,0,0,0,15.312616366917561,20.457573921192825,20.457573921192825,15.312616366917561,20.457573921192825,20.457573921192825,25.521027278195934,34.09595653532138,34.09595653532138,2010-08-17 07:49:42,2026-06-25 13:31:37,,,2,
225078381010661,145008093010661,2009,54,59,257,150,3,1,2009,4,1,0,0,0,15.312616366917561,20.457573921192825,20.457573921192825,15.312616366917561,20.457573921192825,20.457573921192825,25.521027278195934,34.09595653532138,34.09595653532138,2010-08-17 07:49:42,2026-06-25 13:31:37,,,2,
225078382010661,145008093010661,2009,54,59,257,150,4,2,2009,3,3,2,0,0,5.1449575542752655,20.457573921192825,20.457573921192825,5.1449575542752655,20.457573921192825,20.457573921192825,8.574929257125442,34.09595653532138,34.09595653532138,2010-08-17 07:49:42,2026-06-25 13:31:37,,,2,
225088378010661,145007449010661,2009,54,61,2189,150,1,1,2009,14,2,1,0,0,23.757548453875177,23.757548453875177,23.757548453875177,23.757548453875177,23.757548453875177,23.757548453875177,39.59591408979196,39.59591408979196,39.59591408979196,2010-08-17 07:49:42,2026-06-25 13:31:38,,,2,
225088379010661,145007449010661,2009,54,61,2189,150,2,1,2009,2,2,1,0,0,23.757548453875177,23.757548453875177,23.757548453875177,23.757548453875177,23.757548453875177,23.757548453875177,39.59591408979196,39.59591408979196,39.59591408979196,2010-08-17 07:49:42,2026-06-25 13:31:38,,,2,
225088380010661,145007449010661,2009,54,61,2189,150,3,1,2009,5,2,1,0,0,23.757548453875177,23.757548453875177,23.757548453875177,23.757548453875177,23.757548453875177,23.757548453875177,39.59591408979196,39.59591408979196,39.59591408979196,2010-08-17 07:49:42,2026-06-25 13:31:38,,,2,
225088381010661,145007449010661,2009,54,61,2189,150,4,1,2009,24,1,1,0,0,23.757548453875177,23.757548453875177,23.757548453875177,23.757548453875177,23.757548453875177,23.757548453875177,39.59591408979196,39.59591408979196,39.59591408979196,2010-08-17 07:49:42,2026-06-25 13:31:38,,,2,
226241085010661,145007171010661,2009,54,65,623,150,2,1,2009,8,3,1,0,0,11.875998087412588,23.667076229544517,23.667076229544517,11.875998087412588,23.667076229544517,23.667076229544517,19.793330145687648,39.44512704924086,39.44512704924086,2010-08-17 07:49:42,2026-06-25 13:31:38,,,2,
226241086010661,145007171010661,2009,54,65,623,150,3,3,2009,6,2,1,0,0,5.970223141259935,23.667076229544517,23.667076229544517,5.970223141259935,23.667076229544517,23.667076229544517,9.950371902099892,39.44512704924086,39.44512704924086,2010-08-17 07:49:42,2026-06-25 13:31:38,,,2,
226241087010661,145007171010661,2009,54,65,623,150,4,1,2009,2,2,1,0,0,11.875998087412588,23.667076229544517,23.667076229544517,11.875998087412588,23.667076229544517,23.667076229544517,19.793330145687648,39.44512704924086,39.44512704924086,2010-08-17 07:49:42,2026-06-25 13:31:38,,,2,
225079921010661,145007703010661,2009,54,67,2152,150,1,1,2009,8,1,0,0,0,17.10603489059347,23.039653007803256,23.039653007803256,17.10603489059347,23.039653007803256,23.039653007803256,28.51005815098912,38.399421679672095,38.399421679672095,2010-08-17 07:49:42,2026-06-25 13:31:37,,,2,
225079922010661,145007703010661,2009,54,67,2152,150,2,1,2009,5,2,0,0,0,17.10603489059347,23.039653007803256,23.039653007803256,17.10603489059347,23.039653007803256,23.039653007803256,28.51005815098912,38.399421679672095,38.399421679672095,2010-08-17 07:49:42,2026-06-25 13:31:37,,,2,
225079923010661,145007703010661,2009,54,67,2152,150,3,2,2009,17,0,0,0,0,5.933618117209785,23.039653007803256,23.039653007803256,5.933618117209785,23.039653007803256,23.039653007803256,9.889363528682976,38.399421679672095,38.399421679672095,2010-08-17 07:49:42,2026-06-25 13:31:37,,,2,
225079924010661,145007703010661,2009,54,67,2152,150,4,1,2009,9,2,0,0,0,17.10603489059347,23.039653007803256,23.039653007803256,17.10603489059347,23.039653007803256,23.039653007803256,28.51005815098912,38.399421679672095,38.399421679672095,2010-08-17 07:49:42,2026-06-25 13:31:37,,,2,
225060255010661,145007335010661,2009,54,75,1492,150,1,1,2009,21,8,2,0,0,23.925474349054006,23.925474349054006,23.925474349054006,23.925474349054006,23.925474349054006,23.925474349054006,39.875790581756675,39.875790581756675,39.875790581756675,2010-08-17 07:49:42,2026-06-25 13:31:38,,,2,
225060256010661,145007335010661,2009,54,75,1492,150,2,1,2009,12,2,3,0,0,23.925474349054006,23.925474349054006,23.925474349054006,23.925474349054006,23.925474349054006,23.925474349054006,39.875790581756675,39.875790581756675,39.875790581756675,2010-08-17 07:49:42,2026-06-25 13:31:38,,,2,
225060257010661,145007335010661,2009,54,75,1492,150,3,1,2009,13,2,2,0,0,23.925474349054006,23.925474349054006,23.925474349054006,23.925474349054006,23.925474349054006,23.925474349054006,39.875790581756675,39.875790581756675,39.875790581756675,2010-08-17 07:49:42,2026-06-25 13:31:38,,,2,
225060258010661,145007335010661,2009,54,75,1492,150,4,1,2009,11,4,1,0,0,23.925474349054006,23.925474349054006,23.925474349054006,23.925474349054006,23.925474349054006,23.925474349054006,39.875790581756675,39.875790581756675,39.875790581756675,2010-08-17 07:49:42,2026-06-25 13:31:38,,,2,
225061649010661,145008043010661,2009,54,77,1290,150,1,1,2009,3,2,6,0,0,23.88089256503974,23.88089256503974,23.88089256503974,23.88089256503974,23.88089256503974,23.88089256503974,39.80148760839957,39.80148760839957,39.80148760839957,2010-08-17 07:49:42,2026-06-25 13:31:37,,,2,
225061650010661,145008043010661,2009,54,77,1290,150,2,1,2009,2,2,5,0,0,23.88089256503974,23.88089256503974,23.88089256503974,23.88089256503974,23.88089256503974,23.88089256503974,39.80148760839957,39.80148760839957,39.80148760839957,2010-08-17 07:49:42,2026-06-25 13:31:37,,,2,
225061651010661,145008043010661,2009,54,77,1290,150,3,1,2009,7,2,2,0,0,23.88089256503974,23.88089256503974,23.88089256503974,23.88089256503974,23.88089256503974,23.88089256503974,39.80148760839957,39.80148760839957,39.80148760839957,2010-08-17 07:49:42,2026-06-25 13:31:37,,,2,
225061652010661,145008043010661,2009,54,77,1290,150,4,1,2009,0,1,2,0,0,23.88089256503974,23.88089256503974,23.88089256503974,23.88089256503974,23.88089256503974,23.88089256503974,39.80148760839957,39.80148760839957,39.80148760839957,2010-08-17 07:49:42,2026-06-25 13:31:37,,,2,
225080989010661,145007725010661,2009,54,81,1027,150,1,1,2009,12,2,0,0,0,23.060811319723594,23.060811319723594,23.060811319723594,23.060811319723594,23.060811319723594,23.060811319723594,38.43468553287266,38.43468553287266,38.43468553287266,2010-08-17 07:49:42,2026-06-25 13:31:37,,,2,
225080990010661,145007725010661,2009,54,81,1027,150,2,1,2009,5,0,1,0,0,23.060811319723594,23.060811319723594,23.060811319723594,23.060811319723594,23.060811319723594,23.060811319723594,38.43468553287266,38.43468553287266,38.43468553287266,2010-08-17 07:49:42,2026-06-25 13:31:37,,,2,
225080991010661,145007725010661,2009,54,81,1027,150,3,1,2009,3,0,2,0,0,23.060811319723594,23.060811319723594,23.060811319723594,23.060811319723594,23.060811319723594,23.060811319723594,38.43468553287266,38.43468553287266,38.43468553287266,2010-08-17 07:49:42,2026-06-25 13:31:37,,,2,
225080992010661,145007725010661,2009,54,81,1027,150,4,1,2009,2,1,1,0,0,23.060811319723594,23.060811319723594,23.060811319723594,23.060811319723594,23.060811319723594,23.060811319723594,38.43468553287266,38.43468553287266,38.43468553287266,2010-08-17 07:49:42,2026-06-25 13:31:37,,,2,
225063970010661,145007315010661,2009,54,83,1402,150,1,1,2009,9,1,2,0,0,23.584417087006415,23.584417087006415,23.584417087006415,23.584417087006415,23.584417087006415,23.584417087006415,39.30736181167735,39.30736181167735,39.30736181167735,2010-08-17 07:49:42,2026-06-25 13:31:37,,,2,
225063971010661,145007315010661,2009,54,83,1402,150,2,1,2009,14,2,2,0,0,23.584417087006415,23.584417087006415,23.584417087006415,23.584417087006415,23.584417087006415,23.584417087006415,39.30736181167735,39.30736181167735,39.30736181167735,2010-08-17 07:49:42,2026-06-25 13:31:37,,,2,
225063972010661,145007315010661,2009,54,83,1402,150,3,1,2009,15,2,0,0,0,23.584417087006415,23.584417087006415,23.584417087006415,23.584417087006415,23.584417087006415,23.584417087006415,39.30736181167735,39.30736181167735,39.30736181167735,2010-08-17 07:49:42,2026-06-25 13:31:37,,,2,
225063973010661,145007315010661,2009,54,83,1402,150,4,1,2009,27,0,1,0,0,23.584417087006415,23.584417087006415,23.584417087006415,23.584417087006415,23.584417087006415,23.584417087006415,39.30736181167735,39.30736181167735,39.30736181167735,2010-08-17 07:49:42,2026-06-25 13:31:37,,,2,
233285559010661,145007475010661,2009,54,97,2114,150,1,1,2009,2,0,2,0,0,17.94044628251987,23.910669423779805,23.910669423779805,17.94044628251987,23.910669423779805,23.910669423779805,29.900743804199784,39.85111570629967,39.85111570629967,2010-08-18 07:10:04,2026-06-25 13:31:38,,,2,
233285560010661,145007475010661,2009,54,97,2114,150,2,1,2009,3,2,1,0,0,17.94044628251987,23.910669423779805,23.910669423779805,17.94044628251987,23.910669423779805,23.910669423779805,29.900743804199784,39.85111570629967,39.85111570629967,2010-08-18 07:10:04,2026-06-25 13:31:38,,,2,
233285561010661,145007475010661,2009,54,97,2114,150,4,1,2009,7,1,2,0,0,17.94044628251987,23.910669423779805,23.910669423779805,17.94044628251987,23.910669423779805,23.910669423779805,29.900743804199784,39.85111570629967,39.85111570629967,2010-08-18 07:10:04,2026-06-25 13:31:38,,,2,
225090445010661,145008011010661,2009,54,99,1933,150,1,1,2009,20,4,4,0,0,22.875720285251642,22.875720285251642,22.875720285251642,22.875720285251642,22.875720285251642,22.875720285251642,38.1262004754194,38.1262004754194,38.1262004754194,2010-08-17 07:49:42,2026-06-25 13:31:38,,,2,
225090446010661,145008011010661,2009,54,99,1933,150,2,1,2009,11,3,2,0,0,22.875720285251642,22.875720285251642,22.875720285251642,22.875720285251642,22.875720285251642,22.875720285251642,38.1262004754194,38.1262004754194,38.1262004754194,2010-08-17 07:49:42,2026-06-25 13:31:38,,,2,
225090447010661,145008011010661,2009,54,99,1933,150,3,1,2009,7,4,0,0,0,22.875720285251642,22.875720285251642,22.875720285251642,22.875720285251642,22.875720285251642,22.875720285251642,38.1262004754194,38.1262004754194,38.1262004754194,2010-08-17 07:49:42,2026-06-25 13:31:38,,,2,
225090448010661,145008011010661,2009,54,99,1933,150,4,1,2009,9,4,3,0,0,22.875720285251642,22.875720285251642,22.875720285251642,22.875720285251642,22.875720285251642,22.875720285251642,38.1262004754194,38.1262004754194,38.1262004754194,2010-08-17 07:49:42,2026-06-25 13:31:38,,,2,
225068037010661,145008105010661,2009,54,101,2463,150,1,1,2009,13,3,2,0,0,23.397409873763472,23.397409873763472,23.397409873763472,23.397409873763472,23.397409873763472,23.397409873763472,38.99568312293912,38.99568312293912,38.99568312293912,2010-08-17 07:49:43,2026-06-25 13:31:38,,,2,
225068038010661,145008105010661,2009,54,101,2463,150,2,1,2009,12,1,1,0,0,23.397409873763472,23.397409873763472,23.397409873763472,23.397409873763472,23.397409873763472,23.397409873763472,38.99568312293912,38.99568312293912,38.99568312293912,2010-08-17 07:49:43,2026-06-25 13:31:38,,,2,
225068039010661,145008105010661,2009,54,101,2463,150,3,1,2009,21,3,0,0,0,23.397409873763472,23.397409873763472,23.397409873763472,23.397409873763472,23.397409873763472,23.397409873763472,38.99568312293912,38.99568312293912,38.99568312293912,2010-08-17 07:49:43,2026-06-25 13:31:38,,,2,
225068040010661,145008105010661,2009,54,101,2463,150,4,1,2009,10,2,0,0,0,23.397409873763472,23.397409873763472,23.397409873763472,23.397409873763472,23.397409873763472,23.397409873763472,38.99568312293912,38.99568312293912,38.99568312293912,2010-08-17 07:49:43,2026-06-25 13:31:38,,,2,
225090614010661,145007763010661,2009,54,103,380,150,1,1,2009,7,2,0,0,0,23.560326745465968,23.560326745465968,23.560326745465968,23.560326745465968,23.560326745465968,23.560326745465968,39.26721124244328,39.26721124244328,39.26721124244328,2010-08-17 07:49:43,2026-06-25 13:31:37,,,2,
225090615010661,145007763010661,2009,54,103,380,150,2,1,2009,7,1,0,0,0,23.560326745465968,23.560326745465968,23.560326745465968,23.560326745465968,23.560326745465968,23.560326745465968,39.26721124244328,39.26721124244328,39.26721124244328,2010-08-17 07:49:43,2026-06-25 13:31:37,,,2,
225090616010661,145007763010661,2009,54,103,380,150,3,1,2009,9,5,1,0,0,23.560326745465968,23.560326745465968,23.560326745465968,23.560326745465968,23.560326745465968,23.560326745465968,39.26721124244328,39.26721124244328,39.26721124244328,2010-08-17 07:49:43,2026-06-25 13:31:37,,,2,
225090617010661,145007763010661,2009,54,103,380,150,4,1,2009,8,4,1,0,0,23.560326745465968,23.560326745465968,23.560326745465968,23.560326745465968,23.560326745465968,23.560326745465968,39.26721124244328,39.26721124244328,39.26721124244328,2010-08-17 07:49:43,2026-06-25 13:31:37,,,2,
225091276010661,174547884010661,2009,54,103,3601,150,1,1,2009,1,1,3,0,0,22.95674204186464,22.95674204186464,22.95674204186464,22.95674204186464,22.95674204186464,22.95674204186464,38.26123673644106,38.26123673644106,38.26123673644106,2010-08-17 07:49:43,2026-06-25 13:31:37,,,2,
225091277010661,174547884010661,2009,54,103,3601,150,2,1,2009,8,3,7,0,0,22.95674204186464,22.95674204186464,22.95674204186464,22.95674204186464,22.95674204186464,22.95674204186464,38.26123673644106,38.26123673644106,38.26123673644106,2010-08-17 07:49:43,2026-06-25 13:31:37,,,2,
225091278010661,174547884010661,2009,54,103,3601,150,3,1,2009,12,1,1,0,0,22.95674204186464,22.95674204186464,22.95674204186464,22.95674204186464,22.95674204186464,22.95674204186464,38.26123673644106,38.26123673644106,38.26123673644106,2010-08-17 07:49:43,2026-06-25 13:31:37,,,2,
225091279010661,174547884010661,2009,54,103,3601,150,4,1,2009,2,0,0,0,0,22.95674204186464,22.95674204186464,22.95674204186464,22.95674204186464,22.95674204186464,22.95674204186464,38.26123673644106,38.26123673644106,38.26123673644106,2010-08-17 07:49:43,2026-06-25 13:31:37,,,2,
225091555010661,145007857010661,2009,54,105,1773,150,2,1,2009,9,3,4,0,0,5.883484054145521,23.250047200145016,23.250047200145016,5.883484054145521,23.250047200145016,23.250047200145016,9.805806756909202,38.75007866690836,38.75007866690836,2010-08-17 07:49:43,2026-06-25 13:31:38,,,2,
225091868010661,145007939010661,2009,54,107,1633,150,1,1,2009,14,3,1,0,0,23.258264139158335,23.258264139158335,23.258264139158335,23.258264139158335,23.258264139158335,23.258264139158335,38.76377356526389,38.76377356526389,38.76377356526389,2010-08-17 07:49:43,2026-06-25 13:31:37,,,2,
225091869010661,145007939010661,2009,54,107,1633,150,2,1,2009,13,3,0,0,0,23.258264139158335,23.258264139158335,23.258264139158335,23.258264139158335,23.258264139158335,23.258264139158335,38.76377356526389,38.76377356526389,38.76377356526389,2010-08-17 07:49:43,2026-06-25 13:31:37,,,2,
225091870010661,145007939010661,2009,54,107,1633,150,3,1,2009,16,7,0,0,0,23.258264139158335,23.258264139158335,23.258264139158335,23.258264139158335,23.258264139158335,23.258264139158335,38.76377356526389,38.76377356526389,38.76377356526389,2010-08-17 07:49:43,2026-06-25 13:31:37,,,2,
225091871010661,145007939010661,2009,54,107,1633,150,4,1,2009,2,2,1,0,0,23.258264139158335,23.258264139158335,23.258264139158335,23.258264139158335,23.258264139158335,23.258264139158335,38.76377356526389,38.76377356526389,38.76377356526389,2010-08-17 07:49:43,2026-06-25 13:31:37,,,2,
249348969010661,169112647010661,2010,54,1,2429,150,1,1,2010,16,4,3,0,0,20.952264342991683,20.952264342991683,20.952264342991683,20.952264342991683,20.952264342991683,20.952264342991683,34.920440571652804,34.920440571652804,34.920440571652804,2011-06-06 07:00:35,2026-06-25 13:31:38,,,2,
249348970010661,169112647010661,2010,54,1,2429,150,2,1,2010,24,8,3,0,0,20.952264342991683,20.952264342991683,20.952264342991683,20.952264342991683,20.952264342991683,20.952264342991683,34.920440571652804,34.920440571652804,34.920440571652804,2011-06-06 07:00:35,2026-06-25 13:31:38,,,2,
249348971010661,169112647010661,2010,54,1,2429,150,3,1,2010,11,6,5,0,0,20.952264342991683,20.952264342991683,20.952264342991683,20.952264342991683,20.952264342991683,20.952264342991683,34.920440571652804,34.920440571652804,34.920440571652804,2011-06-06 07:00:35,2026-06-25 13:31:38,,,2,
249348972010661,169112647010661,2010,54,1,2429,150,4,1,2010,8,2,0,0,0,20.952264342991683,20.952264342991683,20.952264342991683,20.952264342991683,20.952264342991683,20.952264342991683,34.920440571652804,34.920440571652804,34.920440571652804,2011-06-06 07:00:35,2026-06-25 13:31:38,,,2,
249349121010661,169113105010661,2010,54,5,2402,150,1,1,2010,11,7,3,0,0,23.674562196277446,23.674562196277446,23.674562196277446,23.674562196277446,23.674562196277446,23.674562196277446,39.45760366046241,39.45760366046241,39.45760366046241,2011-06-06 07:00:35,2026-06-25 13:31:37,,,2,
249349122010661,169113105010661,2010,54,5,2402,150,2,1,2010,6,1,1,0,0,23.674562196277446,23.674562196277446,23.674562196277446,23.674562196277446,23.674562196277446,23.674562196277446,39.45760366046241,39.45760366046241,39.45760366046241,2011-06-06 07:00:35,2026-06-25 13:31:37,,,2,
249349123010661,169113105010661,2010,54,5,2402,150,3,1,2010,11,2,2,0,0,23.674562196277446,23.674562196277446,23.674562196277446,23.674562196277446,23.674562196277446,23.674562196277446,39.45760366046241,39.45760366046241,39.45760366046241,2011-06-06 07:00:35,2026-06-25 13:31:37,,,2,
249349124010661,169113105010661,2010,54,5,2402,150,4,1,2010,23,0,0,0,0,23.674562196277446,23.674562196277446,23.674562196277446,23.674562196277446,23.674562196277446,23.674562196277446,39.45760366046241,39.45760366046241,39.45760366046241,2011-06-06 07:00:35,2026-06-25 13:31:37,,,2,
249349312010661,169113285010661,2010,54,15,1378,150,1,1,2010,12,3,6,0,0,22.4385494579438,22.4385494579438,22.4385494579438,22.4385494579438,22.4385494579438,22.4385494579438,37.39758242990633,37.39758242990633,37.39758242990633,2011-06-06 07:00:35,2026-06-25 13:31:38,,,2,
249349313010661,169113285010661,2010,54,15,1378,150,2,1,2010,7,10,3,0,0,22.4385494579438,22.4385494579438,22.4385494579438,22.4385494579438,22.4385494579438,22.4385494579438,37.39758242990633,37.39758242990633,37.39758242990633,2011-06-06 07:00:35,2026-06-25 13:31:38,,,2,
249349314010661,169113285010661,2010,54,15,1378,150,3,1,2010,13,0,1,0,0,22.4385494579438,22.4385494579438,22.4385494579438,22.4385494579438,22.4385494579438,22.4385494579438,37.39758242990633,37.39758242990633,37.39758242990633,2011-06-06 07:00:35,2026-06-25 13:31:38,,,2,
249349315010661,169113285010661,2010,54,15,1378,150,4,1,2010,11,1,0,0,0,22.4385494579438,22.4385494579438,22.4385494579438,22.4385494579438,22.4385494579438,22.4385494579438,37.39758242990633,37.39758242990633,37.39758242990633,2011-06-06 07:00:35,2026-06-25 13:31:38,,,2,
249349452010661,169112775010661,2010,54,19,913,150,1,1,2010,11,0,0,0,0,21.753483700164377,21.753483700164377,21.753483700164377,21.753483700164377,21.753483700164377,21.753483700164377,36.25580616694063,36.25580616694063,36.25580616694063,2011-06-06 07:00:35,2026-06-25 13:31:38,,,2,
249349453010661,169112775010661,2010,54,19,913,150,2,1,2010,29,10,1,0,0,21.753483700164377,21.753483700164377,21.753483700164377,21.753483700164377,21.753483700164377,21.753483700164377,36.25580616694063,36.25580616694063,36.25580616694063,2011-06-06 07:00:35,2026-06-25 13:31:38,,,2,
249349454010661,169112775010661,2010,54,19,913,150,3,1,2010,4,0,0,0,0,21.753483700164377,21.753483700164377,21.753483700164377,21.753483700164377,21.753483700164377,21.753483700164377,36.25580616694063,36.25580616694063,36.25580616694063,2011-06-06 07:00:35,2026-06-25 13:31:38,,,2,
249349455010661,169112775010661,2010,54,19,913,150,4,1,2010,8,3,0,0,0,21.753483700164377,21.753483700164377,21.753483700164377,21.753483700164377,21.753483700164377,21.753483700164377,36.25580616694063,36.25580616694063,36.25580616694063,2011-06-06 07:00:35,2026-06-25 13:31:38,,,2,
249349677010661,169112363010661,2010,54,27,602,150,1,1,2010,0,0,0,0,0,23.757548453875177,23.757548453875177,23.757548453875177,23.757548453875177,23.757548453875177,23.757548453875177,39.59591408979196,39.59591408979196,39.59591408979196,2011-06-06 07:00:35,2026-06-25 13:31:38,,,2,
249349678010661,169112363010661,2010,54,27,602,150,2,1,2010,4,1,3,0,0,23.757548453875177,23.757548453875177,23.757548453875177,23.757548453875177,23.757548453875177,23.757548453875177,39.59591408979196,39.59591408979196,39.59591408979196,2011-06-06 07:00:35,2026-06-25 13:31:38,,,2,
249349679010661,169112363010661,2010,54,27,602,150,3,1,2010,8,0,0,0,0,23.757548453875177,23.757548453875177,23.757548453875177,23.757548453875177,23.757548453875177,23.757548453875177,39.59591408979196,39.59591408979196,39.59591408979196,2011-06-06 07:00:35,2026-06-25 13:31:38,,,2,
249349680010661,169112363010661,2010,54,27,602,150,4,1,2010,23,4,2,0,0,23.757548453875177,23.757548453875177,23.757548453875177,23.757548453875177,23.757548453875177,23.757548453875177,39.59591408979196,39.59591408979196,39.59591408979196,2011-06-06 07:00:35,2026-06-25 13:31:38,,,2,
249349783010661,169112739010661,2010,54,33,830,150,1,1,2010,32,6,1,0,0,17.070902201017006,23.070902201017006,23.070902201017006,17.070902201017006,23.070902201017006,23.070902201017006,28.451503668361678,38.45150366836168,38.45150366836168,2011-06-06 07:00:35,2026-06-25 13:31:38,,,2,
249349784010661,169112739010661,2010,54,33,830,150,2,2,2010,2,0,1,0,0,6.0,23.070902201017006,23.070902201017006,6.0,23.070902201017006,23.070902201017006,10.0,38.45150366836168,38.45150366836168,2011-06-06 07:00:35,2026-06-25 13:31:38,,,2,
249349785010661,169112739010661,2010,54,33,830,150,3,1,2010,27,4,1,0,0,17.070902201017006,23.070902201017006,23.070902201017006,17.070902201017006,23.070902201017006,23.070902201017006,28.451503668361678,38.45150366836168,38.45150366836168,2011-06-06 07:00:35,2026-06-25 13:31:38,,,2,
249349786010661,169112739010661,2010,54,33,830,150,4,1,2010,15,3,1,0,0,17.070902201017006,23.070902201017006,23.070902201017006,17.070902201017006,23.070902201017006,23.070902201017006,28.451503668361678,38.45150366836168,38.45150366836168,2011-06-06 07:00:35,2026-06-25 13:31:38,,,2,
249349976010661,169113149010661,2010,54,35,1145,150,2,1,2010,9,2,4,0,0,10.93742329131105,22.50828343662261,22.50828343662261,10.93742329131105,22.50828343662261,22.50828343662261,18.229038818851752,37.513805727704344,37.513805727704344,2011-06-06 07:00:35,2026-06-25 13:31:38,,,2,
249349977010661,169113149010661,2010,54,35,1145,150,3,1,2010,9,4,2,0,0,10.93742329131105,22.50828343662261,22.50828343662261,10.93742329131105,22.50828343662261,22.50828343662261,18.229038818851752,37.513805727704344,37.513805727704344,2011-06-06 07:00:35,2026-06-25 13:31:38,,,2,
249350195010661,169112995010661,2010,54,39,2374,150,1,1,2010,10,0,1,0,0,23.783592175398994,23.783592175398994,23.783592175398994,23.783592175398994,23.783592175398994,23.783592175398994,39.639320292331654,39.639320292331654,39.639320292331654,2011-06-06 07:00:35,2026-06-25 13:31:37,,,2,
249350196010661,169112995010661,2010,54,39,2374,150,2,1,2010,4,0,1,0,0,23.783592175398994,23.783592175398994,23.783592175398994,23.783592175398994,23.783592175398994,23.783592175398994,39.639320292331654,39.639320292331654,39.639320292331654,2011-06-06 07:00:35,2026-06-25 13:31:37,,,2,
249350197010661,169112995010661,2010,54,39,2374,150,3,1,2010,14,1,0,0,0,23.783592175398994,23.783592175398994,23.783592175398994,23.783592175398994,23.783592175398994,23.783592175398994,39.639320292331654,39.639320292331654,39.639320292331654,2011-06-06 07:00:35,2026-06-25 13:31:37,,,2,
249350198010661,169112995010661,2010,54,39,2374,150,4,1,2010,7,1,0,0,0,23.783592175398994,23.783592175398994,23.783592175398994,23.783592175398994,23.783592175398994,23.783592175398994,39.639320292331654,39.639320292331654,39.639320292331654,2011-06-06 07:00:35,2026-06-25 13:31:37,,,2,
249350351010661,169112751010661,2010,54,41,2378,150,1,1,2010,12,1,0,0,0,19.276617398927765,21.776617398927765,21.776617398927765,19.276617398927765,21.776617398927765,21.776617398927765,33.70079292548964,36.20079292548964,36.20079292548964,2011-06-06 07:00:35,2026-06-25 13:31:38,,,2,
249350352010661,169112751010661,2010,54,41,2378,150,2,1,2010,1,0,1,0,0,19.276617398927765,21.776617398927765,21.776617398927765,19.276617398927765,21.776617398927765,21.776617398927765,33.70079292548964,36.20079292548964,36.20079292548964,2011-06-06 07:00:35,2026-06-25 13:31:38,,,2,
249350353010661,169112751010661,2010,54,41,2378,150,3,1,2010,3,0,3,0,0,19.276617398927765,21.776617398927765,21.776617398927765,19.276617398927765,21.776617398927765,21.776617398927765,33.70079292548964,36.20079292548964,36.20079292548964,2011-06-06 07:00:35,2026-06-25 13:31:38,,,2,
249350354010661,169112751010661,2010,54,41,2378,150,4,1,2010,4,1,0,0,0,19.276617398927765,21.776617398927765,21.776617398927765,19.276617398927765,21.776617398927765,21.776617398927765,33.70079292548964,36.20079292548964,36.20079292548964,2011-06-06 07:00:35,2026-06-25 13:31:38,,,2,
249350719010661,169113039010661,2010,54,47,1853,150,1,1,2010,14,4,2,0,0,23.12571514081208,23.12571514081208,23.12571514081208,23.12571514081208,23.12571514081208,23.12571514081208,38.54285856802013,38.54285856802013,38.54285856802013,2011-06-06 07:00:35,2026-06-25 13:31:37,,,2,
249350720010661,169113039010661,2010,54,47,1853,150,2,1,2010,16,3,1,0,0,23.12571514081208,23.12571514081208,23.12571514081208,23.12571514081208,23.12571514081208,23.12571514081208,38.54285856802013,38.54285856802013,38.54285856802013,2011-06-06 07:00:35,2026-06-25 13:31:37,,,2,
249350721010661,169113039010661,2010,54,47,1853,150,3,1,2010,23,9,0,0,0,23.12571514081208,23.12571514081208,23.12571514081208,23.12571514081208,23.12571514081208,23.12571514081208,38.54285856802013,38.54285856802013,38.54285856802013,2011-06-06 07:00:35,2026-06-25 13:31:37,,,2,
249350722010661,169113039010661,2010,54,47,1853,150,4,1,2010,16,2,1,0,0,23.12571514081208,23.12571514081208,23.12571514081208,23.12571514081208,23.12571514081208,23.12571514081208,38.54285856802013,38.54285856802013,38.54285856802013,2011-06-06 07:00:35,2026-06-25 13:31:37,,,2,
249350517010661,169112915010661,2010,54,47,2474,150,1,1,2010,17,1,0,0,0,23.36748919321362,23.36748919321362,23.36748919321362,23.36748919321362,23.36748919321362,23.36748919321362,38.945815322022696,38.945815322022696,38.945815322022696,2011-06-06 07:00:35,2026-06-25 13:31:37,,,2,
249350518010661,169112915010661,2010,54,47,2474,150,2,1,2010,16,7,1,0,0,23.36748919321362,23.36748919321362,23.36748919321362,23.36748919321362,23.36748919321362,23.36748919321362,38.945815322022696,38.945815322022696,38.945815322022696,2011-06-06 07:00:35,2026-06-25 13:31:37,,,2,
249350519010661,169112915010661,2010,54,47,2474,150,3,1,2010,5,0,0,0,0,23.36748919321362,23.36748919321362,23.36748919321362,23.36748919321362,23.36748919321362,23.36748919321362,38.945815322022696,38.945815322022696,38.945815322022696,2011-06-06 07:00:35,2026-06-25 13:31:37,,,2,
249350520010661,169112915010661,2010,54,47,2474,150,4,1,2010,17,4,1,0,0,23.36748919321362,23.36748919321362,23.36748919321362,23.36748919321362,23.36748919321362,23.36748919321362,38.945815322022696,38.945815322022696,38.945815322022696,2011-06-06 07:00:35,2026-06-25 13:31:37,,,2,
249350886010661,169112927010661,2010,54,51,1731,150,4,2,2010,18,4,0,0,0,5.970223141259935,23.970223141259936,23.970223141259936,5.970223141259935,23.970223141259936,23.970223141259936,9.950371902099892,39.95037190209989,39.95037190209989,2011-06-06 07:00:36,2026-06-25 13:31:37,,,2,
249350992010661,169112787010661,2010,54,55,737,150,1,1,2010,28,6,0,0,0,17.926132150476853,23.49699229578841,23.49699229578841,17.926132150476853,23.49699229578841,23.49699229578841,29.876886917461423,39.161653826314016,39.161653826314016,2011-06-06 07:00:36,2026-06-25 13:31:37,,,2,
249350993010661,169112787010661,2010,54,55,737,150,2,1,2010,69,5,1,0,0,17.926132150476853,23.49699229578841,23.49699229578841,17.926132150476853,23.49699229578841,23.49699229578841,29.876886917461423,39.161653826314016,39.161653826314016,2011-06-06 07:00:36,2026-06-25 13:31:37,,,2,
249350994010661,169112787010661,2010,54,55,737,150,3,1,2010,21,3,0,0,0,17.926132150476853,23.49699229578841,23.49699229578841,17.926132150476853,23.49699229578841,23.49699229578841,29.876886917461423,39.161653826314016,39.161653826314016,2011-06-06 07:00:36,2026-06-25 13:31:37,,,2,
249350995010661,169112787010661,2010,54,55,737,150,4,2,2010,1,0,1,0,0,5.570860145311556,23.49699229578841,23.49699229578841,5.570860145311556,23.49699229578841,23.49699229578841,9.284766908852593,39.161653826314016,39.161653826314016,2011-06-06 07:00:36,2026-06-25 13:31:37,,,2,
249351210010661,169113193010661,2010,54,59,1096,150,1,1,2010,6,0,1,0,0,19.32212917815,19.32212917815,20.065423324397166,19.32212917815,19.32212917815,20.065423324397166,32.699078061081444,32.699078061081444,33.44237220732861,2011-06-06 07:00:36,2026-06-25 13:31:38,,,2,
249351211010661,169113193010661,2010,54,59,1096,150,2,1,2010,6,0,0,0,0,19.32212917815,19.32212917815,20.065423324397166,19.32212917815,19.32212917815,20.065423324397166,32.699078061081444,32.699078061081444,33.44237220732861,2011-06-06 07:00:36,2026-06-25 13:31:38,,,2,
249351212010661,169113193010661,2010,54,59,1096,150,3,1,2010,11,1,1,0,0,19.32212917815,19.32212917815,20.065423324397166,19.32212917815,19.32212917815,20.065423324397166,32.699078061081444,32.699078061081444,33.44237220732861,2011-06-06 07:00:36,2026-06-25 13:31:38,,,2,
249351213010661,169113193010661,2010,54,59,1096,150,4,1,2010,9,0,1,0,0,19.32212917815,19.32212917815,20.065423324397166,19.32212917815,19.32212917815,20.065423324397166,32.699078061081444,32.699078061081444,33.44237220732861,2011-06-06 07:00:36,2026-06-25 13:31:38,,,2,
249351411010661,169112609010661,2010,54,63,1793,150,1,1,2010,23,4,2,0,0,17.89635529173679,23.82997340894657,23.82997340894657,17.89635529173679,23.82997340894657,23.82997340894657,29.82725881956131,39.716622348244286,39.716622348244286,2011-06-06 07:00:36,2026-06-25 13:31:38,,,2,
249351412010661,169112609010661,2010,54,63,1793,150,2,1,2010,3,1,0,0,0,17.89635529173679,23.82997340894657,23.82997340894657,17.89635529173679,23.82997340894657,23.82997340894657,29.82725881956131,39.716622348244286,39.716622348244286,2011-06-06 07:00:36,2026-06-25 13:31:38,,,2,
249351413010661,169112609010661,2010,54,63,1793,150,3,2,2010,3,0,3,0,0,5.933618117209785,23.82997340894657,23.82997340894657,5.933618117209785,23.82997340894657,23.82997340894657,9.889363528682976,39.716622348244286,39.716622348244286,2011-06-06 07:00:36,2026-06-25 13:31:38,,,2,
249351414010661,169112609010661,2010,54,63,1793,150,4,1,2010,30,4,2,0,0,17.89635529173679,23.82997340894657,23.82997340894657,17.89635529173679,23.82997340894657,23.82997340894657,29.82725881956131,39.716622348244286,39.716622348244286,2011-06-06 07:00:36,2026-06-25 13:31:38,,,2,
249351591010661,169113311010661,2010,54,65,1431,150,1,1,2010,8,0,1,0,0,23.1611367105296,23.1611367105296,23.1611367105296,23.1611367105296,23.1611367105296,23.1611367105296,38.60189451754934,38.60189451754934,38.60189451754934,2011-06-06 07:00:36,2026-06-25 13:31:38,,,2,
249351592010661,169113311010661,2010,54,65,1431,150,2,1,2010,16,4,1,0,0,23.1611367105296,23.1611367105296,23.1611367105296,23.1611367105296,23.1611367105296,23.1611367105296,38.60189451754934,38.60189451754934,38.60189451754934,2011-06-06 07:00:36,2026-06-25 13:31:38,,,2,
249351593010661,169113311010661,2010,54,65,1431,150,3,1,2010,4,2,1,0,0,23.1611367105296,23.1611367105296,23.1611367105296,23.1611367105296,23.1611367105296,23.1611367105296,38.60189451754934,38.60189451754934,38.60189451754934,2011-06-06 07:00:36,2026-06-25 13:31:38,,,2,
249351594010661,169113311010661,2010,54,65,1431,150,4,1,2010,10,5,2,0,0,23.1611367105296,23.1611367105296,23.1611367105296,23.1611367105296,23.1611367105296,23.1611367105296,38.60189451754934,38.60189451754934,38.60189451754934,2011-06-06 07:00:36,2026-06-25 13:31:38,,,2,
249351738010661,169112765010661,2010,54,67,862,150,1,1,2010,10,1,2,0,0,23.26088353094486,23.26088353094486,23.26088353094486,23.26088353094486,23.26088353094486,23.26088353094486,38.76813921824143,38.76813921824143,38.76813921824143,2011-06-06 07:00:36,2026-06-25 13:31:38,,,2,
249351739010661,169112765010661,2010,54,67,862,150,2,1,2010,14,3,0,0,0,23.26088353094486,23.26088353094486,23.26088353094486,23.26088353094486,23.26088353094486,23.26088353094486,38.76813921824143,38.76813921824143,38.76813921824143,2011-06-06 07:00:36,2026-06-25 13:31:38,,,2,
249351740010661,169112765010661,2010,54,67,862,150,3,1,2010,18,2,0,0,0,23.26088353094486,23.26088353094486,23.26088353094486,23.26088353094486,23.26088353094486,23.26088353094486,38.76813921824143,38.76813921824143,38.76813921824143,2011-06-06 07:00:36,2026-06-25 13:31:38,,,2,
249351741010661,169112765010661,2010,54,67,862,150,4,1,2010,23,7,0,0,0,23.26088353094486,23.26088353094486,23.26088353094486,23.26088353094486,23.26088353094486,23.26088353094486,38.76813921824143,38.76813921824143,38.76813921824143,2011-06-06 07:00:36,2026-06-25 13:31:38,,,2,
249351886010661,169112397010661,2010,54,71,1818,150,1,1,2010,12,2,0,0,0,23.89635529173679,23.89635529173679,23.89635529173679,23.89635529173679,23.89635529173679,23.89635529173679,39.827258819561315,39.827258819561315,39.827258819561315,2011-06-06 07:00:36,2026-06-25 13:31:37,,,2,
249351887010661,169112397010661,2010,54,71,1818,150,2,1,2010,6,2,0,0,0,23.89635529173679,23.89635529173679,23.89635529173679,23.89635529173679,23.89635529173679,23.89635529173679,39.827258819561315,39.827258819561315,39.827258819561315,2011-06-06 07:00:36,2026-06-25 13:31:37,,,2,
249351888010661,169112397010661,2010,54,71,1818,150,3,1,2010,5,2,0,0,0,23.89635529173679,23.89635529173679,23.89635529173679,23.89635529173679,23.89635529173679,23.89635529173679,39.827258819561315,39.827258819561315,39.827258819561315,2011-06-06 07:00:36,2026-06-25 13:31:37,,,2,
249351889010661,169112397010661,2010,54,71,1818,150,4,1,2010,6,0,2,0,0,23.89635529173679,23.89635529173679,23.89635529173679,23.89635529173679,23.89635529173679,23.89635529173679,39.827258819561315,39.827258819561315,39.827258819561315,2011-06-06 07:00:36,2026-06-25 13:31:37,,,2,
249351965010661,169112451010661,2010,54,71,2100,150,1,1,2010,13,4,0,0,0,23.584070279646348,23.584070279646348,23.584070279646348,23.584070279646348,23.584070279646348,23.584070279646348,39.30678379941058,39.30678379941058,39.30678379941058,2011-06-06 07:00:36,2026-06-25 13:31:37,,,2,
249351966010661,169112451010661,2010,54,71,2100,150,2,1,2010,13,1,0,0,0,23.584070279646348,23.584070279646348,23.584070279646348,23.584070279646348,23.584070279646348,23.584070279646348,39.30678379941058,39.30678379941058,39.30678379941058,2011-06-06 07:00:36,2026-06-25 13:31:37,,,2,
249351967010661,169112451010661,2010,54,71,2100,150,3,1,2010,4,3,3,0,0,23.584070279646348,23.584070279646348,23.584070279646348,23.584070279646348,23.584070279646348,23.584070279646348,39.30678379941058,39.30678379941058,39.30678379941058,2011-06-06 07:00:36,2026-06-25 13:31:37,,,2,
249351968010661,169112451010661,2010,54,71,2100,150,4,1,2010,9,1,1,0,0,23.584070279646348,23.584070279646348,23.584070279646348,23.584070279646348,23.584070279646348,23.584070279646348,39.30678379941058,39.30678379941058,39.30678379941058,2011-06-06 07:00:36,2026-06-25 13:31:37,,,2,
249352107010661,169112507010661,2010,54,75,3599,150,1,1,2010,28,6,4,0,0,23.65079896979663,23.65079896979663,23.65079896979663,23.65079896979663,23.65079896979663,23.65079896979663,35.81799828299438,35.81799828299438,39.41799828299438,2011-06-06 07:00:36,2026-06-25 13:31:37,,,2,
249352108010661,169112507010661,2010,54,75,3599,150,2,1,2010,12,5,1,0,0,23.65079896979663,23.65079896979663,23.65079896979663,23.65079896979663,23.65079896979663,23.65079896979663,35.81799828299438,35.81799828299438,39.41799828299438,2011-06-06 07:00:36,2026-06-25 13:31:37,,,2,
249352109010661,169112507010661,2010,54,75,3599,150,3,1,2010,8,0,0,0,0,23.65079896979663,23.65079896979663,23.65079896979663,23.65079896979663,23.65079896979663,23.65079896979663,35.81799828299438,35.81799828299438,39.41799828299438,2011-06-06 07:00:36,2026-06-25 13:31:37,,,2,
249352110010661,169112507010661,2010,54,75,3599,150,4,1,2010,20,2,1,0,0,23.65079896979663,23.65079896979663,23.65079896979663,23.65079896979663,23.65079896979663,23.65079896979663,35.81799828299438,35.81799828299438,39.41799828299438,2011-06-06 07:00:36,2026-06-25 13:31:37,,,2,
249352250010661,169113319010661,2010,54,77,1835,150,1,1,2010,3,0,0,0,0,23.67080936676076,23.67080936676076,23.67080936676076,23.67080936676076,23.67080936676076,23.67080936676076,39.45134894460127,39.45134894460127,39.45134894460127,2011-06-06 07:00:36,2026-06-25 13:31:37,,,2,
249352251010661,169113319010661,2010,54,77,1835,150,2,1,2010,10,10,1,0,0,23.67080936676076,23.67080936676076,23.67080936676076,23.67080936676076,23.67080936676076,23.67080936676076,39.45134894460127,39.45134894460127,39.45134894460127,2011-06-06 07:00:36,2026-06-25 13:31:37,,,2,
249352252010661,169113319010661,2010,54,77,1835,150,3,1,2010,13,3,3,0,0,23.67080936676076,23.67080936676076,23.67080936676076,23.67080936676076,23.67080936676076,23.67080936676076,39.45134894460127,39.45134894460127,39.45134894460127,2011-06-06 07:00:36,2026-06-25 13:31:37,,,2,
249352253010661,169113319010661,2010,54,77,1835,150,4,1,2010,2,0,1,0,0,23.67080936676076,23.67080936676076,23.67080936676076,23.67080936676076,23.67080936676076,23.67080936676076,39.45134894460127,39.45134894460127,39.45134894460127,2011-06-06 07:00:36,2026-06-25 13:31:37,,,2,
249352422010661,169113379010661,2010,54,79,1640,150,1,1,2010,4,0,0,0,0,23.27215176721641,23.27215176721641,23.27215176721641,23.27215176721641,23.27215176721641,23.27215176721641,38.786919612027354,38.786919612027354,38.786919612027354,2011-06-06 07:00:36,2026-06-25 13:31:37,,,2,
249352423010661,169113379010661,2010,54,79,1640,150,2,1,2010,4,1,0,0,0,23.27215176721641,23.27215176721641,23.27215176721641,23.27215176721641,23.27215176721641,23.27215176721641,38.786919612027354,38.786919612027354,38.786919612027354,2011-06-06 07:00:36,2026-06-25 13:31:37,,,2,
249352424010661,169113379010661,2010,54,79,1640,150,3,1,2010,3,3,0,0,0,23.27215176721641,23.27215176721641,23.27215176721641,23.27215176721641,23.27215176721641,23.27215176721641,38.786919612027354,38.786919612027354,38.786919612027354,2011-06-06 07:00:36,2026-06-25 13:31:37,,,2,
249352425010661,169113379010661,2010,54,79,1640,150,4,1,2010,7,1,1,0,0,23.27215176721641,23.27215176721641,23.27215176721641,23.27215176721641,23.27215176721641,23.27215176721641,38.786919612027354,38.786919612027354,38.786919612027354,2011-06-06 07:00:36,2026-06-25 13:31:37,,,2,
249352572010661,169113349010661,2010,54,81,1604,150,4,3,2010,11,4,1,0,0,5.663150138196104,23.663150138196105,23.663150138196105,5.663150138196104,23.663150138196105,23.663150138196105,9.438583563660174,39.438583563660174,39.438583563660174,2011-06-06 07:00:36,2026-06-25 13:31:38,,,2,
249352723010661,169112575010661,2010,54,83,1282,150,1,1,2010,5,4,1,0,0,22.6828035771946,22.6828035771946,22.6828035771946,22.6828035771946,22.6828035771946,22.6828035771946,37.80467262865767,37.80467262865767,37.80467262865767,2011-06-06 07:00:36,2026-06-25 13:31:37,,,2,
249352724010661,169112575010661,2010,54,83,1282,150,2,1,2010,3,0,2,0,0,22.6828035771946,22.6828035771946,22.6828035771946,22.6828035771946,22.6828035771946,22.6828035771946,37.80467262865767,37.80467262865767,37.80467262865767,2011-06-06 07:00:36,2026-06-25 13:31:37,,,2,
249352725010661,169112575010661,2010,54,83,1282,150,3,1,2010,16,1,1,0,0,22.6828035771946,22.6828035771946,22.6828035771946,22.6828035771946,22.6828035771946,22.6828035771946,37.80467262865767,37.80467262865767,37.80467262865767,2011-06-06 07:00:36,2026-06-25 13:31:37,,,2,
249352726010661,169112575010661,2010,54,83,1282,150,4,1,2010,0,2,7,0,0,22.6828035771946,22.6828035771946,22.6828035771946,22.6828035771946,22.6828035771946,22.6828035771946,37.80467262865767,37.80467262865767,37.80467262865767,2011-06-06 07:00:36,2026-06-25 13:31:37,,,2,
249352913010661,169113235010661,2010,54,99,1003,150,1,1,2010,6,6,0,0,0,22.810305415460306,22.810305415460306,22.810305415460306,22.810305415460306,22.810305415460306,22.810305415460306,38.01717569243384,38.01717569243384,38.01717569243384,2011-06-06 07:00:36,2026-06-25 13:31:37,,,2,
249352914010661,169113235010661,2010,54,99,1003,150,2,1,2010,3,2,2,0,0,22.810305415460306,22.810305415460306,22.810305415460306,22.810305415460306,22.810305415460306,22.810305415460306,38.01717569243384,38.01717569243384,38.01717569243384,2011-06-06 07:00:36,2026-06-25 13:31:37,,,2,
249352915010661,169113235010661,2010,54,99,1003,150,3,1,2010,4,2,5,0,0,22.810305415460306,22.810305415460306,22.810305415460306,22.810305415460306,22.810305415460306,22.810305415460306,38.01717569243384,38.01717569243384,38.01717569243384,2011-06-06 07:00:36,2026-06-25 13:31:37,,,2,
249352916010661,169113235010661,2010,54,99,1003,150,4,1,2010,5,3,7,0,0,22.810305415460306,22.810305415460306,22.810305415460306,22.810305415460306,22.810305415460306,22.810305415460306,38.01717569243384,38.01717569243384,38.01717569243384,2011-06-06 07:00:36,2026-06-25 13:31:37,,,2,
249353088010661,169113125010661,2010,54,107,762,150,2,2,2010,31,1,1,0,0,5.992514033267068,23.992514033267067,23.992514033267067,5.992514033267068,23.992514033267067,23.992514033267067,9.987523388778447,39.98752338877845,39.98752338877845,2011-06-06 07:00:36,2026-06-25 13:31:38,,,2,
212728960020004,247065440010661,2012,54,7,1681,135,3,1,,4,2,2,,,24.0,24.0,24.0,24.0,24.0,24.0,40.0,40.0,40.0,2013-08-12 11:27:28,2026-06-25 13:32:57,1,,3,
212728961020004,247065440010661,2012,54,7,1681,225,4,1,,11,7,3,,,24.0,24.0,24.0,24.0,24.0,24.0,40.0,40.0,40.0,2013-08-12 11:27:28,2026-06-25 13:32:57,1,,3,
212728958020004,247065440010661,2012,54,7,1681,270,1,1,,12,0,2,,,24.0,24.0,24.0,24.0,24.0,24.0,40.0,40.0,40.0,2013-08-12 11:27:28,2026-06-25 13:32:57,1,,3,
212728959020004,247065440010661,2012,54,7,1681,360,2,1,,0,3,2,,,24.0,24.0,24.0,24.0,24.0,24.0,40.0,40.0,40.0,2013-08-12 11:27:28,2026-06-25 13:32:57,1,,3,
212731633020004,247065513010661,2012,54,7,2373,135,3,3,,,,,,,18.0,6.0,24.0,18.0,6.0,24.0,30.0,10.0,40.0,2013-08-12 11:27:28,2026-06-25 13:32:56,1,,3,
212731634020004,247065513010661,2012,54,7,2373,225,4,3,,,,,,,18.0,6.0,24.0,18.0,6.0,24.0,30.0,10.0,40.0,2013-08-12 11:27:28,2026-06-25 13:32:56,1,,3,
212731631020004,247065513010661,2012,54,7,2373,270,1,1,,14,4,0,,,6.0,6.0,24.0,6.0,6.0,24.0,10.0,10.0,40.0,2013-08-12 11:27:28,2026-06-25 13:32:56,1,,3,
212731632020004,247065513010661,2012,54,7,2373,360,2,3,,,,,,,18.0,6.0,24.0,18.0,6.0,24.0,30.0,10.0,40.0,2013-08-12 11:27:28,2026-06-25 13:32:56,1,,3,
212720865020004,247065246010661,2012,54,11,1711,135,3,1,,,,,,,24.0,0.0,24.0,24.0,0.0,24.0,40.0,0.0,40.0,2013-07-22 09:41:50,2026-06-25 13:32:57,1,,3,
212720866020004,247065246010661,2012,54,11,1711,225,4,1,,,,,,,24.0,0.0,24.0,24.0,0.0,24.0,40.0,0.0,40.0,2013-07-22 09:41:50,2026-06-25 13:32:57,1,,3,
212720863020004,247065246010661,2012,54,11,1711,270,1,1,,,,,,,24.0,0.0,24.0,24.0,0.0,24.0,40.0,0.0,40.0,2013-07-22 09:41:50,2026-06-25 13:32:57,1,,3,
212720864020004,247065246010661,2012,54,11,1711,360,2,1,,,,,,,24.0,0.0,24.0,24.0,0.0,24.0,40.0,0.0,40.0,2013-07-22 09:41:50,2026-06-25 13:32:57,1,,3,
212725352020004,247065357010661,2012,54,13,1984,135,3,1,,0,3,0,,,24.0,24.0,24.0,24.0,24.0,24.0,40.0,40.0,40.0,2013-07-22 09:41:50,2026-06-25 13:32:56,1,,3,
212725353020004,247065357010661,2012,54,13,1984,225,4,1,,2,2,0,,,24.0,24.0,24.0,24.0,24.0,24.0,40.0,40.0,40.0,2013-07-22 09:41:50,2026-06-25 13:32:56,1,,3,
212725350020004,247065357010661,2012,54,13,1984,270,1,1,,2,0,0,,,24.0,24.0,24.0,24.0,24.0,24.0,40.0,40.0,40.0,2013-07-22 09:41:50,2026-06-25 13:32:56,1,,3,
212725351020004,247065357010661,2012,54,13,1984,360,2,1,,1,1,1,,,24.0,24.0,24.0,24.0,24.0,24.0,40.0,40.0,40.0,2013-07-22 09:41:50,2026-06-25 13:32:56,1,,3,
212727011020004,247065399010661,2012,54,15,1739,135,3,1,,,,,,,24.0,0.0,24.0,24.0,0.0,24.0,40.0,0.0,40.0,2013-07-22 09:41:51,2026-06-25 13:32:56,1,,3,
212727012020004,247065399010661,2012,54,15,1739,225,4,1,,,,,,,24.0,0.0,24.0,24.0,0.0,24.0,40.0,0.0,40.0,2013-07-22 09:41:51,2026-06-25 13:32:56,1,,3,
212727009020004,247065399010661,2012,54,15,1739,270,1,1,,,,,,,24.0,0.0,24.0,24.0,0.0,24.0,40.0,0.0,40.0,2013-07-22 09:41:51,2026-06-25 13:32:56,1,,3,
212727010020004,247065399010661,2012,54,15,1739,360,2,1,,,,,,,24.0,0.0,24.0,24.0,0.0,24.0,40.0,0.0,40.0,2013-07-22 09:41:51,2026-06-25 13:32:56,1,,3,
212728482020004,247065429010661,2012,54,17,1592,135,3,2,,,,,,,6.0,24.0,24.0,6.0,24.0,24.0,10.0,40.0,40.0,2013-08-12 11:27:28,2026-06-25 13:32:55,1,,3,
212728483020004,247065429010661,2012,54,17,1592,225,4,1,,1,0,0,,,18.0,24.0,24.0,18.0,24.0,24.0,30.0,40.0,40.0,2013-08-12 11:27:28,2026-06-25 13:32:55,1,,3,
212728480020004,247065429010661,2012,54,17,1592,270,1,1,,3,0,1,,,18.0,24.0,24.0,18.0,24.0,24.0,30.0,40.0,40.0,2013-08-12 11:27:28,2026-06-25 13:32:55,1,,3,
212728481020004,247065429010661,2012,54,17,1592,360,2,1,,7,0,0,,,18.0,24.0,24.0,18.0,24.0,24.0,30.0,40.0,40.0,2013-08-12 11:27:28,2026-06-25 13:32:55,1,,3,
212728348020004,247065427010661,2012,54,17,1836,135,3,1,,3,6,1,,,24.0,24.0,24.0,24.0,24.0,24.0,40.0,40.0,40.0,2013-07-22 09:41:51,2026-06-25 13:32:55,1,,3,
212728349020004,247065427010661,2012,54,17,1836,225,4,1,,6,5,3,,,24.0,24.0,24.0,24.0,24.0,24.0,40.0,40.0,40.0,2013-07-22 09:41:51,2026-06-25 13:32:55,1,,3,
212728346020004,247065427010661,2012,54,17,1836,270,1,1,,2,2,3,,,24.0,24.0,24.0,24.0,24.0,24.0,40.0,40.0,40.0,2013-07-22 09:41:51,2026-06-25 13:32:55,1,,3,
212728347020004,247065427010661,2012,54,17,1836,360,2,1,,1,6,1,,,24.0,24.0,24.0,24.0,24.0,24.0,40.0,40.0,40.0,2013-07-22 09:41:51,2026-06-25 13:32:55,1,,3,
212727382020004,247065407010661,2012,54,19,361,135,3,2,,5,6,3,,,12.0,18.0,24.0,12.0,18.0,24.0,20.0,30.0,40.0,2013-07-22 09:41:51,2026-06-25 13:32:56,1,,3,
212727383020004,247065407010661,2012,54,19,361,225,4,3,,24,5,1,,,6.0,18.0,24.0,6.0,18.0,24.0,10.0,30.0,40.0,2013-07-22 09:41:51,2026-06-25 13:32:56,1,,3,
212727380020004,247065407010661,2012,54,19,361,270,1,1,,,,,,,6.0,18.0,24.0,6.0,18.0,24.0,10.0,30.0,40.0,2013-07-22 09:41:51,2026-06-25 13:32:56,1,,3,
212727381020004,247065407010661,2012,54,19,361,360,2,2,,6,0,1,,,12.0,18.0,24.0,12.0,18.0,24.0,20.0,30.0,40.0,2013-07-22 09:41:51,2026-06-25 13:32:56,1,,3,
212727216020004,247065404010661,2012,54,19,987,135,3,1,,,,,,,24.0,0.0,24.0,24.0,0.0,24.0,40.0,0.0,40.0,2013-08-12 11:27:27,2026-06-25 13:32:56,1,,3,
212727217020004,247065404010661,2012,54,19,987,225,4,1,,,,,,,24.0,0.0,24.0,24.0,0.0,24.0,40.0,0.0,40.0,2013-08-12 11:27:27,2026-06-25 13:32:56,1,,3,
212727214020004,247065404010661,2012,54,19,987,270,1,1,,,,,,,24.0,0.0,24.0,24.0,0.0,24.0,40.0,0.0,40.0,2013-08-12 11:27:27,2026-06-25 13:32:56,1,,3,
212727215020004,247065404010661,2012,54,19,987,360,2,1,,,,,,,24.0,0.0,24.0,24.0,0.0,24.0,40.0,0.0,40.0,2013-08-12 11:27:27,2026-06-25 13:32:56,1,,3,
212732632020004,247065530010661,2012,54,19,1242,135,3,1,,11,5,3,,,18.0,18.0,24.0,18.0,18.0,24.0,30.0,30.0,40.0,2013-08-12 11:27:28,2026-06-25 13:32:54,1,,3,
212732633020004,247065530010661,2012,54,19,1242,225,4,1,,80,9,8,,,18.0,18.0,24.0,18.0,18.0,24.0,30.0,30.0,40.0,2013-08-12 11:27:28,2026-06-25 13:32:54,1,,3,
212732630020004,247065530010661,2012,54,19,1242,270,1,1,,10,5,5,,,18.0,18.0,24.0,18.0,18.0,24.0,30.0,30.0,40.0,2013-08-12 11:27:28,2026-06-25 13:32:54,1,,3,
212732631020004,247065530010661,2012,54,19,1242,360,2,2,,,,,,,6.0,18.0,24.0,6.0,18.0,24.0,10.0,30.0,40.0,2013-08-12 11:27:28,2026-06-25 13:32:54,1,,3,
212728828020004,247065438010661,2012,54,21,1777,135,3,1,,9,1,0,,,24.0,24.0,24.0,24.0,24.0,24.0,40.0,40.0,40.0,2013-07-22 09:41:51,2026-06-25 13:32:55,1,,3,
212728829020004,247065438010661,2012,54,21,1777,225,4,1,,4,2,1,,,24.0,24.0,24.0,24.0,24.0,24.0,40.0,40.0,40.0,2013-07-22 09:41:51,2026-06-25 13:32:55,1,,3,
212728826020004,247065438010661,2012,54,21,1777,270,1,1,,8,1,0,,,24.0,24.0,24.0,24.0,24.0,24.0,40.0,40.0,40.0,2013-07-22 09:41:51,2026-06-25 13:32:55,1,,3,
212728827020004,247065438010661,2012,54,21,1777,360,2,1,,1,0,0,,,24.0,24.0,24.0,24.0,24.0,24.0,40.0,40.0,40.0,2013-07-22 09:41:51,2026-06-25 13:32:55,1,,3,
212736465020004,247065628010661,2012,54,23,2282,135,3,2,,,,,,,6.0,24.0,24.0,6.0,24.0,24.0,10.0,40.0,40.0,2013-08-12 11:27:28,2026-06-25 13:32:54,1,,3,
212736466020004,247065628010661,2012,54,23,2282,225,4,1,,4,3,0,,,18.0,24.0,24.0,18.0,24.0,24.0,30.0,40.0,40.0,2013-08-12 11:27:28,2026-06-25 13:32:54,1,,3,
212736463020004,247065628010661,2012,54,23,2282,270,1,1,,15,6,1,,,18.0,24.0,24.0,18.0,24.0,24.0,30.0,40.0,40.0,2013-08-12 11:27:28,2026-06-25 13:32:54,1,,3,
212736464020004,247065628010661,2012,54,23,2282,360,2,1,,3,2,2,,,18.0,24.0,24.0,18.0,24.0,24.0,30.0,40.0,40.0,2013-08-12 11:27:28,2026-06-25 13:32:54,1,,3,
212732371020004,247065526010661,2012,54,25,677,135,3,1,,15,6,4,,,18.0,24.0,24.0,18.0,24.0,24.0,30.0,40.0,40.0,2013-07-22 09:41:51,2026-06-25 13:32:55,1,,3,
212732372020004,247065526010661,2012,54,25,677,225,4,1,,54,13,8,,,18.0,24.0,24.0,18.0,24.0,24.0,30.0,40.0,40.0,2013-07-22 09:41:51,2026-06-25 13:32:55,1,,3,
212732369020004,247065526010661,2012,54,25,677,270,1,1,,93,17,8,,,18.0,24.0,24.0,18.0,24.0,24.0,30.0,40.0,40.0,2013-07-22 09:41:51,2026-06-25 13:32:55,1,,3,
212732370020004,247065526010661,2012,54,25,677,360,2,2,,9,0,1,,,6.0,24.0,24.0,6.0,24.0,24.0,10.0,40.0,40.0,2013-07-22 09:41:51,2026-06-25 13:32:55,1,,3,
212737798020004,247065664010661,2012,54,27,1443,135,3,1,,17,3,1,,,24.0,24.0,24.0,24.0,24.0,24.0,40.0,40.0,40.0,2013-08-12 11:27:28,2026-06-25 13:32:57,1,,3,
212737799020004,247065664010661,2012,54,27,1443,225,4,1,,4,1,3,,,24.0,24.0,24.0,24.0,24.0,24.0,40.0,40.0,40.0,2013-08-12 11:27:28,2026-06-25 13:32:57,1,,3,
212737796020004,247065664010661,2012,54,27,1443,270,1,1,,9,3,2,,,24.0,24.0,24.0,24.0,24.0,24.0,40.0,40.0,40.0,2013-08-12 11:27:28,2026-06-25 13:32:57,1,,3,
212737797020004,247065664010661,2012,54,27,1443,360,2,1,,10,1,2,,,24.0,24.0,24.0,24.0,24.0,24.0,40.0,40.0,40.0,2013-08-12 11:27:28,2026-06-25 13:32:57,1,,3,
212738028020004,247065670010661,2012,54,27,2293,135,3,1,,9,3,1,,,24.0,24.0,24.0,24.0,24.0,24.0,40.0,40.0,40.0,2013-08-12 11:27:28,2026-06-25 13:32:57,1,,3,
212738029020004,247065670010661,2012,54,27,2293,225,4,1,,11,5,2,,,24.0,24.0,24.0,24.0,24.0,24.0,40.0,40.0,40.0,2013-08-12 11:27:28,2026-06-25 13:32:57,1,,3,
212738026020004,247065670010661,2012,54,27,2293,270,1,1,,11,1,0,,,24.0,24.0,24.0,24.0,24.0,24.0,40.0,40.0,40.0,2013-08-12 11:27:28,2026-06-25 13:32:57,1,,3,
212738027020004,247065670010661,2012,54,27,2293,360,2,1,,1,0,0,,,24.0,24.0,24.0,24.0,24.0,24.0,40.0,40.0,40.0,2013-08-12 11:27:28,2026-06-25 13:32:57,1,,3,
212738246020004,247065674010661,2012,54,31,1511,135,3,1,,5,0,0,,,24.0,24.0,24.0,24.0,24.0,24.0,40.0,40.0,40.0,2013-08-12 11:27:28,2026-06-25 13:32:56,1,,3,
212738247020004,247065674010661,2012,54,31,1511,225,4,1,,41,7,0,,,24.0,24.0,24.0,24.0,24.0,24.0,40.0,40.0,40.0,2013-08-12 11:27:28,2026-06-25 13:32:56,1,,3,
212738244020004,247065674010661,2012,54,31,1511,270,1,1,,21,5,3,,,24.0,24.0,24.0,24.0,24.0,24.0,40.0,40.0,40.0,2013-08-12 11:27:28,2026-06-25 13:32:56,1,,3,
212738245020004,247065674010661,2012,54,31,1511,360,2,1,,15,4,3,,,24.0,24.0,24.0,24.0,24.0,24.0,40.0,40.0,40.0,2013-08-12 11:27:28,2026-06-25 13:32:56,1,,3,
212737198020004,247065650010661,2012,54,31,1534,135,3,1,,,,,,,24.0,0.0,24.0,24.0,0.0,24.0,40.0,0.0,40.0,2013-07-22 09:41:51,2026-06-25 13:32:55,1,,3,
212737199020004,247065650010661,2012,54,31,1534,225,4,1,,,,,,,24.0,0.0,24.0,24.0,0.0,24.0,40.0,0.0,40.0,2013-07-22 09:41:51,2026-06-25 13:32:55,1,,3,
212737196020004,247065650010661,2012,54,31,1534,270,1,1,,,,,,,24.0,0.0,24.0,24.0,0.0,24.0,40.0,0.0,40.0,2013-07-22 09:41:51,2026-06-25 13:32:55,1,,3,
212737197020004,247065650010661,2012,54,31,1534,360,2,1,,,,,,,24.0,0.0,24.0,24.0,0.0,24.0,40.0,0.0,40.0,2013-07-22 09:41:51,2026-06-25 13:32:55,1,,3,
212723095020004,247065303010661,2012,54,39,2504,135,3,1,,,,,,,24.0,0.0,24.0,24.0,0.0,24.0,40.0,0.0,40.0,2013-07-22 09:41:50,2026-06-25 13:32:56,1,,3,
212723096020004,247065303010661,2012,54,39,2504,225,4,1,,,,,,,24.0,0.0,24.0,24.0,0.0,24.0,40.0,0.0,40.0,2013-07-22 09:41:50,2026-06-25 13:32:56,1,,3,
212723093020004,247065303010661,2012,54,39,2504,270,1,1,,,,,,,24.0,0.0,24.0,24.0,0.0,24.0,40.0,0.0,40.0,2013-07-22 09:41:50,2026-06-25 13:32:56,1,,3,
212723094020004,247065303010661,2012,54,39,2504,360,2,1,,,,,,,24.0,0.0,24.0,24.0,0.0,24.0,40.0,0.0,40.0,2013-07-22 09:41:50,2026-06-25 13:32:56,1,,3,
212728648020004,247065434010661,2012,54,41,2804,135,3,1,,,,,,,24.0,24.0,24.0,24.0,24.0,24.0,40.0,40.0,40.0,2013-08-12 11:27:28,2026-06-25 13:32:57,1,,3,
212728649020004,247065434010661,2012,54,41,2804,225,4,1,,,,,,,24.0,24.0,24.0,24.0,24.0,24.0,40.0,40.0,40.0,2013-08-12 11:27:28,2026-06-25 13:32:57,1,,3,
212728646020004,247065434010661,2012,54,41,2804,270,1,1,,,,,,,24.0,24.0,24.0,24.0,24.0,24.0,40.0,40.0,40.0,2013-08-12 11:27:28,2026-06-25 13:32:57,1,,3,
212728647020004,247065434010661,2012,54,41,2804,360,2,1,,,,,,,24.0,24.0,24.0,24.0,24.0,24.0,40.0,40.0,40.0,2013-08-12 11:27:28,2026-06-25 13:32:57,1,,3,
212731362020004,247065507010661,2012,54,41,3169,135,3,2,,0,1,0,,,15.0,24.0,24.0,15.0,24.0,24.0,27.0,40.0,40.0,2013-08-12 11:27:28,2026-06-25 13:32:54,1,,3,
212731363020004,247065507010661,2012,54,41,3169,225,4,3,,4,3,0,,,6.0,24.0,24.0,6.0,24.0,24.0,10.0,40.0,40.0,2013-08-12 11:27:28,2026-06-25 13:32:54,1,,3,
212731359020004,247065507010661,2012,54,41,3169,270,1,1,,,,,,,3.0,24.0,24.0,3.0,24.0,24.0,3.0,40.0,40.0,2013-08-12 11:27:28,2026-06-25 13:32:54,1,,3,
212731360020004,247065507010661,2012,54,41,3169,270,1,2,,114,8,0,3,,15.0,24.0,24.0,15.0,24.0,24.0,27.0,40.0,40.0,2013-08-12 11:27:28,2026-06-25 13:32:54,1,,3,
212731361020004,247065507010661,2012,54,41,3169,360,2,2,,4,4,0,,,15.0,24.0,24.0,15.0,24.0,24.0,27.0,40.0,40.0,2013-08-12 11:27:28,2026-06-25 13:32:54,1,,3,
212722134020004,247065275010661,2012,54,43,2271,135,3,1,,5,3,0,,,18.0,24.0,24.0,18.0,24.0,24.0,30.0,40.0,40.0,2013-08-12 11:27:27,2026-06-25 13:32:56,1,,3,
212722135020004,247065275010661,2012,54,43,2271,225,4,2,,21,1,0,,,6.0,24.0,24.0,6.0,24.0,24.0,10.0,40.0,40.0,2013-08-12 11:27:27,2026-06-25 13:32:56,1,,3,
212722132020004,247065275010661,2012,54,43,2271,270,1,1,,3,3,4,,,18.0,24.0,24.0,18.0,24.0,24.0,30.0,40.0,40.0,2013-08-12 11:27:27,2026-06-25 13:32:56,1,,3,
212722133020004,247065275010661,2012,54,43,2271,360,2,1,,0,0,0,,,18.0,24.0,24.0,18.0,24.0,24.0,30.0,40.0,40.0,2013-08-12 11:27:27,2026-06-25 13:32:56,1,,3,
212739088020004,247065698010661,2012,54,45,284,135,3,1,,15,8,7,,,24.0,24.0,24.0,24.0,24.0,24.0,40.0,40.0,40.0,2013-07-22 09:41:51,2026-06-25 13:32:56,1,,3,
212739089020004,247065698010661,2012,54,45,284,225,4,1,,14,5,2,,,24.0,24.0,24.0,24.0,24.0,24.0,40.0,40.0,40.0,2013-07-22 09:41:51,2026-06-25 13:32:56,1,,3,
212739086020004,247065698010661,2012,54,45,284,270,1,1,,19,2,1,,,24.0,24.0,24.0,24.0,24.0,24.0,40.0,40.0,40.0,2013-07-22 09:41:51,2026-06-25 13:32:56,1,,3,
212739087020004,247065698010661,2012,54,45,284,360,2,1,,23,3,4,,,24.0,24.0,24.0,24.0,24.0,24.0,40.0,40.0,40.0,2013-07-22 09:41:51,2026-06-25 13:32:56,1,,3,
212726362020004,247065385010661,2012,54,47,3,135,3,1,,21,7,2,,,24.0,24.0,24.0,24.0,24.0,24.0,40.0,40.0,40.0,2013-08-12 11:27:27,2026-06-25 13:32:55,1,,3,
212726363020004,247065385010661,2012,54,47,3,225,4,1,,8,1,1,,,24.0,24.0,24.0,24.0,24.0,24.0,40.0,40.0,40.0,2013-08-12 11:27:27,2026-06-25 13:32:55,1,,3,
212726360020004,247065385010661,2012,54,47,3,270,1,1,,17,7,1,,,24.0,24.0,24.0,24.0,24.0,24.0,40.0,40.0,40.0,2013-08-12 11:27:27,2026-06-25 13:32:55,1,,3,
212726361020004,247065385010661,2012,54,47,3,360,2,1,,40,14,5,,,24.0,24.0,24.0,24.0,24.0,24.0,40.0,40.0,40.0,2013-08-12 11:27:27,2026-06-25 13:32:55,1,,3,
212732979020004,247065538010661,2012,54,49,1263,135,3,1,,2,1,1,,,24.0,24.0,24.0,24.0,24.0,24.0,40.0,40.0,40.0,2013-08-12 11:27:28,2026-06-25 13:32:55,1,,3,
212732980020004,247065538010661,2012,54,49,1263,225,4,1,,27,11,3,,,24.0,24.0,24.0,24.0,24.0,24.0,40.0,40.0,40.0,2013-08-12 11:27:28,2026-06-25 13:32:55,1,,3,
212732977020004,247065538010661,2012,54,49,1263,270,1,1,,8,0,0,,,24.0,24.0,24.0,24.0,24.0,24.0,40.0,40.0,40.0,2013-08-12 11:27:28,2026-06-25 13:32:55,1,,3,
212732978020004,247065538010661,2012,54,49,1263,360,2,1,,12,4,1,,,24.0,24.0,24.0,24.0,24.0,24.0,40.0,40.0,40.0,2013-08-12 11:27:28,2026-06-25 13:32:55,1,,3,
212729946020004,247065463010661,2012,54,49,1524,135,3,1,,95,7,2,,,6.0,18.0,24.0,6.0,18.0,24.0,10.0,30.0,40.0,2013-07-22 09:41:51,2026-06-25 13:32:55,1,,3,
212729947020004,247065463010661,2012,54,49,1524,225,4,2,,,,,,,12.0,18.0,24.0,12.0,18.0,24.0,20.0,30.0,40.0,2013-07-22 09:41:51,2026-06-25 13:32:55,1,,3,
212729944020004,247065463010661,2012,54,49,1524,270,1,2,,,,,,,12.0,18.0,24.0,12.0,18.0,24.0,20.0,30.0,40.0,2013-07-22 09:41:51,2026-06-25 13:32:55,1,,3,
212729945020004,247065463010661,2012,54,49,1524,360,2,4,,,,,,,6.0,18.0,24.0,6.0,18.0,24.0,10.0,30.0,40.0,2013-07-22 09:41:51,2026-06-25 13:32:55,1,,3,
212728129020004,247065423010661,2012,54,49,1935,135,3,1,,6,3,0,,,24.0,24.0,24.0,24.0,24.0,24.0,40.0,40.0,40.0,2013-08-12 11:27:28,2026-06-25 13:32:56,1,,3,
212728130020004,247065423010661,2012,54,49,1935,225,4,1,,5,0,1,,,24.0,24.0,24.0,24.0,24.0,24.0,40.0,40.0,40.0,2013-08-12 11:27:28,2026-06-25 13:32:56,1,,3,
212728127020004,247065423010661,2012,54,49,1935,270,1,1,,6,4,4,,,24.0,24.0,24.0,24.0,24.0,24.0,40.0,40.0,40.0,2013-08-12 11:27:28,2026-06-25 13:32:56,1,,3,
212728128020004,247065423010661,2012,54,49,1935,360,2,1,,3,6,1,,,24.0,24.0,24.0,24.0,24.0,24.0,40.0,40.0,40.0,2013-08-12 11:27:28,2026-06-25 13:32:56,1,,3,
212739284020004,247065701010661,2012,54,51,785,135,3,1,,22,3,2,,,18.0,24.0,24.0,18.0,24.0,24.0,30.0,40.0,40.0,2013-07-22 09:41:51,2026-06-25 13:32:56,1,,3,
212739285020004,247065701010661,2012,54,51,785,225,4,2,,,,,,,6.0,24.0,24.0,6.0,24.0,24.0,10.0,40.0,40.0,2013-07-22 09:41:51,2026-06-25 13:32:56,1,,3,
212739282020004,247065701010661,2012,54,51,785,270,1,1,,3,6,2,,,18.0,24.0,24.0,18.0,24.0,24.0,30.0,40.0,40.0,2013-07-22 09:41:51,2026-06-25 13:32:56,1,,3,
212739283020004,247065701010661,2012,54,51,785,360,2,1,,1,1,0,,,18.0,24.0,24.0,18.0,24.0,24.0,30.0,40.0,40.0,2013-07-22 09:41:51,2026-06-25 13:32:56,1,,3,
212721691020004,247065264010661,2012,54,53,1482,135,3,1,,3,1,1,,,24.0,24.0,24.0,24.0,24.0,24.0,40.0,40.0,40.0,2013-08-12 11:27:27,2026-06-25 13:32:56,1,,3,
212721692020004,247065264010661,2012,54,53,1482,225,4,1,,3,0,0,,,24.0,24.0,24.0,24.0,24.0,24.0,40.0,40.0,40.0,2013-08-12 11:27:27,2026-06-25 13:32:56,1,,3,
212721689020004,247065264010661,2012,54,53,1482,270,1,1,,13,1,0,,,24.0,24.0,24.0,24.0,24.0,24.0,40.0,40.0,40.0,2013-08-12 11:27:27,2026-06-25 13:32:56,1,,3,
212721690020004,247065264010661,2012,54,53,1482,360,2,1,,9,2,2,,,24.0,24.0,24.0,24.0,24.0,24.0,40.0,40.0,40.0,2013-08-12 11:27:27,2026-06-25 13:32:56,1,,3,
212720491020004,247065236010661,2012,54,53,1601,135,3,1,,5,1,1,,,24.0,24.0,24.0,24.0,24.0,24.0,40.0,40.0,40.0,2013-07-22 09:41:50,2026-06-25 13:32:57,1,,3,
212720492020004,247065236010661,2012,54,53,1601,225,4,1,,7,2,1,,,24.0,24.0,24.0,24.0,24.0,24.0,40.0,40.0,40.0,2013-07-22 09:41:50,2026-06-25 13:32:57,1,,3,
212720489020004,247065236010661,2012,54,53,1601,270,1,1,,3,1,2,,,24.0,24.0,24.0,24.0,24.0,24.0,40.0,40.0,40.0,2013-07-22 09:41:50,2026-06-25 13:32:57,1,,3,
212720490020004,247065236010661,2012,54,53,1601,360,2,1,,4,3,1,,,24.0,24.0,24.0,24.0,24.0,24.0,40.0,40.0,40.0,2013-07-22 09:41:50,2026-06-25 13:32:57,1,,3,
212731000020004,247065496010661,2012,54,55,657,135,3,1,,,,,,,24.0,0.0,24.0,24.0,0.0,24.0,40.0,0.0,40.0,2013-08-12 11:27:28,2026-06-25 13:32:55,1,,3,
212731001020004,247065496010661,2012,54,55,657,225,4,1,,,,,,,24.0,0.0,24.0,24.0,0.0,24.0,40.0,0.0,40.0,2013-08-12 11:27:28,2026-06-25 13:32:55,1,,3,
212730998020004,247065496010661,2012,54,55,657,270,1,1,,,,,,,24.0,0.0,24.0,24.0,0.0,24.0,40.0,0.0,40.0,2013-08-12 11:27:28,2026-06-25 13:32:55,1,,3,
212730999020004,247065496010661,2012,54,55,657,360,2,1,,,,,,,24.0,0.0,24.0,24.0,0.0,24.0,40.0,0.0,40.0,2013-08-12 11:27:28,2026-06-25 13:32:55,1,,3,
212727890020004,247065418010661,2012,54,61,412,135,3,1,,,,,,,24.0,0.0,24.0,24.0,0.0,24.0,40.0,0.0,40.0,2013-08-12 11:27:28,2026-06-25 13:32:56,1,,3,
212727891020004,247065418010661,2012,54,61,412,225,4,1,,,,,,,24.0,0.0,24.0,24.0,0.0,24.0,40.0,0.0,40.0,2013-08-12 11:27:28,2026-06-25 13:32:56,1,,3,
212727888020004,247065418010661,2012,54,61,412,270,1,1,,,,,,,24.0,0.0,24.0,24.0,0.0,24.0,40.0,0.0,40.0,2013-08-12 11:27:28,2026-06-25 13:32:56,1,,3,
212727889020004,247065418010661,2012,54,61,412,360,2,1,,,,,,,24.0,0.0,24.0,24.0,0.0,24.0,40.0,0.0,40.0,2013-08-12 11:27:28,2026-06-25 13:32:56,1,,3,
212727050020004,247065400010661,2012,54,67,642,135,3,1,,0,0,0,,,12.0,24.0,24.0,12.0,24.0,24.0,20.0,40.0,40.0,2013-08-12 11:27:27,2026-06-25 13:32:56,1,,3,
212727051020004,247065400010661,2012,54,67,642,225,4,1,,0,0,0,,,12.0,24.0,24.0,12.0,24.0,24.0,20.0,40.0,40.0,2013-08-12 11:27:27,2026-06-25 13:32:56,1,,3,
212727048020004,247065400010661,2012,54,67,642,270,1,2,,,,,,,12.0,24.0,24.0,12.0,24.0,24.0,20.0,40.0,40.0,2013-08-12 11:27:27,2026-06-25 13:32:56,1,,3,
212727049020004,247065400010661,2012,54,67,642,360,2,2,,,,,,,12.0,24.0,24.0,12.0,24.0,24.0,20.0,40.0,40.0,2013-08-12 11:27:27,2026-06-25 13:32:56,1,,3,
212719952020004,247065222010661,2012,54,67,2069,135,3,1,,,,,,,24.0,0.0,24.0,24.0,0.0,24.0,40.0,0.0,40.0,2013-08-12 11:27:26,2026-06-25 13:32:54,1,,3,
212719953020004,247065222010661,2012,54,67,2069,225,4,1,,,,,,,24.0,0.0,24.0,24.0,0.0,24.0,40.0,0.0,40.0,2013-08-12 11:27:26,2026-06-25 13:32:54,1,,3,
212719950020004,247065222010661,2012,54,67,2069,270,1,1,,,,,,,24.0,0.0,24.0,24.0,0.0,24.0,40.0,0.0,40.0,2013-08-12 11:27:26,2026-06-25 13:32:54,1,,3,
212719951020004,247065222010661,2012,54,67,2069,360,2,1,,,,,,,24.0,0.0,24.0,24.0,0.0,24.0,40.0,0.0,40.0,2013-08-12 11:27:26,2026-06-25 13:32:54,1,,3,
212729302020004,247065448010661,2012,54,67,2125,135,3,1,,,,,,,24.0,0.0,24.0,24.0,0.0,24.0,40.0,0.0,40.0,2013-07-22 09:41:51,2026-06-25 13:32:57,1,,3,
212729303020004,247065448010661,2012,54,67,2125,225,4,1,,,,,,,24.0,0.0,24.0,24.0,0.0,24.0,40.0,0.0,40.0,2013-07-22 09:41:51,2026-06-25 13:32:57,1,,3,
212729300020004,247065448010661,2012,54,67,2125,270,1,1,,,,,,,24.0,0.0,24.0,24.0,0.0,24.0,40.0,0.0,40.0,2013-07-22 09:41:51,2026-06-25 13:32:57,1,,3,
212729301020004,247065448010661,2012,54,67,2125,360,2,1,,,,,,,24.0,0.0,24.0,24.0,0.0,24.0,40.0,0.0,40.0,2013-07-22 09:41:51,2026-06-25 13:32:57,1,,3,
212732258020004,247065525010661,2012,54,67,3068,135,3,1,,,,,,,24.0,0.0,24.0,24.0,0.0,24.0,40.0,0.0,40.0,2013-08-12 11:27:28,2026-06-25 13:32:55,1,,3,
212732259020004,247065525010661,2012,54,67,3068,225,4,1,,,,,,,24.0,0.0,24.0,24.0,0.0,24.0,40.0,0.0,40.0,2013-08-12 11:27:28,2026-06-25 13:32:55,1,,3,
212732256020004,247065525010661,2012,54,67,3068,270,1,1,,,,,,,24.0,0.0,24.0,24.0,0.0,24.0,40.0,0.0,40.0,2013-08-12 11:27:28,2026-06-25 13:32:55,1,,3,
212732257020004,247065525010661,2012,54,67,3068,360,2,1,,,,,,,24.0,0.0,24.0,24.0,0.0,24.0,40.0,0.0,40.0,2013-08-12 11:27:28,2026-06-25 13:32:55,1,,3,
212738655020004,247065690010661,2012,54,71,440,135,3,2,,12,0,0,,,6.0,24.0,24.0,6.0,24.0,24.0,10.0,40.0,40.0,2013-08-12 11:27:28,2026-06-25 13:32:56,1,,3,
212738656020004,247065690010661,2012,54,71,440,225,4,1,,4,0,0,,,18.0,24.0,24.0,18.0,24.0,24.0,30.0,40.0,40.0,2013-08-12 11:27:28,2026-06-25 13:32:56,1,,3,
212738653020004,247065690010661,2012,54,71,440,270,1,1,,6,1,1,,,18.0,24.0,24.0,18.0,24.0,24.0,30.0,40.0,40.0,2013-08-12 11:27:28,2026-06-25 13:32:56,1,,3,
212738654020004,247065690010661,2012,54,71,440,360,2,1,,24,5,1,,,18.0,24.0,24.0,18.0,24.0,24.0,30.0,40.0,40.0,2013-08-12 11:27:28,2026-06-25 13:32:56,1,,3,
212736664020004,247065634010661,2012,54,71,480,135,3,1,,1,0,1,,,24.0,24.0,24.0,24.0,24.0,24.0,40.0,40.0,40.0,2013-08-12 11:27:28,2026-06-25 13:32:57,1,,3,
212736665020004,247065634010661,2012,54,71,480,225,4,1,,4,2,0,,,24.0,24.0,24.0,24.0,24.0,24.0,40.0,40.0,40.0,2013-08-12 11:27:28,2026-06-25 13:32:57,1,,3,
212736662020004,247065634010661,2012,54,71,480,270,1,1,,2,0,1,,,24.0,24.0,24.0,24.0,24.0,24.0,40.0,40.0,40.0,2013-08-12 11:27:28,2026-06-25 13:32:57,1,,3,
212736663020004,247065634010661,2012,54,71,480,360,2,1,,3,3,0,,,24.0,24.0,24.0,24.0,24.0,24.0,40.0,40.0,40.0,2013-08-12 11:27:28,2026-06-25 13:32:57,1,,3,
212737553020004,247065657010661,2012,54,71,525,135,3,1,,12,5,1,,,24.0,24.0,24.0,24.0,24.0,24.0,40.0,40.0,40.0,2013-07-22 09:41:51,2026-06-25 13:32:57,1,,3,
212737554020004,247065657010661,2012,54,71,525,225,4,1,,14,3,0,,,24.0,24.0,24.0,24.0,24.0,24.0,40.0,40.0,40.0,2013-07-22 09:41:51,2026-06-25 13:32:57,1,,3,
212737551020004,247065657010661,2012,54,71,525,270,1,1,,11,6,0,,,24.0,24.0,24.0,24.0,24.0,24.0,40.0,40.0,40.0,2013-07-22 09:41:51,2026-06-25 13:32:57,1,,3,
212737552020004,247065657010661,2012,54,71,525,360,2,1,,1,4,3,,,24.0,24.0,24.0,24.0,24.0,24.0,40.0,40.0,40.0,2013-07-22 09:41:51,2026-06-25 13:32:57,1,,3,
212735610020004,247065608010661,2012,54,75,1943,135,3,1,,,,,,,24.0,24.0,24.0,24.0,24.0,24.0,40.0,40.0,40.0,2013-07-22 09:41:51,2026-06-25 13:32:56,1,,3,
212735611020004,247065608010661,2012,54,75,1943,225,4,1,,,,,,,24.0,24.0,24.0,24.0,24.0,24.0,40.0,40.0,40.0,2013-07-22 09:41:51,2026-06-25 13:32:56,1,,3,
212735608020004,247065608010661,2012,54,75,1943,270,1,1,,,,,,,24.0,24.0,24.0,24.0,24.0,24.0,40.0,40.0,40.0,2013-07-22 09:41:51,2026-06-25 13:32:56,1,,3,
212735609020004,247065608010661,2012,54,75,1943,360,2,1,,,,,,,24.0,24.0,24.0,24.0,24.0,24.0,40.0,40.0,40.0,2013-07-22 09:41:51,2026-06-25 13:32:56,1,,3,
212736238020004,247065624010661,2012,54,75,2500,135,3,1,,2,0,0,,,24.0,24.0,24.0,24.0,24.0,24.0,40.0,40.0,40.0,2013-07-22 09:41:51,2026-06-25 13:32:56,1,,3,
212736239020004,247065624010661,2012,54,75,2500,225,4,1,,7,3,2,,,24.0,24.0,24.0,24.0,24.0,24.0,40.0,40.0,40.0,2013-07-22 09:41:51,2026-06-25 13:32:56,1,,3,
212736236020004,247065624010661,2012,54,75,2500,270,1,1,,9,3,0,,,24.0,24.0,24.0,24.0,24.0,24.0,40.0,40.0,40.0,2013-07-22 09:41:51,2026-06-25 13:32:56,1,,3,
212736237020004,247065624010661,2012,54,75,2500,360,2,1,,6,0,1,,,24.0,24.0,24.0,24.0,24.0,24.0,40.0,40.0,40.0,2013-07-22 09:41:51,2026-06-25 13:32:56,1,,3,
212721827020004,247065268010661,2012,54,79,879,135,3,1,,8,1,0,,,24.0,24.0,24.0,24.0,24.0,24.0,40.0,40.0,40.0,2013-07-22 09:41:50,2026-06-25 13:32:56,1,,3,
212721828020004,247065268010661,2012,54,79,879,225,4,1,,6,3,5,,,24.0,24.0,24.0,24.0,24.0,24.0,40.0,40.0,40.0,2013-07-22 09:41:50,2026-06-25 13:32:56,1,,3,
212721825020004,247065268010661,2012,54,79,879,270,1,1,,2,2,1,,,24.0,24.0,24.0,24.0,24.0,24.0,40.0,40.0,40.0,2013-07-22 09:41:50,2026-06-25 13:32:56,1,,3,
212721826020004,247065268010661,2012,54,79,879,360,2,1,,11,4,1,,,24.0,24.0,24.0,24.0,24.0,24.0,40.0,40.0,40.0,2013-07-22 09:41:50,2026-06-25 13:32:56,1,,3,
212727461020004,247065409010661,2012,54,81,128,135,3,1,,,,,,,24.0,0.0,24.0,24.0,0.0,24.0,40.0,0.0,40.0,2013-08-12 11:27:27,2026-06-25 13:32:57,1,,3,
212727462020004,247065409010661,2012,54,81,128,225,4,1,,,,,,,24.0,0.0,24.0,24.0,0.0,24.0,40.0,0.0,40.0,2013-08-12 11:27:27,2026-06-25 13:32:57,1,,3,
212727459020004,247065409010661,2012,54,81,128,270,1,1,,,,,,,24.0,0.0,24.0,24.0,0.0,24.0,40.0,0.0,40.0,2013-08-12 11:27:27,2026-06-25 13:32:57,1,,3,
212727460020004,247065409010661,2012,54,81,128,360,2,1,,,,,,,24.0,0.0,24.0,24.0,0.0,24.0,40.0,0.0,40.0,2013-08-12 11:27:27,2026-06-25 13:32:57,1,,3,
212730758020004,247065490010661,2012,54,81,769,135,3,1,,,,,,,24.0,0.0,24.0,24.0,0.0,24.0,40.0,0.0,40.0,2013-08-12 11:27:28,2026-06-25 13:32:54,1,,3,
212730759020004,247065490010661,2012,54,81,769,225,4,1,,,,,,,24.0,0.0,24.0,24.0,0.0,24.0,40.0,0.0,40.0,2013-08-12 11:27:28,2026-06-25 13:32:54,1,,3,
212730756020004,247065490010661,2012,54,81,769,270,1,1,,,,,,,24.0,0.0,24.0,24.0,0.0,24.0,40.0,0.0,40.0,2013-08-12 11:27:28,2026-06-25 13:32:54,1,,3,
212730757020004,247065490010661,2012,54,81,769,360,2,1,,,,,,,24.0,0.0,24.0,24.0,0.0,24.0,40.0,0.0,40.0,2013-08-12 11:27:28,2026-06-25 13:32:54,1,,3,
212733498020004,247065552010661,2012,54,83,112,135,3,1,,66,18,0,,,18.0,18.0,24.0,18.0,18.0,24.0,30.0,30.0,40.0,2013-07-22 09:41:51,2026-06-25 13:32:54,1,,3,
212733499020004,247065552010661,2012,54,83,112,225,4,2,,,,,,,6.0,18.0,24.0,6.0,18.0,24.0,10.0,30.0,40.0,2013-07-22 09:41:51,2026-06-25 13:32:54,1,,3,
212733496020004,247065552010661,2012,54,83,112,270,1,1,,2,0,0,,,18.0,18.0,24.0,18.0,18.0,24.0,30.0,30.0,40.0,2013-07-22 09:41:51,2026-06-25 13:32:54,1,,3,
212733497020004,247065552010661,2012,54,83,112,360,2,1,,0,1,1,,,18.0,18.0,24.0,18.0,18.0,24.0,30.0,30.0,40.0,2013-07-22 09:41:51,2026-06-25 13:32:54,1,,3,
212724143020004,247065329010661,2012,54,85,240,135,3,1,,,,,,,24.0,0.0,24.0,24.0,0.0,24.0,40.0,0.0,40.0,2013-07-22 09:41:50,2026-06-25 13:32:55,1,,3,
212724144020004,247065329010661,2012,54,85,240,225,4,1,,,,,,,24.0,0.0,24.0,24.0,0.0,24.0,40.0,0.0,40.0,2013-07-22 09:41:50,2026-06-25 13:32:55,1,,3,
212724141020004,247065329010661,2012,54,85,240,270,1,1,,,,,,,24.0,0.0,24.0,24.0,0.0,24.0,40.0,0.0,40.0,2013-07-22 09:41:50,2026-06-25 13:32:55,1,,3,
212724142020004,247065329010661,2012,54,85,240,360,2,1,,,,,,,24.0,0.0,24.0,24.0,0.0,24.0,40.0,0.0,40.0,2013-07-22 09:41:50,2026-06-25 13:32:55,1,,3,
212724654020004,247065340010661,2012,54,87,275,135,3,1,,1,0,0,,,24.0,24.0,24.0,24.0,24.0,24.0,40.0,40.0,40.0,2013-07-22 09:41:50,2026-06-25 13:32:56,1,,3,
212724655020004,247065340010661,2012,54,87,275,225,4,1,,2,1,0,,,24.0,24.0,24.0,24.0,24.0,24.0,40.0,40.0,40.0,2013-07-22 09:41:50,2026-06-25 13:32:56,1,,3,
212724652020004,247065340010661,2012,54,87,275,270,1,1,,6,4,2,,,24.0,24.0,24.0,24.0,24.0,24.0,40.0,40.0,40.0,2013-07-22 09:41:50,2026-06-25 13:32:56,1,,3,
212724653020004,247065340010661,2012,54,87,275,360,2,1,,7,5,2,,,24.0,24.0,24.0,24.0,24.0,24.0,40.0,40.0,40.0,2013-07-22 09:41:50,2026-06-25 13:32:56,1,,3,
212730822020004,247065491010661,2012,54,89,2204,135,3,1,,,,,,,24.0,0.0,24.0,24.0,0.0,24.0,40.0,0.0,40.0,2013-07-22 09:41:51,2026-06-25 13:32:55,1,,3,
212730823020004,247065491010661,2012,54,89,2204,225,4,1,,,,,,,24.0,0.0,24.0,24.0,0.0,24.0,40.0,0.0,40.0,2013-07-22 09:41:51,2026-06-25 13:32:55,1,,3,
212730820020004,247065491010661,2012,54,89,2204,270,1,1,,,,,,,24.0,0.0,24.0,24.0,0.0,24.0,40.0,0.0,40.0,2013-07-22 09:41:51,2026-06-25 13:32:55,1,,3,
212730821020004,247065491010661,2012,54,89,2204,360,2,1,,,,,,,24.0,0.0,24.0,24.0,0.0,24.0,40.0,0.0,40.0,2013-07-22 09:41:51,2026-06-25 13:32:55,1,,3,
212733085020004,247065539010661,2012,54,91,1952,135,3,1,,2,2,4,,,24.0,24.0,24.0,24.0,24.0,24.0,40.0,40.0,40.0,2013-07-22 09:41:51,2026-06-25 13:32:56,1,,3,
212733086020004,247065539010661,2012,54,91,1952,225,4,1,,12,1,3,,,24.0,24.0,24.0,24.0,24.0,24.0,40.0,40.0,40.0,2013-07-22 09:41:51,2026-06-25 13:32:56,1,,3,
212733083020004,247065539010661,2012,54,91,1952,270,1,1,,9,0,3,,,24.0,24.0,24.0,24.0,24.0,24.0,40.0,40.0,40.0,2013-07-22 09:41:51,2026-06-25 13:32:56,1,,3,
212733084020004,247065539010661,2012,54,91,1952,360,2,1,,7,1,0,,,24.0,24.0,24.0,24.0,24.0,24.0,40.0,40.0,40.0,2013-07-22 09:41:51,2026-06-25 13:32:56,1,,3,
212735929020004,247065618010661,2012,54,93,857,135,3,1,,12,4,1,,,24.0,24.0,24.0,24.0,24.0,24.0,40.0,40.0,40.0,2013-07-22 09:41:51,2026-06-25 13:32:55,1,,3,
212735930020004,247065618010661,2012,54,93,857,225,4,1,,11,1,2,,,24.0,24.0,24.0,24.0,24.0,24.0,40.0,40.0,40.0,2013-07-22 09:41:51,2026-06-25 13:32:55,1,,3,
212735927020004,247065618010661,2012,54,93,857,270,1,1,,6,0,0,,,24.0,24.0,24.0,24.0,24.0,24.0,40.0,40.0,40.0,2013-07-22 09:41:51,2026-06-25 13:32:55,1,,3,
212735928020004,247065618010661,2012,54,93,857,360,2,1,,9,1,1,,,24.0,24.0,24.0,24.0,24.0,24.0,40.0,40.0,40.0,2013-07-22 09:41:51,2026-06-25 13:32:55,1,,3,
212731128020004,247065501010661,2012,54,97,2408,135,3,2,,3,1,0,,,12.0,24.0,24.0,12.0,24.0,24.0,20.0,40.0,40.0,2013-07-22 09:41:51,2026-06-25 13:32:56,1,,3,
212731129020004,247065501010661,2012,54,97,2408,225,4,2,,2,1,0,,,12.0,24.0,24.0,12.0,24.0,24.0,20.0,40.0,40.0,2013-07-22 09:41:51,2026-06-25 13:32:56,1,,3,
212731126020004,247065501010661,2012,54,97,2408,270,1,1,,,,,,,12.0,24.0,24.0,12.0,24.0,24.0,20.0,40.0,40.0,2013-07-22 09:41:51,2026-06-25 13:32:56,1,,3,
212731127020004,247065501010661,2012,54,97,2408,360,2,1,,,,,,,12.0,24.0,24.0,12.0,24.0,24.0,20.0,40.0,40.0,2013-07-22 09:41:51,2026-06-25 13:32:56,1,,3,
212722342020004,247065281010661,2012,54,99,673,135,3,1,,,,,,,24.0,0.0,24.0,24.0,0.0,24.0,40.0,0.0,40.0,2013-08-12 11:27:27,2026-06-25 13:32:54,1,,3,
212722343020004,247065281010661,2012,54,99,673,225,4,1,,,,,,,24.0,0.0,24.0,24.0,0.0,24.0,40.0,0.0,40.0,2013-08-12 11:27:27,2026-06-25 13:32:54,1,,3,
212722340020004,247065281010661,2012,54,99,673,270,1,1,,,,,,,24.0,0.0,24.0,24.0,0.0,24.0,40.0,0.0,40.0,2013-08-12 11:27:27,2026-06-25 13:32:54,1,,3,
212722341020004,247065281010661,2012,54,99,673,360,2,1,,,,,,,24.0,0.0,24.0,24.0,0.0,24.0,40.0,0.0,40.0,2013-08-12 11:27:27,2026-06-25 13:32:54,1,,3,
212720344020004,247065235010661,2012,54,99,1250,135,3,1,,9,0,3,,,24.0,24.0,24.0,24.0,24.0,24.0,40.0,40.0,40.0,2013-08-12 11:27:27,2026-06-25 13:32:56,1,,3,
212720345020004,247065235010661,2012,54,99,1250,225,4,1,,5,1,1,,,24.0,24.0,24.0,24.0,24.0,24.0,40.0,40.0,40.0,2013-08-12 11:27:27,2026-06-25 13:32:56,1,,3,
212720342020004,247065235010661,2012,54,99,1250,270,1,1,,3,3,2,,,24.0,24.0,24.0,24.0,24.0,24.0,40.0,40.0,40.0,2013-08-12 11:27:27,2026-06-25 13:32:56,1,,3,
212720343020004,247065235010661,2012,54,99,1250,360,2,1,,12,1,1,,,24.0,24.0,24.0,24.0,24.0,24.0,40.0,40.0,40.0,2013-08-12 11:27:27,2026-06-25 13:32:56,1,,3,
212720141020004,247065232010661,2012,54,99,1644,135,3,1,,,,,,,24.0,0.0,24.0,24.0,0.0,24.0,40.0,0.0,40.0,2013-08-12 11:27:27,2026-06-25 13:32:54,1,,3,
212720142020004,247065232010661,2012,54,99,1644,225,4,1,,,,,,,24.0,0.0,24.0,24.0,0.0,24.0,40.0,0.0,40.0,2013-08-12 11:27:27,2026-06-25 13:32:54,1,,3,
212720139020004,247065232010661,2012,54,99,1644,270,1,1,,,,,,,24.0,0.0,24.0,24.0,0.0,24.0,40.0,0.0,40.0,2013-08-12 11:27:27,2026-06-25 13:32:54,1,,3,
212720140020004,247065232010661,2012,54,99,1644,360,2,1,,,,,,,24.0,0.0,24.0,24.0,0.0,24.0,40.0,0.0,40.0,2013-08-12 11:27:27,2026-06-25 13:32:54,1,,3,
212731743020004,247065514010661,2012,54,101,696,135,3,1,,8,3,0,,,18.0,24.0,24.0,18.0,24.0,24.0,30.0,40.0,40.0,2013-07-22 09:41:51,2026-06-25 13:32:57,1,,3,
212731744020004,247065514010661,2012,54,101,696,225,4,2,,,,,,,6.0,24.0,24.0,6.0,24.0,24.0,10.0,40.0,40.0,2013-07-22 09:41:51,2026-06-25 13:32:57,1,,3,
212731741020004,247065514010661,2012,54,101,696,270,1,1,,16,5,5,,,18.0,24.0,24.0,18.0,24.0,24.0,30.0,40.0,40.0,2013-07-22 09:41:51,2026-06-25 13:32:57,1,,3,
212731742020004,247065514010661,2012,54,101,696,360,2,1,,4,2,2,,,18.0,24.0,24.0,18.0,24.0,24.0,30.0,40.0,40.0,2013-07-22 09:41:51,2026-06-25 13:32:57,1,,3,
212719737020004,247065218010661,2012,54,109,250,135,3,1,,23,10,4,,,24.0,24.0,24.0,24.0,24.0,24.0,40.0,40.0,40.0,2013-07-22 09:41:50,2026-06-25 13:32:55,1,,3,
212719738020004,247065218010661,2012,54,109,250,225,4,1,,17,6,2,,,24.0,24.0,24.0,24.0,24.0,24.0,40.0,40.0,40.0,2013-07-22 09:41:50,2026-06-25 13:32:55,1,,3,
212719735020004,247065218010661,2012,54,109,250,270,1,1,,8,4,5,,,24.0,24.0,24.0,24.0,24.0,24.0,40.0,40.0,40.0,2013-07-22 09:41:50,2026-06-25 13:32:55,1,,3,
212719736020004,247065218010661,2012,54,109,250,360,2,1,,17,4,3,,,24.0,24.0,24.0,24.0,24.0,24.0,40.0,40.0,40.0,2013-07-22 09:41:50,2026-06-25 13:32:55,1,,3,
212726205020004,247065383010661,2012,54,109,379,135,3,2,,4,1,0,,,6.0,24.0,24.0,6.0,24.0,24.0,10.0,40.0,40.0,2013-07-22 09:41:51,2026-06-25 13:32:55,1,,3,
212726206020004,247065383010661,2012,54,109,379,225,4,1,,7,3,2,,,18.0,24.0,24.0,18.0,24.0,24.0,30.0,40.0,40.0,2013-07-22 09:41:51,2026-06-25 13:32:55,1,,3,
212726203020004,247065383010661,2012,54,109,379,270,1,1,,9,2,0,,,18.0,24.0,24.0,18.0,24.0,24.0,30.0,40.0,40.0,2013-07-22 09:41:51,2026-06-25 13:32:55,1,,3,
212726204020004,247065383010661,2012,54,109,379,360,2,1,,10,1,1,,,18.0,24.0,24.0,18.0,24.0,24.0,30.0,40.0,40.0,2013-07-22 09:41:51,2026-06-25 13:32:55,1,,3,
212727665020004,247065414010661,2012,54,109,1857,135,3,2,,,,,,,6.0,18.0,24.0,6.0,18.0,24.0,10.0,30.0,40.0,2013-08-12 11:27:27,2026-06-25 13:32:56,1,,3,
212727666020004,247065414010661,2012,54,109,1857,225,4,1,,7,2,2,,,18.0,18.0,24.0,18.0,18.0,24.0,30.0,30.0,40.0,2013-08-12 11:27:27,2026-06-25 13:32:56,1,,3,
212727663020004,247065414010661,2012,54,109,1857,270,1,1,,1,1,2,,,18.0,18.0,24.0,18.0,18.0,24.0,30.0,30.0,40.0,2013-08-12 11:27:27,2026-06-25 13:32:56,1,,3,
212727664020004,247065414010661,2012,54,109,1857,360,2,1,,6,6,0,,,18.0,18.0,24.0,18.0,18.0,24.0,30.0,30.0,40.0,2013-08-12 11:27:27,2026-06-25 13:32:56,1,,3,
273350166489998,29637198020004,2013,54,1,2226,135,3,1,,12,1,5,,,24.0,24.0,24.0,24.0,24.0,24.0,40.0,40.0,40.0,2014-08-01 12:24:20,2026-06-25 13:32:57,1,,3,
273350167489998,29637198020004,2013,54,1,2226,225,4,1,,8,1,4,,,24.0,24.0,24.0,24.0,24.0,24.0,40.0,40.0,40.0,2014-08-01 12:24:20,2026-06-25 13:32:57,1,,3,
273350164489998,29637198020004,2013,54,1,2226,270,1,1,,12,2,5,,,24.0,24.0,24.0,24.0,24.0,24.0,40.0,40.0,40.0,2014-08-01 12:24:20,2026-06-25 13:32:57,1,,3,
273350165489998,29637198020004,2013,54,1,2226,360,2,1,,7,3,0,,,24.0,24.0,24.0,24.0,24.0,24.0,40.0,40.0,40.0,2014-08-01 12:24:20,2026-06-25 13:32:57,1,,3,
273352891489998,29637260020004,2013,54,5,421,135,3,1,,17,2,0,,,24.0,24.0,24.0,24.0,24.0,24.0,40.0,40.0,40.0,2014-08-01 12:24:20,2026-06-25 13:32:57,1,,3,
273352892489998,29637260020004,2013,54,5,421,225,4,1,,29,6,1,,,24.0,24.0,24.0,24.0,24.0,24.0,40.0,40.0,40.0,2014-08-01 12:24:20,2026-06-25 13:32:57,1,,3,
273352889489998,29637260020004,2013,54,5,421,270,1,1,,15,6,2,,,24.0,24.0,24.0,24.0,24.0,24.0,40.0,40.0,40.0,2014-08-01 12:24:20,2026-06-25 13:32:57,1,,3,
273352890489998,29637260020004,2013,54,5,421,360,2,1,,9,2,0,,,24.0,24.0,24.0,24.0,24.0,24.0,40.0,40.0,40.0,2014-08-01 12:24:20,2026-06-25 13:32:57,1,,3,
273351698489998,29637241020004,2013,54,5,2111,135,3,2,,39,5,1,,,6.0,24.0,24.0,6.0,24.0,24.0,10.0,40.0,40.0,2014-08-01 12:24:20,2026-06-25 13:32:57,1,,3,
273351699489998,29637241020004,2013,54,5,2111,225,4,1,,17,2,2,,,18.0,24.0,24.0,18.0,24.0,24.0,30.0,40.0,40.0,2014-08-01 12:24:20,2026-06-25 13:32:57,1,,3,
273351696489998,29637241020004,2013,54,5,2111,270,1,1,,9,2,0,,,18.0,24.0,24.0,18.0,24.0,24.0,30.0,40.0,40.0,2014-08-01 12:24:20,2026-06-25 13:32:57,1,,3,
273351697489998,29637241020004,2013,54,5,2111,360,2,1,,10,2,0,,,18.0,24.0,24.0,18.0,24.0,24.0,30.0,40.0,40.0,2014-08-01 12:24:20,2026-06-25 13:32:57,1,,3,
273365363489998,29637536020004,2013,54,7,1131,135,3,1,,17,8,1,,,24.0,24.0,24.0,24.0,24.0,24.0,40.0,40.0,40.0,2014-08-01 12:24:21,2026-06-25 13:32:55,1,,3,
273365364489998,29637536020004,2013,54,7,1131,225,4,1,,12,3,6,,,24.0,24.0,24.0,24.0,24.0,24.0,40.0,40.0,40.0,2014-08-01 12:24:21,2026-06-25 13:32:55,1,,3,
273365361489998,29637536020004,2013,54,7,1131,270,1,1,,12,2,0,,,24.0,24.0,24.0,24.0,24.0,24.0,40.0,40.0,40.0,2014-08-01 12:24:21,2026-06-25 13:32:55,1,,3,
273365362489998,29637536020004,2013,54,7,1131,360,2,1,,9,2,3,,,24.0,24.0,24.0,24.0,24.0,24.0,40.0,40.0,40.0,2014-08-01 12:24:21,2026-06-25 13:32:55,1,,3,
273365497489998,29637539020004,2013,54,7,1147,135,3,1,,,,,,,24.0,0.0,24.0,24.0,0.0,24.0,40.0,0.0,40.0,2014-08-01 12:24:21,2026-06-25 13:32:57,1,,3,
273365498489998,29637539020004,2013,54,7,1147,225,4,1,,,,,,,24.0,0.0,24.0,24.0,0.0,24.0,40.0,0.0,40.0,2014-08-01 12:24:21,2026-06-25 13:32:57,1,,3,
273365495489998,29637539020004,2013,54,7,1147,270,1,1,,,,,,,24.0,0.0,24.0,24.0,0.0,24.0,40.0,0.0,40.0,2014-08-01 12:24:21,2026-06-25 13:32:57,1,,3,
273365496489998,29637539020004,2013,54,7,1147,360,2,1,,,,,,,24.0,0.0,24.0,24.0,0.0,24.0,40.0,0.0,40.0,2014-08-01 12:24:21,2026-06-25 13:32:57,1,,3,
273365213489998,29637533020004,2013,54,7,1587,135,3,1,,17,3,1,,,24.0,24.0,24.0,24.0,24.0,24.0,40.0,40.0,40.0,2014-08-01 12:24:21,2026-06-25 13:32:57,1,,3,
273365214489998,29637533020004,2013,54,7,1587,225,4,1,,12,4,0,,,24.0,24.0,24.0,24.0,24.0,24.0,40.0,40.0,40.0,2014-08-01 12:24:21,2026-06-25 13:32:57,1,,3,
273365211489998,29637533020004,2013,54,7,1587,270,1,1,,7,3,2,,,24.0,24.0,24.0,24.0,24.0,24.0,40.0,40.0,40.0,2014-08-01 12:24:21,2026-06-25 13:32:57,1,,3,
273365212489998,29637533020004,2013,54,7,1587,360,2,1,,4,0,0,,,24.0,24.0,24.0,24.0,24.0,24.0,40.0,40.0,40.0,2014-08-01 12:24:21,2026-06-25 13:32:57,1,,3,
273358499489998,29637379020004,2013,54,11,26,135,3,1,,0,0,1,,,18.0,24.0,24.0,18.0,24.0,24.0,30.0,40.0,40.0,2014-08-01 12:24:20,2026-06-25 13:32:56,1,,3,
273358500489998,29637379020004,2013,54,11,26,225,4,1,,6,0,3,,,18.0,24.0,24.0,18.0,24.0,24.0,30.0,40.0,40.0,2014-08-01 12:24:20,2026-06-25 13:32:56,1,,3,
273358497489998,29637379020004,2013,54,11,26,270,1,1,,10,9,1,,,18.0,24.0,24.0,18.0,24.0,24.0,30.0,40.0,40.0,2014-08-01 12:24:20,2026-06-25 13:32:56,1,,3,
273358498489998,29637379020004,2013,54,11,26,360,2,2,,2,0,2,,,6.0,24.0,24.0,6.0,24.0,24.0,10.0,40.0,40.0,2014-08-01 12:24:20,2026-06-25 13:32:56,1,,3,
273355211489998,29637311020004,2013,54,13,17,135,3,1,,5,2,0,,,18.0,24.0,24.0,18.0,24.0,24.0,30.0,36.0,40.0,2014-08-01 12:24:20,2026-06-25 13:32:57,1,,3,
273355212489998,29637311020004,2013,54,13,17,225,4,1,,8,1,0,,,18.0,24.0,24.0,18.0,24.0,24.0,30.0,36.0,40.0,2014-08-01 12:24:20,2026-06-25 13:32:57,1,,3,
273355208489998,29637311020004,2013,54,13,17,270,1,1,,1,0,0,,,18.0,24.0,24.0,18.0,24.0,24.0,30.0,36.0,40.0,2014-08-01 12:24:20,2026-06-25 13:32:57,1,,3,
273355209489998,29637311020004,2013,54,13,17,360,2,2,,,,,,,6.0,24.0,24.0,6.0,24.0,24.0,6.0,36.0,40.0,2014-08-01 12:24:20,2026-06-25 13:32:57,1,,3,
273355210489998,29637311020004,2013,54,13,17,360,2,3,,,,,,,0.0,24.0,24.0,0.0,24.0,24.0,4.0,36.0,40.0,2014-08-01 12:24:20,2026-06-25 13:32:57,1,,3,
273362295489998,29637468020004,2013,54,15,1484,135,3,1,,10,1,1,,,24.0,24.0,24.0,24.0,24.0,24.0,40.0,40.0,40.0,2014-08-01 12:24:21,2026-06-25 13:32:57,1,,3,
273362296489998,29637468020004,2013,54,15,1484,225,4,1,,7,1,0,,,24.0,24.0,24.0,24.0,24.0,24.0,40.0,40.0,40.0,2014-08-01 12:24:21,2026-06-25 13:32:57,1,,3,
273362293489998,29637468020004,2013,54,15,1484,270,1,1,,10,1,0,,,24.0,24.0,24.0,24.0,24.0,24.0,40.0,40.0,40.0,2014-08-01 12:24:21,2026-06-25 13:32:57,1,,3,
273362294489998,29637468020004,2013,54,15,1484,360,2,1,,11,1,0,,,24.0,24.0,24.0,24.0,24.0,24.0,40.0,40.0,40.0,2014-08-01 12:24:21,2026-06-25 13:32:57,1,,3,
273345334489998,29637078020004,2013,54,19,442,135,3,1,,7,1,1,,,24.0,24.0,24.0,24.0,24.0,24.0,40.0,40.0,40.0,2014-08-01 12:24:19,2026-06-25 13:32:57,1,,3,
273345335489998,29637078020004,2013,54,19,442,225,4,1,,7,2,1,,,24.0,24.0,24.0,24.0,24.0,24.0,40.0,40.0,40.0,2014-08-01 12:24:19,2026-06-25 13:32:57,1,,3,
273345332489998,29637078020004,2013,54,19,442,270,1,1,,5,1,0,,,24.0,24.0,24.0,24.0,24.0,24.0,40.0,40.0,40.0,2014-08-01 12:24:19,2026-06-25 13:32:57,1,,3,
273345333489998,29637078020004,2013,54,19,442,360,2,1,,10,2,1,,,24.0,24.0,24.0,24.0,24.0,24.0,40.0,40.0,40.0,2014-08-01 12:24:19,2026-06-25 13:32:57,1,,3,
273362985489998,29637479020004,2013,54,19,1116,135,3,1,,20,7,4,,,24.0,24.0,24.0,24.0,24.0,24.0,40.0,40.0,40.0,2014-08-01 12:24:21,2026-06-25 13:32:57,1,,3,
273362986489998,29637479020004,2013,54,19,1116,225,4,1,,45,4,4,,,24.0,24.0,24.0,24.0,24.0,24.0,40.0,40.0,40.0,2014-08-01 12:24:21,2026-06-25 13:32:57,1,,3,
273362983489998,29637479020004,2013,54,19,1116,270,1,1,,9,5,1,,,24.0,24.0,24.0,24.0,24.0,24.0,40.0,40.0,40.0,2014-08-01 12:24:21,2026-06-25 13:32:57,1,,3,
273362984489998,29637479020004,2013,54,19,1116,360,2,1,,8,5,3,,,24.0,24.0,24.0,24.0,24.0,24.0,40.0,40.0,40.0,2014-08-01 12:24:21,2026-06-25 13:32:57,1,,3,
273354872489998,29637305020004,2013,54,21,521,135,3,1,,0,0,0,,,24.0,24.0,24.0,24.0,24.0,24.0,40.0,40.0,40.0,2014-08-01 12:24:20,2026-06-25 13:32:56,1,,3,
273354873489998,29637305020004,2013,54,21,521,225,4,1,,3,1,1,,,24.0,24.0,24.0,24.0,24.0,24.0,40.0,40.0,40.0,2014-08-01 12:24:20,2026-06-25 13:32:56,1,,3,
273354870489998,29637305020004,2013,54,21,521,270,1,1,,7,1,1,,,24.0,24.0,24.0,24.0,24.0,24.0,40.0,40.0,40.0,2014-08-01 12:24:20,2026-06-25 13:32:56,1,,3,
273354871489998,29637305020004,2013,54,21,521,360,2,1,,16,3,0,,,24.0,24.0,24.0,24.0,24.0,24.0,40.0,40.0,40.0,2014-08-01 12:24:20,2026-06-25 13:32:56,1,,3,
273346632489998,29637112020004,2013,54,23,629,135,3,1,,,,,,,24.0,0.0,24.0,24.0,0.0,24.0,40.0,0.0,40.0,2014-08-01 12:24:20,2026-06-25 13:32:55,1,,3,
273346633489998,29637112020004,2013,54,23,629,225,4,1,,,,,,,24.0,0.0,24.0,24.0,0.0,24.0,40.0,0.0,40.0,2014-08-01 12:24:20,2026-06-25 13:32:55,1,,3,
273346630489998,29637112020004,2013,54,23,629,270,1,1,,,,,,,24.0,0.0,24.0,24.0,0.0,24.0,40.0,0.0,40.0,2014-08-01 12:24:20,2026-06-25 13:32:55,1,,3,
273346631489998,29637112020004,2013,54,23,629,360,2,1,,,,,,,24.0,0.0,24.0,24.0,0.0,24.0,40.0,0.0,40.0,2014-08-01 12:24:20,2026-06-25 13:32:55,1,,3,
273346707489998,29637113020004,2013,54,23,717,135,3,3,,,,,,,6.0,24.0,24.0,6.0,24.0,24.0,10.0,40.0,40.0,2014-08-01 12:24:20,2026-06-25 13:32:56,1,,3,
273346708489998,29637113020004,2013,54,23,717,225,4,1,,12,3,2,,,12.0,24.0,24.0,12.0,24.0,24.0,20.0,40.0,40.0,2014-08-01 12:24:20,2026-06-25 13:32:56,1,,3,
273346705489998,29637113020004,2013,54,23,717,270,1,1,,7,2,3,,,12.0,24.0,24.0,12.0,24.0,24.0,20.0,40.0,40.0,2014-08-01 12:24:20,2026-06-25 13:32:56,1,,3,
273346706489998,29637113020004,2013,54,23,717,360,2,2,,,,,,,6.0,24.0,24.0,6.0,24.0,24.0,10.0,40.0,40.0,2014-08-01 12:24:20,2026-06-25 13:32:56,1,,3,
273349307489998,29637176020004,2013,54,25,286,135,3,1,,,,,,,24.0,0.0,24.0,24.0,0.0,24.0,40.0,0.0,40.0,2014-08-01 12:24:20,2026-06-25 13:32:56,1,,3,
273349308489998,29637176020004,2013,54,25,286,225,4,1,,,,,,,24.0,0.0,24.0,24.0,0.0,24.0,40.0,0.0,40.0,2014-08-01 12:24:20,2026-06-25 13:32:56,1,,3,
273349305489998,29637176020004,2013,54,25,286,270,1,1,,,,,,,24.0,0.0,24.0,24.0,0.0,24.0,40.0,0.0,40.0,2014-08-01 12:24:20,2026-06-25 13:32:56,1,,3,
273349306489998,29637176020004,2013,54,25,286,360,2,1,,,,,,,24.0,0.0,24.0,24.0,0.0,24.0,40.0,0.0,40.0,2014-08-01 12:24:20,2026-06-25 13:32:56,1,,3,
273367008489998,29637567020004,2013,54,27,188,135,3,1,,7,3,2,,,24.0,24.0,24.0,24.0,24.0,24.0,40.0,40.0,40.0,2014-08-01 12:24:21,2026-06-25 13:32:56,1,,3,
273367009489998,29637567020004,2013,54,27,188,225,4,1,,6,1,0,,,24.0,24.0,24.0,24.0,24.0,24.0,40.0,40.0,40.0,2014-08-01 12:24:21,2026-06-25 13:32:56,1,,3,
273367006489998,29637567020004,2013,54,27,188,270,1,1,,8,5,0,,,24.0,24.0,24.0,24.0,24.0,24.0,40.0,40.0,40.0,2014-08-01 12:24:21,2026-06-25 13:32:56,1,,3,
273367007489998,29637567020004,2013,54,27,188,360,2,1,,7,2,1,,,24.0,24.0,24.0,24.0,24.0,24.0,40.0,40.0,40.0,2014-08-01 12:24:21,2026-06-25 13:32:56,1,,3,
273349788489998,29637189020004,2013,54,27,1658,135,3,1,,7,1,0,,,24.0,24.0,24.0,24.0,24.0,24.0,40.0,40.0,40.0,2014-08-01 12:24:20,2026-06-25 13:32:56,1,,3,
273349789489998,29637189020004,2013,54,27,1658,225,4,1,,7,2,1,,,24.0,24.0,24.0,24.0,24.0,24.0,40.0,40.0,40.0,2014-08-01 12:24:20,2026-06-25 13:32:56,1,,3,
273349786489998,29637189020004,2013,54,27,1658,270,1,1,,10,4,5,,,24.0,24.0,24.0,24.0,24.0,24.0,40.0,40.0,40.0,2014-08-01 12:24:20,2026-06-25 13:32:56,1,,3,
273349787489998,29637189020004,2013,54,27,1658,360,2,1,,25,4,2,,,24.0,24.0,24.0,24.0,24.0,24.0,40.0,40.0,40.0,2014-08-01 12:24:20,2026-06-25 13:32:56,1,,3,
273347562489998,29637132020004,2013,54,29,2007,135,3,1,,12,3,2,,,24.0,24.0,24.0,24.0,24.0,24.0,40.0,40.0,40.0,2014-08-01 12:24:20,2026-06-25 13:32:56,1,,3,
273347563489998,29637132020004,2013,54,29,2007,225,4,1,,17,6,0,,,24.0,24.0,24.0,24.0,24.0,24.0,40.0,40.0,40.0,2014-08-01 12:24:20,2026-06-25 13:32:56,1,,3,
273347560489998,29637132020004,2013,54,29,2007,270,1,1,,10,5,0,,,24.0,24.0,24.0,24.0,24.0,24.0,40.0,40.0,40.0,2014-08-01 12:24:20,2026-06-25 13:32:56,1,,3,
273347561489998,29637132020004,2013,54,29,2007,360,2,1,,21,7,2,,,24.0,24.0,24.0,24.0,24.0,24.0,40.0,40.0,40.0,2014-08-01 12:24:20,2026-06-25 13:32:56,1,,3,
273367417489998,29637579020004,2013,54,31,608,135,3,1,,,,,,,24.0,0.0,24.0,24.0,0.0,24.0,40.0,0.0,40.0,2014-08-01 12:24:21,2026-06-25 13:32:57,1,,3,
273367418489998,29637579020004,2013,54,31,608,225,4,1,,,,,,,24.0,0.0,24.0,24.0,0.0,24.0,40.0,0.0,40.0,2014-08-01 12:24:21,2026-06-25 13:32:57,1,,3,
273367415489998,29637579020004,2013,54,31,608,270,1,1,,,,,,,24.0,0.0,24.0,24.0,0.0,24.0,40.0,0.0,40.0,2014-08-01 12:24:21,2026-06-25 13:32:57,1,,3,
273367416489998,29637579020004,2013,54,31,608,360,2,1,,,,,,,24.0,0.0,24.0,24.0,0.0,24.0,40.0,0.0,40.0,2014-08-01 12:24:21,2026-06-25 13:32:57,1,,3,
273364149489998,29637512020004,2013,54,33,968,135,3,1,,,,,,,24.0,0.0,24.0,24.0,0.0,24.0,40.0,0.0,40.0,2014-08-01 12:24:21,2026-06-25 13:32:57,1,,3,
273364150489998,29637512020004,2013,54,33,968,225,4,1,,,,,,,24.0,0.0,24.0,24.0,0.0,24.0,40.0,0.0,40.0,2014-08-01 12:24:21,2026-06-25 13:32:57,1,,3,
273364147489998,29637512020004,2013,54,33,968,270,1,1,,,,,,,24.0,0.0,24.0,24.0,0.0,24.0,40.0,0.0,40.0,2014-08-01 12:24:21,2026-06-25 13:32:57,1,,3,
273364148489998,29637512020004,2013,54,33,968,360,2,1,,,,,,,24.0,0.0,24.0,24.0,0.0,24.0,40.0,0.0,40.0,2014-08-01 12:24:21,2026-06-25 13:32:57,1,,3,
273364284489998,29637515020004,2013,54,33,1497,135,3,2,,,,,,,6.0,24.0,24.0,6.0,24.0,24.0,10.0,40.0,40.0,2014-08-01 12:24:21,2026-06-25 13:32:55,1,,3,
273364285489998,29637515020004,2013,54,33,1497,225,4,1,,8,0,2,,,18.0,24.0,24.0,18.0,24.0,24.0,30.0,40.0,40.0,2014-08-01 12:24:21,2026-06-25 13:32:55,1,,3,
273364282489998,29637515020004,2013,54,33,1497,270,1,1,,14,3,1,,,18.0,24.0,24.0,18.0,24.0,24.0,30.0,40.0,40.0,2014-08-01 12:24:21,2026-06-25 13:32:55,1,,3,
273364283489998,29637515020004,2013,54,33,1497,360,2,1,,9,2,0,,,18.0,24.0,24.0,18.0,24.0,24.0,30.0,40.0,40.0,2014-08-01 12:24:21,2026-06-25 13:32:55,1,,3,
273351121489998,29637227020004,2013,54,35,893,135,3,1,,,,,,,24.0,0.0,24.0,24.0,0.0,24.0,40.0,0.0,40.0,2014-08-01 12:24:20,2026-06-25 13:32:54,1,,3,
273351122489998,29637227020004,2013,54,35,893,225,4,1,,,,,,,24.0,0.0,24.0,24.0,0.0,24.0,40.0,0.0,40.0,2014-08-01 12:24:20,2026-06-25 13:32:54,1,,3,
273351119489998,29637227020004,2013,54,35,893,270,1,1,,,,,,,24.0,0.0,24.0,24.0,0.0,24.0,40.0,0.0,40.0,2014-08-01 12:24:20,2026-06-25 13:32:54,1,,3,
273351120489998,29637227020004,2013,54,35,893,360,2,1,,,,,,,24.0,0.0,24.0,24.0,0.0,24.0,40.0,0.0,40.0,2014-08-01 12:24:20,2026-06-25 13:32:54,1,,3,
273367510489998,29637585020004,2013,54,37,222,135,3,2,,,,,,,6.0,18.0,24.0,6.0,18.0,24.0,10.0,30.0,40.0,2014-08-01 12:24:21,2026-06-25 13:32:55,1,,3,
273367511489998,29637585020004,2013,54,37,222,225,4,1,,,,,,,18.0,18.0,24.0,18.0,18.0,24.0,30.0,30.0,40.0,2014-08-01 12:24:21,2026-06-25 13:32:55,1,,3,
273367508489998,29637585020004,2013,54,37,222,270,1,1,,,,,,,18.0,18.0,24.0,18.0,18.0,24.0,30.0,30.0,40.0,2014-08-01 12:24:21,2026-06-25 13:32:55,1,,3,
273367509489998,29637585020004,2013,54,37,222,360,2,1,,,,,,,18.0,18.0,24.0,18.0,18.0,24.0,30.0,30.0,40.0,2014-08-01 12:24:21,2026-06-25 13:32:55,1,,3,
273352699489998,29637258020004,2013,54,39,692,135,3,2,,4,1,3,,,12.0,24.0,24.0,12.0,24.0,24.0,20.0,40.0,40.0,2014-08-01 12:24:20,2026-06-25 13:32:55,1,,3,
273352700489998,29637258020004,2013,54,39,692,225,4,1,,5,2,3,,,12.0,24.0,24.0,12.0,24.0,24.0,20.0,40.0,40.0,2014-08-01 12:24:20,2026-06-25 13:32:55,1,,3,
273352697489998,29637258020004,2013,54,39,692,270,1,1,,7,2,0,,,12.0,24.0,24.0,12.0,24.0,24.0,20.0,40.0,40.0,2014-08-01 12:24:20,2026-06-25 13:32:55,1,,3,
273352698489998,29637258020004,2013,54,39,692,360,2,2,,10,3,2,,,12.0,24.0,24.0,12.0,24.0,24.0,20.0,40.0,40.0,2014-08-01 12:24:20,2026-06-25 13:32:55,1,,3,
273353540489998,29637278020004,2013,54,39,1428,135,3,2,,,,,,,6.0,24.0,24.0,6.0,24.0,24.0,10.0,40.0,40.0,2014-08-01 12:24:20,2026-06-25 13:32:55,1,,3,
273353541489998,29637278020004,2013,54,39,1428,225,4,3,,3,0,1,,,6.0,24.0,24.0,6.0,24.0,24.0,10.0,40.0,40.0,2014-08-01 12:24:20,2026-06-25 13:32:55,1,,3,
273353538489998,29637278020004,2013,54,39,1428,270,1,1,,,,,,,12.0,24.0,24.0,12.0,24.0,24.0,20.0,40.0,40.0,2014-08-01 12:24:20,2026-06-25 13:32:55,1,,3,
273353539489998,29637278020004,2013,54,39,1428,360,2,1,,,,,,,12.0,24.0,24.0,12.0,24.0,24.0,20.0,40.0,40.0,2014-08-01 12:24:20,2026-06-25 13:32:55,1,,3,
273352484489998,29637255020004,2013,54,39,1505,135,3,1,,20,1,3,,,24.0,24.0,24.0,24.0,24.0,24.0,40.0,40.0,40.0,2014-08-01 12:24:20,2026-06-25 13:32:54,1,,3,
273352485489998,29637255020004,2013,54,39,1505,225,4,1,,9,1,1,,,24.0,24.0,24.0,24.0,24.0,24.0,40.0,40.0,40.0,2014-08-01 12:24:20,2026-06-25 13:32:54,1,,3,
273352482489998,29637255020004,2013,54,39,1505,270,1,1,,22,0,1,,,24.0,24.0,24.0,24.0,24.0,24.0,40.0,40.0,40.0,2014-08-01 12:24:20,2026-06-25 13:32:54,1,,3,
273352483489998,29637255020004,2013,54,39,1505,360,2,1,,13,0,1,,,24.0,24.0,24.0,24.0,24.0,24.0,40.0,40.0,40.0,2014-08-01 12:24:20,2026-06-25 13:32:54,1,,3,
273358011489998,29637368020004,2013,54,39,1660,135,3,1,,7,4,1,,,24.0,24.0,24.0,24.0,24.0,24.0,40.0,40.0,40.0,2014-08-01 12:24:20,2026-06-25 13:32:56,1,,3,
273358012489998,29637368020004,2013,54,39,1660,225,4,1,,3,3,3,,,24.0,24.0,24.0,24.0,24.0,24.0,40.0,40.0,40.0,2014-08-01 12:24:20,2026-06-25 13:32:56,1,,3,
273358009489998,29637368020004,2013,54,39,1660,270,1,1,,7,3,1,,,24.0,24.0,24.0,24.0,24.0,24.0,40.0,40.0,40.0,2014-08-01 12:24:20,2026-06-25 13:32:56,1,,3,
273358010489998,29637368020004,2013,54,39,1660,360,2,1,,5,3,7,,,24.0,24.0,24.0,24.0,24.0,24.0,40.0,40.0,40.0,2014-08-01 12:24:20,2026-06-25 13:32:56,1,,3,
273364401489998,29637519020004,2013,54,41,1449,135,3,1,,,,,,,24.0,0.0,24.0,24.0,0.0,24.0,40.0,0.0,40.0,2014-08-01 12:24:21,2026-06-25 13:32:55,1,,3,
273364402489998,29637519020004,2013,54,41,1449,225,4,1,,,,,,,24.0,0.0,24.0,24.0,0.0,24.0,40.0,0.0,40.0,2014-08-01 12:24:21,2026-06-25 13:32:55,1,,3,
273364399489998,29637519020004,2013,54,41,1449,270,1,1,,,,,,,24.0,0.0,24.0,24.0,0.0,24.0,40.0,0.0,40.0,2014-08-01 12:24:21,2026-06-25 13:32:55,1,,3,
273364400489998,29637519020004,2013,54,41,1449,360,2,1,,,,,,,24.0,0.0,24.0,24.0,0.0,24.0,40.0,0.0,40.0,2014-08-01 12:24:21,2026-06-25 13:32:55,1,,3,
273353898489998,29637286020004,2013,54,43,794,135,3,1,,28,4,1,,,24.0,24.0,24.0,24.0,24.0,24.0,40.0,40.0,40.0,2014-08-01 12:24:20,2026-06-25 13:32:57,1,,3,
273353899489998,29637286020004,2013,54,43,794,225,4,1,,11,1,0,,,24.0,24.0,24.0,24.0,24.0,24.0,40.0,40.0,40.0,2014-08-01 12:24:20,2026-06-25 13:32:57,1,,3,
273353896489998,29637286020004,2013,54,43,794,270,1,1,,29,4,0,,,24.0,24.0,24.0,24.0,24.0,24.0,40.0,40.0,40.0,2014-08-01 12:24:20,2026-06-25 13:32:57,1,,3,
273353897489998,29637286020004,2013,54,43,794,360,2,1,,26,1,0,,,24.0,24.0,24.0,24.0,24.0,24.0,40.0,40.0,40.0,2014-08-01 12:24:20,2026-06-25 13:32:57,1,,3,
273347296489998,29637127020004,2013,54,47,1518,135,3,1,,7,3,1,,,18.0,24.0,24.0,18.0,24.0,24.0,30.0,40.0,40.0,2014-08-01 12:24:20,2026-06-25 13:32:54,1,,3,
273347297489998,29637127020004,2013,54,47,1518,225,4,3,,,,,,,6.0,24.0,24.0,6.0,24.0,24.0,10.0,40.0,40.0,2014-08-01 12:24:20,2026-06-25 13:32:54,1,,3,
273347294489998,29637127020004,2013,54,47,1518,270,1,1,,7,5,1,,,18.0,24.0,24.0,18.0,24.0,24.0,30.0,40.0,40.0,2014-08-01 12:24:20,2026-06-25 13:32:54,1,,3,
273347295489998,29637127020004,2013,54,47,1518,360,2,1,,14,2,0,,,18.0,24.0,24.0,18.0,24.0,24.0,30.0,40.0,40.0,2014-08-01 12:24:20,2026-06-25 13:32:54,1,,3,
273354625489998,29637300020004,2013,54,47,1914,135,3,2,,5,1,1,,,12.0,24.0,24.0,12.0,24.0,24.0,20.0,40.0,40.0,2014-08-01 12:24:20,2026-06-25 13:32:57,1,,3,
273354626489998,29637300020004,2013,54,47,1914,225,4,2,,15,2,0,,,12.0,24.0,24.0,12.0,24.0,24.0,20.0,40.0,40.0,2014-08-01 12:24:20,2026-06-25 13:32:57,1,,3,
273354623489998,29637300020004,2013,54,47,1914,270,1,1,,,,,,,12.0,24.0,24.0,12.0,24.0,24.0,20.0,40.0,40.0,2014-08-01 12:24:20,2026-06-25 13:32:57,1,,3,
273354624489998,29637300020004,2013,54,47,1914,360,2,1,,,,,,,12.0,24.0,24.0,12.0,24.0,24.0,20.0,40.0,40.0,2014-08-01 12:24:20,2026-06-25 13:32:57,1,,3,
273364104489998,29637508020004,2013,54,49,1104,135,3,2,,13,3,2,,,6.0,24.0,24.0,6.0,24.0,24.0,10.0,40.0,40.0,2014-08-01 12:24:21,2026-06-25 13:32:55,1,,3,
273364105489998,29637508020004,2013,54,49,1104,225,4,1,,,,,,,18.0,24.0,24.0,18.0,24.0,24.0,30.0,40.0,40.0,2014-08-01 12:24:21,2026-06-25 13:32:55,1,,3,
273364102489998,29637508020004,2013,54,49,1104,270,1,1,,,,,,,18.0,24.0,24.0,18.0,24.0,24.0,30.0,40.0,40.0,2014-08-01 12:24:21,2026-06-25 13:32:55,1,,3,
273364103489998,29637508020004,2013,54,49,1104,360,2,1,,,,,,,18.0,24.0,24.0,18.0,24.0,24.0,30.0,40.0,40.0,2014-08-01 12:24:21,2026-06-25 13:32:55,1,,3,
273353223489998,29637269020004,2013,54,51,1867,135,3,1,,,,,,,24.0,24.0,24.0,24.0,24.0,24.0,37.5,40.0,40.0,2014-08-01 12:24:20,2026-06-25 13:32:57,1,,3,
273353224489998,29637269020004,2013,54,51,1867,225,4,1,,,,,,,24.0,24.0,24.0,24.0,24.0,24.0,37.5,40.0,40.0,2014-08-01 12:24:20,2026-06-25 13:32:57,1,,3,
273353220489998,29637269020004,2013,54,51,1867,270,1,1,,,,,,,24.0,24.0,24.0,24.0,24.0,24.0,37.5,40.0,40.0,2014-08-01 12:24:20,2026-06-25 13:32:57,1,,3,
273353221489998,29637269020004,2013,54,51,1867,270,1,2,,0,0,0,,,0.0,24.0,24.0,0.0,24.0,24.0,2.5,40.0,40.0,2014-08-01 12:24:20,2026-06-25 13:32:57,1,,3,
273353222489998,29637269020004,2013,54,51,1867,360,2,1,,,,,,,24.0,24.0,24.0,24.0,24.0,24.0,37.5,40.0,40.0,2014-08-01 12:24:20,2026-06-25 13:32:57,1,,3,
273346291489998,29637103020004,2013,54,61,1158,135,3,1,,,,,,,24.0,0.0,24.0,24.0,0.0,24.0,40.0,0.0,40.0,2014-08-01 12:24:20,2026-06-25 13:32:54,1,,3,
273346292489998,29637103020004,2013,54,61,1158,225,4,1,,,,,,,24.0,0.0,24.0,24.0,0.0,24.0,40.0,0.0,40.0,2014-08-01 12:24:20,2026-06-25 13:32:54,1,,3,
273346289489998,29637103020004,2013,54,61,1158,270,1,1,,,,,,,24.0,0.0,24.0,24.0,0.0,24.0,40.0,0.0,40.0,2014-08-01 12:24:20,2026-06-25 13:32:54,1,,3,
273346290489998,29637103020004,2013,54,61,1158,360,2,1,,,,,,,24.0,0.0,24.0,24.0,0.0,24.0,40.0,0.0,40.0,2014-08-01 12:24:20,2026-06-25 13:32:54,1,,3,
273362506489998,29637472020004,2013,54,67,991,135,3,1,,,,,,,24.0,24.0,24.0,24.0,24.0,24.0,40.0,40.0,40.0,2014-08-01 12:24:21,2026-06-25 13:32:57,1,,3,
273362507489998,29637472020004,2013,54,67,991,225,4,1,,,,,,,24.0,24.0,24.0,24.0,24.0,24.0,40.0,40.0,40.0,2014-08-01 12:24:21,2026-06-25 13:32:57,1,,3,
273362504489998,29637472020004,2013,54,67,991,270,1,1,,,,,,,24.0,24.0,24.0,24.0,24.0,24.0,40.0,40.0,40.0,2014-08-01 12:24:21,2026-06-25 13:32:57,1,,3,
273362505489998,29637472020004,2013,54,67,991,360,2,1,,,,,,,24.0,24.0,24.0,24.0,24.0,24.0,40.0,40.0,40.0,2014-08-01 12:24:21,2026-06-25 13:32:57,1,,3,
273353128489998,29637265020004,2013,54,69,354,135,3,1,,16,10,0,,,18.0,24.0,24.0,18.0,24.0,24.0,30.0,40.0,40.0,2014-08-01 12:24:20,2026-06-25 13:32:55,1,,3,
273353129489998,29637265020004,2013,54,69,354,225,4,2,,,,,,,6.0,24.0,24.0,6.0,24.0,24.0,10.0,40.0,40.0,2014-08-01 12:24:20,2026-06-25 13:32:55,1,,3,
273353126489998,29637265020004,2013,54,69,354,270,1,1,,6,4,0,,,18.0,24.0,24.0,18.0,24.0,24.0,30.0,40.0,40.0,2014-08-01 12:24:20,2026-06-25 13:32:55,1,,3,
273353127489998,29637265020004,2013,54,69,354,360,2,1,,36,29,1,,,18.0,24.0,24.0,18.0,24.0,24.0,30.0,40.0,40.0,2014-08-01 12:24:20,2026-06-25 13:32:55,1,,3,
273350539489998,29637210020004,2013,54,71,1630,135,3,1,,16,5,2,,,18.0,24.0,24.0,18.0,24.0,24.0,30.0,40.0,40.0,2014-08-01 12:24:20,2026-06-25 13:32:57,1,,3,
273350540489998,29637210020004,2013,54,71,1630,225,4,1,,19,4,0,,,18.0,24.0,24.0,18.0,24.0,24.0,30.0,40.0,40.0,2014-08-01 12:24:20,2026-06-25 13:32:57,1,,3,
273350537489998,29637210020004,2013,54,71,1630,270,1,1,,44,9,0,,,18.0,24.0,24.0,18.0,24.0,24.0,30.0,40.0,40.0,2014-08-01 12:24:20,2026-06-25 13:32:57,1,,3,
273350538489998,29637210020004,2013,54,71,1630,360,2,2,,6,2,0,,,6.0,24.0,24.0,6.0,24.0,24.0,10.0,40.0,40.0,2014-08-01 12:24:20,2026-06-25 13:32:57,1,,3,
273367701489998,29637590020004,2013,54,71,2190,135,3,1,,,,,,,24.0,0.0,24.0,24.0,0.0,24.0,40.0,0.0,40.0,2014-08-01 12:24:21,2026-06-25 13:32:56,1,,3,
273367702489998,29637590020004,2013,54,71,2190,225,4,1,,,,,,,24.0,0.0,24.0,24.0,0.0,24.0,40.0,0.0,40.0,2014-08-01 12:24:21,2026-06-25 13:32:56,1,,3,
273367699489998,29637590020004,2013,54,71,2190,270,1,1,,,,,,,24.0,0.0,24.0,24.0,0.0,24.0,40.0,0.0,40.0,2014-08-01 12:24:21,2026-06-25 13:32:56,1,,3,
273367700489998,29637590020004,2013,54,71,2190,360,2,1,,,,,,,24.0,0.0,24.0,24.0,0.0,24.0,40.0,0.0,40.0,2014-08-01 12:24:21,2026-06-25 13:32:56,1,,3,
273350422489998,29637208020004,2013,54,71,2821,135,3,1,,12,1,1,,,24.0,24.0,24.0,24.0,24.0,24.0,40.0,40.0,40.0,2014-08-01 12:24:20,2026-06-25 13:32:56,1,,3,
273350423489998,29637208020004,2013,54,71,2821,225,4,1,,12,4,2,,,24.0,24.0,24.0,24.0,24.0,24.0,40.0,40.0,40.0,2014-08-01 12:24:20,2026-06-25 13:32:56,1,,3,
273350420489998,29637208020004,2013,54,71,2821,270,1,1,,29,11,0,,,24.0,24.0,24.0,24.0,24.0,24.0,40.0,40.0,40.0,2014-08-01 12:24:20,2026-06-25 13:32:56,1,,3,
273350421489998,29637208020004,2013,54,71,2821,360,2,1,,13,4,1,,,24.0,24.0,24.0,24.0,24.0,24.0,40.0,40.0,40.0,2014-08-01 12:24:20,2026-06-25 13:32:56,1,,3,
273349155489998,29637171020004,2013,54,75,1110,135,3,1,,4,1,2,,,24.0,24.0,24.0,24.0,24.0,24.0,40.0,40.0,40.0,2014-08-01 12:24:20,2026-06-25 13:32:57,1,,3,
273349156489998,29637171020004,2013,54,75,1110,225,4,1,,4,2,0,,,24.0,24.0,24.0,24.0,24.0,24.0,40.0,40.0,40.0,2014-08-01 12:24:20,2026-06-25 13:32:57,1,,3,
273349153489998,29637171020004,2013,54,75,1110,270,1,1,,22,2,2,,,24.0,24.0,24.0,24.0,24.0,24.0,40.0,40.0,40.0,2014-08-01 12:24:20,2026-06-25 13:32:57,1,,3,
273349154489998,29637171020004,2013,54,75,1110,360,2,1,,8,4,0,,,24.0,24.0,24.0,24.0,24.0,24.0,40.0,40.0,40.0,2014-08-01 12:24:20,2026-06-25 13:32:57,1,,3,
273348801489998,29637164020004,2013,54,75,2128,135,3,1,,,,,,,24.0,0.0,24.0,24.0,0.0,24.0,40.0,0.0,40.0,2014-08-01 12:24:20,2026-06-25 13:32:55,1,,3,
273348802489998,29637164020004,2013,54,75,2128,225,4,1,,,,,,,24.0,0.0,24.0,24.0,0.0,24.0,40.0,0.0,40.0,2014-08-01 12:24:20,2026-06-25 13:32:55,1,,3,
273348799489998,29637164020004,2013,54,75,2128,270,1,1,,,,,,,24.0,0.0,24.0,24.0,0.0,24.0,40.0,0.0,40.0,2014-08-01 12:24:20,2026-06-25 13:32:55,1,,3,
273348800489998,29637164020004,2013,54,75,2128,360,2,1,,,,,,,24.0,0.0,24.0,24.0,0.0,24.0,40.0,0.0,40.0,2014-08-01 12:24:20,2026-06-25 13:32:55,1,,3,
273363753489998,29637499020004,2013,54,81,474,135,3,1,,,,,,,24.0,0.0,24.0,24.0,0.0,24.0,40.0,0.0,40.0,2014-08-01 12:24:21,2026-06-25 13:32:57,1,,3,
273363754489998,29637499020004,2013,54,81,474,225,4,1,,,,,,,24.0,0.0,24.0,24.0,0.0,24.0,40.0,0.0,40.0,2014-08-01 12:24:21,2026-06-25 13:32:57,1,,3,
273363751489998,29637499020004,2013,54,81,474,270,1,1,,,,,,,24.0,0.0,24.0,24.0,0.0,24.0,40.0,0.0,40.0,2014-08-01 12:24:21,2026-06-25 13:32:57,1,,3,
273363752489998,29637499020004,2013,54,81,474,360,2,1,,,,,,,24.0,0.0,24.0,24.0,0.0,24.0,40.0,0.0,40.0,2014-08-01 12:24:21,2026-06-25 13:32:57,1,,3,
273345928489998,29637093020004,2013,54,83,119,135,3,1,,3,0,0,,,24.0,24.0,24.0,24.0,24.0,24.0,40.0,40.0,40.0,2014-08-01 12:24:20,2026-06-25 13:32:55,1,,3,
273345929489998,29637093020004,2013,54,83,119,225,4,1,,0,0,0,,,24.0,24.0,24.0,24.0,24.0,24.0,40.0,40.0,40.0,2014-08-01 12:24:20,2026-06-25 13:32:55,1,,3,
273345926489998,29637093020004,2013,54,83,119,270,1,1,,7,0,0,,,24.0,24.0,24.0,24.0,24.0,24.0,40.0,40.0,40.0,2014-08-01 12:24:20,2026-06-25 13:32:55,1,,3,
273345927489998,29637093020004,2013,54,83,119,360,2,1,,8,0,0,,,24.0,24.0,24.0,24.0,24.0,24.0,40.0,40.0,40.0,2014-08-01 12:24:20,2026-06-25 13:32:55,1,,3,
273366567489998,29637557020004,2013,54,83,214,135,3,1,,30,1,4,,,24.0,24.0,24.0,24.0,24.0,24.0,40.0,40.0,40.0,2014-08-01 12:24:21,2026-06-25 13:32:57,1,,3,
273366568489998,29637557020004,2013,54,83,214,225,4,1,,14,1,0,,,24.0,24.0,24.0,24.0,24.0,24.0,40.0,40.0,40.0,2014-08-01 12:24:21,2026-06-25 13:32:57,1,,3,
273366565489998,29637557020004,2013,54,83,214,270,1,1,,22,3,1,,,24.0,24.0,24.0,24.0,24.0,24.0,40.0,40.0,40.0,2014-08-01 12:24:21,2026-06-25 13:32:57,1,,3,
273366566489998,29637557020004,2013,54,83,214,360,2,1,,20,3,0,,,24.0,24.0,24.0,24.0,24.0,24.0,40.0,40.0,40.0,2014-08-01 12:24:21,2026-06-25 13:32:57,1,,3,
273366318489998,29637554020004,2013,54,83,265,135,3,2,,5,2,0,,,12.0,24.0,24.0,12.0,24.0,24.0,20.0,40.0,40.0,2014-08-01 12:24:21,2026-06-25 13:32:55,1,,3,
273366319489998,29637554020004,2013,54,83,265,225,4,1,,2,4,1,,,12.0,24.0,24.0,12.0,24.0,24.0,20.0,40.0,40.0,2014-08-01 12:24:21,2026-06-25 13:32:55,1,,3,
273366316489998,29637554020004,2013,54,83,265,270,1,1,,12,3,2,,,12.0,24.0,24.0,12.0,24.0,24.0,20.0,40.0,40.0,2014-08-01 12:24:21,2026-06-25 13:32:55,1,,3,
273366317489998,29637554020004,2013,54,83,265,360,2,2,,0,0,0,,,12.0,24.0,24.0,12.0,24.0,24.0,20.0,40.0,40.0,2014-08-01 12:24:21,2026-06-25 13:32:55,1,,3,
273356730489998,29637338020004,2013,54,85,1620,135,3,1,,4,0,0,,,24.0,24.0,24.0,24.0,24.0,24.0,40.0,40.0,40.0,2014-08-01 12:24:20,2026-06-25 13:32:56,1,,3,
273356731489998,29637338020004,2013,54,85,1620,225,4,1,,8,2,1,,,24.0,24.0,24.0,24.0,24.0,24.0,40.0,40.0,40.0,2014-08-01 12:24:20,2026-06-25 13:32:56,1,,3,
273356728489998,29637338020004,2013,54,85,1620,270,1,1,,12,0,0,,,24.0,24.0,24.0,24.0,24.0,24.0,40.0,40.0,40.0,2014-08-01 12:24:20,2026-06-25 13:32:56,1,,3,
273356729489998,29637338020004,2013,54,85,1620,360,2,1,,8,2,1,,,24.0,24.0,24.0,24.0,24.0,24.0,40.0,40.0,40.0,2014-08-01 12:24:20,2026-06-25 13:32:56,1,,3,
273355441489998,29637314020004,2013,54,87,744,135,3,1,,5,4,0,,,18.0,24.0,24.0,18.0,24.0,24.0,30.0,40.0,40.0,2014-08-01 12:24:20,2026-06-25 13:32:55,1,,3,
273355442489998,29637314020004,2013,54,87,744,225,4,2,,,,,,,6.0,24.0,24.0,6.0,24.0,24.0,10.0,40.0,40.0,2014-08-01 12:24:20,2026-06-25 13:32:55,1,,3,
273355439489998,29637314020004,2013,54,87,744,270,1,1,,19,2,2,,,18.0,24.0,24.0,18.0,24.0,24.0,30.0,40.0,40.0,2014-08-01 12:24:20,2026-06-25 13:32:55,1,,3,
273355440489998,29637314020004,2013,54,87,744,360,2,1,,9,3,0,,,18.0,24.0,24.0,18.0,24.0,24.0,30.0,40.0,40.0,2014-08-01 12:24:20,2026-06-25 13:32:55,1,,3,
273359170489998,29637397020004,2013,54,89,2159,135,3,1,,,,,,,24.0,0.0,24.0,24.0,0.0,24.0,40.0,0.0,40.0,2014-08-01 12:24:20,2026-06-25 13:32:57,1,,3,
273359171489998,29637397020004,2013,54,89,2159,225,4,1,,,,,,,24.0,0.0,24.0,24.0,0.0,24.0,40.0,0.0,40.0,2014-08-01 12:24:20,2026-06-25 13:32:57,1,,3,
273359168489998,29637397020004,2013,54,89,2159,270,1,1,,,,,,,24.0,0.0,24.0,24.0,0.0,24.0,40.0,0.0,40.0,2014-08-01 12:24:20,2026-06-25 13:32:57,1,,3,
273359169489998,29637397020004,2013,54,89,2159,360,2,1,,,,,,,24.0,0.0,24.0,24.0,0.0,24.0,40.0,0.0,40.0,2014-08-01 12:24:20,2026-06-25 13:32:57,1,,3,
273350836489998,29637217020004,2013,54,93,218,135,3,1,,7,1,0,,,24.0,24.0,24.0,24.0,24.0,24.0,40.0,40.0,40.0,2014-08-01 12:24:20,2026-06-25 13:32:57,1,,3,
273350837489998,29637217020004,2013,54,93,218,225,4,1,,16,3,0,,,24.0,24.0,24.0,24.0,24.0,24.0,40.0,40.0,40.0,2014-08-01 12:24:20,2026-06-25 13:32:57,1,,3,
273350834489998,29637217020004,2013,54,93,218,270,1,1,,15,2,0,,,24.0,24.0,24.0,24.0,24.0,24.0,40.0,40.0,40.0,2014-08-01 12:24:20,2026-06-25 13:32:57,1,,3,
273350835489998,29637217020004,2013,54,93,218,360,2,1,,22,4,2,,,24.0,24.0,24.0,24.0,24.0,24.0,40.0,40.0,40.0,2014-08-01 12:24:20,2026-06-25 13:32:57,1,,3,
273345844489998,29637092020004,2013,54,93,1268,135,3,1,,3,0,0,,,24.0,24.0,24.0,24.0,24.0,24.0,40.0,40.0,40.0,2014-08-01 12:24:20,2026-06-25 13:32:57,1,,3,
273345845489998,29637092020004,2013,54,93,1268,225,4,1,,10,0,0,,,24.0,24.0,24.0,24.0,24.0,24.0,40.0,40.0,40.0,2014-08-01 12:24:20,2026-06-25 13:32:57,1,,3,
273345842489998,29637092020004,2013,54,93,1268,270,1,1,,4,0,0,,,24.0,24.0,24.0,24.0,24.0,24.0,40.0,40.0,40.0,2014-08-01 12:24:20,2026-06-25 13:32:57,1,,3,
273345843489998,29637092020004,2013,54,93,1268,360,2,1,,10,1,0,,,24.0,24.0,24.0,24.0,24.0,24.0,40.0,40.0,40.0,2014-08-01 12:24:20,2026-06-25 13:32:57,1,,3,
273356505489998,29637334020004,2013,54,95,808,135,3,1,,4,3,1,,,24.0,24.0,24.0,24.0,24.0,24.0,40.0,40.0,40.0,2014-08-01 12:24:20,2026-06-25 13:32:55,1,,3,
273356506489998,29637334020004,2013,54,95,808,225,4,1,,4,0,1,,,24.0,24.0,24.0,24.0,24.0,24.0,40.0,40.0,40.0,2014-08-01 12:24:20,2026-06-25 13:32:55,1,,3,
273356503489998,29637334020004,2013,54,95,808,270,1,1,,4,1,0,,,24.0,24.0,24.0,24.0,24.0,24.0,40.0,40.0,40.0,2014-08-01 12:24:20,2026-06-25 13:32:55,1,,3,
273356504489998,29637334020004,2013,54,95,808,360,2,1,,12,5,2,,,24.0,24.0,24.0,24.0,24.0,24.0,40.0,40.0,40.0,2014-08-01 12:24:20,2026-06-25 13:32:55,1,,3,
273356260489998,29637331020004,2013,54,95,964,135,3,2,,,,,,,6.0,24.0,24.0,6.0,24.0,24.0,10.0,40.0,40.0,2014-08-01 12:24:20,2026-06-25 13:32:56,1,,3,
273356261489998,29637331020004,2013,54,95,964,225,4,1,,8,1,0,,,18.0,24.0,24.0,18.0,24.0,24.0,30.0,40.0,40.0,2014-08-01 12:24:20,2026-06-25 13:32:56,1,,3,
273356258489998,29637331020004,2013,54,95,964,270,1,1,,7,3,0,,,18.0,24.0,24.0,18.0,24.0,24.0,30.0,40.0,40.0,2014-08-01 12:24:20,2026-06-25 13:32:56,1,,3,
273356259489998,29637331020004,2013,54,95,964,360,2,1,,11,1,0,,,18.0,24.0,24.0,18.0,24.0,24.0,30.0,40.0,40.0,2014-08-01 12:24:20,2026-06-25 13:32:56,1,,3,
273355839489998,29637322020004,2013,54,99,274,135,3,3,,9,2,3,,,6.0,24.0,24.0,6.0,24.0,24.0,10.0,40.0,40.0,2014-08-01 12:24:20,2026-06-25 13:32:56,1,,3,
273355840489998,29637322020004,2013,54,99,274,225,4,1,,,,,,,12.0,24.0,24.0,12.0,24.0,24.0,20.0,40.0,40.0,2014-08-01 12:24:20,2026-06-25 13:32:56,1,,3,
273355837489998,29637322020004,2013,54,99,274,270,1,1,,,,,,,12.0,24.0,24.0,12.0,24.0,24.0,20.0,40.0,40.0,2014-08-01 12:24:20,2026-06-25 13:32:56,1,,3,
273355838489998,29637322020004,2013,54,99,274,360,2,2,,8,3,0,,,6.0,24.0,24.0,6.0,24.0,24.0,10.0,40.0,40.0,2014-08-01 12:24:20,2026-06-25 13:32:56,1,,3,
273364788489998,29637525020004,2013,54,101,1753,135,3,1,,8,1,0,,,24.0,24.0,24.0,24.0,24.0,24.0,40.0,40.0,40.0,2014-08-01 12:24:21,2026-06-25 13:32:54,1,,3,
273364789489998,29637525020004,2013,54,101,1753,225,4,1,,22,3,0,,,24.0,24.0,24.0,24.0,24.0,24.0,40.0,40.0,40.0,2014-08-01 12:24:21,2026-06-25 13:32:54,1,,3,
273364786489998,29637525020004,2013,54,101,1753,270,1,1,,56,12,0,,,24.0,24.0,24.0,24.0,24.0,24.0,40.0,40.0,40.0,2014-08-01 12:24:21,2026-06-25 13:32:54,1,,3,
273364787489998,29637525020004,2013,54,101,1753,360,2,1,,5,2,1,,,24.0,24.0,24.0,24.0,24.0,24.0,40.0,40.0,40.0,2014-08-01 12:24:21,2026-06-25 13:32:54,1,,3,
273346126489998,29637098020004,2013,54,103,1018,135,3,1,,18,5,3,,,12.0,24.0,24.0,12.0,24.0,24.0,20.0,40.0,40.0,2014-08-01 12:24:20,2026-06-25 13:32:56,1,,3,
273346127489998,29637098020004,2013,54,103,1018,225,4,2,,,,,,,12.0,24.0,24.0,12.0,24.0,24.0,20.0,40.0,40.0,2014-08-01 12:24:20,2026-06-25 13:32:56,1,,3,
273346124489998,29637098020004,2013,54,103,1018,270,1,1,,3,2,2,,,12.0,24.0,24.0,12.0,24.0,24.0,20.0,40.0,40.0,2014-08-01 12:24:20,2026-06-25 13:32:56,1,,3,
273346125489998,29637098020004,2013,54,103,1018,360,2,2,,,,,,,12.0,24.0,24.0,12.0,24.0,24.0,20.0,40.0,40.0,2014-08-01 12:24:20,2026-06-25 13:32:56,1,,3,
273360653489998,29637430020004,2013,54,107,934,135,3,1,,6,1,0,,,18.0,24.0,24.0,18.0,24.0,24.0,30.0,40.0,40.0,2014-08-01 12:24:20,2026-06-25 13:32:57,1,,3,
273360654489998,29637430020004,2013,54,107,934,225,4,2,,6,2,0,,,6.0,24.0,24.0,6.0,24.0,24.0,10.0,40.0,40.0,2014-08-01 12:24:20,2026-06-25 13:32:57,1,,3,
273360651489998,29637430020004,2013,54,107,934,270,1,1,,7,0,1,,,18.0,24.0,24.0,18.0,24.0,24.0,30.0,40.0,40.0,2014-08-01 12:24:20,2026-06-25 13:32:57,1,,3,
273360652489998,29637430020004,2013,54,107,934,360,2,1,,2,0,0,,,18.0,24.0,24.0,18.0,24.0,24.0,30.0,40.0,40.0,2014-08-01 12:24:20,2026-06-25 13:32:57,1,,3,
273348185489998,29637149020004,2013,54,109,1029,135,3,1,,,,,,,18.0,24.0,24.0,18.0,24.0,24.0,30.0,40.0,40.0,2014-08-01 12:24:20,2026-06-25 13:32:57,1,,3,
273348186489998,29637149020004,2013,54,109,1029,225,4,1,,,,,,,18.0,24.0,24.0,18.0,24.0,24.0,30.0,40.0,40.0,2014-08-01 12:24:20,2026-06-25 13:32:57,1,,3,
273348183489998,29637149020004,2013,54,109,1029,270,1,1,,,,,,,18.0,24.0,24.0,18.0,24.0,24.0,30.0,40.0,40.0,2014-08-01 12:24:20,2026-06-25 13:32:57,1,,3,
273348184489998,29637149020004,2013,54,109,1029,360,2,2,,11,4,0,,,6.0,24.0,24.0,6.0,24.0,24.0,10.0,40.0,40.0,2014-08-01 12:24:20,2026-06-25 13:32:57,1,,3,
273351905489998,29637245020004,2013,54,109,1679,135,3,1,,,,,,,12.0,24.0,24.0,12.0,24.0,24.0,20.0,40.0,40.0,2014-08-01 12:24:20,2026-06-25 13:32:57,1,,3,
273351906489998,29637245020004,2013,54,109,1679,225,4,2,,19,9,0,,,12.0,24.0,24.0,12.0,24.0,24.0,20.0,40.0,40.0,2014-08-01 12:24:20,2026-06-25 13:32:57,1,,3,
273351903489998,29637245020004,2013,54,109,1679,270,1,1,,,,,,,12.0,24.0,24.0,12.0,24.0,24.0,20.0,40.0,40.0,2014-08-01 12:24:20,2026-06-25 13:32:57,1,,3,
273351904489998,29637245020004,2013,54,109,1679,360,2,2,,42,8,0,,,12.0,24.0,24.0,12.0,24.0,24.0,20.0,40.0,40.0,2014-08-01 12:24:20,2026-06-25 13:32:57,1,,3,
329742277489998,171920577020004,2014,54,1,1932,135,3,2,,,,,,,6.0,18.0,24.0,6.0,18.0,24.0,10.0,30.0,40.0,2015-05-22 07:01:39,2026-06-25 13:32:54,1,,3,
329742278489998,171920577020004,2014,54,1,1932,225,4,1,,15,2,1,,,18.0,18.0,24.0,18.0,18.0,24.0,30.0,30.0,40.0,2015-05-22 07:01:39,2026-06-25 13:32:54,1,,3,
329742275489998,171920577020004,2014,54,1,1932,270,1,1,,48,4,1,,,18.0,18.0,24.0,18.0,18.0,24.0,30.0,30.0,40.0,2015-05-22 07:01:39,2026-06-25 13:32:54,1,,3,
329742276489998,171920577020004,2014,54,1,1932,360,2,1,,20,1,3,,,18.0,18.0,24.0,18.0,18.0,24.0,30.0,30.0,40.0,2015-05-22 07:01:39,2026-06-25 13:32:54,1,,3,
329745319489998,171920656020004,2014,54,3,1703,135,3,1,,12,6,0,,,24.0,24.0,24.0,24.0,24.0,24.0,40.0,40.0,40.0,2015-05-22 07:01:39,2026-06-25 13:32:56,1,,3,
329745320489998,171920656020004,2014,54,3,1703,225,4,1,,2,2,0,,,24.0,24.0,24.0,24.0,24.0,24.0,40.0,40.0,40.0,2015-05-22 07:01:39,2026-06-25 13:32:56,1,,3,
329745317489998,171920656020004,2014,54,3,1703,270,1,1,,8,5,0,,,24.0,24.0,24.0,24.0,24.0,24.0,40.0,40.0,40.0,2015-05-22 07:01:39,2026-06-25 13:32:56,1,,3,
329745318489998,171920656020004,2014,54,3,1703,360,2,1,,6,4,2,,,24.0,24.0,24.0,24.0,24.0,24.0,40.0,40.0,40.0,2015-05-22 07:01:39,2026-06-25 13:32:56,1,,3,
329731748489998,171920224020004,2014,54,5,1861,135,3,1,,,,,,,24.0,0.0,24.0,24.0,0.0,24.0,40.0,0.0,40.0,2015-05-22 07:01:38,2026-06-25 13:32:56,1,,3,
329731749489998,171920224020004,2014,54,5,1861,225,4,1,,,,,,,24.0,0.0,24.0,24.0,0.0,24.0,40.0,0.0,40.0,2015-05-22 07:01:38,2026-06-25 13:32:56,1,,3,
329731746489998,171920224020004,2014,54,5,1861,270,1,1,,,,,,,24.0,0.0,24.0,24.0,0.0,24.0,40.0,0.0,40.0,2015-05-22 07:01:38,2026-06-25 13:32:56,1,,3,
329731747489998,171920224020004,2014,54,5,1861,360,2,1,,,,,,,24.0,0.0,24.0,24.0,0.0,24.0,40.0,0.0,40.0,2015-05-22 07:01:38,2026-06-25 13:32:56,1,,3,
329737030489998,171920429020004,2014,54,5,2003,135,3,1,,,,,,,24.0,0.0,24.0,24.0,0.0,24.0,40.0,0.0,40.0,2015-05-22 07:01:38,2026-06-25 13:32:55,1,,3,
329737031489998,171920429020004,2014,54,5,2003,225,4,1,,,,,,,24.0,0.0,24.0,24.0,0.0,24.0,40.0,0.0,40.0,2015-05-22 07:01:38,2026-06-25 13:32:55,1,,3,
329737028489998,171920429020004,2014,54,5,2003,270,1,1,,,,,,,24.0,0.0,24.0,24.0,0.0,24.0,40.0,0.0,40.0,2015-05-22 07:01:38,2026-06-25 13:32:55,1,,3,
329737029489998,171920429020004,2014,54,5,2003,360,2,1,,,,,,,24.0,0.0,24.0,24.0,0.0,24.0,40.0,0.0,40.0,2015-05-22 07:01:38,2026-06-25 13:32:55,1,,3,
329743826489998,171920623020004,2014,54,7,1744,135,3,1,,17,1,2,,,24.0,24.0,24.0,24.0,24.0,24.0,40.0,40.0,40.0,2015-05-22 07:01:39,2026-06-25 13:32:55,1,,3,
329743827489998,171920623020004,2014,54,7,1744,225,4,1,,9,1,0,,,24.0,24.0,24.0,24.0,24.0,24.0,40.0,40.0,40.0,2015-05-22 07:01:39,2026-06-25 13:32:55,1,,3,
329743824489998,171920623020004,2014,54,7,1744,270,1,1,,12,2,0,,,24.0,24.0,24.0,24.0,24.0,24.0,40.0,40.0,40.0,2015-05-22 07:01:39,2026-06-25 13:32:55,1,,3,
329743825489998,171920623020004,2014,54,7,1744,360,2,1,,12,2,1,,,24.0,24.0,24.0,24.0,24.0,24.0,40.0,40.0,40.0,2015-05-22 07:01:39,2026-06-25 13:32:55,1,,3,
329738366489998,171920465020004,2014,54,11,797,135,3,1,,12,3,0,,,18.0,24.0,24.0,18.0,24.0,24.0,30.0,40.0,40.0,2015-05-22 07:01:38,2026-06-25 13:32:55,1,,3,
329738367489998,171920465020004,2014,54,11,797,225,4,2,,,,,,,6.0,24.0,24.0,6.0,24.0,24.0,10.0,40.0,40.0,2015-05-22 07:01:38,2026-06-25 13:32:55,1,,3,
329738364489998,171920465020004,2014,54,11,797,270,1,1,,10,1,0,,,18.0,24.0,24.0,18.0,24.0,24.0,30.0,40.0,40.0,2015-05-22 07:01:38,2026-06-25 13:32:55,1,,3,
329738365489998,171920465020004,2014,54,11,797,360,2,1,,5,2,1,,,18.0,24.0,24.0,18.0,24.0,24.0,30.0,40.0,40.0,2015-05-22 07:01:38,2026-06-25 13:32:55,1,,3,
329738834489998,171920479020004,2014,54,17,1054,135,3,1,,34,1,0,,,24.0,24.0,24.0,24.0,24.0,24.0,40.0,40.0,40.0,2015-05-22 07:01:38,2026-06-25 13:32:56,1,,3,
329738835489998,171920479020004,2014,54,17,1054,225,4,1,,3,0,0,,,24.0,24.0,24.0,24.0,24.0,24.0,40.0,40.0,40.0,2015-05-22 07:01:38,2026-06-25 13:32:56,1,,3,
329738832489998,171920479020004,2014,54,17,1054,270,1,1,,1,0,2,,,24.0,24.0,24.0,24.0,24.0,24.0,40.0,40.0,40.0,2015-05-22 07:01:38,2026-06-25 13:32:56,1,,3,
329738833489998,171920479020004,2014,54,17,1054,360,2,1,,5,3,3,,,24.0,24.0,24.0,24.0,24.0,24.0,40.0,40.0,40.0,2015-05-22 07:01:38,2026-06-25 13:32:56,1,,3,
329733564489998,171920280020004,2014,54,25,1278,135,3,1,,,,,,,24.0,0.0,24.0,24.0,0.0,24.0,40.0,0.0,40.0,2015-05-22 07:01:38,2026-06-25 13:32:56,1,,3,
329733565489998,171920280020004,2014,54,25,1278,225,4,1,,,,,,,24.0,0.0,24.0,24.0,0.0,24.0,40.0,0.0,40.0,2015-05-22 07:01:38,2026-06-25 13:32:56,1,,3,
329733562489998,171920280020004,2014,54,25,1278,270,1,1,,,,,,,24.0,0.0,24.0,24.0,0.0,24.0,40.0,0.0,40.0,2015-05-22 07:01:38,2026-06-25 13:32:56,1,,3,
329733563489998,171920280020004,2014,54,25,1278,360,2,1,,,,,,,24.0,0.0,24.0,24.0,0.0,24.0,40.0,0.0,40.0,2015-05-22 07:01:38,2026-06-25 13:32:56,1,,3,
329744409489998,171920639020004,2014,54,25,1561,135,3,1,,7,1,0,,,24.0,24.0,24.0,24.0,24.0,24.0,40.0,40.0,40.0,2015-05-22 07:01:39,2026-06-25 13:32:56,1,,3,
329744410489998,171920639020004,2014,54,25,1561,225,4,1,,6,3,2,,,24.0,24.0,24.0,24.0,24.0,24.0,40.0,40.0,40.0,2015-05-22 07:01:39,2026-06-25 13:32:56,1,,3,
329744407489998,171920639020004,2014,54,25,1561,270,1,1,,3,1,0,,,24.0,24.0,24.0,24.0,24.0,24.0,40.0,40.0,40.0,2015-05-22 07:01:39,2026-06-25 13:32:56,1,,3,
329744408489998,171920639020004,2014,54,25,1561,360,2,1,,1,1,2,,,24.0,24.0,24.0,24.0,24.0,24.0,40.0,40.0,40.0,2015-05-22 07:01:39,2026-06-25 13:32:56,1,,3,
329739218489998,171920489020004,2014,54,25,2197,135,3,1,,2,3,1,,,24.0,24.0,24.0,24.0,24.0,24.0,40.0,40.0,40.0,2015-05-22 07:01:38,2026-06-25 13:32:54,1,,3,
329739219489998,171920489020004,2014,54,25,2197,225,4,1,,3,6,2,,,24.0,24.0,24.0,24.0,24.0,24.0,40.0,40.0,40.0,2015-05-22 07:01:38,2026-06-25 13:32:54,1,,3,
329739216489998,171920489020004,2014,54,25,2197,270,1,1,,12,5,1,,,24.0,24.0,24.0,24.0,24.0,24.0,40.0,40.0,40.0,2015-05-22 07:01:38,2026-06-25 13:32:54,1,,3,
329739217489998,171920489020004,2014,54,25,2197,360,2,1,,6,1,2,,,24.0,24.0,24.0,24.0,24.0,24.0,40.0,40.0,40.0,2015-05-22 07:01:38,2026-06-25 13:32:54,1,,3,
329743600489998,171920619020004,2014,54,29,248,135,3,1,,8,2,1,,,24.0,24.0,24.0,24.0,24.0,24.0,40.0,40.0,40.0,2015-05-22 07:01:39,2026-06-25 13:32:56,1,,3,
329743601489998,171920619020004,2014,54,29,248,225,4,1,,12,4,0,,,24.0,24.0,24.0,24.0,24.0,24.0,40.0,40.0,40.0,2015-05-22 07:01:39,2026-06-25 13:32:56,1,,3,
329743598489998,171920619020004,2014,54,29,248,270,1,1,,8,1,2,,,24.0,24.0,24.0,24.0,24.0,24.0,40.0,40.0,40.0,2015-05-22 07:01:39,2026-06-25 13:32:56,1,,3,
329743599489998,171920619020004,2014,54,29,248,360,2,1,,,,,,,24.0,24.0,24.0,24.0,24.0,24.0,40.0,40.0,40.0,2015-05-22 07:01:39,2026-06-25 13:32:56,0,10,3,
329745731489998,171920670020004,2014,54,31,598,135,3,1,,,,,,,24.0,0.0,24.0,24.0,0.0,24.0,40.0,0.0,40.0,2015-05-22 07:01:39,2026-06-25 13:32:56,1,,3,
329745732489998,171920670020004,2014,54,31,598,225,4,1,,,,,,,24.0,0.0,24.0,24.0,0.0,24.0,40.0,0.0,40.0,2015-05-22 07:01:39,2026-06-25 13:32:56,1,,3,
329745729489998,171920670020004,2014,54,31,598,270,1,1,,,,,,,24.0,0.0,24.0,24.0,0.0,24.0,40.0,0.0,40.0,2015-05-22 07:01:39,2026-06-25 13:32:56,1,,3,
329745730489998,171920670020004,2014,54,31,598,360,2,1,,,,,,,24.0,0.0,24.0,24.0,0.0,24.0,40.0,0.0,40.0,2015-05-22 07:01:39,2026-06-25 13:32:56,1,,3,
329734402489998,171920327020004,2014,54,31,2183,135,3,1,,1,0,0,,,18.0,24.0,24.0,18.0,24.0,24.0,30.0,40.0,40.0,2015-05-22 07:01:38,2026-06-25 13:32:57,1,,3,
329734403489998,171920327020004,2014,54,31,2183,225,4,1,,8,5,2,,,18.0,24.0,24.0,18.0,24.0,24.0,30.0,40.0,40.0,2015-05-22 07:01:38,2026-06-25 13:32:57,1,,3,
329734400489998,171920327020004,2014,54,31,2183,270,1,1,,4,1,0,,,18.0,24.0,24.0,18.0,24.0,24.0,30.0,40.0,40.0,2015-05-22 07:01:38,2026-06-25 13:32:57,1,,3,
329734401489998,171920327020004,2014,54,31,2183,360,2,2,,3,3,4,,,6.0,24.0,24.0,6.0,24.0,24.0,10.0,40.0,40.0,2015-05-22 07:01:38,2026-06-25 13:32:57,1,,3,
329745129489998,171920653020004,2014,54,37,213,135,3,1,,9,3,0,,,12.0,24.0,24.0,12.0,24.0,24.0,20.0,40.0,40.0,2015-05-22 07:01:39,2026-06-25 13:32:56,1,,3,
329745130489998,171920653020004,2014,54,37,213,225,4,2,,23,14,0,,,12.0,24.0,24.0,12.0,24.0,24.0,20.0,40.0,40.0,2015-05-22 07:01:39,2026-06-25 13:32:56,1,,3,
329745127489998,171920653020004,2014,54,37,213,270,1,1,,22,11,1,,,12.0,24.0,24.0,12.0,24.0,24.0,20.0,40.0,40.0,2015-05-22 07:01:39,2026-06-25 13:32:56,1,,3,
329745128489998,171920653020004,2014,54,37,213,360,2,2,,20,13,0,,,12.0,24.0,24.0,12.0,24.0,24.0,20.0,40.0,40.0,2015-05-22 07:01:39,2026-06-25 13:32:56,1,,3,
329735716489998,171920385020004,2014,54,39,649,135,3,1,,,,,,,24.0,0.0,24.0,24.0,0.0,24.0,40.0,0.0,40.0,2015-05-22 07:01:38,2026-06-25 13:32:55,1,,3,
329735717489998,171920385020004,2014,54,39,649,225,4,1,,,,,,,24.0,0.0,24.0,24.0,0.0,24.0,40.0,0.0,40.0,2015-05-22 07:01:38,2026-06-25 13:32:55,1,,3,
329735714489998,171920385020004,2014,54,39,649,270,1,1,,,,,,,24.0,0.0,24.0,24.0,0.0,24.0,40.0,0.0,40.0,2015-05-22 07:01:38,2026-06-25 13:32:55,1,,3,
329735715489998,171920385020004,2014,54,39,649,360,2,1,,,,,,,24.0,0.0,24.0,24.0,0.0,24.0,40.0,0.0,40.0,2015-05-22 07:01:38,2026-06-25 13:32:55,1,,3,
329735869489998,171920392020004,2014,54,39,1133,135,3,1,,5,2,1,,,24.0,24.0,24.0,24.0,24.0,24.0,40.0,40.0,40.0,2015-05-22 07:01:38,2026-06-25 13:32:54,1,,3,
329735870489998,171920392020004,2014,54,39,1133,225,4,1,,18,6,5,,,24.0,24.0,24.0,24.0,24.0,24.0,40.0,40.0,40.0,2015-05-22 07:01:38,2026-06-25 13:32:54,1,,3,
329735867489998,171920392020004,2014,54,39,1133,270,1,1,,16,4,2,,,24.0,24.0,24.0,24.0,24.0,24.0,40.0,40.0,40.0,2015-05-22 07:01:38,2026-06-25 13:32:54,1,,3,
329735868489998,171920392020004,2014,54,39,1133,360,2,1,,11,5,1,,,24.0,24.0,24.0,24.0,24.0,24.0,40.0,40.0,40.0,2015-05-22 07:01:38,2026-06-25 13:32:54,1,,3,
329732256489998,171920236020004,2014,54,39,1137,135,3,1,,7,2,2,,,24.0,24.0,24.0,24.0,24.0,24.0,40.0,40.0,40.0,2015-05-22 07:01:38,2026-06-25 13:32:54,1,,3,
329732257489998,171920236020004,2014,54,39,1137,225,4,1,,20,0,0,,,24.0,24.0,24.0,24.0,24.0,24.0,40.0,40.0,40.0,2015-05-22 07:01:38,2026-06-25 13:32:54,1,,3,
329732254489998,171920236020004,2014,54,39,1137,270,1,1,,15,2,2,,,24.0,24.0,24.0,24.0,24.0,24.0,40.0,40.0,40.0,2015-05-22 07:01:38,2026-06-25 13:32:54,1,,3,
329732255489998,171920236020004,2014,54,39,1137,360,2,1,,18,3,0,,,24.0,24.0,24.0,24.0,24.0,24.0,40.0,40.0,40.0,2015-05-22 07:01:38,2026-06-25 13:32:54,1,,3,
329762946489998,171920373020004,2014,54,39,1369,135,3,1,,2,0,1,,,18.0,18.0,24.0,18.0,18.0,24.0,30.0,30.0,40.0,2015-05-22 08:27:17,2026-06-25 13:32:54,1,,3,
329762947489998,171920373020004,2014,54,39,1369,225,4,1,,1,4,0,,,18.0,18.0,24.0,18.0,18.0,24.0,30.0,30.0,40.0,2015-05-22 08:27:17,2026-06-25 13:32:54,1,,3,
329762944489998,171920373020004,2014,54,39,1369,270,1,1,,3,1,0,,,18.0,18.0,24.0,18.0,18.0,24.0,30.0,30.0,40.0,2015-05-22 08:27:17,2026-06-25 13:32:54,1,,3,
329762945489998,171920373020004,2014,54,39,1369,360,2,2,,,,,,,6.0,18.0,24.0,6.0,18.0,24.0,10.0,30.0,40.0,2015-05-22 08:27:17,2026-06-25 13:32:54,1,,3,
329732606489998,171920249020004,2014,54,39,2173,135,3,1,,10,2,3,,,24.0,24.0,24.0,24.0,24.0,24.0,40.0,40.0,40.0,2015-05-22 07:01:38,2026-06-25 13:32:56,1,,3,
329732607489998,171920249020004,2014,54,39,2173,225,4,1,,7,2,2,,,24.0,24.0,24.0,24.0,24.0,24.0,40.0,40.0,40.0,2015-05-22 07:01:38,2026-06-25 13:32:56,1,,3,
329732604489998,171920249020004,2014,54,39,2173,270,1,1,,6,2,2,,,24.0,24.0,24.0,24.0,24.0,24.0,40.0,40.0,40.0,2015-05-22 07:01:38,2026-06-25 13:32:56,1,,3,
329732605489998,171920249020004,2014,54,39,2173,360,2,1,,18,6,0,,,24.0,24.0,24.0,24.0,24.0,24.0,40.0,40.0,40.0,2015-05-22 07:01:38,2026-06-25 13:32:56,1,,3,
329737418489998,171920438020004,2014,54,45,534,135,3,1,,7,1,2,,,18.0,18.0,24.0,18.0,18.0,24.0,30.0,30.0,40.0,2015-05-22 07:01:38,2026-06-25 13:32:56,1,,3,
329737419489998,171920438020004,2014,54,45,534,225,4,2,,,,,,,6.0,18.0,24.0,6.0,18.0,24.0,10.0,30.0,40.0,2015-05-22 07:01:38,2026-06-25 13:32:56,1,,3,
329737416489998,171920438020004,2014,54,45,534,270,1,1,,20,2,0,,,18.0,18.0,24.0,18.0,18.0,24.0,30.0,30.0,40.0,2015-05-22 07:01:38,2026-06-25 13:32:56,1,,3,
329737417489998,171920438020004,2014,54,45,534,360,2,1,,4,2,1,,,18.0,18.0,24.0,18.0,18.0,24.0,30.0,30.0,40.0,2015-05-22 07:01:38,2026-06-25 13:32:56,1,,3,
329737919489998,171920450020004,2014,54,47,437,135,3,1,,3,2,1,,,24.0,24.0,24.0,24.0,24.0,24.0,40.0,40.0,40.0,2015-05-22 07:01:38,2026-06-25 13:32:57,1,,3,
329737920489998,171920450020004,2014,54,47,437,225,4,1,,15,5,5,,,24.0,24.0,24.0,24.0,24.0,24.0,40.0,40.0,40.0,2015-05-22 07:01:38,2026-06-25 13:32:57,1,,3,
329737917489998,171920450020004,2014,54,47,437,270,1,1,,5,3,1,,,24.0,24.0,24.0,24.0,24.0,24.0,40.0,40.0,40.0,2015-05-22 07:01:38,2026-06-25 13:32:57,1,,3,
329737918489998,171920450020004,2014,54,47,437,360,2,1,,4,2,1,,,24.0,24.0,24.0,24.0,24.0,24.0,40.0,40.0,40.0,2015-05-22 07:01:38,2026-06-25 13:32:57,1,,3,
329742661489998,171920587020004,2014,54,55,961,135,3,1,,2,0,0,,,24.0,24.0,24.0,24.0,24.0,24.0,40.0,40.0,40.0,2015-05-22 07:01:39,2026-06-25 13:32:55,1,,3,
329742662489998,171920587020004,2014,54,55,961,225,4,1,,1,1,0,,,24.0,24.0,24.0,24.0,24.0,24.0,40.0,40.0,40.0,2015-05-22 07:01:39,2026-06-25 13:32:55,1,,3,
329742659489998,171920587020004,2014,54,55,961,270,1,1,,14,0,0,,,24.0,24.0,24.0,24.0,24.0,24.0,40.0,40.0,40.0,2015-05-22 07:01:39,2026-06-25 13:32:55,1,,3,
329742660489998,171920587020004,2014,54,55,961,360,2,1,,9,2,0,,,24.0,24.0,24.0,24.0,24.0,24.0,40.0,40.0,40.0,2015-05-22 07:01:39,2026-06-25 13:32:55,1,,3,
329739536489998,171920496020004,2014,54,55,2278,135,3,1,,11,1,1,,,24.0,24.0,24.0,24.0,24.0,24.0,40.0,40.0,40.0,2015-05-22 07:01:38,2026-06-25 13:32:56,1,,3,
329739537489998,171920496020004,2014,54,55,2278,225,4,1,,9,2,5,,,24.0,24.0,24.0,24.0,24.0,24.0,40.0,40.0,40.0,2015-05-22 07:01:38,2026-06-25 13:32:56,1,,3,
329739534489998,171920496020004,2014,54,55,2278,270,1,1,,13,4,2,,,24.0,24.0,24.0,24.0,24.0,24.0,40.0,40.0,40.0,2015-05-22 07:01:38,2026-06-25 13:32:56,1,,3,
329739535489998,171920496020004,2014,54,55,2278,360,2,1,,2,4,1,,,24.0,24.0,24.0,24.0,24.0,24.0,40.0,40.0,40.0,2015-05-22 07:01:38,2026-06-25 13:32:56,1,,3,
329731906489998,171920228020004,2014,54,59,257,135,3,1,,,,,,,24.0,0.0,24.0,24.0,0.0,24.0,40.0,0.0,40.0,2015-05-22 07:01:38,2026-06-25 13:32:57,1,,3,
329731907489998,171920228020004,2014,54,59,257,225,4,1,,,,,,,24.0,0.0,24.0,24.0,0.0,24.0,40.0,0.0,40.0,2015-05-22 07:01:38,2026-06-25 13:32:57,1,,3,
329731904489998,171920228020004,2014,54,59,257,270,1,1,,,,,,,24.0,0.0,24.0,24.0,0.0,24.0,40.0,0.0,40.0,2015-05-22 07:01:38,2026-06-25 13:32:57,1,,3,
329731905489998,171920228020004,2014,54,59,257,360,2,1,,,,,,,24.0,0.0,24.0,24.0,0.0,24.0,40.0,0.0,40.0,2015-05-22 07:01:38,2026-06-25 13:32:57,1,,3,
329737476489998,171920439020004,2014,54,59,835,135,3,1,,,,,,,24.0,0.0,24.0,24.0,0.0,24.0,40.0,0.0,40.0,2015-05-22 07:01:38,2026-06-25 13:32:56,1,,3,
329737477489998,171920439020004,2014,54,59,835,225,4,1,,,,,,,24.0,0.0,24.0,24.0,0.0,24.0,40.0,0.0,40.0,2015-05-22 07:01:38,2026-06-25 13:32:56,1,,3,
329737474489998,171920439020004,2014,54,59,835,270,1,1,,,,,,,24.0,0.0,24.0,24.0,0.0,24.0,40.0,0.0,40.0,2015-05-22 07:01:38,2026-06-25 13:32:56,1,,3,
329737475489998,171920439020004,2014,54,59,835,360,2,1,,,,,,,24.0,0.0,24.0,24.0,0.0,24.0,40.0,0.0,40.0,2015-05-22 07:01:38,2026-06-25 13:32:56,1,,3,
329740914489998,171920538020004,2014,54,61,2189,135,3,1,,20,5,1,,,24.0,24.0,24.0,24.0,24.0,24.0,40.0,40.0,40.0,2015-05-22 07:01:39,2026-06-25 13:32:55,1,,3,
329740915489998,171920538020004,2014,54,61,2189,225,4,1,,6,22,0,,,24.0,24.0,24.0,24.0,24.0,24.0,40.0,40.0,40.0,2015-05-22 07:01:39,2026-06-25 13:32:55,1,,3,
329740912489998,171920538020004,2014,54,61,2189,270,1,1,,19,4,3,,,24.0,24.0,24.0,24.0,24.0,24.0,40.0,40.0,40.0,2015-05-22 07:01:39,2026-06-25 13:32:55,1,,3,
329740913489998,171920538020004,2014,54,61,2189,360,2,1,,46,7,2,,,24.0,24.0,24.0,24.0,24.0,24.0,40.0,40.0,40.0,2015-05-22 07:01:39,2026-06-25 13:32:55,1,,3,
329763110489998,171920666020004,2014,54,65,623,135,3,3,,7,7,0,,,6.0,24.0,24.0,6.0,24.0,24.0,10.0,40.0,40.0,2015-05-22 08:27:17,2026-06-25 13:32:56,1,,3,
329763111489998,171920666020004,2014,54,65,623,225,4,1,,8,6,0,,,18.0,24.0,24.0,18.0,24.0,24.0,30.0,40.0,40.0,2015-05-22 08:27:17,2026-06-25 13:32:56,1,,3,
329763108489998,171920666020004,2014,54,65,623,270,1,1,,9,2,1,,,18.0,24.0,24.0,18.0,24.0,24.0,30.0,40.0,40.0,2015-05-22 08:27:17,2026-06-25 13:32:56,1,,3,
329763109489998,171920666020004,2014,54,65,623,360,2,1,,1,2,0,,,18.0,24.0,24.0,18.0,24.0,24.0,30.0,40.0,40.0,2015-05-22 08:27:17,2026-06-25 13:32:56,1,,3,
329733306489998,171920272020004,2014,54,75,1492,135,3,1,,,,,,,24.0,0.0,24.0,24.0,0.0,24.0,40.0,0.0,40.0,2015-05-22 07:01:38,2026-06-25 13:32:56,1,,3,
329733307489998,171920272020004,2014,54,75,1492,225,4,1,,,,,,,24.0,0.0,24.0,24.0,0.0,24.0,40.0,0.0,40.0,2015-05-22 07:01:38,2026-06-25 13:32:56,1,,3,
329733304489998,171920272020004,2014,54,75,1492,270,1,1,,,,,,,24.0,0.0,24.0,24.0,0.0,24.0,40.0,0.0,40.0,2015-05-22 07:01:38,2026-06-25 13:32:56,1,,3,
329733305489998,171920272020004,2014,54,75,1492,360,2,1,,,,,,,24.0,0.0,24.0,24.0,0.0,24.0,40.0,0.0,40.0,2015-05-22 07:01:38,2026-06-25 13:32:56,1,,3,
329743171489998,171920608020004,2014,54,75,2194,135,3,1,,33,5,2,,,24.0,24.0,24.0,24.0,24.0,24.0,40.0,40.0,40.0,2015-05-22 07:01:39,2026-06-25 13:32:57,1,,3,
329743172489998,171920608020004,2014,54,75,2194,225,4,1,,10,0,0,,,24.0,24.0,24.0,24.0,24.0,24.0,40.0,40.0,40.0,2015-05-22 07:01:39,2026-06-25 13:32:57,1,,3,
329743169489998,171920608020004,2014,54,75,2194,270,1,1,,10,2,2,,,24.0,24.0,24.0,24.0,24.0,24.0,40.0,40.0,40.0,2015-05-22 07:01:39,2026-06-25 13:32:57,1,,3,
329743170489998,171920608020004,2014,54,75,2194,360,2,1,,15,1,2,,,24.0,24.0,24.0,24.0,24.0,24.0,40.0,40.0,40.0,2015-05-22 07:01:39,2026-06-25 13:32:57,1,,3,
329733871489998,171920293020004,2014,54,77,273,135,3,1,,1,1,2,,,24.0,24.0,24.0,24.0,24.0,24.0,40.0,40.0,40.0,2015-05-22 07:01:38,2026-06-25 13:32:55,1,,3,
329733872489998,171920293020004,2014,54,77,273,225,4,1,,10,3,2,,,24.0,24.0,24.0,24.0,24.0,24.0,40.0,40.0,40.0,2015-05-22 07:01:38,2026-06-25 13:32:55,1,,3,
329733869489998,171920293020004,2014,54,77,273,270,1,1,,4,1,3,,,24.0,24.0,24.0,24.0,24.0,24.0,40.0,40.0,40.0,2015-05-22 07:01:38,2026-06-25 13:32:55,1,,3,
329733870489998,171920293020004,2014,54,77,273,360,2,1,,10,1,4,,,24.0,24.0,24.0,24.0,24.0,24.0,40.0,40.0,40.0,2015-05-22 07:01:38,2026-06-25 13:32:55,1,,3,
329731178489998,171920204020004,2014,54,77,1290,135,3,1,,19,1,0,,,24.0,24.0,24.0,24.0,24.0,24.0,40.0,40.0,40.0,2015-05-22 07:01:38,2026-06-25 13:32:56,1,,3,
329731179489998,171920204020004,2014,54,77,1290,225,4,1,,9,1,0,,,24.0,24.0,24.0,24.0,24.0,24.0,40.0,40.0,40.0,2015-05-22 07:01:38,2026-06-25 13:32:56,1,,3,
329731176489998,171920204020004,2014,54,77,1290,270,1,1,,54,8,6,,,24.0,24.0,24.0,24.0,24.0,24.0,40.0,40.0,40.0,2015-05-22 07:01:38,2026-06-25 13:32:56,1,,3,
329731177489998,171920204020004,2014,54,77,1290,360,2,1,,8,0,0,,,24.0,24.0,24.0,24.0,24.0,24.0,40.0,40.0,40.0,2015-05-22 07:01:38,2026-06-25 13:32:56,1,,3,
329730972489998,171920202020004,2014,54,77,1498,135,3,1,,8,1,0,,,24.0,24.0,24.0,24.0,24.0,24.0,40.0,40.0,40.0,2015-05-22 07:01:38,2026-06-25 13:32:54,1,,3,
329730973489998,171920202020004,2014,54,77,1498,225,4,1,,5,0,0,,,24.0,24.0,24.0,24.0,24.0,24.0,40.0,40.0,40.0,2015-05-22 07:01:38,2026-06-25 13:32:54,1,,3,
329730970489998,171920202020004,2014,54,77,1498,270,1,1,,6,3,2,,,24.0,24.0,24.0,24.0,24.0,24.0,40.0,40.0,40.0,2015-05-22 07:01:38,2026-06-25 13:32:54,1,,3,
329730971489998,171920202020004,2014,54,77,1498,360,2,1,,9,2,3,,,24.0,24.0,24.0,24.0,24.0,24.0,40.0,40.0,40.0,2015-05-22 07:01:38,2026-06-25 13:32:54,1,,3,
329732793489998,171920254020004,2014,54,81,914,135,3,1,,18,2,0,,,24.0,24.0,24.0,24.0,24.0,24.0,40.0,40.0,40.0,2015-05-22 07:01:38,2026-06-25 13:32:54,1,,3,
329732794489998,171920254020004,2014,54,81,914,225,4,1,,20,1,4,,,24.0,24.0,24.0,24.0,24.0,24.0,40.0,40.0,40.0,2015-05-22 07:01:38,2026-06-25 13:32:54,1,,3,
329732791489998,171920254020004,2014,54,81,914,270,1,1,,17,2,1,,,24.0,24.0,24.0,24.0,24.0,24.0,40.0,40.0,40.0,2015-05-22 07:01:38,2026-06-25 13:32:54,1,,3,
329732792489998,171920254020004,2014,54,81,914,360,2,1,,10,0,0,,,24.0,24.0,24.0,24.0,24.0,24.0,40.0,40.0,40.0,2015-05-22 07:01:38,2026-06-25 13:32:54,1,,3,
329744760489998,171920646020004,2014,54,83,1402,135,3,1,,30,6,1,,,24.0,24.0,24.0,24.0,24.0,24.0,40.0,40.0,40.0,2015-05-22 07:01:39,2026-06-25 13:32:54,1,,3,
329744761489998,171920646020004,2014,54,83,1402,225,4,1,,14,1,0,,,24.0,24.0,24.0,24.0,24.0,24.0,40.0,40.0,40.0,2015-05-22 07:01:39,2026-06-25 13:32:54,1,,3,
329744758489998,171920646020004,2014,54,83,1402,270,1,1,,23,3,1,,,24.0,24.0,24.0,24.0,24.0,24.0,40.0,40.0,40.0,2015-05-22 07:01:39,2026-06-25 13:32:54,1,,3,
329744759489998,171920646020004,2014,54,83,1402,360,2,1,,12,0,3,,,24.0,24.0,24.0,24.0,24.0,24.0,40.0,40.0,40.0,2015-05-22 07:01:39,2026-06-25 13:32:54,1,,3,
329744247489998,171920636020004,2014,54,83,2332,135,3,1,,10,1,1,,,24.0,24.0,24.0,24.0,24.0,24.0,40.0,40.0,40.0,2015-05-22 07:01:39,2026-06-25 13:32:56,1,,3,
329744248489998,171920636020004,2014,54,83,2332,225,4,1,,30,5,0,,,24.0,24.0,24.0,24.0,24.0,24.0,40.0,40.0,40.0,2015-05-22 07:01:39,2026-06-25 13:32:56,1,,3,
329744245489998,171920636020004,2014,54,83,2332,270,1,1,,7,6,4,,,24.0,24.0,24.0,24.0,24.0,24.0,40.0,40.0,40.0,2015-05-22 07:01:39,2026-06-25 13:32:56,1,,3,
329744246489998,171920636020004,2014,54,83,2332,360,2,1,,7,2,1,,,24.0,24.0,24.0,24.0,24.0,24.0,40.0,40.0,40.0,2015-05-22 07:01:39,2026-06-25 13:32:56,1,,3,
329740322489998,171920520020004,2014,54,85,2833,135,3,1,,2,2,2,,,24.0,24.0,24.0,24.0,24.0,24.0,40.0,40.0,40.0,2015-05-22 07:01:39,2026-06-25 13:32:56,1,,3,
329740323489998,171920520020004,2014,54,85,2833,225,4,1,,3,0,2,,,24.0,24.0,24.0,24.0,24.0,24.0,40.0,40.0,40.0,2015-05-22 07:01:39,2026-06-25 13:32:56,1,,3,
329740320489998,171920520020004,2014,54,85,2833,270,1,1,,3,0,1,,,24.0,24.0,24.0,24.0,24.0,24.0,40.0,40.0,40.0,2015-05-22 07:01:39,2026-06-25 13:32:56,1,,3,
329740321489998,171920520020004,2014,54,85,2833,360,2,1,,2,0,0,,,24.0,24.0,24.0,24.0,24.0,24.0,40.0,40.0,40.0,2015-05-22 07:01:39,2026-06-25 13:32:56,1,,3,
329741400489998,171920555020004,2014,54,87,2094,135,3,1,,,,,,,24.0,0.0,24.0,24.0,0.0,24.0,40.0,0.0,40.0,2015-05-22 07:01:39,2026-06-25 13:32:55,1,,3,
329741401489998,171920555020004,2014,54,87,2094,225,4,1,,,,,,,24.0,0.0,24.0,24.0,0.0,24.0,40.0,0.0,40.0,2015-05-22 07:01:39,2026-06-25 13:32:55,1,,3,
329741398489998,171920555020004,2014,54,87,2094,270,1,1,,,,,,,24.0,0.0,24.0,24.0,0.0,24.0,40.0,0.0,40.0,2015-05-22 07:01:39,2026-06-25 13:32:55,1,,3,
329741399489998,171920555020004,2014,54,87,2094,360,2,1,,,,,,,24.0,0.0,24.0,24.0,0.0,24.0,40.0,0.0,40.0,2015-05-22 07:01:39,2026-06-25 13:32:55,1,,3,
329738601489998,171920472020004,2014,54,95,1969,135,3,2,,,,,,,6.0,24.0,24.0,6.0,24.0,24.0,10.0,40.0,40.0,2015-05-22 07:01:38,2026-06-25 13:32:54,1,,3,
329738602489998,171920472020004,2014,54,95,1969,225,4,1,,5,3,0,,,18.0,24.0,24.0,18.0,24.0,24.0,30.0,40.0,40.0,2015-05-22 07:01:38,2026-06-25 13:32:54,1,,3,
329738599489998,171920472020004,2014,54,95,1969,270,1,1,,1,1,0,,,18.0,24.0,24.0,18.0,24.0,24.0,30.0,40.0,40.0,2015-05-22 07:01:38,2026-06-25 13:32:54,1,,3,
329738600489998,171920472020004,2014,54,95,1969,360,2,1,,0,0,0,,,18.0,24.0,24.0,18.0,24.0,24.0,30.0,40.0,40.0,2015-05-22 07:01:38,2026-06-25 13:32:54,1,,3,
329740078489998,171920515020004,2014,54,97,2114,135,3,2,,,,,,,6.0,24.0,24.0,6.0,24.0,24.0,10.0,40.0,40.0,2015-05-22 07:01:38,2026-06-25 13:32:56,1,,3,
329740079489998,171920515020004,2014,54,97,2114,225,4,1,,16,3,4,,,18.0,24.0,24.0,18.0,24.0,24.0,30.0,40.0,40.0,2015-05-22 07:01:38,2026-06-25 13:32:56,1,,3,
329740076489998,171920515020004,2014,54,97,2114,270,1,1,,1,1,1,,,18.0,24.0,24.0,18.0,24.0,24.0,30.0,40.0,40.0,2015-05-22 07:01:38,2026-06-25 13:32:56,1,,3,
329740077489998,171920515020004,2014,54,97,2114,360,2,1,,6,2,1,,,18.0,24.0,24.0,18.0,24.0,24.0,30.0,40.0,40.0,2015-05-22 07:01:38,2026-06-25 13:32:56,1,,3,
329730261489998,171920168020004,2014,54,101,2463,135,3,1,,35,3,0,,,24.0,24.0,24.0,24.0,24.0,24.0,40.0,40.0,40.0,2015-05-22 07:01:38,2026-06-25 13:32:56,1,,3,
329730262489998,171920168020004,2014,54,101,2463,225,4,1,,10,2,1,,,24.0,24.0,24.0,24.0,24.0,24.0,40.0,40.0,40.0,2015-05-22 07:01:38,2026-06-25 13:32:56,1,,3,
329730259489998,171920168020004,2014,54,101,2463,270,1,1,,8,4,2,,,24.0,24.0,24.0,24.0,24.0,24.0,40.0,40.0,40.0,2015-05-22 07:01:38,2026-06-25 13:32:56,1,,3,
329730260489998,171920168020004,2014,54,101,2463,360,2,1,,20,3,1,,,24.0,24.0,24.0,24.0,24.0,24.0,40.0,40.0,40.0,2015-05-22 07:01:38,2026-06-25 13:32:56,1,,3,
329740475489998,171920523020004,2014,54,105,1773,135,3,2,,,,,,,6.0,24.0,24.0,6.0,24.0,24.0,10.0,40.0,40.0,2015-05-22 07:01:39,2026-06-25 13:32:56,1,,3,
329740476489998,171920523020004,2014,54,105,1773,225,4,3,,3,2,0,,,6.0,24.0,24.0,6.0,24.0,24.0,10.0,40.0,40.0,2015-05-22 07:01:39,2026-06-25 13:32:56,1,,3,
329740473489998,171920523020004,2014,54,105,1773,270,1,1,,3,2,0,,,12.0,24.0,24.0,12.0,24.0,24.0,20.0,40.0,40.0,2015-05-22 07:01:39,2026-06-25 13:32:56,1,,3,
329740474489998,171920523020004,2014,54,105,1773,360,2,1,,4,3,1,,,12.0,24.0,24.0,12.0,24.0,24.0,20.0,40.0,40.0,2015-05-22 07:01:39,2026-06-25 13:32:56,1,,3,
329738074489998,171920455020004,2014,54,107,1633,135,3,1,,,,,,,24.0,0.0,24.0,24.0,0.0,24.0,40.0,0.0,40.0,2015-05-22 07:01:38,2026-06-25 13:32:56,1,,3,
329738075489998,171920455020004,2014,54,107,1633,225,4,1,,,,,,,24.0,0.0,24.0,24.0,0.0,24.0,40.0,0.0,40.0,2015-05-22 07:01:38,2026-06-25 13:32:56,1,,3,
329738072489998,171920455020004,2014,54,107,1633,270,1,1,,,,,,,24.0,0.0,24.0,24.0,0.0,24.0,40.0,0.0,40.0,2015-05-22 07:01:38,2026-06-25 13:32:56,1,,3,
329738073489998,171920455020004,2014,54,107,1633,360,2,1,,,,,,,24.0,0.0,24.0,24.0,0.0,24.0,40.0,0.0,40.0,2015-05-22 07:01:38,2026-06-25 13:32:56,1,,3,
329737678489998,171920444020004,2014,54,109,328,135,3,1,,5,3,1,,,19.5,19.5,24.0,19.5,19.5,24.0,31.5,31.5,40.0,2015-05-22 07:01:38,2026-06-25 13:32:54,1,,3,
329737679489998,171920444020004,2014,54,109,328,225,4,1,,1,1,0,,,19.5,19.5,24.0,19.5,19.5,24.0,31.5,31.5,40.0,2015-05-22 07:01:38,2026-06-25 13:32:54,1,,3,
329737680489998,171920444020004,2014,54,109,328,225,4,2,,,,,,,4.5,19.5,24.0,4.5,19.5,24.0,8.5,31.5,40.0,2015-05-22 07:01:38,2026-06-25 13:32:54,1,,3,
329737676489998,171920444020004,2014,54,109,328,270,1,1,,8,4,0,,,19.5,19.5,24.0,19.5,19.5,24.0,31.5,31.5,40.0,2015-05-22 07:01:38,2026-06-25 13:32:54,1,,3,
329737677489998,171920444020004,2014,54,109,328,360,2,1,,11,6,3,,,19.5,19.5,24.0,19.5,19.5,24.0,31.5,31.5,40.0,2015-05-22 07:01:38,2026-06-25 13:32:54,1,,3,
384454536489998,171920667020004,2015,54,3,610,135,3,1,,,,,,,18.0,24.0,24.0,18.0,24.0,24.0,30.0,40.0,40.0,2016-04-11 09:35:19,2026-06-25 13:32:56,1,,3,
384454537489998,171920667020004,2015,54,3,610,225,4,2,,12,4,0,,,6.0,24.0,24.0,6.0,24.0,24.0,10.0,40.0,40.0,2016-04-11 09:35:19,2026-06-25 13:32:56,1,,3,
384454534489998,171920667020004,2015,54,3,610,270,1,1,,,,,,,18.0,24.0,24.0,18.0,24.0,24.0,30.0,40.0,40.0,2016-04-11 09:35:19,2026-06-25 13:32:56,1,,3,
384454535489998,171920667020004,2015,54,3,610,360,2,1,,,,,,,18.0,24.0,24.0,18.0,24.0,24.0,30.0,40.0,40.0,2016-04-11 09:35:19,2026-06-25 13:32:56,1,,3,
384459162489998,249981902489998,2015,54,5,139,135,3,1,,5,0,2,,,18.0,24.0,24.0,18.0,24.0,24.0,30.0,40.0,40.0,2016-04-11 09:35:20,2026-06-25 13:32:54,1,,3,
384459163489998,249981902489998,2015,54,5,139,225,4,1,,3,2,0,,,18.0,24.0,24.0,18.0,24.0,24.0,30.0,40.0,40.0,2016-04-11 09:35:20,2026-06-25 13:32:54,1,,3,
384459160489998,249981902489998,2015,54,5,139,270,1,1,,4,1,1,,,18.0,24.0,24.0,18.0,24.0,24.0,30.0,40.0,40.0,2016-04-11 09:35:20,2026-06-25 13:32:54,1,,3,
384459161489998,249981902489998,2015,54,5,139,360,2,2,,0,0,0,,,6.0,24.0,24.0,6.0,24.0,24.0,10.0,40.0,40.0,2016-04-11 09:35:20,2026-06-25 13:32:54,1,,3,
384453474489998,171920549020004,2015,54,7,1499,135,3,1,,,,,,,24.0,0.0,24.0,24.0,0.0,24.0,40.0,0.0,40.0,2016-04-11 09:35:19,2026-06-25 13:32:55,1,,3,
384453475489998,171920549020004,2015,54,7,1499,225,4,1,,,,,,,24.0,0.0,24.0,24.0,0.0,24.0,40.0,0.0,40.0,2016-04-11 09:35:19,2026-06-25 13:32:55,1,,3,
384453472489998,171920549020004,2015,54,7,1499,270,1,1,,,,,,,24.0,0.0,24.0,24.0,0.0,24.0,40.0,0.0,40.0,2016-04-11 09:35:19,2026-06-25 13:32:55,1,,3,
384453473489998,171920549020004,2015,54,7,1499,360,2,1,,,,,,,24.0,0.0,24.0,24.0,0.0,24.0,40.0,0.0,40.0,2016-04-11 09:35:19,2026-06-25 13:32:55,1,,3,
384456275489998,249981835489998,2015,54,9,576,135,3,1,,2,1,1,,,24.0,24.0,24.0,24.0,24.0,24.0,40.0,40.0,40.0,2016-04-11 09:35:19,2026-06-25 13:32:56,1,,3,
384456276489998,249981835489998,2015,54,9,576,225,4,1,,6,3,1,,,24.0,24.0,24.0,24.0,24.0,24.0,40.0,40.0,40.0,2016-04-11 09:35:19,2026-06-25 13:32:56,1,,3,
384456273489998,249981835489998,2015,54,9,576,270,1,1,,14,4,2,,,24.0,24.0,24.0,24.0,24.0,24.0,40.0,40.0,40.0,2016-04-11 09:35:19,2026-06-25 13:32:56,1,,3,
384456274489998,249981835489998,2015,54,9,576,360,2,1,,22,4,0,,,24.0,24.0,24.0,24.0,24.0,24.0,40.0,40.0,40.0,2016-04-11 09:35:19,2026-06-25 13:32:56,1,,3,
384453420489998,171920548020004,2015,54,13,1500,135,3,1,,5,0,1,,,24.0,24.0,24.0,24.0,24.0,24.0,40.0,40.0,40.0,2016-04-11 09:35:19,2026-06-25 13:32:56,1,,3,
384453421489998,171920548020004,2015,54,13,1500,225,4,1,,2,6,0,,,24.0,24.0,24.0,24.0,24.0,24.0,40.0,40.0,40.0,2016-04-11 09:35:19,2026-06-25 13:32:56,1,,3,
384453418489998,171920548020004,2015,54,13,1500,270,1,1,,2,0,0,,,24.0,24.0,24.0,24.0,24.0,24.0,40.0,40.0,40.0,2016-04-11 09:35:19,2026-06-25 13:32:56,1,,3,
384453419489998,171920548020004,2015,54,13,1500,360,2,1,,3,0,0,,,24.0,24.0,24.0,24.0,24.0,24.0,40.0,40.0,40.0,2016-04-11 09:35:19,2026-06-25 13:32:56,1,,3,
384452447489998,171920478020004,2015,54,17,2692,135,3,1,,1,1,4,,,18.0,24.0,24.0,18.0,24.0,24.0,30.0,40.0,40.0,2016-04-11 09:35:19,2026-06-25 13:32:56,1,,3,
384452448489998,171920478020004,2015,54,17,2692,225,4,1,,5,1,0,,,18.0,24.0,24.0,18.0,24.0,24.0,30.0,40.0,40.0,2016-04-11 09:35:19,2026-06-25 13:32:56,1,,3,
384452445489998,171920478020004,2015,54,17,2692,270,1,1,,3,1,1,,,18.0,24.0,24.0,18.0,24.0,24.0,30.0,40.0,40.0,2016-04-11 09:35:19,2026-06-25 13:32:56,1,,3,
384452446489998,171920478020004,2015,54,17,2692,360,2,2,,,,,,,6.0,24.0,24.0,6.0,24.0,24.0,10.0,40.0,40.0,2016-04-11 09:35:19,2026-06-25 13:32:56,1,,3,
384458417489998,249981887489998,2015,54,23,2149,135,3,1,,,,,,,24.0,0.0,24.0,24.0,0.0,24.0,40.0,0.0,40.0,2016-04-11 09:35:20,2026-06-25 13:32:56,1,,3,
384458418489998,249981887489998,2015,54,23,2149,225,4,1,,,,,,,24.0,0.0,24.0,24.0,0.0,24.0,40.0,0.0,40.0,2016-04-11 09:35:20,2026-06-25 13:32:56,1,,3,
384458415489998,249981887489998,2015,54,23,2149,270,1,1,,,,,,,24.0,0.0,24.0,24.0,0.0,24.0,40.0,0.0,40.0,2016-04-11 09:35:20,2026-06-25 13:32:56,1,,3,
384458416489998,249981887489998,2015,54,23,2149,360,2,1,,,,,,,24.0,0.0,24.0,24.0,0.0,24.0,40.0,0.0,40.0,2016-04-11 09:35:20,2026-06-25 13:32:56,1,,3,
384462679489998,249981989489998,2015,54,25,580,135,3,2,,,,,,,6.0,18.0,24.0,6.0,18.0,24.0,10.0,30.0,40.0,2016-04-11 09:35:20,2026-06-25 13:32:55,1,,3,
384462680489998,249981989489998,2015,54,25,580,225,4,1,,9,2,2,,,18.0,18.0,24.0,18.0,18.0,24.0,30.0,30.0,40.0,2016-04-11 09:35:20,2026-06-25 13:32:55,1,,3,
384462677489998,249981989489998,2015,54,25,580,270,1,1,,18,3,2,,,18.0,18.0,24.0,18.0,18.0,24.0,30.0,30.0,40.0,2016-04-11 09:35:20,2026-06-25 13:32:55,1,,3,
384462678489998,249981989489998,2015,54,25,580,360,2,1,,8,1,1,,,18.0,18.0,24.0,18.0,18.0,24.0,30.0,30.0,40.0,2016-04-11 09:35:20,2026-06-25 13:32:55,1,,3,
384454693489998,171920677020004,2015,54,25,2331,135,3,1,,2,0,0,,,24.0,24.0,24.0,24.0,24.0,24.0,40.0,40.0,40.0,2016-04-11 09:35:19,2026-06-25 13:32:56,1,,3,
384454694489998,171920677020004,2015,54,25,2331,225,4,1,,4,1,1,,,24.0,24.0,24.0,24.0,24.0,24.0,40.0,40.0,40.0,2016-04-11 09:35:19,2026-06-25 13:32:56,1,,3,
384454691489998,171920677020004,2015,54,25,2331,270,1,1,,6,1,3,,,24.0,24.0,24.0,24.0,24.0,24.0,40.0,40.0,40.0,2016-04-11 09:35:19,2026-06-25 13:32:56,1,,3,
384454692489998,171920677020004,2015,54,25,2331,360,2,1,,2,0,0,,,24.0,24.0,24.0,24.0,24.0,24.0,40.0,40.0,40.0,2016-04-11 09:35:19,2026-06-25 13:32:56,1,,3,
384456781489998,249981845489998,2015,54,31,1695,135,3,2,,19,2,2,,,18.0,24.0,24.0,18.0,24.0,24.0,30.7,40.0,40.0,2016-04-11 09:35:20,2026-06-25 13:32:57,1,,3,
384456782489998,249981845489998,2015,54,31,1695,225,4,2,,11,0,0,,,18.0,24.0,24.0,18.0,24.0,24.0,30.7,40.0,40.0,2016-04-11 09:35:20,2026-06-25 13:32:57,1,,3,
384456778489998,249981845489998,2015,54,31,1695,270,1,1,,,,,,,6.0,24.0,24.0,6.0,24.0,24.0,9.3,40.0,40.0,2016-04-11 09:35:20,2026-06-25 13:32:57,1,,3,
384456779489998,249981845489998,2015,54,31,1695,270,1,2,,0,0,0,,,18.0,24.0,24.0,18.0,24.0,24.0,30.7,40.0,40.0,2016-04-11 09:35:20,2026-06-25 13:32:57,1,,3,
384456780489998,249981845489998,2015,54,31,1695,360,2,2,,8,1,1,,,18.0,24.0,24.0,18.0,24.0,24.0,30.7,40.0,40.0,2016-04-11 09:35:20,2026-06-25 13:32:57,1,,3,
384463948489998,249982015489998,2015,54,33,830,135,3,1,,,,,,,24.0,0.0,24.0,24.0,0.0,24.0,40.0,0.0,40.0,2016-04-11 09:35:20,2026-06-25 13:32:57,1,,3,
384463949489998,249982015489998,2015,54,33,830,225,4,1,,,,,,,24.0,0.0,24.0,24.0,0.0,24.0,40.0,0.0,40.0,2016-04-11 09:35:20,2026-06-25 13:32:57,1,,3,
384463946489998,249982015489998,2015,54,33,830,270,1,1,,,,,,,24.0,0.0,24.0,24.0,0.0,24.0,40.0,0.0,40.0,2016-04-11 09:35:20,2026-06-25 13:32:57,1,,3,
384463947489998,249982015489998,2015,54,33,830,360,2,1,,,,,,,24.0,0.0,24.0,24.0,0.0,24.0,40.0,0.0,40.0,2016-04-11 09:35:20,2026-06-25 13:32:57,1,,3,
384458936489998,249981898489998,2015,54,35,949,135,3,2,,,,,,,6.0,24.0,24.0,6.0,24.0,24.0,10.0,40.0,40.0,2016-04-11 09:35:20,2026-06-25 13:32:55,1,,3,
384458937489998,249981898489998,2015,54,35,949,225,4,1,,0,0,0,,,18.0,24.0,24.0,18.0,24.0,24.0,30.0,40.0,40.0,2016-04-11 09:35:20,2026-06-25 13:32:55,1,,3,
384458934489998,249981898489998,2015,54,35,949,270,1,1,,6,6,7,,,18.0,24.0,24.0,18.0,24.0,24.0,30.0,40.0,40.0,2016-04-11 09:35:20,2026-06-25 13:32:55,1,,3,
384458935489998,249981898489998,2015,54,35,949,360,2,1,,8,2,3,,,18.0,24.0,24.0,18.0,24.0,24.0,30.0,40.0,40.0,2016-04-11 09:35:20,2026-06-25 13:32:55,1,,3,
384458870489998,249981897489998,2015,54,35,1145,135,3,1,,8,5,3,,,12.0,18.0,24.0,12.0,18.0,24.0,20.0,30.0,40.0,2016-04-11 09:35:20,2026-06-25 13:32:55,1,,3,
384458871489998,249981897489998,2015,54,35,1145,225,4,3,,,,,,,6.0,18.0,24.0,6.0,18.0,24.0,10.0,30.0,40.0,2016-04-11 09:35:20,2026-06-25 13:32:55,1,,3,
384458868489998,249981897489998,2015,54,35,1145,270,1,2,,,,,,,6.0,18.0,24.0,6.0,18.0,24.0,10.0,30.0,40.0,2016-04-11 09:35:20,2026-06-25 13:32:55,1,,3,
384458869489998,249981897489998,2015,54,35,1145,360,2,1,,11,7,15,,,12.0,18.0,24.0,12.0,18.0,24.0,20.0,30.0,40.0,2016-04-11 09:35:20,2026-06-25 13:32:55,1,,3,
384459532489998,249981909489998,2015,54,39,210,135,3,1,,,,,,,24.0,0.0,24.0,24.0,0.0,24.0,40.0,0.0,40.0,2016-04-11 09:35:20,2026-06-25 13:32:57,1,,3,
384459533489998,249981909489998,2015,54,39,210,225,4,1,,,,,,,24.0,0.0,24.0,24.0,0.0,24.0,40.0,0.0,40.0,2016-04-11 09:35:20,2026-06-25 13:32:57,1,,3,
384459530489998,249981909489998,2015,54,39,210,270,1,1,,,,,,,24.0,0.0,24.0,24.0,0.0,24.0,40.0,0.0,40.0,2016-04-11 09:35:20,2026-06-25 13:32:57,1,,3,
384459531489998,249981909489998,2015,54,39,210,360,2,1,,,,,,,24.0,0.0,24.0,24.0,0.0,24.0,40.0,0.0,40.0,2016-04-11 09:35:20,2026-06-25 13:32:57,1,,3,
384451354489998,171920387020004,2015,54,39,791,135,3,1,,3,1,1,,,24.0,24.0,24.0,24.0,24.0,24.0,40.0,40.0,40.0,2016-04-11 09:35:19,2026-06-25 13:32:55,1,,3,
384451355489998,171920387020004,2015,54,39,791,225,4,1,,6,3,0,,,24.0,24.0,24.0,24.0,24.0,24.0,40.0,40.0,40.0,2016-04-11 09:35:19,2026-06-25 13:32:55,1,,3,
384451352489998,171920387020004,2015,54,39,791,270,1,1,,3,1,0,,,24.0,24.0,24.0,24.0,24.0,24.0,40.0,40.0,40.0,2016-04-11 09:35:19,2026-06-25 13:32:55,1,,3,
384451353489998,171920387020004,2015,54,39,791,360,2,1,,7,0,1,,,24.0,24.0,24.0,24.0,24.0,24.0,40.0,40.0,40.0,2016-04-11 09:35:19,2026-06-25 13:32:55,1,,3,
384464167489998,249982019489998,2015,54,41,2378,135,3,1,,11,5,2,,,18.0,24.0,24.0,18.0,24.0,24.0,32.2,40.0,40.0,2016-04-11 09:35:20,2026-06-25 13:32:56,1,,3,
384464168489998,249982019489998,2015,54,41,2378,225,4,1,,9,4,1,,,18.0,24.0,24.0,18.0,24.0,24.0,32.2,40.0,40.0,2016-04-11 09:35:20,2026-06-25 13:32:56,1,,3,
384464164489998,249982019489998,2015,54,41,2378,270,1,1,,15,4,1,,,18.0,24.0,24.0,18.0,24.0,24.0,32.2,40.0,40.0,2016-04-11 09:35:20,2026-06-25 13:32:56,1,,3,
384464165489998,249982019489998,2015,54,41,2378,360,2,1,,0,0,0,,,18.0,24.0,24.0,18.0,24.0,24.0,32.2,40.0,40.0,2016-04-11 09:35:20,2026-06-25 13:32:56,1,,3,
384464166489998,249982019489998,2015,54,41,2378,360,2,2,,,,,,,6.0,24.0,24.0,6.0,24.0,24.0,7.8,40.0,40.0,2016-04-11 09:35:20,2026-06-25 13:32:56,1,,3,
384456890489998,249981846489998,2015,54,43,235,135,3,1,,7,4,0,,,24.0,24.0,24.0,24.0,24.0,24.0,40.0,40.0,40.0,2016-04-11 09:35:20,2026-06-25 13:32:55,1,,3,
384456891489998,249981846489998,2015,54,43,235,225,4,1,,26,6,4,,,24.0,24.0,24.0,24.0,24.0,24.0,40.0,40.0,40.0,2016-04-11 09:35:20,2026-06-25 13:32:55,1,,3,
384456888489998,249981846489998,2015,54,43,235,270,1,1,,4,5,1,,,24.0,24.0,24.0,24.0,24.0,24.0,40.0,40.0,40.0,2016-04-11 09:35:20,2026-06-25 13:32:55,1,,3,
384456889489998,249981846489998,2015,54,43,235,360,2,1,,6,2,0,,,24.0,24.0,24.0,24.0,24.0,24.0,40.0,40.0,40.0,2016-04-11 09:35:20,2026-06-25 13:32:55,1,,3,
384461190489998,249981948489998,2015,54,47,2474,135,3,1,,4,3,0,,,24.0,24.0,24.0,24.0,24.0,24.0,40.0,40.0,40.0,2016-04-11 09:35:20,2026-06-25 13:32:55,1,,3,
384461191489998,249981948489998,2015,54,47,2474,225,4,1,,4,2,1,,,24.0,24.0,24.0,24.0,24.0,24.0,40.0,40.0,40.0,2016-04-11 09:35:20,2026-06-25 13:32:55,1,,3,
384461188489998,249981948489998,2015,54,47,2474,270,1,1,,3,2,2,,,24.0,24.0,24.0,24.0,24.0,24.0,40.0,40.0,40.0,2016-04-11 09:35:20,2026-06-25 13:32:55,1,,3,
384461189489998,249981948489998,2015,54,47,2474,360,2,1,,3,1,2,,,24.0,24.0,24.0,24.0,24.0,24.0,40.0,40.0,40.0,2016-04-11 09:35:20,2026-06-25 13:32:55,1,,3,
384461932489998,249981972489998,2015,54,53,532,135,3,1,,,,,,,24.0,0.0,24.0,24.0,0.0,24.0,40.0,0.0,40.0,2016-04-11 09:35:20,2026-06-25 13:32:56,1,,3,
384461933489998,249981972489998,2015,54,53,532,225,4,1,,,,,,,24.0,0.0,24.0,24.0,0.0,24.0,40.0,0.0,40.0,2016-04-11 09:35:20,2026-06-25 13:32:56,1,,3,
384461930489998,249981972489998,2015,54,53,532,270,1,1,,,,,,,24.0,0.0,24.0,24.0,0.0,24.0,40.0,0.0,40.0,2016-04-11 09:35:20,2026-06-25 13:32:56,1,,3,
384461931489998,249981972489998,2015,54,53,532,360,2,1,,,,,,,24.0,0.0,24.0,24.0,0.0,24.0,40.0,0.0,40.0,2016-04-11 09:35:20,2026-06-25 13:32:56,1,,3,
384463771489998,249982012489998,2015,54,55,737,135,3,1,,9,3,1,,,18.0,24.0,24.0,18.0,24.0,24.0,30.0,40.0,40.0,2016-04-11 09:35:20,2026-06-25 13:32:57,1,,3,
384463772489998,249982012489998,2015,54,55,737,225,4,2,,1,1,2,,,6.0,24.0,24.0,6.0,24.0,24.0,10.0,40.0,40.0,2016-04-11 09:35:20,2026-06-25 13:32:57,1,,3,
384463769489998,249982012489998,2015,54,55,737,270,1,1,,0,3,0,,,18.0,24.0,24.0,18.0,24.0,24.0,30.0,40.0,40.0,2016-04-11 09:35:20,2026-06-25 13:32:57,1,,3,
384463770489998,249982012489998,2015,54,55,737,360,2,1,,17,1,0,,,18.0,24.0,24.0,18.0,24.0,24.0,30.0,40.0,40.0,2016-04-11 09:35:20,2026-06-25 13:32:57,1,,3,
384460196489998,249981924489998,2015,54,59,1096,135,3,2,,5,2,3,,,18.0,18.0,24.0,18.0,18.0,24.0,30.0,30.0,40.0,2016-04-11 09:35:20,2026-06-25 13:32:56,1,,3,
384460197489998,249981924489998,2015,54,59,1096,225,4,2,,8,3,4,,,18.0,18.0,24.0,18.0,18.0,24.0,30.0,30.0,40.0,2016-04-11 09:35:20,2026-06-25 13:32:56,1,,3,
384460194489998,249981924489998,2015,54,59,1096,270,1,1,,,,,,,6.0,18.0,24.0,6.0,18.0,24.0,10.0,30.0,40.0,2016-04-11 09:35:20,2026-06-25 13:32:56,1,,3,
384460195489998,249981924489998,2015,54,59,1096,360,2,2,,4,3,1,,,18.0,18.0,24.0,18.0,18.0,24.0,30.0,30.0,40.0,2016-04-11 09:35:20,2026-06-25 13:32:56,1,,3,
384459418489998,249981906489998,2015,54,59,1186,135,3,1,,,,,,,24.0,0.0,24.0,24.0,0.0,24.0,40.0,0.0,40.0,2016-04-11 09:35:20,2026-06-25 13:32:57,1,,3,
384459419489998,249981906489998,2015,54,59,1186,225,4,1,,,,,,,24.0,0.0,24.0,24.0,0.0,24.0,40.0,0.0,40.0,2016-04-11 09:35:20,2026-06-25 13:32:57,1,,3,
384459416489998,249981906489998,2015,54,59,1186,270,1,1,,,,,,,24.0,0.0,24.0,24.0,0.0,24.0,40.0,0.0,40.0,2016-04-11 09:35:20,2026-06-25 13:32:57,1,,3,
384459417489998,249981906489998,2015,54,59,1186,360,2,1,,,,,,,24.0,0.0,24.0,24.0,0.0,24.0,40.0,0.0,40.0,2016-04-11 09:35:20,2026-06-25 13:32:57,1,,3,
384464650489998,249982029489998,2015,54,67,862,135,3,1,,3,2,1,,,24.0,24.0,24.0,24.0,24.0,24.0,40.0,40.0,40.0,2016-04-11 09:35:20,2026-06-25 13:32:55,1,,3,
384464651489998,249982029489998,2015,54,67,862,225,4,1,,1,2,0,,,24.0,24.0,24.0,24.0,24.0,24.0,40.0,40.0,40.0,2016-04-11 09:35:20,2026-06-25 13:32:55,1,,3,
384464648489998,249982029489998,2015,54,67,862,270,1,1,,2,0,3,,,24.0,24.0,24.0,24.0,24.0,24.0,40.0,40.0,40.0,2016-04-11 09:35:20,2026-06-25 13:32:55,1,,3,
384464649489998,249982029489998,2015,54,67,862,360,2,1,,3,5,0,,,24.0,24.0,24.0,24.0,24.0,24.0,40.0,40.0,40.0,2016-04-11 09:35:20,2026-06-25 13:32:55,1,,3,
384449529489998,171920237020004,2015,54,67,2152,135,3,2,,9,2,1,,,6.0,24.0,24.0,6.0,24.0,24.0,10.0,40.0,40.0,2016-04-11 09:35:19,2026-06-25 13:32:57,1,,3,
384449530489998,171920237020004,2015,54,67,2152,225,4,1,,7,1,2,,,18.0,24.0,24.0,18.0,24.0,24.0,30.0,40.0,40.0,2016-04-11 09:35:19,2026-06-25 13:32:57,1,,3,
384449527489998,171920237020004,2015,54,67,2152,270,1,1,,5,0,1,,,18.0,24.0,24.0,18.0,24.0,24.0,30.0,40.0,40.0,2016-04-11 09:35:19,2026-06-25 13:32:57,1,,3,
384449528489998,171920237020004,2015,54,67,2152,360,2,1,,25,15,10,,,18.0,24.0,24.0,18.0,24.0,24.0,30.0,40.0,40.0,2016-04-11 09:35:19,2026-06-25 13:32:57,1,,3,
384458384489998,249981884489998,2015,54,71,1818,135,3,1,,11,1,0,,,24.0,24.0,24.0,24.0,24.0,24.0,40.0,40.0,40.0,2016-04-11 09:35:20,2026-06-25 13:32:55,1,,3,
384458385489998,249981884489998,2015,54,71,1818,225,4,1,,9,0,0,,,24.0,24.0,24.0,24.0,24.0,24.0,40.0,40.0,40.0,2016-04-11 09:35:20,2026-06-25 13:32:55,1,,3,
384458382489998,249981884489998,2015,54,71,1818,270,1,1,,21,1,0,,,24.0,24.0,24.0,24.0,24.0,24.0,40.0,40.0,40.0,2016-04-11 09:35:20,2026-06-25 13:32:55,1,,3,
384458383489998,249981884489998,2015,54,71,1818,360,2,1,,25,2,7,,,24.0,24.0,24.0,24.0,24.0,24.0,40.0,40.0,40.0,2016-04-11 09:35:20,2026-06-25 13:32:55,1,,3,
384464795489998,249982031489998,2015,54,71,2100,135,3,1,,12,2,3,,,24.0,24.0,24.0,24.0,24.0,24.0,40.0,40.0,40.0,2016-04-11 09:35:20,2026-06-25 13:32:55,1,,3,
384464796489998,249982031489998,2015,54,71,2100,225,4,1,,38,2,1,,,24.0,24.0,24.0,24.0,24.0,24.0,40.0,40.0,40.0,2016-04-11 09:35:20,2026-06-25 13:32:55,1,,3,
384464793489998,249982031489998,2015,54,71,2100,270,1,1,,26,1,1,,,24.0,24.0,24.0,24.0,24.0,24.0,40.0,40.0,40.0,2016-04-11 09:35:20,2026-06-25 13:32:55,1,,3,
384464794489998,249982031489998,2015,54,71,2100,360,2,1,,9,2,1,,,24.0,24.0,24.0,24.0,24.0,24.0,40.0,40.0,40.0,2016-04-11 09:35:20,2026-06-25 13:32:55,1,,3,
384451889489998,171920441020004,2015,54,73,1164,135,3,1,,,,,,,24.0,0.0,24.0,24.0,0.0,24.0,40.0,0.0,40.0,2016-04-11 09:35:19,2026-06-25 13:32:57,1,,3,
384451890489998,171920441020004,2015,54,73,1164,225,4,1,,,,,,,24.0,0.0,24.0,24.0,0.0,24.0,40.0,0.0,40.0,2016-04-11 09:35:19,2026-06-25 13:32:57,1,,3,
384451887489998,171920441020004,2015,54,73,1164,270,1,1,,,,,,,24.0,0.0,24.0,24.0,0.0,24.0,40.0,0.0,40.0,2016-04-11 09:35:19,2026-06-25 13:32:57,1,,3,
384451888489998,171920441020004,2015,54,73,1164,360,2,1,,,,,,,24.0,0.0,24.0,24.0,0.0,24.0,40.0,0.0,40.0,2016-04-11 09:35:19,2026-06-25 13:32:57,1,,3,
384454119489998,171920614020004,2015,54,75,2059,135,3,1,,6,1,0,,,24.0,24.0,24.0,24.0,24.0,24.0,40.0,40.0,40.0,2016-04-11 09:35:19,2026-06-25 13:32:57,1,,3,
384454120489998,171920614020004,2015,54,75,2059,225,4,1,,8,4,0,,,24.0,24.0,24.0,24.0,24.0,24.0,40.0,40.0,40.0,2016-04-11 09:35:19,2026-06-25 13:32:57,1,,3,
384454117489998,171920614020004,2015,54,75,2059,270,1,1,,11,2,1,,,24.0,24.0,24.0,24.0,24.0,24.0,40.0,40.0,40.0,2016-04-11 09:35:19,2026-06-25 13:32:57,1,,3,
384454118489998,171920614020004,2015,54,75,2059,360,2,1,,11,6,1,,,24.0,24.0,24.0,24.0,24.0,24.0,40.0,40.0,40.0,2016-04-11 09:35:19,2026-06-25 13:32:57,1,,3,
384457577489998,249981865489998,2015,54,75,2161,135,3,1,,6,4,4,,,24.0,24.0,24.0,24.0,24.0,24.0,40.0,40.0,40.0,2016-04-11 09:35:20,2026-06-25 13:32:57,1,,3,
384457578489998,249981865489998,2015,54,75,2161,225,4,1,,7,2,0,,,24.0,24.0,24.0,24.0,24.0,24.0,40.0,40.0,40.0,2016-04-11 09:35:20,2026-06-25 13:32:57,1,,3,
384457575489998,249981865489998,2015,54,75,2161,270,1,1,,14,3,0,,,24.0,24.0,24.0,24.0,24.0,24.0,40.0,40.0,40.0,2016-04-11 09:35:20,2026-06-25 13:32:57,1,,3,
384457576489998,249981865489998,2015,54,75,2161,360,2,1,,8,0,2,,,24.0,24.0,24.0,24.0,24.0,24.0,40.0,40.0,40.0,2016-04-11 09:35:20,2026-06-25 13:32:57,1,,3,
384455914489998,249981828489998,2015,54,77,1886,135,3,1,,28,1,1,,,24.0,24.0,24.0,24.0,24.0,24.0,40.0,40.0,40.0,2016-04-11 09:35:19,2026-06-25 13:32:56,1,,3,
384455915489998,249981828489998,2015,54,77,1886,225,4,1,,14,1,0,,,24.0,24.0,24.0,24.0,24.0,24.0,40.0,40.0,40.0,2016-04-11 09:35:19,2026-06-25 13:32:56,1,,3,
384455912489998,249981828489998,2015,54,77,1886,270,1,1,,11,1,1,,,24.0,24.0,24.0,24.0,24.0,24.0,40.0,40.0,40.0,2016-04-11 09:35:19,2026-06-25 13:32:56,1,,3,
384455913489998,249981828489998,2015,54,77,1886,360,2,1,,5,0,1,,,24.0,24.0,24.0,24.0,24.0,24.0,40.0,40.0,40.0,2016-04-11 09:35:19,2026-06-25 13:32:56,1,,3,
384465502489998,249982051489998,2015,54,79,1640,135,3,1,,,,,,,24.0,0.0,24.0,24.0,0.0,24.0,40.0,0.0,40.0,2016-04-11 09:35:20,2026-06-25 13:32:57,1,,3,
384465503489998,249982051489998,2015,54,79,1640,225,4,1,,,,,,,24.0,0.0,24.0,24.0,0.0,24.0,40.0,0.0,40.0,2016-04-11 09:35:20,2026-06-25 13:32:57,1,,3,
384465500489998,249982051489998,2015,54,79,1640,270,1,1,,,,,,,24.0,0.0,24.0,24.0,0.0,24.0,40.0,0.0,40.0,2016-04-11 09:35:20,2026-06-25 13:32:57,1,,3,
384465501489998,249982051489998,2015,54,79,1640,360,2,1,,,,,,,24.0,0.0,24.0,24.0,0.0,24.0,40.0,0.0,40.0,2016-04-11 09:35:20,2026-06-25 13:32:57,1,,3,
384449728489998,171920255020004,2015,54,81,1027,135,3,1,,,,,,,24.0,0.0,24.0,24.0,0.0,24.0,40.0,0.0,40.0,2016-04-11 09:35:19,2026-06-25 13:32:57,1,,3,
384449729489998,171920255020004,2015,54,81,1027,225,4,1,,,,,,,24.0,0.0,24.0,24.0,0.0,24.0,40.0,0.0,40.0,2016-04-11 09:35:19,2026-06-25 13:32:57,1,,3,
384449726489998,171920255020004,2015,54,81,1027,270,1,1,,,,,,,24.0,0.0,24.0,24.0,0.0,24.0,40.0,0.0,40.0,2016-04-11 09:35:19,2026-06-25 13:32:57,1,,3,
384449727489998,171920255020004,2015,54,81,1027,360,2,1,,,,,,,24.0,0.0,24.0,24.0,0.0,24.0,40.0,0.0,40.0,2016-04-11 09:35:19,2026-06-25 13:32:57,1,,3,
384450806489998,171920346020004,2015,54,83,1714,135,3,1,,,,,,,24.0,0.0,24.0,24.0,0.0,24.0,40.0,0.0,40.0,2016-04-11 09:35:19,2026-06-25 13:32:57,1,,3,
384450807489998,171920346020004,2015,54,83,1714,225,4,1,,,,,,,24.0,0.0,24.0,24.0,0.0,24.0,40.0,0.0,40.0,2016-04-11 09:35:19,2026-06-25 13:32:57,1,,3,
384450804489998,171920346020004,2015,54,83,1714,270,1,1,,,,,,,24.0,0.0,24.0,24.0,0.0,24.0,40.0,0.0,40.0,2016-04-11 09:35:19,2026-06-25 13:32:57,1,,3,
384450805489998,171920346020004,2015,54,83,1714,360,2,1,,,,,,,24.0,0.0,24.0,24.0,0.0,24.0,40.0,0.0,40.0,2016-04-11 09:35:19,2026-06-25 13:32:57,1,,3,
384461498489998,249981963489998,2015,54,89,2113,135,3,1,,,,,,,24.0,0.0,24.0,24.0,0.0,24.0,40.0,0.0,40.0,2016-04-11 09:35:20,2026-06-25 13:32:55,1,,3,
384461499489998,249981963489998,2015,54,89,2113,225,4,1,,,,,,,24.0,0.0,24.0,24.0,0.0,24.0,40.0,0.0,40.0,2016-04-11 09:35:20,2026-06-25 13:32:55,1,,3,
384461496489998,249981963489998,2015,54,89,2113,270,1,1,,,,,,,24.0,0.0,24.0,24.0,0.0,24.0,40.0,0.0,40.0,2016-04-11 09:35:20,2026-06-25 13:32:55,1,,3,
384461497489998,249981963489998,2015,54,89,2113,360,2,1,,,,,,,24.0,0.0,24.0,24.0,0.0,24.0,40.0,0.0,40.0,2016-04-11 09:35:20,2026-06-25 13:32:55,1,,3,
384461657489998,249981965489998,2015,54,89,2394,135,3,1,,11,4,3,,,24.0,24.0,24.0,24.0,24.0,24.0,40.0,40.0,40.0,2016-04-11 09:35:20,2026-06-25 13:32:55,1,,3,
384461658489998,249981965489998,2015,54,89,2394,225,4,1,,12,2,1,,,24.0,24.0,24.0,24.0,24.0,24.0,40.0,40.0,40.0,2016-04-11 09:35:20,2026-06-25 13:32:55,1,,3,
384461655489998,249981965489998,2015,54,89,2394,270,1,1,,8,3,1,,,24.0,24.0,24.0,24.0,24.0,24.0,40.0,40.0,40.0,2016-04-11 09:35:20,2026-06-25 13:32:55,1,,3,
384461656489998,249981965489998,2015,54,89,2394,360,2,1,,2,1,1,,,24.0,24.0,24.0,24.0,24.0,24.0,40.0,40.0,40.0,2016-04-11 09:35:20,2026-06-25 13:32:55,1,,3,
384463512489998,249982007489998,2015,54,91,1873,135,3,1,,50,13,3,,,24.0,24.0,24.0,24.0,24.0,24.0,40.0,40.0,40.0,2016-04-11 09:35:20,2026-06-25 13:32:56,1,,3,
384463513489998,249982007489998,2015,54,91,1873,225,4,1,,45,10,5,,,24.0,24.0,24.0,24.0,24.0,24.0,40.0,40.0,40.0,2016-04-11 09:35:20,2026-06-25 13:32:56,1,,3,
384463510489998,249982007489998,2015,54,91,1873,270,1,1,,13,9,5,,,24.0,24.0,24.0,24.0,24.0,24.0,40.0,40.0,40.0,2016-04-11 09:35:20,2026-06-25 13:32:56,1,,3,
384463511489998,249982007489998,2015,54,91,1873,360,2,1,,2,2,1,,,24.0,24.0,24.0,24.0,24.0,24.0,40.0,40.0,40.0,2016-04-11 09:35:20,2026-06-25 13:32:56,1,,3,
384450433489998,171920312020004,2015,54,93,668,135,3,1,,12,1,3,,,24.0,24.0,24.0,24.0,24.0,24.0,40.0,40.0,40.0,2016-04-11 09:35:19,2026-06-25 13:32:56,1,,3,
384450434489998,171920312020004,2015,54,93,668,225,4,1,,7,4,0,,,24.0,24.0,24.0,24.0,24.0,24.0,40.0,40.0,40.0,2016-04-11 09:35:19,2026-06-25 13:32:56,1,,3,
384450431489998,171920312020004,2015,54,93,668,270,1,1,,14,3,1,,,24.0,24.0,24.0,24.0,24.0,24.0,40.0,40.0,40.0,2016-04-11 09:35:19,2026-06-25 13:32:56,1,,3,
384450432489998,171920312020004,2015,54,93,668,360,2,1,,3,2,0,,,24.0,24.0,24.0,24.0,24.0,24.0,40.0,40.0,40.0,2016-04-11 09:35:19,2026-06-25 13:32:56,1,,3,
384451605489998,171920411020004,2015,54,99,1933,135,3,2,,,,,,,6.0,18.0,24.0,6.0,18.0,24.0,10.0,30.0,40.0,2016-04-11 09:35:19,2026-06-25 13:32:54,1,,3,
384451606489998,171920411020004,2015,54,99,1933,225,4,1,,9,5,1,,,18.0,18.0,24.0,18.0,18.0,24.0,30.0,30.0,40.0,2016-04-11 09:35:19,2026-06-25 13:32:54,1,,3,
384451603489998,171920411020004,2015,54,99,1933,270,1,1,,16,5,24,,,18.0,18.0,24.0,18.0,18.0,24.0,30.0,30.0,40.0,2016-04-11 09:35:19,2026-06-25 13:32:54,1,,3,
384451604489998,171920411020004,2015,54,99,1933,360,2,1,,19,6,4,,,18.0,18.0,24.0,18.0,18.0,24.0,30.0,30.0,40.0,2016-04-11 09:35:19,2026-06-25 13:32:54,1,,3,
384462356489998,249981979489998,2015,54,101,1529,135,3,1,,13,2,7,,,24.0,24.0,24.0,24.0,24.0,24.0,40.0,40.0,40.0,2016-04-11 09:35:20,2026-06-25 13:32:55,1,,3,
384462357489998,249981979489998,2015,54,101,1529,225,4,1,,23,2,1,,,24.0,24.0,24.0,24.0,24.0,24.0,40.0,40.0,40.0,2016-04-11 09:35:20,2026-06-25 13:32:55,1,,3,
384462354489998,249981979489998,2015,54,101,1529,270,1,1,,20,9,3,,,24.0,24.0,24.0,24.0,24.0,24.0,40.0,40.0,40.0,2016-04-11 09:35:20,2026-06-25 13:32:55,1,,3,
384462355489998,249981979489998,2015,54,101,1529,360,2,1,,20,9,3,,,24.0,24.0,24.0,24.0,24.0,24.0,40.0,40.0,40.0,2016-04-11 09:35:20,2026-06-25 13:32:55,1,,3,
384451792489998,171920419020004,2015,54,103,380,135,3,1,,,,,,,24.0,0.0,24.0,24.0,0.0,24.0,40.0,0.0,40.0,2016-04-11 09:35:19,2026-06-25 13:32:55,1,,3,
384451793489998,171920419020004,2015,54,103,380,225,4,1,,,,,,,24.0,0.0,24.0,24.0,0.0,24.0,40.0,0.0,40.0,2016-04-11 09:35:19,2026-06-25 13:32:55,1,,3,
384451790489998,171920419020004,2015,54,103,380,270,1,1,,,,,,,24.0,0.0,24.0,24.0,0.0,24.0,40.0,0.0,40.0,2016-04-11 09:35:19,2026-06-25 13:32:55,1,,3,
384451791489998,171920419020004,2015,54,103,380,360,2,1,,,,,,,24.0,0.0,24.0,24.0,0.0,24.0,40.0,0.0,40.0,2016-04-11 09:35:19,2026-06-25 13:32:55,1,,3,
384449765489998,171920261020004,2015,54,103,615,135,3,1,,,,,,,24.0,24.0,24.0,24.0,24.0,24.0,40.0,40.0,40.0,2016-04-11 09:35:19,2026-06-25 13:32:56,1,,3,
384449766489998,171920261020004,2015,54,103,615,225,4,1,,,,,,,24.0,24.0,24.0,24.0,24.0,24.0,40.0,40.0,40.0,2016-04-11 09:35:19,2026-06-25 13:32:56,1,,3,
384449763489998,171920261020004,2015,54,103,615,270,1,1,,,,,,,24.0,24.0,24.0,24.0,24.0,24.0,40.0,40.0,40.0,2016-04-11 09:35:19,2026-06-25 13:32:56,1,,3,
384449764489998,171920261020004,2015,54,103,615,360,2,1,,,,,,,24.0,24.0,24.0,24.0,24.0,24.0,40.0,40.0,40.0,2016-04-11 09:35:19,2026-06-25 13:32:56,1,,3,
384449899489998,171920262020004,2015,54,103,3601,135,3,1,,10,1,1,,,24.0,24.0,24.0,24.0,24.0,24.0,40.0,40.0,40.0,2016-04-11 09:35:19,2026-06-25 13:32:54,1,,3,
384449900489998,171920262020004,2015,54,103,3601,225,4,1,,13,6,3,,,24.0,24.0,24.0,24.0,24.0,24.0,40.0,40.0,40.0,2016-04-11 09:35:19,2026-06-25 13:32:54,1,,3,
384449897489998,171920262020004,2015,54,103,3601,270,1,1,,6,1,3,,,24.0,24.0,24.0,24.0,24.0,24.0,40.0,40.0,40.0,2016-04-11 09:35:19,2026-06-25 13:32:54,1,,3,
384449898489998,171920262020004,2015,54,103,3601,360,2,1,,0,1,1,,,24.0,24.0,24.0,24.0,24.0,24.0,40.0,40.0,40.0,2016-04-11 09:35:19,2026-06-25 13:32:54,1,,3,
384452995489998,171920525020004,2015,54,105,514,135,3,1,,,,,,,24.0,0.0,24.0,24.0,0.0,24.0,40.0,0.0,40.0,2016-04-11 09:35:19,2026-06-25 13:32:57,1,,3,
384452996489998,171920525020004,2015,54,105,514,225,4,1,,,,,,,24.0,0.0,24.0,24.0,0.0,24.0,40.0,0.0,40.0,2016-04-11 09:35:19,2026-06-25 13:32:57,1,,3,
384452993489998,171920525020004,2015,54,105,514,270,1,1,,,,,,,24.0,0.0,24.0,24.0,0.0,24.0,40.0,0.0,40.0,2016-04-11 09:35:19,2026-06-25 13:32:57,1,,3,
384452994489998,171920525020004,2015,54,105,514,360,2,1,,,,,,,24.0,0.0,24.0,24.0,0.0,24.0,40.0,0.0,40.0,2016-04-11 09:35:19,2026-06-25 13:32:57,1,,3,
384461239489998,249981950489998,2015,54,107,762,135,3,1,,,,,,,18.0,24.0,24.0,18.0,24.0,24.0,30.0,40.0,40.0,2016-04-11 09:35:20,2026-06-25 13:32:57,1,,3,
384461240489998,249981950489998,2015,54,107,762,225,4,1,,,,,,,18.0,24.0,24.0,18.0,24.0,24.0,30.0,40.0,40.0,2016-04-11 09:35:20,2026-06-25 13:32:57,1,,3,
384461237489998,249981950489998,2015,54,107,762,270,1,1,,,,,,,18.0,24.0,24.0,18.0,24.0,24.0,30.0,40.0,40.0,2016-04-11 09:35:20,2026-06-25 13:32:57,1,,3,
384461238489998,249981950489998,2015,54,107,762,360,2,2,,5,4,2,,,6.0,24.0,24.0,6.0,24.0,24.0,10.0,40.0,40.0,2016-04-11 09:35:20,2026-06-25 13:32:57,1,,3,
468148618489998,306336247489998,2016,54,1,2429,135,3,2,,7,4,3,,,6.0,6.0,24.0,6.0,6.0,24.0,10.0,10.0,40.0,2017-05-01 11:20:49,2026-06-25 13:32:56,1,,3,
468148619489998,306336247489998,2016,54,1,2429,225,4,1,,,,,,,18.0,6.0,24.0,18.0,6.0,24.0,30.0,10.0,40.0,2017-05-01 11:20:49,2026-06-25 13:32:56,1,,3,
468148616489998,306336247489998,2016,54,1,2429,270,1,1,,,,,,,18.0,6.0,24.0,18.0,6.0,24.0,30.0,10.0,40.0,2017-05-01 11:20:49,2026-06-25 13:32:56,1,,3,
468148617489998,306336247489998,2016,54,1,2429,360,2,1,,,,,,,18.0,6.0,24.0,18.0,6.0,24.0,30.0,10.0,40.0,2017-05-01 11:20:49,2026-06-25 13:32:56,1,,3,
468151074489998,306336306489998,2016,54,3,1892,135,3,1,,,,,,,12.0,24.0,24.0,12.0,24.0,24.0,20.0,40.0,40.0,2017-05-01 11:20:49,2026-06-25 13:32:55,1,,3,
468151075489998,306336306489998,2016,54,3,1892,225,4,2,,0,0,0,,,12.0,24.0,24.0,12.0,24.0,24.0,20.0,40.0,40.0,2017-05-01 11:20:49,2026-06-25 13:32:55,1,,3,
468151072489998,306336306489998,2016,54,3,1892,270,1,1,,,,,,,12.0,24.0,24.0,12.0,24.0,24.0,20.0,40.0,40.0,2017-05-01 11:20:49,2026-06-25 13:32:55,1,,3,
468151073489998,306336306489998,2016,54,3,1892,360,2,2,,32,17,5,,,12.0,24.0,24.0,12.0,24.0,24.0,20.0,40.0,40.0,2017-05-01 11:20:49,2026-06-25 13:32:55,1,,3,
468144584489998,306336149489998,2016,54,5,2402,135,3,1,,5,2,0,,,24.0,24.0,24.0,24.0,24.0,24.0,40.0,40.0,40.0,2017-05-01 11:20:49,2026-06-25 13:32:57,1,,3,
468144585489998,306336149489998,2016,54,5,2402,225,4,1,,16,2,1,,,24.0,24.0,24.0,24.0,24.0,24.0,40.0,40.0,40.0,2017-05-01 11:20:49,2026-06-25 13:32:57,1,,3,
468144582489998,306336149489998,2016,54,5,2402,270,1,1,,8,1,1,,,24.0,24.0,24.0,24.0,24.0,24.0,40.0,40.0,40.0,2017-05-01 11:20:49,2026-06-25 13:32:57,1,,3,
468144583489998,306336149489998,2016,54,5,2402,360,2,1,,6,3,1,,,24.0,24.0,24.0,24.0,24.0,24.0,40.0,40.0,40.0,2017-05-01 11:20:49,2026-06-25 13:32:57,1,,3,
468149621489998,306336270489998,2016,54,7,1364,135,3,1,,6,0,0,,,24.0,24.0,24.0,24.0,24.0,24.0,40.0,40.0,40.0,2017-05-01 11:20:49,2026-06-25 13:32:55,1,,3,
468149622489998,306336270489998,2016,54,7,1364,225,4,1,,6,1,4,,,24.0,24.0,24.0,24.0,24.0,24.0,40.0,40.0,40.0,2017-05-01 11:20:49,2026-06-25 13:32:55,1,,3,
468149619489998,306336270489998,2016,54,7,1364,270,1,1,,2,0,0,,,24.0,24.0,24.0,24.0,24.0,24.0,40.0,40.0,40.0,2017-05-01 11:20:49,2026-06-25 13:32:55,1,,3,
468149620489998,306336270489998,2016,54,7,1364,360,2,1,,6,0,2,,,24.0,24.0,24.0,24.0,24.0,24.0,40.0,40.0,40.0,2017-05-01 11:20:49,2026-06-25 13:32:55,1,,3,
468143833489998,306336126489998,2016,54,13,454,135,3,2,,,,,,,12.0,24.0,24.0,12.0,24.0,24.0,20.0,40.0,40.0,2017-05-01 11:20:49,2026-06-25 13:32:54,1,,3,
468143834489998,306336126489998,2016,54,13,454,225,4,1,,9,5,1,,,12.0,24.0,24.0,12.0,24.0,24.0,20.0,40.0,40.0,2017-05-01 11:20:49,2026-06-25 13:32:54,1,,3,
468143831489998,306336126489998,2016,54,13,454,270,1,1,,4,0,2,,,12.0,24.0,24.0,12.0,24.0,24.0,20.0,40.0,40.0,2017-05-01 11:20:49,2026-06-25 13:32:54,1,,3,
468143832489998,306336126489998,2016,54,13,454,360,2,2,,,,,,,12.0,24.0,24.0,12.0,24.0,24.0,20.0,40.0,40.0,2017-05-01 11:20:49,2026-06-25 13:32:54,1,,3,
468137845489998,306335986489998,2016,54,15,1378,135,3,1,,8,1,1,,,24.0,24.0,24.0,24.0,24.0,24.0,40.0,40.0,40.0,2017-05-01 11:20:48,2026-06-25 13:32:55,1,,3,
468137846489998,306335986489998,2016,54,15,1378,225,4,1,,6,4,1,,,24.0,24.0,24.0,24.0,24.0,24.0,40.0,40.0,40.0,2017-05-01 11:20:48,2026-06-25 13:32:55,1,,3,
468137843489998,306335986489998,2016,54,15,1378,270,1,1,,8,6,0,,,24.0,24.0,24.0,24.0,24.0,24.0,40.0,40.0,40.0,2017-05-01 11:20:48,2026-06-25 13:32:55,1,,3,
468137844489998,306335986489998,2016,54,15,1378,360,2,1,,6,1,2,,,24.0,24.0,24.0,24.0,24.0,24.0,40.0,40.0,40.0,2017-05-01 11:20:48,2026-06-25 13:32:55,1,,3,
468148234489998,306336239489998,2016,54,19,913,135,3,1,,,,,,,24.0,0.0,24.0,24.0,0.0,24.0,40.0,0.0,40.0,2017-05-01 11:20:49,2026-06-25 13:32:57,1,,3,
468148235489998,306336239489998,2016,54,19,913,225,4,1,,,,,,,24.0,0.0,24.0,24.0,0.0,24.0,40.0,0.0,40.0,2017-05-01 11:20:49,2026-06-25 13:32:57,1,,3,
468148232489998,306336239489998,2016,54,19,913,270,1,1,,,,,,,24.0,0.0,24.0,24.0,0.0,24.0,40.0,0.0,40.0,2017-05-01 11:20:49,2026-06-25 13:32:57,1,,3,
468148233489998,306336239489998,2016,54,19,913,360,2,1,,,,,,,24.0,0.0,24.0,24.0,0.0,24.0,40.0,0.0,40.0,2017-05-01 11:20:49,2026-06-25 13:32:57,1,,3,
468146847489998,306336209489998,2016,54,25,225,135,3,1,,1,2,0,,,24.0,24.0,24.0,24.0,24.0,24.0,40.0,40.0,40.0,2017-05-01 11:20:49,2026-06-25 13:32:57,1,,3,
468146848489998,306336209489998,2016,54,25,225,225,4,1,,7,3,1,,,24.0,24.0,24.0,24.0,24.0,24.0,40.0,40.0,40.0,2017-05-01 11:20:49,2026-06-25 13:32:57,1,,3,
468146845489998,306336209489998,2016,54,25,225,270,1,1,,4,1,0,,,24.0,24.0,24.0,24.0,24.0,24.0,40.0,40.0,40.0,2017-05-01 11:20:49,2026-06-25 13:32:57,1,,3,
468146846489998,306336209489998,2016,54,25,225,360,2,1,,2,2,2,,,24.0,24.0,24.0,24.0,24.0,24.0,40.0,40.0,40.0,2017-05-01 11:20:49,2026-06-25 13:32:57,1,,3,
468147344489998,306336218489998,2016,54,25,1598,135,3,1,,2,2,4,,,18.0,24.0,24.0,18.0,24.0,24.0,30.0,40.0,40.0,2017-05-01 11:20:49,2026-06-25 13:32:57,1,,3,
468147345489998,306336218489998,2016,54,25,1598,225,4,3,,6,3,5,,,6.0,24.0,24.0,6.0,24.0,24.0,10.0,40.0,40.0,2017-05-01 11:20:49,2026-06-25 13:32:57,1,,3,
468147342489998,306336218489998,2016,54,25,1598,270,1,1,,15,0,1,,,18.0,24.0,24.0,18.0,24.0,24.0,30.0,40.0,40.0,2017-05-01 11:20:49,2026-06-25 13:32:57,1,,3,
468147343489998,306336218489998,2016,54,25,1598,360,2,1,,0,0,2,,,18.0,24.0,24.0,18.0,24.0,24.0,30.0,40.0,40.0,2017-05-01 11:20:49,2026-06-25 13:32:57,1,,3,
468150898489998,306336297489998,2016,54,27,602,135,3,1,,11,1,0,,,24.0,24.0,24.0,24.0,24.0,24.0,40.0,40.0,40.0,2017-05-01 11:20:49,2026-06-25 13:32:56,1,,3,
468150899489998,306336297489998,2016,54,27,602,225,4,1,,67,1,0,,,24.0,24.0,24.0,24.0,24.0,24.0,40.0,40.0,40.0,2017-05-01 11:20:49,2026-06-25 13:32:56,1,,3,
468150896489998,306336297489998,2016,54,27,602,270,1,1,,11,1,0,,,24.0,24.0,24.0,24.0,24.0,24.0,40.0,40.0,40.0,2017-05-01 11:20:49,2026-06-25 13:32:56,1,,3,
468150897489998,306336297489998,2016,54,27,602,360,2,1,,21,6,0,,,24.0,24.0,24.0,24.0,24.0,24.0,40.0,40.0,40.0,2017-05-01 11:20:49,2026-06-25 13:32:56,1,,3,
468150557489998,306336288489998,2016,54,27,1971,135,3,1,,3,6,1,,,24.0,24.0,24.0,24.0,24.0,24.0,40.0,40.0,40.0,2017-05-01 11:20:49,2026-06-25 13:32:57,1,,3,
468150558489998,306336288489998,2016,54,27,1971,225,4,1,,13,4,1,,,24.0,24.0,24.0,24.0,24.0,24.0,40.0,40.0,40.0,2017-05-01 11:20:49,2026-06-25 13:32:57,1,,3,
468150555489998,306336288489998,2016,54,27,1971,270,1,1,,12,1,1,,,24.0,24.0,24.0,24.0,24.0,24.0,40.0,40.0,40.0,2017-05-01 11:20:49,2026-06-25 13:32:57,1,,3,
468150556489998,306336288489998,2016,54,27,1971,360,2,1,,13,4,1,,,24.0,24.0,24.0,24.0,24.0,24.0,40.0,40.0,40.0,2017-05-01 11:20:49,2026-06-25 13:32:57,1,,3,
468140697489998,306336039489998,2016,54,31,2075,135,3,1,,6,1,2,,,24.0,24.0,24.0,24.0,24.0,24.0,40.0,40.0,40.0,2017-05-01 11:20:48,2026-06-25 13:32:55,1,,3,
468140698489998,306336039489998,2016,54,31,2075,225,4,1,,9,1,2,,,24.0,24.0,24.0,24.0,24.0,24.0,40.0,40.0,40.0,2017-05-01 11:20:48,2026-06-25 13:32:55,1,,3,
468140695489998,306336039489998,2016,54,31,2075,270,1,1,,7,2,2,,,24.0,24.0,24.0,24.0,24.0,24.0,40.0,40.0,40.0,2017-05-01 11:20:48,2026-06-25 13:32:55,1,,3,
468140696489998,306336039489998,2016,54,31,2075,360,2,1,,18,4,3,,,24.0,24.0,24.0,24.0,24.0,24.0,40.0,40.0,40.0,2017-05-01 11:20:48,2026-06-25 13:32:55,1,,3,
468142340489998,306336087489998,2016,54,39,2374,135,3,1,,,,,,,24.0,0.0,24.0,24.0,0.0,24.0,40.0,0.0,40.0,2017-05-01 11:20:49,2026-06-25 13:32:57,1,,3,
468142341489998,306336087489998,2016,54,39,2374,225,4,1,,,,,,,24.0,0.0,24.0,24.0,0.0,24.0,40.0,0.0,40.0,2017-05-01 11:20:49,2026-06-25 13:32:57,1,,3,
468142338489998,306336087489998,2016,54,39,2374,270,1,1,,,,,,,24.0,0.0,24.0,24.0,0.0,24.0,40.0,0.0,40.0,2017-05-01 11:20:49,2026-06-25 13:32:57,1,,3,
468142339489998,306336087489998,2016,54,39,2374,360,2,1,,,,,,,24.0,0.0,24.0,24.0,0.0,24.0,40.0,0.0,40.0,2017-05-01 11:20:49,2026-06-25 13:32:57,1,,3,
468142474489998,306336090489998,2016,54,39,2412,135,3,1,,,,,,,24.0,0.0,24.0,24.0,0.0,24.0,40.0,0.0,40.0,2017-05-01 11:20:49,2026-06-25 13:32:57,1,,3,
468142475489998,306336090489998,2016,54,39,2412,225,4,1,,,,,,,24.0,0.0,24.0,24.0,0.0,24.0,40.0,0.0,40.0,2017-05-01 11:20:49,2026-06-25 13:32:57,1,,3,
468142472489998,306336090489998,2016,54,39,2412,270,1,1,,,,,,,24.0,0.0,24.0,24.0,0.0,24.0,40.0,0.0,40.0,2017-05-01 11:20:49,2026-06-25 13:32:57,1,,3,
468142473489998,306336090489998,2016,54,39,2412,360,2,1,,,,,,,24.0,0.0,24.0,24.0,0.0,24.0,40.0,0.0,40.0,2017-05-01 11:20:49,2026-06-25 13:32:57,1,,3,
468142228489998,306336083489998,2016,54,47,1853,135,3,1,,17,2,0,,,12.0,24.0,24.0,12.0,24.0,24.0,20.0,40.0,40.0,2017-05-01 11:20:49,2026-06-25 13:32:56,1,,3,
468142229489998,306336083489998,2016,54,47,1853,225,4,2,,,,,,,12.0,24.0,24.0,12.0,24.0,24.0,20.0,40.0,40.0,2017-05-01 11:20:49,2026-06-25 13:32:56,1,,3,
468142226489998,306336083489998,2016,54,47,1853,270,1,1,,20,8,1,,,12.0,24.0,24.0,12.0,24.0,24.0,20.0,40.0,40.0,2017-05-01 11:20:48,2026-06-25 13:32:56,1,,3,
468142227489998,306336083489998,2016,54,47,1853,360,2,2,,,,,,,12.0,24.0,24.0,12.0,24.0,24.0,20.0,40.0,40.0,2017-05-01 11:20:48,2026-06-25 13:32:56,1,,3,
468142809489998,306336099489998,2016,54,51,1731,135,3,1,,,,,,,18.0,24.0,24.0,18.0,24.0,24.0,30.0,40.0,40.0,2017-05-01 11:20:49,2026-06-25 13:32:55,1,,3,
468142810489998,306336099489998,2016,54,51,1731,225,4,2,,4,3,0,,,6.0,24.0,24.0,6.0,24.0,24.0,10.0,40.0,40.0,2017-05-01 11:20:49,2026-06-25 13:32:55,1,,3,
468142807489998,306336099489998,2016,54,51,1731,270,1,1,,,,,,,18.0,24.0,24.0,18.0,24.0,24.0,30.0,40.0,40.0,2017-05-01 11:20:49,2026-06-25 13:32:55,1,,3,
468142808489998,306336099489998,2016,54,51,1731,360,2,1,,,,,,,18.0,24.0,24.0,18.0,24.0,24.0,30.0,40.0,40.0,2017-05-01 11:20:49,2026-06-25 13:32:55,1,,3,
468147699489998,306336226489998,2016,54,63,559,135,3,1,,,,,,,24.0,0.0,24.0,24.0,0.0,24.0,40.0,0.0,40.0,2017-05-01 11:20:49,2026-06-25 13:32:57,1,,3,
468147700489998,306336226489998,2016,54,63,559,225,4,1,,,,,,,24.0,0.0,24.0,24.0,0.0,24.0,40.0,0.0,40.0,2017-05-01 11:20:49,2026-06-25 13:32:57,1,,3,
468147697489998,306336226489998,2016,54,63,559,270,1,1,,,,,,,24.0,0.0,24.0,24.0,0.0,24.0,40.0,0.0,40.0,2017-05-01 11:20:49,2026-06-25 13:32:57,1,,3,
468147698489998,306336226489998,2016,54,63,559,360,2,1,,,,,,,24.0,0.0,24.0,24.0,0.0,24.0,40.0,0.0,40.0,2017-05-01 11:20:49,2026-06-25 13:32:57,1,,3,
468139382489998,306336023489998,2016,54,63,1793,135,3,2,,0,0,0,,,6.0,24.0,24.0,6.0,24.0,24.0,10.0,40.0,40.0,2017-05-01 11:20:48,2026-06-25 13:32:56,1,,3,
468139383489998,306336023489998,2016,54,63,1793,225,4,1,,10,1,0,,,18.0,24.0,24.0,18.0,24.0,24.0,30.0,40.0,40.0,2017-05-01 11:20:48,2026-06-25 13:32:56,1,,3,
468139380489998,306336023489998,2016,54,63,1793,270,1,1,,4,0,1,,,18.0,24.0,24.0,18.0,24.0,24.0,30.0,40.0,40.0,2017-05-01 11:20:48,2026-06-25 13:32:56,1,,3,
468139381489998,306336023489998,2016,54,63,1793,360,2,1,,1,0,0,,,18.0,24.0,24.0,18.0,24.0,24.0,30.0,40.0,40.0,2017-05-01 11:20:48,2026-06-25 13:32:56,1,,3,
468136649489998,306335956489998,2016,54,65,1431,135,3,1,,12,6,0,,,24.0,24.0,24.0,24.0,24.0,24.0,40.0,40.0,40.0,2017-05-01 11:20:48,2026-06-25 13:32:57,1,,3,
468136650489998,306335956489998,2016,54,65,1431,225,4,1,,13,1,2,,,24.0,24.0,24.0,24.0,24.0,24.0,40.0,40.0,40.0,2017-05-01 11:20:48,2026-06-25 13:32:57,1,,3,
468136647489998,306335956489998,2016,54,65,1431,270,1,1,,14,4,1,,,24.0,24.0,24.0,24.0,24.0,24.0,40.0,40.0,40.0,2017-05-01 11:20:48,2026-06-25 13:32:57,1,,3,
468136648489998,306335956489998,2016,54,65,1431,360,2,1,,13,5,3,,,24.0,24.0,24.0,24.0,24.0,24.0,40.0,40.0,40.0,2017-05-01 11:20:48,2026-06-25 13:32:57,1,,3,
468144381489998,306336142489998,2016,54,73,1771,135,3,2,,0,0,0,,,6.0,24.0,24.0,6.0,24.0,24.0,10.0,40.0,40.0,2017-05-01 11:20:49,2026-06-25 13:32:55,1,,3,
468144382489998,306336142489998,2016,54,73,1771,225,4,1,,,,,,,18.0,24.0,24.0,18.0,24.0,24.0,30.0,40.0,40.0,2017-05-01 11:20:49,2026-06-25 13:32:55,1,,3,
468144379489998,306336142489998,2016,54,73,1771,270,1,1,,,,,,,18.0,24.0,24.0,18.0,24.0,24.0,30.0,40.0,40.0,2017-05-01 11:20:49,2026-06-25 13:32:55,1,,3,
468144380489998,306336142489998,2016,54,73,1771,360,2,1,,,,,,,18.0,24.0,24.0,18.0,24.0,24.0,30.0,40.0,40.0,2017-05-01 11:20:49,2026-06-25 13:32:55,1,,3,
468657095489998,306336017489998,2016,54,75,3599,135,3,1,,10,1,1,,,24.0,24.0,24.0,24.0,24.0,24.0,37.5,37.5,40.0,2017-05-02 14:31:20,2026-06-25 13:32:55,1,,3,
468657096489998,306336017489998,2016,54,75,3599,135,3,2,,,,,,,0.0,24.0,24.0,0.0,24.0,24.0,2.5,37.5,40.0,2017-05-02 14:31:20,2026-06-25 13:32:55,1,,3,
468657097489998,306336017489998,2016,54,75,3599,225,4,1,,10,4,1,,,24.0,24.0,24.0,24.0,24.0,24.0,37.5,37.5,40.0,2017-05-02 14:31:20,2026-06-25 13:32:55,1,,3,
468657093489998,306336017489998,2016,54,75,3599,270,1,1,,24,10,3,,,24.0,24.0,24.0,24.0,24.0,24.0,37.5,37.5,40.0,2017-05-02 14:31:20,2026-06-25 13:32:55,1,,3,
468657094489998,306336017489998,2016,54,75,3599,360,2,1,,9,0,0,,,24.0,24.0,24.0,24.0,24.0,24.0,37.5,37.5,40.0,2017-05-02 14:31:20,2026-06-25 13:32:55,1,,3,
468136842489998,306335959489998,2016,54,77,1835,135,3,1,,0,0,0,,,24.0,24.0,24.0,24.0,24.0,24.0,40.0,40.0,40.0,2017-05-01 11:20:48,2026-06-25 13:32:55,1,,3,
468136843489998,306335959489998,2016,54,77,1835,225,4,1,,0,1,0,,,24.0,24.0,24.0,24.0,24.0,24.0,40.0,40.0,40.0,2017-05-01 11:20:48,2026-06-25 13:32:55,1,,3,
468136840489998,306335959489998,2016,54,77,1835,270,1,1,,0,0,0,,,24.0,24.0,24.0,24.0,24.0,24.0,40.0,40.0,40.0,2017-05-01 11:20:48,2026-06-25 13:32:55,1,,3,
468136841489998,306335959489998,2016,54,77,1835,360,2,1,,4,2,0,,,24.0,24.0,24.0,24.0,24.0,24.0,40.0,40.0,40.0,2017-05-01 11:20:48,2026-06-25 13:32:55,1,,3,
468147822489998,306336227489998,2016,54,77,2255,135,3,1,,24,0,0,,,24.0,24.0,24.0,24.0,24.0,24.0,40.0,40.0,40.0,2017-05-01 11:20:49,2026-06-25 13:32:54,1,,3,
468147823489998,306336227489998,2016,54,77,2255,225,4,1,,2,1,0,,,24.0,24.0,24.0,24.0,24.0,24.0,40.0,40.0,40.0,2017-05-01 11:20:49,2026-06-25 13:32:54,1,,3,
468147820489998,306336227489998,2016,54,77,2255,270,1,1,,8,0,1,,,24.0,24.0,24.0,24.0,24.0,24.0,40.0,40.0,40.0,2017-05-01 11:20:49,2026-06-25 13:32:54,1,,3,
468147821489998,306336227489998,2016,54,77,2255,360,2,1,,24,2,1,,,24.0,24.0,24.0,24.0,24.0,24.0,40.0,40.0,40.0,2017-05-01 11:20:49,2026-06-25 13:32:54,1,,3,
468136369489998,306335952489998,2016,54,81,1604,135,3,1,,,,,,,24.0,0.0,24.0,24.0,0.0,24.0,40.0,0.0,40.0,2017-05-01 11:20:48,2026-06-25 13:32:54,1,,3,
468136370489998,306335952489998,2016,54,81,1604,225,4,1,,,,,,,24.0,0.0,24.0,24.0,0.0,24.0,40.0,0.0,40.0,2017-05-01 11:20:48,2026-06-25 13:32:54,1,,3,
468136367489998,306335952489998,2016,54,81,1604,270,1,1,,,,,,,24.0,0.0,24.0,24.0,0.0,24.0,40.0,0.0,40.0,2017-05-01 11:20:48,2026-06-25 13:32:54,1,,3,
468136368489998,306335952489998,2016,54,81,1604,360,2,1,,,,,,,24.0,0.0,24.0,24.0,0.0,24.0,40.0,0.0,40.0,2017-05-01 11:20:48,2026-06-25 13:32:54,1,,3,
468138946489998,306336016489998,2016,54,83,237,135,3,1,,23,2,0,,,24.0,24.0,24.0,24.0,24.0,24.0,40.0,40.0,40.0,2017-05-01 11:20:48,2026-06-25 13:32:57,1,,3,
468138947489998,306336016489998,2016,54,83,237,225,4,1,,7,4,2,,,24.0,24.0,24.0,24.0,24.0,24.0,40.0,40.0,40.0,2017-05-01 11:20:48,2026-06-25 13:32:57,1,,3,
468138944489998,306336016489998,2016,54,83,237,270,1,1,,12,0,3,,,24.0,24.0,24.0,24.0,24.0,24.0,40.0,40.0,40.0,2017-05-01 11:20:48,2026-06-25 13:32:57,1,,3,
468138945489998,306336016489998,2016,54,83,237,360,2,1,,30,2,2,,,24.0,24.0,24.0,24.0,24.0,24.0,40.0,40.0,40.0,2017-05-01 11:20:48,2026-06-25 13:32:57,1,,3,
468150169489998,306336282489998,2016,54,83,1083,135,3,1,,13,1,0,,,24.0,24.0,24.0,24.0,24.0,24.0,40.0,40.0,40.0,2017-05-01 11:20:49,2026-06-25 13:32:57,1,,3,
468150170489998,306336282489998,2016,54,83,1083,225,4,1,,12,1,0,,,24.0,24.0,24.0,24.0,24.0,24.0,40.0,40.0,40.0,2017-05-01 11:20:49,2026-06-25 13:32:57,1,,3,
468150167489998,306336282489998,2016,54,83,1083,270,1,1,,10,3,1,,,24.0,24.0,24.0,24.0,24.0,24.0,40.0,40.0,40.0,2017-05-01 11:20:49,2026-06-25 13:32:57,1,,3,
468150168489998,306336282489998,2016,54,83,1083,360,2,1,,23,2,2,,,24.0,24.0,24.0,24.0,24.0,24.0,40.0,40.0,40.0,2017-05-01 11:20:49,2026-06-25 13:32:57,1,,3,
468149116489998,306336260489998,2016,54,83,1282,135,3,1,,9,2,0,,,24.0,24.0,24.0,24.0,24.0,24.0,40.0,40.0,40.0,2017-05-01 11:20:49,2026-06-25 13:32:57,1,,3,
468149117489998,306336260489998,2016,54,83,1282,225,4,1,,7,4,1,,,24.0,24.0,24.0,24.0,24.0,24.0,40.0,40.0,40.0,2017-05-01 11:20:49,2026-06-25 13:32:57,1,,3,
468149114489998,306336260489998,2016,54,83,1282,270,1,1,,6,0,2,,,24.0,24.0,24.0,24.0,24.0,24.0,40.0,40.0,40.0,2017-05-01 11:20:49,2026-06-25 13:32:57,1,,3,
468149115489998,306336260489998,2016,54,83,1282,360,2,1,,6,1,1,,,24.0,24.0,24.0,24.0,24.0,24.0,40.0,40.0,40.0,2017-05-01 11:20:49,2026-06-25 13:32:57,1,,3,
468150338489998,306336284489998,2016,54,83,2127,135,3,1,,12,1,0,,,12.0,24.0,24.0,12.0,24.0,24.0,20.0,40.0,40.0,2017-05-01 11:20:49,2026-06-25 13:32:56,1,,3,
468150339489998,306336284489998,2016,54,83,2127,225,4,3,,,,,,,6.0,24.0,24.0,6.0,24.0,24.0,10.0,40.0,40.0,2017-05-01 11:20:49,2026-06-25 13:32:56,1,,3,
468150336489998,306336284489998,2016,54,83,2127,270,1,1,,4,1,3,,,12.0,24.0,24.0,12.0,24.0,24.0,20.0,40.0,40.0,2017-05-01 11:20:49,2026-06-25 13:32:56,1,,3,
468150337489998,306336284489998,2016,54,83,2127,360,2,2,,8,0,1,,,6.0,24.0,24.0,6.0,24.0,24.0,10.0,40.0,40.0,2017-05-01 11:20:49,2026-06-25 13:32:56,1,,3,
468143973489998,306336130489998,2016,54,87,1586,135,3,1,,4,0,1,,,24.0,24.0,24.0,24.0,24.0,24.0,40.0,40.0,40.0,2017-05-01 11:20:49,2026-06-25 13:32:57,1,,3,
468143974489998,306336130489998,2016,54,87,1586,225,4,1,,6,8,0,,,24.0,24.0,24.0,24.0,24.0,24.0,40.0,40.0,40.0,2017-05-01 11:20:49,2026-06-25 13:32:57,1,,3,
468143971489998,306336130489998,2016,54,87,1586,270,1,1,,3,0,1,,,24.0,24.0,24.0,24.0,24.0,24.0,40.0,40.0,40.0,2017-05-01 11:20:49,2026-06-25 13:32:57,1,,3,
468143972489998,306336130489998,2016,54,87,1586,360,2,1,,9,2,2,,,24.0,24.0,24.0,24.0,24.0,24.0,40.0,40.0,40.0,2017-05-01 11:20:49,2026-06-25 13:32:57,1,,3,
468149963489998,306336278489998,2016,54,93,1099,135,3,2,,8,5,2,,,6.0,24.0,24.0,6.0,24.0,24.0,10.0,40.0,40.0,2017-05-01 11:20:49,2026-06-25 13:32:57,1,,3,
468149964489998,306336278489998,2016,54,93,1099,225,4,1,,5,1,0,,,18.0,24.0,24.0,18.0,24.0,24.0,30.0,40.0,40.0,2017-05-01 11:20:49,2026-06-25 13:32:57,1,,3,
468149961489998,306336278489998,2016,54,93,1099,270,1,1,,0,0,0,,,18.0,24.0,24.0,18.0,24.0,24.0,30.0,40.0,40.0,2017-05-01 11:20:49,2026-06-25 13:32:57,1,,3,
468149962489998,306336278489998,2016,54,93,1099,360,2,1,,0,0,0,,,18.0,24.0,24.0,18.0,24.0,24.0,30.0,40.0,40.0,2017-05-01 11:20:49,2026-06-25 13:32:57,1,,3,
468144413489998,306336143489998,2016,54,95,1258,135,3,1,,,,,,,24.0,0.0,24.0,24.0,0.0,24.0,40.0,0.0,40.0,2017-05-01 11:20:49,2026-06-25 13:32:55,1,,3,
468144414489998,306336143489998,2016,54,95,1258,225,4,1,,,,,,,24.0,0.0,24.0,24.0,0.0,24.0,40.0,0.0,40.0,2017-05-01 11:20:49,2026-06-25 13:32:55,1,,3,
468144411489998,306336143489998,2016,54,95,1258,270,1,1,,,,,,,24.0,0.0,24.0,24.0,0.0,24.0,40.0,0.0,40.0,2017-05-01 11:20:49,2026-06-25 13:32:55,1,,3,
468144412489998,306336143489998,2016,54,95,1258,360,2,1,,,,,,,24.0,0.0,24.0,24.0,0.0,24.0,40.0,0.0,40.0,2017-05-01 11:20:49,2026-06-25 13:32:55,1,,3,
468146478489998,306336200489998,2016,54,97,1210,135,3,1,,10,1,1,,,18.0,24.0,24.0,18.0,24.0,24.0,30.0,40.0,40.0,2017-05-01 11:20:49,2026-06-25 13:32:54,1,,3,
468146479489998,306336200489998,2016,54,97,1210,225,4,1,,6,5,1,,,18.0,24.0,24.0,18.0,24.0,24.0,30.0,40.0,40.0,2017-05-01 11:20:49,2026-06-25 13:32:54,1,,3,
468146476489998,306336200489998,2016,54,97,1210,270,1,1,,19,2,2,,,18.0,24.0,24.0,18.0,24.0,24.0,30.0,40.0,40.0,2017-05-01 11:20:49,2026-06-25 13:32:54,1,,3,
468146477489998,306336200489998,2016,54,97,1210,360,2,2,,13,2,1,,,6.0,24.0,24.0,6.0,24.0,24.0,10.0,40.0,40.0,2017-05-01 11:20:49,2026-06-25 13:32:54,1,,3,
468141467489998,306336063489998,2016,54,99,1003,135,3,1,,,,,,,24.0,0.0,24.0,24.0,0.0,24.0,40.0,0.0,40.0,2017-05-01 11:20:48,2026-06-25 13:32:55,1,,3,
468141468489998,306336063489998,2016,54,99,1003,225,4,1,,,,,,,24.0,0.0,24.0,24.0,0.0,24.0,40.0,0.0,40.0,2017-05-01 11:20:48,2026-06-25 13:32:55,1,,3,
468141465489998,306336063489998,2016,54,99,1003,270,1,1,,,,,,,24.0,0.0,24.0,24.0,0.0,24.0,40.0,0.0,40.0,2017-05-01 11:20:48,2026-06-25 13:32:55,1,,3,
468141466489998,306336063489998,2016,54,99,1003,360,2,1,,,,,,,24.0,0.0,24.0,24.0,0.0,24.0,40.0,0.0,40.0,2017-05-01 11:20:48,2026-06-25 13:32:55,1,,3,
468137248489998,306335970489998,2016,54,101,516,135,3,1,,12,2,1,,,24.0,24.0,24.0,24.0,24.0,24.0,40.0,40.0,40.0,2017-05-01 11:20:48,2026-06-25 13:32:56,1,,3,
468137249489998,306335970489998,2016,54,101,516,225,4,1,,14,1,0,,,24.0,24.0,24.0,24.0,24.0,24.0,40.0,40.0,40.0,2017-05-01 11:20:48,2026-06-25 13:32:56,1,,3,
468137246489998,306335970489998,2016,54,101,516,270,1,1,,9,3,0,,,24.0,24.0,24.0,24.0,24.0,24.0,40.0,40.0,40.0,2017-05-01 11:20:48,2026-06-25 13:32:56,1,,3,
468137247489998,306335970489998,2016,54,101,516,360,2,1,,7,2,2,,,24.0,24.0,24.0,24.0,24.0,24.0,40.0,40.0,40.0,2017-05-01 11:20:48,2026-06-25 13:32:56,1,,3,
468145112489998,306336162489998,2016,54,107,1124,135,3,1,,10,4,1,,,24.0,24.0,24.0,24.0,24.0,24.0,40.0,40.0,40.0,2017-05-01 11:20:49,2026-06-25 13:32:54,1,,3,
468145113489998,306336162489998,2016,54,107,1124,225,4,1,,4,2,3,,,24.0,24.0,24.0,24.0,24.0,24.0,40.0,40.0,40.0,2017-05-01 11:20:49,2026-06-25 13:32:54,1,,3,
468145110489998,306336162489998,2016,54,107,1124,270,1,1,,13,3,0,,,24.0,24.0,24.0,24.0,24.0,24.0,40.0,40.0,40.0,2017-05-01 11:20:49,2026-06-25 13:32:54,1,,3,
468145111489998,306336162489998,2016,54,107,1124,360,2,1,,9,2,1,,,24.0,24.0,24.0,24.0,24.0,24.0,40.0,40.0,40.0,2017-05-01 11:20:49,2026-06-25 13:32:54,1,,3,
468145298489998,306336165489998,2016,54,107,2443,135,3,1,,6,0,0,,,24.0,24.0,24.0,24.0,24.0,24.0,40.0,40.0,40.0,2017-05-01 11:20:49,2026-06-25 13:32:55,1,,3,
468145299489998,306336165489998,2016,54,107,2443,225,4,1,,75,30,0,,,24.0,24.0,24.0,24.0,24.0,24.0,40.0,40.0,40.0,2017-05-01 11:20:49,2026-06-25 13:32:55,1,,3,
468145296489998,306336165489998,2016,54,107,2443,270,1,1,,5,0,1,,,24.0,24.0,24.0,24.0,24.0,24.0,40.0,40.0,40.0,2017-05-01 11:20:49,2026-06-25 13:32:55,1,,3,
468145297489998,306336165489998,2016,54,107,2443,360,2,1,,6,0,0,,,24.0,24.0,24.0,24.0,24.0,24.0,40.0,40.0,40.0,2017-05-01 11:20:49,2026-06-25 13:32:55,1,,3,
534029474126144,374961270489998,2017,54,1,2458,135,3,1,,,,,,,24.0,0.0,24.0,24.0,0.0,24.0,40.0,0.0,40.0,2018-05-04 07:21:12,2026-06-25 13:32:57,1,,3,
534029475126144,374961270489998,2017,54,1,2458,225,4,1,,,,,,,24.0,0.0,24.0,24.0,0.0,24.0,40.0,0.0,40.0,2018-05-04 07:21:12,2026-06-25 13:32:57,1,,3,
534029472126144,374961270489998,2017,54,1,2458,270,1,1,,,,,,,24.0,0.0,24.0,24.0,0.0,24.0,40.0,0.0,40.0,2018-05-04 07:21:12,2026-06-25 13:32:57,1,,3,
534029473126144,374961270489998,2017,54,1,2458,360,2,1,,,,,,,24.0,0.0,24.0,24.0,0.0,24.0,40.0,0.0,40.0,2018-05-04 07:21:12,2026-06-25 13:32:57,1,,3,
534025409126144,374961169489998,2017,54,17,2157,135,3,1,,,,,,,24.0,0.0,24.0,24.0,0.0,24.0,40.0,0.0,40.0,2018-05-04 07:21:12,2026-06-25 13:32:55,1,,3,
534025410126144,374961169489998,2017,54,17,2157,225,4,1,,,,,,,24.0,0.0,24.0,24.0,0.0,24.0,40.0,0.0,40.0,2018-05-04 07:21:12,2026-06-25 13:32:55,1,,3,
534025407126144,374961169489998,2017,54,17,2157,270,1,1,,,,,,,24.0,0.0,24.0,24.0,0.0,24.0,40.0,0.0,40.0,2018-05-04 07:21:12,2026-06-25 13:32:55,1,,3,
534025408126144,374961169489998,2017,54,17,2157,360,2,1,,,,,,,24.0,0.0,24.0,24.0,0.0,24.0,40.0,0.0,40.0,2018-05-04 07:21:12,2026-06-25 13:32:55,1,,3,
534036980126144,374961456489998,2017,54,19,898,135,3,2,,20,2,5,,,6.0,24.0,24.0,6.0,24.0,24.0,10.0,40.0,40.0,2018-05-04 07:21:12,2026-06-25 13:32:57,1,,3,
534036981126144,374961456489998,2017,54,19,898,225,4,1,,,,,,,18.0,24.0,24.0,18.0,24.0,24.0,30.0,40.0,40.0,2018-05-04 07:21:12,2026-06-25 13:32:57,1,,3,
534036978126144,374961456489998,2017,54,19,898,270,1,1,,,,,,,18.0,24.0,24.0,18.0,24.0,24.0,30.0,40.0,40.0,2018-05-04 07:21:12,2026-06-25 13:32:57,1,,3,
534036979126144,374961456489998,2017,54,19,898,360,2,1,,,,,,,18.0,24.0,24.0,18.0,24.0,24.0,30.0,40.0,40.0,2018-05-04 07:21:12,2026-06-25 13:32:57,1,,3,
534028566126144,374961245489998,2017,54,25,268,135,3,1,,25,4,4,,,24.0,24.0,24.0,24.0,24.0,24.0,40.0,40.0,40.0,2018-05-04 07:21:12,2026-06-25 13:32:57,1,,3,
534028567126144,374961245489998,2017,54,25,268,225,4,1,,9,0,3,,,24.0,24.0,24.0,24.0,24.0,24.0,40.0,40.0,40.0,2018-05-04 07:21:12,2026-06-25 13:32:57,1,,3,
534028564126144,374961245489998,2017,54,25,268,270,1,1,,15,7,5,,,24.0,24.0,24.0,24.0,24.0,24.0,40.0,40.0,40.0,2018-05-04 07:21:12,2026-06-25 13:32:57,1,,3,
534028565126144,374961245489998,2017,54,25,268,360,2,1,,9,2,0,,,24.0,24.0,24.0,24.0,24.0,24.0,40.0,40.0,40.0,2018-05-04 07:21:12,2026-06-25 13:32:57,1,,3,
534027700126144,374961226489998,2017,54,25,1520,135,3,2,,,,,,,6.0,18.0,24.0,6.0,18.0,24.0,10.0,30.0,40.0,2018-05-04 07:21:12,2026-06-25 13:32:55,1,,3,
534027701126144,374961226489998,2017,54,25,1520,225,4,1,,15,4,1,,,18.0,18.0,24.0,18.0,18.0,24.0,30.0,30.0,40.0,2018-05-04 07:21:12,2026-06-25 13:32:55,1,,3,
534027698126144,374961226489998,2017,54,25,1520,270,1,1,,18,2,1,,,18.0,18.0,24.0,18.0,18.0,24.0,30.0,30.0,40.0,2018-05-04 07:21:12,2026-06-25 13:32:55,1,,3,
534027699126144,374961226489998,2017,54,25,1520,360,2,1,,9,7,4,,,18.0,18.0,24.0,18.0,18.0,24.0,30.0,30.0,40.0,2018-05-04 07:21:12,2026-06-25 13:32:55,1,,3,
534021830126144,374961524489998,2017,54,27,48,135,3,1,,15,5,0,,,24.0,24.0,24.0,24.0,24.0,24.0,40.0,40.0,40.0,2018-05-04 07:21:12,2026-06-25 13:32:57,1,,3,
534021831126144,374961524489998,2017,54,27,48,225,4,1,,17,4,1,,,24.0,24.0,24.0,24.0,24.0,24.0,40.0,40.0,40.0,2018-05-04 07:21:12,2026-06-25 13:32:57,1,,3,
534021828126144,374961524489998,2017,54,27,48,270,1,1,,6,0,0,,,24.0,24.0,24.0,24.0,24.0,24.0,40.0,40.0,40.0,2018-05-04 07:21:12,2026-06-25 13:32:57,1,,3,
534021829126144,374961524489998,2017,54,27,48,360,2,1,,4,5,3,,,24.0,24.0,24.0,24.0,24.0,24.0,40.0,40.0,40.0,2018-05-04 07:21:12,2026-06-25 13:32:57,1,,3,
534029155126144,374961261489998,2017,54,27,370,135,3,1,,7,2,2,,,24.0,24.0,24.0,24.0,24.0,24.0,40.0,40.0,40.0,2018-05-04 07:21:12,2026-06-25 13:32:54,1,,3,
534029156126144,374961261489998,2017,54,27,370,225,4,1,,9,2,4,,,24.0,24.0,24.0,24.0,24.0,24.0,40.0,40.0,40.0,2018-05-04 07:21:12,2026-06-25 13:32:54,1,,3,
534029153126144,374961261489998,2017,54,27,370,270,1,1,,14,6,0,,,24.0,24.0,24.0,24.0,24.0,24.0,40.0,40.0,40.0,2018-05-04 07:21:12,2026-06-25 13:32:54,1,,3,
534029154126144,374961261489998,2017,54,27,370,360,2,1,,9,1,0,,,24.0,24.0,24.0,24.0,24.0,24.0,40.0,40.0,40.0,2018-05-04 07:21:12,2026-06-25 13:32:54,1,,3,
534025277126144,374961167489998,2017,54,33,3590,135,3,1,,30,5,3,,,24.0,24.0,24.0,24.0,24.0,24.0,40.0,40.0,40.0,2018-05-04 07:21:12,2026-06-25 13:32:56,1,,3,
534025278126144,374961167489998,2017,54,33,3590,225,4,1,,13,3,2,,,24.0,24.0,24.0,24.0,24.0,24.0,40.0,40.0,40.0,2018-05-04 07:21:12,2026-06-25 13:32:56,1,,3,
534025275126144,374961167489998,2017,54,33,3590,270,1,1,,26,5,1,,,24.0,24.0,24.0,24.0,24.0,24.0,40.0,40.0,40.0,2018-05-04 07:21:12,2026-06-25 13:32:56,1,,3,
534025276126144,374961167489998,2017,54,33,3590,360,2,1,,6,0,0,,,24.0,24.0,24.0,24.0,24.0,24.0,40.0,40.0,40.0,2018-05-04 07:21:12,2026-06-25 13:32:56,1,,3,
534034185126144,374961385489998,2017,54,35,759,135,3,1,,6,0,0,,,24.0,24.0,24.0,24.0,24.0,24.0,40.0,40.0,40.0,2018-05-04 07:21:12,2026-06-25 13:32:57,1,,3,
534034186126144,374961385489998,2017,54,35,759,225,4,1,,11,0,2,,,24.0,24.0,24.0,24.0,24.0,24.0,40.0,40.0,40.0,2018-05-04 07:21:12,2026-06-25 13:32:57,1,,3,
534034183126144,374961385489998,2017,54,35,759,270,1,1,,2,0,0,,,24.0,24.0,24.0,24.0,24.0,24.0,40.0,40.0,40.0,2018-05-04 07:21:12,2026-06-25 13:32:57,1,,3,
534034184126144,374961385489998,2017,54,35,759,360,2,1,,14,2,2,,,24.0,24.0,24.0,24.0,24.0,24.0,40.0,40.0,40.0,2018-05-04 07:21:12,2026-06-25 13:32:57,1,,3,
534036101126144,374961433489998,2017,54,35,1005,135,3,1,,4,0,0,,,24.0,24.0,24.0,24.0,24.0,24.0,40.0,40.0,40.0,2018-05-04 07:21:12,2026-06-25 13:32:57,1,,3,
534036102126144,374961433489998,2017,54,35,1005,225,4,1,,5,1,0,,,24.0,24.0,24.0,24.0,24.0,24.0,40.0,40.0,40.0,2018-05-04 07:21:12,2026-06-25 13:32:57,1,,3,
534036099126144,374961433489998,2017,54,35,1005,270,1,1,,6,0,0,,,24.0,24.0,24.0,24.0,24.0,24.0,40.0,40.0,40.0,2018-05-04 07:21:12,2026-06-25 13:32:57,1,,3,
534036100126144,374961433489998,2017,54,35,1005,360,2,1,,2,0,1,,,24.0,24.0,24.0,24.0,24.0,24.0,40.0,40.0,40.0,2018-05-04 07:21:12,2026-06-25 13:32:57,1,,3,
534031611126144,374961323489998,2017,54,35,1553,135,3,1,,,,,,,24.0,0.0,24.0,24.0,0.0,24.0,40.0,0.0,40.0,2018-05-04 07:21:12,2026-06-25 13:32:57,1,,3,
534031612126144,374961323489998,2017,54,35,1553,225,4,1,,,,,,,24.0,0.0,24.0,24.0,0.0,24.0,40.0,0.0,40.0,2018-05-04 07:21:12,2026-06-25 13:32:57,1,,3,
534031609126144,374961323489998,2017,54,35,1553,270,1,1,,,,,,,24.0,0.0,24.0,24.0,0.0,24.0,40.0,0.0,40.0,2018-05-04 07:21:12,2026-06-25 13:32:57,1,,3,
534031610126144,374961323489998,2017,54,35,1553,360,2,1,,,,,,,24.0,0.0,24.0,24.0,0.0,24.0,40.0,0.0,40.0,2018-05-04 07:21:12,2026-06-25 13:32:57,1,,3,
534031328126144,374961312489998,2017,54,39,1127,135,3,3,,,,,,,6.0,24.0,24.0,6.0,24.0,24.0,10.0,40.0,40.0,2018-05-04 07:21:12,2026-06-25 13:32:57,1,,3,
534031329126144,374961312489998,2017,54,39,1127,225,4,1,,14,0,3,,,12.0,24.0,24.0,12.0,24.0,24.0,20.0,40.0,40.0,2018-05-04 07:21:12,2026-06-25 13:32:57,1,,3,
534031326126144,374961312489998,2017,54,39,1127,270,1,1,,16,2,1,,,12.0,24.0,24.0,12.0,24.0,24.0,20.0,40.0,40.0,2018-05-04 07:21:12,2026-06-25 13:32:57,1,,3,
534031327126144,374961312489998,2017,54,39,1127,360,2,2,,10,1,3,,,6.0,24.0,24.0,6.0,24.0,24.0,10.0,40.0,40.0,2018-05-04 07:21:12,2026-06-25 13:32:57,1,,3,
534033037126144,374961361489998,2017,54,43,1146,135,3,2,,10,0,1,,,6.0,24.0,24.0,6.0,24.0,24.0,10.0,40.0,40.0,2018-05-04 07:21:12,2026-06-25 13:32:57,1,,3,
534033038126144,374961361489998,2017,54,43,1146,225,4,1,,,,,,,18.0,24.0,24.0,18.0,24.0,24.0,30.0,40.0,40.0,2018-05-04 07:21:12,2026-06-25 13:32:57,1,,3,
534033035126144,374961361489998,2017,54,43,1146,270,1,1,,,,,,,18.0,24.0,24.0,18.0,24.0,24.0,30.0,40.0,40.0,2018-05-04 07:21:12,2026-06-25 13:32:57,1,,3,
534033036126144,374961361489998,2017,54,43,1146,360,2,1,,,,,,,18.0,24.0,24.0,18.0,24.0,24.0,30.0,40.0,40.0,2018-05-04 07:21:12,2026-06-25 13:32:57,1,,3,
534031909126144,374961330489998,2017,54,43,2281,135,3,1,,6,1,3,,,24.0,24.0,24.0,24.0,24.0,24.0,40.0,40.0,40.0,2018-05-04 07:21:12,2026-06-25 13:32:56,1,,3,
534031910126144,374961330489998,2017,54,43,2281,225,4,1,,2,0,0,,,24.0,24.0,24.0,24.0,24.0,24.0,40.0,40.0,40.0,2018-05-04 07:21:12,2026-06-25 13:32:56,1,,3,
534031907126144,374961330489998,2017,54,43,2281,270,1,1,,7,1,0,,,24.0,24.0,24.0,24.0,24.0,24.0,40.0,40.0,40.0,2018-05-04 07:21:12,2026-06-25 13:32:56,1,,3,
534031908126144,374961330489998,2017,54,43,2281,360,2,1,,7,1,1,,,24.0,24.0,24.0,24.0,24.0,24.0,40.0,40.0,40.0,2018-05-04 07:21:12,2026-06-25 13:32:56,1,,3,
534026747126144,374961198489998,2017,54,49,1963,135,3,1,,,,,,,24.0,0.0,24.0,24.0,0.0,24.0,40.0,0.0,40.0,2018-05-04 07:21:12,2026-06-25 13:32:55,1,,3,
534026748126144,374961198489998,2017,54,49,1963,225,4,1,,,,,,,24.0,0.0,24.0,24.0,0.0,24.0,40.0,0.0,40.0,2018-05-04 07:21:12,2026-06-25 13:32:55,1,,3,
534026745126144,374961198489998,2017,54,49,1963,270,1,1,,,,,,,24.0,0.0,24.0,24.0,0.0,24.0,40.0,0.0,40.0,2018-05-04 07:21:12,2026-06-25 13:32:55,1,,3,
534026746126144,374961198489998,2017,54,49,1963,360,2,1,,,,,,,24.0,0.0,24.0,24.0,0.0,24.0,40.0,0.0,40.0,2018-05-04 07:21:12,2026-06-25 13:32:55,1,,3,
534019665126144,374961475489998,2017,54,55,2287,135,3,1,,,,,,,24.0,0.0,24.0,24.0,0.0,24.0,40.0,0.0,40.0,2018-05-04 07:21:12,2026-06-25 13:32:56,1,,3,
534019666126144,374961475489998,2017,54,55,2287,225,4,1,,,,,,,24.0,0.0,24.0,24.0,0.0,24.0,40.0,0.0,40.0,2018-05-04 07:21:12,2026-06-25 13:32:56,1,,3,
534019663126144,374961475489998,2017,54,55,2287,270,1,1,,,,,,,24.0,0.0,24.0,24.0,0.0,24.0,40.0,0.0,40.0,2018-05-04 07:21:12,2026-06-25 13:32:56,1,,3,
534019664126144,374961475489998,2017,54,55,2287,360,2,1,,,,,,,24.0,0.0,24.0,24.0,0.0,24.0,40.0,0.0,40.0,2018-05-04 07:21:12,2026-06-25 13:32:56,1,,3,
534035303126144,374961413489998,2017,54,57,102,135,3,1,,11,6,0,,,18.0,24.0,24.0,18.0,24.0,24.0,30.0,40.0,40.0,2018-05-04 07:21:12,2026-06-25 13:32:57,1,,3,
534035304126144,374961413489998,2017,54,57,102,225,4,1,,19,2,1,,,18.0,24.0,24.0,18.0,24.0,24.0,30.0,40.0,40.0,2018-05-04 07:21:12,2026-06-25 13:32:57,1,,3,
534035301126144,374961413489998,2017,54,57,102,270,1,1,,20,6,2,,,18.0,24.0,24.0,18.0,24.0,24.0,30.0,40.0,40.0,2018-05-04 07:21:12,2026-06-25 13:32:57,1,,3,
534035302126144,374961413489998,2017,54,57,102,360,2,2,,,,,,,6.0,24.0,24.0,6.0,24.0,24.0,10.0,40.0,40.0,2018-05-04 07:21:12,2026-06-25 13:32:57,1,,3,
534033367126144,374961367489998,2017,54,59,2252,135,3,1,,4,2,1,,,24.0,24.0,24.0,24.0,24.0,24.0,40.0,40.0,40.0,2018-05-04 07:21:12,2026-06-25 13:32:54,1,,3,
534033368126144,374961367489998,2017,54,59,2252,225,4,1,,6,1,0,,,24.0,24.0,24.0,24.0,24.0,24.0,40.0,40.0,40.0,2018-05-04 07:21:12,2026-06-25 13:32:54,1,,3,
534033365126144,374961367489998,2017,54,59,2252,270,1,1,,7,2,0,,,24.0,24.0,24.0,24.0,24.0,24.0,40.0,40.0,40.0,2018-05-04 07:21:12,2026-06-25 13:32:54,1,,3,
534033366126144,374961367489998,2017,54,59,2252,360,2,1,,4,1,1,,,24.0,24.0,24.0,24.0,24.0,24.0,40.0,40.0,40.0,2018-05-04 07:21:12,2026-06-25 13:32:54,1,,3,
534027540126144,374961223489998,2017,54,61,997,135,3,1,,,,,,,24.0,0.0,24.0,24.0,0.0,24.0,40.0,0.0,40.0,2018-05-04 07:21:12,2026-06-25 13:32:57,1,,3,
534027541126144,374961223489998,2017,54,61,997,225,4,1,,,,,,,24.0,0.0,24.0,24.0,0.0,24.0,40.0,0.0,40.0,2018-05-04 07:21:12,2026-06-25 13:32:57,1,,3,
534027538126144,374961223489998,2017,54,61,997,270,1,1,,,,,,,24.0,0.0,24.0,24.0,0.0,24.0,40.0,0.0,40.0,2018-05-04 07:21:12,2026-06-25 13:32:57,1,,3,
534027539126144,374961223489998,2017,54,61,997,360,2,1,,,,,,,24.0,0.0,24.0,24.0,0.0,24.0,40.0,0.0,40.0,2018-05-04 07:21:12,2026-06-25 13:32:57,1,,3,
534036495126144,374961444489998,2017,54,63,173,135,3,1,,,,,,,24.0,24.0,24.0,24.0,24.0,24.0,40.0,40.0,40.0,2018-05-04 07:21:12,2026-06-25 13:32:57,1,,3,
534036496126144,374961444489998,2017,54,63,173,225,4,1,,,,,,,24.0,24.0,24.0,24.0,24.0,24.0,40.0,40.0,40.0,2018-05-04 07:21:12,2026-06-25 13:32:57,1,,3,
534036493126144,374961444489998,2017,54,63,173,270,1,1,,,,,,,24.0,24.0,24.0,24.0,24.0,24.0,40.0,40.0,40.0,2018-05-04 07:21:12,2026-06-25 13:32:57,1,,3,
534036494126144,374961444489998,2017,54,63,173,360,2,1,,,,,,,24.0,24.0,24.0,24.0,24.0,24.0,40.0,40.0,40.0,2018-05-04 07:21:12,2026-06-25 13:32:57,1,,3,
534020731126144,374961502489998,2017,54,67,512,135,3,1,,14,2,2,,,24.0,24.0,24.0,24.0,24.0,24.0,40.0,40.0,40.0,2018-05-04 07:21:12,2026-06-25 13:32:55,1,,3,
534020732126144,374961502489998,2017,54,67,512,225,4,1,,4,0,2,,,24.0,24.0,24.0,24.0,24.0,24.0,40.0,40.0,40.0,2018-05-04 07:21:12,2026-06-25 13:32:55,1,,3,
534020729126144,374961502489998,2017,54,67,512,270,1,1,,12,2,1,,,24.0,24.0,24.0,24.0,24.0,24.0,40.0,40.0,40.0,2018-05-04 07:21:12,2026-06-25 13:32:55,1,,3,
534020730126144,374961502489998,2017,54,67,512,360,2,1,,11,2,3,,,24.0,24.0,24.0,24.0,24.0,24.0,40.0,40.0,40.0,2018-05-04 07:21:12,2026-06-25 13:32:55,1,,3,
534036817126144,374961452489998,2017,54,67,2129,135,3,1,,15,2,3,,,24.0,24.0,24.0,24.0,24.0,24.0,40.0,40.0,40.0,2018-05-04 07:21:12,2026-06-25 13:32:55,1,,3,
534036818126144,374961452489998,2017,54,67,2129,225,4,1,,6,1,0,,,24.0,24.0,24.0,24.0,24.0,24.0,40.0,40.0,40.0,2018-05-04 07:21:12,2026-06-25 13:32:55,1,,3,
534036815126144,374961452489998,2017,54,67,2129,270,1,1,,22,3,4,,,24.0,24.0,24.0,24.0,24.0,24.0,40.0,40.0,40.0,2018-05-04 07:21:12,2026-06-25 13:32:55,1,,3,
534036816126144,374961452489998,2017,54,67,2129,360,2,1,,14,3,6,,,24.0,24.0,24.0,24.0,24.0,24.0,40.0,40.0,40.0,2018-05-04 07:21:12,2026-06-25 13:32:55,1,,3,
534030320126144,374961288489998,2017,54,71,822,135,3,2,,11,1,0,,,6.0,24.0,24.0,6.0,24.0,24.0,10.0,40.0,40.0,2018-05-04 07:21:12,2026-06-25 13:32:57,1,,3,
534030321126144,374961288489998,2017,54,71,822,225,4,1,,4,1,0,,,18.0,24.0,24.0,18.0,24.0,24.0,30.0,40.0,40.0,2018-05-04 07:21:12,2026-06-25 13:32:57,1,,3,
534030318126144,374961288489998,2017,54,71,822,270,1,1,,25,5,1,,,18.0,24.0,24.0,18.0,24.0,24.0,30.0,40.0,40.0,2018-05-04 07:21:12,2026-06-25 13:32:57,1,,3,
534030319126144,374961288489998,2017,54,71,822,360,2,1,,15,5,1,,,18.0,24.0,24.0,18.0,24.0,24.0,30.0,40.0,40.0,2018-05-04 07:21:12,2026-06-25 13:32:57,1,,3,
534026533126144,374961195489998,2017,54,75,202,135,3,1,,7,1,4,,,24.0,24.0,24.0,24.0,24.0,24.0,40.0,40.0,40.0,2018-05-04 07:21:12,2026-06-25 13:32:55,1,,3,
534026534126144,374961195489998,2017,54,75,202,225,4,1,,10,4,4,,,24.0,24.0,24.0,24.0,24.0,24.0,40.0,40.0,40.0,2018-05-04 07:21:12,2026-06-25 13:32:55,1,,3,
534026531126144,374961195489998,2017,54,75,202,270,1,1,,10,5,3,,,24.0,24.0,24.0,24.0,24.0,24.0,40.0,40.0,40.0,2018-05-04 07:21:12,2026-06-25 13:32:55,1,,3,
534026532126144,374961195489998,2017,54,75,202,360,2,1,,7,0,0,,,24.0,24.0,24.0,24.0,24.0,24.0,40.0,40.0,40.0,2018-05-04 07:21:12,2026-06-25 13:32:55,1,,3,
534028802126144,374961253489998,2017,54,77,363,135,3,1,,12,0,0,,,24.0,24.0,24.0,24.0,24.0,24.0,40.0,40.0,40.0,2018-05-04 07:21:12,2026-06-25 13:32:56,1,,3,
534028803126144,374961253489998,2017,54,77,363,225,4,1,,5,1,0,,,24.0,24.0,24.0,24.0,24.0,24.0,40.0,40.0,40.0,2018-05-04 07:21:12,2026-06-25 13:32:56,1,,3,
534028800126144,374961253489998,2017,54,77,363,270,1,1,,8,3,2,,,24.0,24.0,24.0,24.0,24.0,24.0,40.0,40.0,40.0,2018-05-04 07:21:12,2026-06-25 13:32:56,1,,3,
534028801126144,374961253489998,2017,54,77,363,360,2,1,,10,0,1,,,24.0,24.0,24.0,24.0,24.0,24.0,40.0,40.0,40.0,2018-05-04 07:21:12,2026-06-25 13:32:56,1,,3,
534025666126144,374961176489998,2017,54,79,337,135,3,1,,16,2,4,,,12.0,24.0,24.0,12.0,24.0,24.0,20.0,40.0,40.0,2018-05-04 07:21:12,2026-06-25 13:32:56,1,,3,
534025667126144,374961176489998,2017,54,79,337,225,4,2,,,,,,,12.0,24.0,24.0,12.0,24.0,24.0,20.0,40.0,40.0,2018-05-04 07:21:12,2026-06-25 13:32:56,1,,3,
534025664126144,374961176489998,2017,54,79,337,270,1,2,,,,,,,12.0,24.0,24.0,12.0,24.0,24.0,20.0,40.0,40.0,2018-05-04 07:21:12,2026-06-25 13:32:56,1,,3,
534025665126144,374961176489998,2017,54,79,337,360,2,1,,13,1,0,,,12.0,24.0,24.0,12.0,24.0,24.0,20.0,40.0,40.0,2018-05-04 07:21:12,2026-06-25 13:32:56,1,,3,
534027816126144,374961229489998,2017,54,81,1197,135,3,1,,,,,,,24.0,0.0,24.0,24.0,0.0,24.0,40.0,0.0,40.0,2018-05-04 07:21:12,2026-06-25 13:32:56,1,,3,
534027817126144,374961229489998,2017,54,81,1197,225,4,1,,,,,,,24.0,0.0,24.0,24.0,0.0,24.0,40.0,0.0,40.0,2018-05-04 07:21:12,2026-06-25 13:32:56,1,,3,
534027814126144,374961229489998,2017,54,81,1197,270,1,1,,,,,,,24.0,0.0,24.0,24.0,0.0,24.0,40.0,0.0,40.0,2018-05-04 07:21:12,2026-06-25 13:32:56,1,,3,
534027815126144,374961229489998,2017,54,81,1197,360,2,1,,,,,,,24.0,0.0,24.0,24.0,0.0,24.0,40.0,0.0,40.0,2018-05-04 07:21:12,2026-06-25 13:32:56,1,,3,
534037173126144,374961459489998,2017,54,81,1666,135,3,2,,,,,,,12.0,12.0,24.0,12.0,12.0,24.0,20.0,20.0,40.0,2018-05-04 07:21:12,2026-06-25 13:32:56,1,,3,
534037174126144,374961459489998,2017,54,81,1666,225,4,2,,,,,,,12.0,12.0,24.0,12.0,12.0,24.0,20.0,20.0,40.0,2018-05-04 07:21:12,2026-06-25 13:32:56,1,,3,
534037171126144,374961459489998,2017,54,81,1666,270,1,1,,5,2,1,,,12.0,12.0,24.0,12.0,12.0,24.0,20.0,20.0,40.0,2018-05-04 07:21:12,2026-06-25 13:32:56,1,,3,
534037172126144,374961459489998,2017,54,81,1666,360,2,1,,6,3,1,,,12.0,12.0,24.0,12.0,12.0,24.0,20.0,20.0,40.0,2018-05-04 07:21:12,2026-06-25 13:32:56,1,,3,
534025360126144,374961168489998,2017,54,81,2239,135,3,1,,11,4,0,,,24.0,24.0,24.0,24.0,24.0,24.0,40.0,40.0,40.0,2018-05-04 07:21:12,2026-06-25 13:32:56,1,,3,
534025361126144,374961168489998,2017,54,81,2239,225,4,1,,30,6,2,,,24.0,24.0,24.0,24.0,24.0,24.0,40.0,40.0,40.0,2018-05-04 07:21:12,2026-06-25 13:32:56,1,,3,
534025358126144,374961168489998,2017,54,81,2239,270,1,1,,12,6,0,,,24.0,24.0,24.0,24.0,24.0,24.0,40.0,40.0,40.0,2018-05-04 07:21:12,2026-06-25 13:32:56,1,,3,
534025359126144,374961168489998,2017,54,81,2239,360,2,1,,3,0,1,,,24.0,24.0,24.0,24.0,24.0,24.0,40.0,40.0,40.0,2018-05-04 07:21:12,2026-06-25 13:32:56,1,,3,
534020083126144,374961487489998,2017,54,83,1314,135,3,1,,16,4,1,,,24.0,24.0,24.0,24.0,24.0,24.0,40.0,40.0,40.0,2018-05-04 07:21:12,2026-06-25 13:32:55,1,,3,
534020084126144,374961487489998,2017,54,83,1314,225,4,1,,11,0,0,,,24.0,24.0,24.0,24.0,24.0,24.0,40.0,40.0,40.0,2018-05-04 07:21:12,2026-06-25 13:32:55,1,,3,
534020081126144,374961487489998,2017,54,83,1314,270,1,1,,3,0,0,,,24.0,24.0,24.0,24.0,24.0,24.0,40.0,40.0,40.0,2018-05-04 07:21:12,2026-06-25 13:32:55,1,,3,
534020082126144,374961487489998,2017,54,83,1314,360,2,1,,12,2,0,,,24.0,24.0,24.0,24.0,24.0,24.0,40.0,40.0,40.0,2018-05-04 07:21:12,2026-06-25 13:32:55,1,,3,
534025950126144,374961180489998,2017,54,85,347,135,3,1,,22,1,2,,,24.0,24.0,24.0,24.0,24.0,24.0,40.0,40.0,40.0,2018-05-04 07:21:12,2026-06-25 13:32:54,1,,3,
534025951126144,374961180489998,2017,54,85,347,225,4,1,,9,2,4,,,24.0,24.0,24.0,24.0,24.0,24.0,40.0,40.0,40.0,2018-05-04 07:21:12,2026-06-25 13:32:54,1,,3,
534025948126144,374961180489998,2017,54,85,347,270,1,1,,7,2,1,,,24.0,24.0,24.0,24.0,24.0,24.0,40.0,40.0,40.0,2018-05-04 07:21:12,2026-06-25 13:32:54,1,,3,
534025949126144,374961180489998,2017,54,85,347,360,2,1,,42,17,20,,,24.0,24.0,24.0,24.0,24.0,24.0,40.0,40.0,40.0,2018-05-04 07:21:12,2026-06-25 13:32:54,1,,3,
534026271126144,374961191489998,2017,54,87,2346,135,3,1,,13,1,1,,,18.0,18.0,24.0,18.0,18.0,24.0,30.0,30.0,40.0,2018-05-04 07:21:12,2026-06-25 13:32:56,1,,3,
534026272126144,374961191489998,2017,54,87,2346,225,4,2,,,,,,,6.0,18.0,24.0,6.0,18.0,24.0,10.0,30.0,40.0,2018-05-04 07:21:12,2026-06-25 13:32:56,1,,3,
534026269126144,374961191489998,2017,54,87,2346,270,1,1,,12,3,3,,,18.0,18.0,24.0,18.0,18.0,24.0,30.0,30.0,40.0,2018-05-04 07:21:12,2026-06-25 13:32:56,1,,3,
534026270126144,374961191489998,2017,54,87,2346,360,2,1,,9,0,0,,,18.0,18.0,24.0,18.0,18.0,24.0,30.0,30.0,40.0,2018-05-04 07:21:12,2026-06-25 13:32:56,1,,3,
534026565126144,374961196489998,2017,54,89,1684,135,3,1,,,,,,,24.0,0.0,24.0,24.0,0.0,24.0,40.0,0.0,40.0,2018-05-04 07:21:12,2026-06-25 13:32:54,1,,3,
534026566126144,374961196489998,2017,54,89,1684,225,4,1,,,,,,,24.0,0.0,24.0,24.0,0.0,24.0,40.0,0.0,40.0,2018-05-04 07:21:12,2026-06-25 13:32:54,1,,3,
534026563126144,374961196489998,2017,54,89,1684,270,1,1,,,,,,,24.0,0.0,24.0,24.0,0.0,24.0,40.0,0.0,40.0,2018-05-04 07:21:12,2026-06-25 13:32:54,1,,3,
534026564126144,374961196489998,2017,54,89,1684,360,2,1,,,,,,,24.0,0.0,24.0,24.0,0.0,24.0,40.0,0.0,40.0,2018-05-04 07:21:12,2026-06-25 13:32:54,1,,3,
534026696126144,374961197489998,2017,54,89,2122,135,3,1,,10,2,0,,,24.0,24.0,24.0,24.0,24.0,24.0,40.0,40.0,40.0,2018-05-04 07:21:12,2026-06-25 13:32:57,1,,3,
534026697126144,374961197489998,2017,54,89,2122,225,4,1,,15,0,2,,,24.0,24.0,24.0,24.0,24.0,24.0,40.0,40.0,40.0,2018-05-04 07:21:12,2026-06-25 13:32:57,1,,3,
534026694126144,374961197489998,2017,54,89,2122,270,1,1,,18,4,6,,,24.0,24.0,24.0,24.0,24.0,24.0,40.0,40.0,40.0,2018-05-04 07:21:12,2026-06-25 13:32:57,1,,3,
534026695126144,374961197489998,2017,54,89,2122,360,2,1,,10,1,1,,,24.0,24.0,24.0,24.0,24.0,24.0,40.0,40.0,40.0,2018-05-04 07:21:12,2026-06-25 13:32:57,1,,3,
534025527126144,374961172489998,2017,54,93,1199,135,3,1,,,,,,,24.0,0.0,24.0,24.0,0.0,24.0,40.0,0.0,40.0,2018-05-04 07:21:12,2026-06-25 13:32:55,1,,3,
534025528126144,374961172489998,2017,54,93,1199,225,4,1,,,,,,,24.0,0.0,24.0,24.0,0.0,24.0,40.0,0.0,40.0,2018-05-04 07:21:12,2026-06-25 13:32:55,1,,3,
534025525126144,374961172489998,2017,54,93,1199,270,1,1,,,,,,,24.0,0.0,24.0,24.0,0.0,24.0,40.0,0.0,40.0,2018-05-04 07:21:12,2026-06-25 13:32:55,1,,3,
534025526126144,374961172489998,2017,54,93,1199,360,2,1,,,,,,,24.0,0.0,24.0,24.0,0.0,24.0,40.0,0.0,40.0,2018-05-04 07:21:12,2026-06-25 13:32:55,1,,3,
534034741126144,374961399489998,2017,54,99,56,135,3,1,,17,3,0,,,24.0,24.0,24.0,24.0,24.0,24.0,40.0,40.0,40.0,2018-05-04 07:21:12,2026-06-25 13:32:57,1,,3,
534034742126144,374961399489998,2017,54,99,56,225,4,1,,22,0,4,,,24.0,24.0,24.0,24.0,24.0,24.0,40.0,40.0,40.0,2018-05-04 07:21:12,2026-06-25 13:32:57,1,,3,
534034739126144,374961399489998,2017,54,99,56,270,1,1,,4,1,0,,,24.0,24.0,24.0,24.0,24.0,24.0,40.0,40.0,40.0,2018-05-04 07:21:12,2026-06-25 13:32:57,1,,3,
534034740126144,374961399489998,2017,54,99,56,360,2,1,,3,0,1,,,24.0,24.0,24.0,24.0,24.0,24.0,40.0,40.0,40.0,2018-05-04 07:21:12,2026-06-25 13:32:57,1,,3,
534032745126144,374961351489998,2017,54,99,883,135,3,1,,31,14,9,,,18.0,18.0,24.0,18.0,18.0,24.0,30.0,30.0,40.0,2018-05-04 07:21:12,2026-06-25 13:32:54,1,,3,
534032746126144,374961351489998,2017,54,99,883,225,4,2,,,,,,,6.0,18.0,24.0,6.0,18.0,24.0,10.0,30.0,40.0,2018-05-04 07:21:12,2026-06-25 13:32:54,1,,3,
534032743126144,374961351489998,2017,54,99,883,270,1,1,,12,1,4,,,18.0,18.0,24.0,18.0,18.0,24.0,30.0,30.0,40.0,2018-05-04 07:21:12,2026-06-25 13:32:54,1,,3,
534032744126144,374961351489998,2017,54,99,883,360,2,1,,14,1,0,,,18.0,18.0,24.0,18.0,18.0,24.0,30.0,30.0,40.0,2018-05-04 07:21:12,2026-06-25 13:32:54,1,,3,
534032585126144,374961349489998,2017,54,99,2210,135,3,2,,11,2,2,,,6.0,6.0,24.0,6.0,6.0,24.0,10.0,10.0,40.0,2018-05-04 07:21:12,2026-06-25 13:32:56,1,,3,
534032586126144,374961349489998,2017,54,99,2210,225,4,1,,,,,,,18.0,6.0,24.0,18.0,6.0,24.0,30.0,10.0,40.0,2018-05-04 07:21:12,2026-06-25 13:32:56,1,,3,
534032583126144,374961349489998,2017,54,99,2210,270,1,1,,,,,,,18.0,6.0,24.0,18.0,6.0,24.0,30.0,10.0,40.0,2018-05-04 07:21:12,2026-06-25 13:32:56,1,,3,
534032584126144,374961349489998,2017,54,99,2210,360,2,1,,,,,,,18.0,6.0,24.0,18.0,6.0,24.0,30.0,10.0,40.0,2018-05-04 07:21:12,2026-06-25 13:32:56,1,,3,
534022412126144,374961543489998,2017,54,101,2253,135,3,1,,8,4,1,,,24.0,24.0,24.0,24.0,24.0,24.0,40.0,40.0,40.0,2018-05-04 07:21:12,2026-06-25 13:32:57,1,,3,
534022413126144,374961543489998,2017,54,101,2253,225,4,1,,17,3,1,,,24.0,24.0,24.0,24.0,24.0,24.0,40.0,40.0,40.0,2018-05-04 07:21:12,2026-06-25 13:32:57,1,,3,
534022410126144,374961543489998,2017,54,101,2253,270,1,1,,9,3,0,,,24.0,24.0,24.0,24.0,24.0,24.0,40.0,40.0,40.0,2018-05-04 07:21:12,2026-06-25 13:32:57,1,,3,
534022411126144,374961543489998,2017,54,101,2253,360,2,1,,12,4,1,,,24.0,24.0,24.0,24.0,24.0,24.0,40.0,40.0,40.0,2018-05-04 07:21:12,2026-06-25 13:32:57,1,,3,
534030724126144,374961299489998,2017,54,109,2439,135,3,1,,10,3,6,,,18.0,24.0,24.0,18.0,24.0,24.0,27.0,40.0,40.0,2018-05-04 07:21:12,2026-06-25 13:32:55,1,,3,
534030725126144,374961299489998,2017,54,109,2439,225,4,1,,4,0,0,,,18.0,24.0,24.0,18.0,24.0,24.0,27.0,40.0,40.0,2018-05-04 07:21:12,2026-06-25 13:32:55,1,,3,
534030726126144,374961299489998,2017,54,109,2439,225,4,2,,,,,,,6.0,24.0,24.0,6.0,24.0,24.0,13.0,40.0,40.0,2018-05-04 07:21:12,2026-06-25 13:32:55,1,,3,
534030722126144,374961299489998,2017,54,109,2439,270,1,1,,5,0,0,,,18.0,24.0,24.0,18.0,24.0,24.0,27.0,40.0,40.0,2018-05-04 07:21:12,2026-06-25 13:32:55,1,,3,
534030723126144,374961299489998,2017,54,109,2439,360,2,2,,,,,,,6.0,24.0,24.0,6.0,24.0,24.0,13.0,40.0,40.0,2018-05-04 07:21:12,2026-06-25 13:32:55,1,,3,
661282445126144,465275897489998,2018,54,7,954,135,3,3,,95,6,5,,,12.0,18.0,24.0,12.0,18.0,24.0,20.0,30.0,40.0,2019-05-10 08:05:39,2026-06-25 13:32:56,1,,3,
661282446126144,465275897489998,2018,54,7,954,225,4,3,,4,2,2,,,12.0,18.0,24.0,12.0,18.0,24.0,20.0,30.0,40.0,2019-05-10 08:05:39,2026-06-25 13:32:56,1,,3,
661282443126144,465275897489998,2018,54,7,954,270,1,1,,,,,,,6.0,18.0,24.0,6.0,18.0,24.0,10.0,30.0,40.0,2019-05-10 08:05:39,2026-06-25 13:32:56,1,,3,
661282444126144,465275897489998,2018,54,7,954,360,2,2,,4,1,5,,,6.0,18.0,24.0,6.0,18.0,24.0,10.0,30.0,40.0,2019-05-10 08:05:39,2026-06-25 13:32:56,1,,3,
661276830126144,465275786489998,2018,54,7,1681,135,3,1,,10,2,0,,,24.0,24.0,24.0,24.0,24.0,24.0,40.0,40.0,40.0,2019-05-10 08:05:38,2026-06-25 13:32:56,1,,3,
661276831126144,465275786489998,2018,54,7,1681,225,4,1,,18,16,22,,,24.0,24.0,24.0,24.0,24.0,24.0,40.0,40.0,40.0,2019-05-10 08:05:38,2026-06-25 13:32:56,1,,3,
661276828126144,465275786489998,2018,54,7,1681,270,1,1,,3,3,2,,,24.0,24.0,24.0,24.0,24.0,24.0,40.0,40.0,40.0,2019-05-10 08:05:38,2026-06-25 13:32:56,1,,3,
661276829126144,465275786489998,2018,54,7,1681,360,2,1,,0,1,1,,,24.0,24.0,24.0,24.0,24.0,24.0,40.0,40.0,40.0,2019-05-10 08:05:38,2026-06-25 13:32:56,1,,3,
661277586126144,465275811489998,2018,54,7,2373,135,3,3,,14,2,2,,,6.0,12.0,24.0,6.0,12.0,24.0,10.0,20.0,40.0,2019-05-10 08:05:38,2026-06-25 13:32:57,1,,3,
661277587126144,465275811489998,2018,54,7,2373,225,4,1,,,,,,,12.0,12.0,24.0,12.0,12.0,24.0,20.0,20.0,40.0,2019-05-10 08:05:38,2026-06-25 13:32:57,1,,3,
661277584126144,465275811489998,2018,54,7,2373,270,1,1,,,,,,,12.0,12.0,24.0,12.0,12.0,24.0,20.0,20.0,40.0,2019-05-10 08:05:38,2026-06-25 13:32:57,1,,3,
661277585126144,465275811489998,2018,54,7,2373,360,2,2,,,,,,,6.0,12.0,24.0,6.0,12.0,24.0,10.0,20.0,40.0,2019-05-10 08:05:38,2026-06-25 13:32:57,1,,3,
661276291126144,465275776489998,2018,54,11,1711,135,3,1,,,,,,,24.0,0.0,24.0,24.0,0.0,24.0,40.0,0.0,40.0,2019-05-10 08:05:39,2026-06-25 13:32:56,1,,3,
661276292126144,465275776489998,2018,54,11,1711,225,4,1,,,,,,,24.0,0.0,24.0,24.0,0.0,24.0,40.0,0.0,40.0,2019-05-10 08:05:39,2026-06-25 13:32:56,1,,3,
661276289126144,465275776489998,2018,54,11,1711,270,1,1,,,,,,,24.0,0.0,24.0,24.0,0.0,24.0,40.0,0.0,40.0,2019-05-10 08:05:39,2026-06-25 13:32:56,1,,3,
661276290126144,465275776489998,2018,54,11,1711,360,2,1,,,,,,,24.0,0.0,24.0,24.0,0.0,24.0,40.0,0.0,40.0,2019-05-10 08:05:39,2026-06-25 13:32:56,1,,3,
661274264126144,465275727489998,2018,54,13,1984,135,3,1,,2,0,0,,,24.0,24.0,24.0,24.0,24.0,24.0,40.0,40.0,40.0,2019-05-10 08:05:39,2026-06-25 13:32:57,1,,3,
661274265126144,465275727489998,2018,54,13,1984,225,4,1,,0,1,0,,,24.0,24.0,24.0,24.0,24.0,24.0,40.0,40.0,40.0,2019-05-10 08:05:39,2026-06-25 13:32:57,1,,3,
661274262126144,465275727489998,2018,54,13,1984,270,1,1,,2,0,2,,,24.0,24.0,24.0,24.0,24.0,24.0,40.0,40.0,40.0,2019-05-10 08:05:39,2026-06-25 13:32:57,1,,3,
661274263126144,465275727489998,2018,54,13,1984,360,2,1,,8,4,2,,,24.0,24.0,24.0,24.0,24.0,24.0,40.0,40.0,40.0,2019-05-10 08:05:39,2026-06-25 13:32:57,1,,3,
661279798126144,465275847489998,2018,54,15,1739,135,3,1,,27,2,0,,,24.0,24.0,24.0,24.0,24.0,24.0,40.0,40.0,40.0,2019-05-10 08:05:39,2026-06-25 13:32:56,1,,3,
661279799126144,465275847489998,2018,54,15,1739,225,4,1,,9,1,0,,,24.0,24.0,24.0,24.0,24.0,24.0,40.0,40.0,40.0,2019-05-10 08:05:39,2026-06-25 13:32:56,1,,3,
661279796126144,465275847489998,2018,54,15,1739,270,1,1,,23,3,2,,,24.0,24.0,24.0,24.0,24.0,24.0,40.0,40.0,40.0,2019-05-10 08:05:39,2026-06-25 13:32:56,1,,3,
661279797126144,465275847489998,2018,54,15,1739,360,2,1,,15,3,1,,,24.0,24.0,24.0,24.0,24.0,24.0,40.0,40.0,40.0,2019-05-10 08:05:39,2026-06-25 13:32:56,1,,3,
661276488126144,465275779489998,2018,54,17,1592,135,3,1,,,,,,,24.0,0.0,24.0,24.0,0.0,24.0,40.0,0.0,40.0,2019-05-10 08:05:39,2026-06-25 13:32:56,1,,3,
661276489126144,465275779489998,2018,54,17,1592,225,4,1,,,,,,,24.0,0.0,24.0,24.0,0.0,24.0,40.0,0.0,40.0,2019-05-10 08:05:39,2026-06-25 13:32:56,1,,3,
661276486126144,465275779489998,2018,54,17,1592,270,1,1,,,,,,,24.0,0.0,24.0,24.0,0.0,24.0,40.0,0.0,40.0,2019-05-10 08:05:39,2026-06-25 13:32:56,1,,3,
661276487126144,465275779489998,2018,54,17,1592,360,2,1,,,,,,,24.0,0.0,24.0,24.0,0.0,24.0,40.0,0.0,40.0,2019-05-10 08:05:39,2026-06-25 13:32:56,1,,3,
661276435126144,465275778489998,2018,54,17,1836,135,3,1,,9,2,0,,,24.0,24.0,24.0,24.0,24.0,24.0,40.0,40.0,40.0,2019-05-10 08:05:39,2026-06-25 13:32:56,1,,3,
661276436126144,465275778489998,2018,54,17,1836,225,4,1,,0,5,4,,,24.0,24.0,24.0,24.0,24.0,24.0,40.0,40.0,40.0,2019-05-10 08:05:39,2026-06-25 13:32:56,1,,3,
661276433126144,465275778489998,2018,54,17,1836,270,1,1,,6,2,1,,,24.0,24.0,24.0,24.0,24.0,24.0,40.0,40.0,40.0,2019-05-10 08:05:39,2026-06-25 13:32:56,1,,3,
661276434126144,465275778489998,2018,54,17,1836,360,2,1,,2,2,1,,,24.0,24.0,24.0,24.0,24.0,24.0,40.0,40.0,40.0,2019-05-10 08:05:39,2026-06-25 13:32:56,1,,3,
661269506126144,465275611489998,2018,54,19,361,135,3,1,,,,,,,24.0,0.0,24.0,24.0,0.0,24.0,40.0,0.0,40.0,2019-05-10 08:05:39,2026-06-25 13:32:57,1,,3,
661269507126144,465275611489998,2018,54,19,361,225,4,1,,,,,,,24.0,0.0,24.0,24.0,0.0,24.0,40.0,0.0,40.0,2019-05-10 08:05:39,2026-06-25 13:32:57,1,,3,
661269504126144,465275611489998,2018,54,19,361,270,1,1,,,,,,,24.0,0.0,24.0,24.0,0.0,24.0,40.0,0.0,40.0,2019-05-10 08:05:39,2026-06-25 13:32:57,1,,3,
661269505126144,465275611489998,2018,54,19,361,360,2,1,,,,,,,24.0,0.0,24.0,24.0,0.0,24.0,40.0,0.0,40.0,2019-05-10 08:05:39,2026-06-25 13:32:57,1,,3,
661276736126144,465275785489998,2018,54,21,1777,135,3,1,,0,0,0,,,18.0,24.0,24.0,18.0,24.0,24.0,34.0,40.0,40.0,2019-05-10 08:05:39,2026-06-25 13:32:56,1,,3,
661276737126144,465275785489998,2018,54,21,1777,135,3,2,,,,,,,6.0,24.0,24.0,6.0,24.0,24.0,6.0,40.0,40.0,2019-05-10 08:05:39,2026-06-25 13:32:56,1,,3,
661276738126144,465275785489998,2018,54,21,1777,225,4,1,,6,3,0,,,18.0,24.0,24.0,18.0,24.0,24.0,34.0,40.0,40.0,2019-05-10 08:05:39,2026-06-25 13:32:56,1,,3,
661276734126144,465275785489998,2018,54,21,1777,270,1,1,,5,0,0,,,18.0,24.0,24.0,18.0,24.0,24.0,34.0,40.0,40.0,2019-05-10 08:05:39,2026-06-25 13:32:56,1,,3,
661276735126144,465275785489998,2018,54,21,1777,360,2,1,,10,0,0,,,18.0,24.0,24.0,18.0,24.0,24.0,34.0,40.0,40.0,2019-05-10 08:05:39,2026-06-25 13:32:56,1,,3,
661272190126144,465275674489998,2018,54,23,2282,135,3,2,,,,,,,6.0,24.0,24.0,6.0,24.0,24.0,10.0,40.0,40.0,2019-05-10 08:05:39,2026-06-25 13:32:55,1,,3,
661272191126144,465275674489998,2018,54,23,2282,225,4,1,,8,0,0,,,18.0,24.0,24.0,18.0,24.0,24.0,30.0,40.0,40.0,2019-05-10 08:05:39,2026-06-25 13:32:55,1,,3,
661272188126144,465275674489998,2018,54,23,2282,270,1,1,,25,9,1,,,18.0,24.0,24.0,18.0,24.0,24.0,30.0,40.0,40.0,2019-05-10 08:05:39,2026-06-25 13:32:55,1,,3,
661272189126144,465275674489998,2018,54,23,2282,360,2,1,,2,4,4,,,18.0,24.0,24.0,18.0,24.0,24.0,30.0,40.0,40.0,2019-05-10 08:05:39,2026-06-25 13:32:55,1,,3,
661278723126144,465275833489998,2018,54,25,677,135,3,1,,3,0,2,,,18.0,24.0,24.0,18.0,24.0,24.0,30.0,40.0,40.0,2019-05-10 08:05:39,2026-06-25 13:32:57,1,,3,
661278724126144,465275833489998,2018,54,25,677,225,4,1,,8,1,3,,,18.0,24.0,24.0,18.0,24.0,24.0,30.0,40.0,40.0,2019-05-10 08:05:39,2026-06-25 13:32:57,1,,3,
661278721126144,465275833489998,2018,54,25,677,270,1,1,,8,3,3,,,18.0,24.0,24.0,18.0,24.0,24.0,30.0,40.0,40.0,2019-05-10 08:05:39,2026-06-25 13:32:57,1,,3,
661278722126144,465275833489998,2018,54,25,677,360,2,2,,10,2,4,,,6.0,24.0,24.0,6.0,24.0,24.0,10.0,40.0,40.0,2019-05-10 08:05:39,2026-06-25 13:32:57,1,,3,
661284076126144,465275918489998,2018,54,27,1443,135,3,1,,4,1,0,,,24.0,24.0,24.0,24.0,24.0,24.0,40.0,40.0,40.0,2019-05-10 08:05:38,2026-06-25 13:32:57,1,,3,
661284077126144,465275918489998,2018,54,27,1443,225,4,1,,4,2,2,,,24.0,24.0,24.0,24.0,24.0,24.0,40.0,40.0,40.0,2019-05-10 08:05:38,2026-06-25 13:32:57,1,,3,
661284074126144,465275918489998,2018,54,27,1443,270,1,1,,9,1,0,,,24.0,24.0,24.0,24.0,24.0,24.0,40.0,40.0,40.0,2019-05-10 08:05:38,2026-06-25 13:32:57,1,,3,
661284075126144,465275918489998,2018,54,27,1443,360,2,1,,10,5,0,,,24.0,24.0,24.0,24.0,24.0,24.0,40.0,40.0,40.0,2019-05-10 08:05:38,2026-06-25 13:32:57,1,,3,
661284282126144,465275922489998,2018,54,27,2293,135,3,1,,4,0,0,,,24.0,24.0,24.0,24.0,24.0,24.0,40.0,40.0,40.0,2019-05-10 08:05:38,2026-06-25 13:32:56,1,,3,
661284283126144,465275922489998,2018,54,27,2293,225,4,1,,12,8,2,,,24.0,24.0,24.0,24.0,24.0,24.0,40.0,40.0,40.0,2019-05-10 08:05:38,2026-06-25 13:32:56,1,,3,
661284280126144,465275922489998,2018,54,27,2293,270,1,1,,14,6,0,,,24.0,24.0,24.0,24.0,24.0,24.0,40.0,40.0,40.0,2019-05-10 08:05:38,2026-06-25 13:32:56,1,,3,
661284281126144,465275922489998,2018,54,27,2293,360,2,1,,0,0,0,,,24.0,24.0,24.0,24.0,24.0,24.0,40.0,40.0,40.0,2019-05-10 08:05:38,2026-06-25 13:32:56,1,,3,
661284576126144,465275926489998,2018,54,31,990,135,3,1,,0,0,0,,,18.0,24.0,24.0,18.0,24.0,24.0,30.0,40.0,40.0,2019-05-10 08:05:38,2026-06-25 13:32:56,1,,3,
661284577126144,465275926489998,2018,54,31,990,225,4,1,,3,4,2,,,18.0,24.0,24.0,18.0,24.0,24.0,30.0,40.0,40.0,2019-05-10 08:05:38,2026-06-25 13:32:56,1,,3,
661284574126144,465275926489998,2018,54,31,990,270,1,1,,4,1,1,,,18.0,24.0,24.0,18.0,24.0,24.0,30.0,40.0,40.0,2019-05-10 08:05:38,2026-06-25 13:32:56,1,,3,
661284575126144,465275926489998,2018,54,31,990,360,2,2,,7,4,2,,,6.0,24.0,24.0,6.0,24.0,24.0,10.0,40.0,40.0,2019-05-10 08:05:38,2026-06-25 13:32:56,1,,3,
661273438126144,465275706489998,2018,54,35,1488,135,3,1,,,,,,,18.0,24.0,24.0,18.0,24.0,24.0,30.0,40.0,40.0,2019-05-10 08:05:39,2026-06-25 13:32:57,1,,3,
661273439126144,465275706489998,2018,54,35,1488,225,4,2,,9,0,0,,,6.0,24.0,24.0,6.0,24.0,24.0,10.0,40.0,40.0,2019-05-10 08:05:39,2026-06-25 13:32:57,1,,3,
661273436126144,465275706489998,2018,54,35,1488,270,1,1,,,,,,,18.0,24.0,24.0,18.0,24.0,24.0,30.0,40.0,40.0,2019-05-10 08:05:39,2026-06-25 13:32:57,1,,3,
661273437126144,465275706489998,2018,54,35,1488,360,2,1,,,,,,,18.0,24.0,24.0,18.0,24.0,24.0,30.0,40.0,40.0,2019-05-10 08:05:39,2026-06-25 13:32:57,1,,3,
661281286126144,465275881489998,2018,54,41,1053,135,3,3,,,,,,,6.0,18.0,24.0,6.0,18.0,24.0,10.0,30.0,40.0,2019-05-10 08:05:38,2026-06-25 13:32:55,1,,3,
661281287126144,465275881489998,2018,54,41,1053,225,4,2,,2,2,0,,,12.0,18.0,24.0,12.0,18.0,24.0,20.0,30.0,40.0,2019-05-10 08:05:38,2026-06-25 13:32:55,1,,3,
661281284126144,465275881489998,2018,54,41,1053,270,1,1,,,,,,,6.0,18.0,24.0,6.0,18.0,24.0,10.0,30.0,40.0,2019-05-10 08:05:38,2026-06-25 13:32:55,1,,3,
661281285126144,465275881489998,2018,54,41,1053,360,2,2,,3,3,0,,,12.0,18.0,24.0,12.0,18.0,24.0,20.0,30.0,40.0,2019-05-10 08:05:38,2026-06-25 13:32:55,1,,3,
661275589126144,465275760489998,2018,54,47,3,135,3,1,,,,,,,18.0,6.0,24.0,18.0,6.0,24.0,30.0,10.0,40.0,2019-05-10 08:05:39,2026-06-25 13:32:56,1,,3,
661275590126144,465275760489998,2018,54,47,3,225,4,2,,6,8,7,,,6.0,6.0,24.0,6.0,6.0,24.0,10.0,10.0,40.0,2019-05-10 08:05:39,2026-06-25 13:32:56,1,,3,
661275587126144,465275760489998,2018,54,47,3,270,1,1,,,,,,,18.0,6.0,24.0,18.0,6.0,24.0,30.0,10.0,40.0,2019-05-10 08:05:39,2026-06-25 13:32:56,1,,3,
661275588126144,465275760489998,2018,54,47,3,360,2,1,,,,,,,18.0,6.0,24.0,18.0,6.0,24.0,30.0,10.0,40.0,2019-05-10 08:05:39,2026-06-25 13:32:56,1,,3,
661280458126144,465275863489998,2018,54,49,1263,135,3,1,,2,0,2,,,24.0,24.0,24.0,24.0,24.0,24.0,40.0,40.0,40.0,2019-05-10 08:05:38,2026-06-25 13:32:57,1,,3,
661280459126144,465275863489998,2018,54,49,1263,225,4,1,,6,3,3,,,24.0,24.0,24.0,24.0,24.0,24.0,40.0,40.0,40.0,2019-05-10 08:05:38,2026-06-25 13:32:57,1,,3,
661280456126144,465275863489998,2018,54,49,1263,270,1,1,,18,2,1,,,24.0,24.0,24.0,24.0,24.0,24.0,40.0,40.0,40.0,2019-05-10 08:05:38,2026-06-25 13:32:57,1,,3,
661280457126144,465275863489998,2018,54,49,1263,360,2,1,,15,2,1,,,24.0,24.0,24.0,24.0,24.0,24.0,40.0,40.0,40.0,2019-05-10 08:05:38,2026-06-25 13:32:57,1,,3,
661281150126144,465275877489998,2018,54,49,1524,135,3,1,,15,6,0,,,6.0,24.0,24.0,6.0,24.0,24.0,10.0,40.0,40.0,2019-05-10 08:05:38,2026-06-25 13:32:56,1,,3,
661281151126144,465275877489998,2018,54,49,1524,225,4,3,,31,3,1,,,12.0,24.0,24.0,12.0,24.0,24.0,20.0,40.0,40.0,2019-05-10 08:05:38,2026-06-25 13:32:56,1,,3,
661281148126144,465275877489998,2018,54,49,1524,270,1,2,,,,,,,6.0,24.0,24.0,6.0,24.0,24.0,10.0,40.0,40.0,2019-05-10 08:05:38,2026-06-25 13:32:56,1,,3,
661281149126144,465275877489998,2018,54,49,1524,360,2,3,,30,3,2,,,12.0,24.0,24.0,12.0,24.0,24.0,20.0,40.0,40.0,2019-05-10 08:05:38,2026-06-25 13:32:56,1,,3,
661270085126144,465275622489998,2018,54,49,1935,135,3,1,,33,3,2,,,24.0,24.0,24.0,24.0,24.0,24.0,40.0,40.0,40.0,2019-05-10 08:05:38,2026-06-25 13:32:56,1,,3,
661270086126144,465275622489998,2018,54,49,1935,225,4,1,,13,1,1,,,24.0,24.0,24.0,24.0,24.0,24.0,40.0,40.0,40.0,2019-05-10 08:05:38,2026-06-25 13:32:56,1,,3,
661270083126144,465275622489998,2018,54,49,1935,270,1,1,,8,2,1,,,24.0,24.0,24.0,24.0,24.0,24.0,40.0,40.0,40.0,2019-05-10 08:05:38,2026-06-25 13:32:56,1,,3,
661270084126144,465275622489998,2018,54,49,1935,360,2,1,,9,1,1,,,24.0,24.0,24.0,24.0,24.0,24.0,40.0,40.0,40.0,2019-05-10 08:05:38,2026-06-25 13:32:56,1,,3,
661273314126144,465275702489998,2018,54,51,944,135,3,1,,,,,,,24.0,0.0,24.0,24.0,0.0,24.0,40.0,0.0,40.0,2019-05-10 08:05:38,2026-06-25 13:32:56,1,,3,
661273315126144,465275702489998,2018,54,51,944,225,4,1,,,,,,,24.0,0.0,24.0,24.0,0.0,24.0,40.0,0.0,40.0,2019-05-10 08:05:38,2026-06-25 13:32:56,1,,3,
661273312126144,465275702489998,2018,54,51,944,270,1,1,,,,,,,24.0,0.0,24.0,24.0,0.0,24.0,40.0,0.0,40.0,2019-05-10 08:05:38,2026-06-25 13:32:56,1,,3,
661273313126144,465275702489998,2018,54,51,944,360,2,1,,,,,,,24.0,0.0,24.0,24.0,0.0,24.0,40.0,0.0,40.0,2019-05-10 08:05:38,2026-06-25 13:32:56,1,,3,
661276099126144,465275771489998,2018,54,53,1601,135,3,1,,9,3,3,,,24.0,24.0,24.0,24.0,24.0,24.0,40.0,40.0,40.0,2019-05-10 08:05:39,2026-06-25 13:32:57,1,,3,
661276100126144,465275771489998,2018,54,53,1601,225,4,1,,16,1,2,,,24.0,24.0,24.0,24.0,24.0,24.0,40.0,40.0,40.0,2019-05-10 08:05:39,2026-06-25 13:32:57,1,,3,
661276097126144,465275771489998,2018,54,53,1601,270,1,1,,4,0,1,,,24.0,24.0,24.0,24.0,24.0,24.0,40.0,40.0,40.0,2019-05-10 08:05:39,2026-06-25 13:32:57,1,,3,
661276098126144,465275771489998,2018,54,53,1601,360,2,1,,8,1,0,,,24.0,24.0,24.0,24.0,24.0,24.0,40.0,40.0,40.0,2019-05-10 08:05:39,2026-06-25 13:32:57,1,,3,
661269908126144,465275619489998,2018,54,61,412,135,3,1,,,,,,,24.0,0.0,24.0,24.0,0.0,24.0,40.0,0.0,40.0,2019-05-10 08:05:38,2026-06-25 13:32:57,1,,3,
661269909126144,465275619489998,2018,54,61,412,225,4,1,,,,,,,24.0,0.0,24.0,24.0,0.0,24.0,40.0,0.0,40.0,2019-05-10 08:05:38,2026-06-25 13:32:57,1,,3,
661269906126144,465275619489998,2018,54,61,412,270,1,1,,,,,,,24.0,0.0,24.0,24.0,0.0,24.0,40.0,0.0,40.0,2019-05-10 08:05:38,2026-06-25 13:32:57,1,,3,
661269907126144,465275619489998,2018,54,61,412,360,2,1,,,,,,,24.0,0.0,24.0,24.0,0.0,24.0,40.0,0.0,40.0,2019-05-10 08:05:38,2026-06-25 13:32:57,1,,3,
661279842126144,465275848489998,2018,54,67,642,135,3,2,,5,0,0,,,6.0,24.0,24.0,6.0,24.0,24.0,10.0,40.0,40.0,2019-05-10 08:05:39,2026-06-25 13:32:56,1,,3,
661279843126144,465275848489998,2018,54,67,642,225,4,1,,,,,,,18.0,24.0,24.0,18.0,24.0,24.0,30.0,40.0,40.0,2019-05-10 08:05:39,2026-06-25 13:32:56,1,,3,
661279840126144,465275848489998,2018,54,67,642,270,1,1,,,,,,,18.0,24.0,24.0,18.0,24.0,24.0,30.0,40.0,40.0,2019-05-10 08:05:39,2026-06-25 13:32:56,1,,3,
661279841126144,465275848489998,2018,54,67,642,360,2,1,,,,,,,18.0,24.0,24.0,18.0,24.0,24.0,30.0,40.0,40.0,2019-05-10 08:05:39,2026-06-25 13:32:56,1,,3,
661278604126144,465275832489998,2018,54,67,3068,135,3,1,,6,1,0,,,18.0,24.0,24.0,18.0,24.0,24.0,30.0,40.0,40.0,2019-05-10 08:05:38,2026-06-25 13:32:57,1,,3,
661278605126144,465275832489998,2018,54,67,3068,225,4,2,,15,3,3,,,6.0,24.0,24.0,6.0,24.0,24.0,10.0,40.0,40.0,2019-05-10 08:05:38,2026-06-25 13:32:57,1,,3,
661278602126144,465275832489998,2018,54,67,3068,270,1,1,,12,1,0,,,18.0,24.0,24.0,18.0,24.0,24.0,30.0,40.0,40.0,2019-05-10 08:05:38,2026-06-25 13:32:57,1,,3,
661278603126144,465275832489998,2018,54,67,3068,360,2,1,,3,1,0,,,18.0,24.0,24.0,18.0,24.0,24.0,30.0,40.0,40.0,2019-05-10 08:05:38,2026-06-25 13:32:57,1,,3,
661285131126144,465275934489998,2018,54,71,440,135,3,1,,,,,,,24.0,0.0,24.0,24.0,0.0,24.0,40.0,0.0,40.0,2019-05-10 08:05:38,2026-06-25 13:32:55,1,,3,
661285132126144,465275934489998,2018,54,71,440,225,4,1,,,,,,,24.0,0.0,24.0,24.0,0.0,24.0,40.0,0.0,40.0,2019-05-10 08:05:38,2026-06-25 13:32:55,1,,3,
661285129126144,465275934489998,2018,54,71,440,270,1,1,,,,,,,24.0,0.0,24.0,24.0,0.0,24.0,40.0,0.0,40.0,2019-05-10 08:05:38,2026-06-25 13:32:55,1,,3,
661285130126144,465275934489998,2018,54,71,440,360,2,1,,,,,,,24.0,0.0,24.0,24.0,0.0,24.0,40.0,0.0,40.0,2019-05-10 08:05:38,2026-06-25 13:32:55,1,,3,
661270444126144,465275630489998,2018,54,75,1943,135,3,1,,,,,,,24.0,24.0,24.0,24.0,24.0,24.0,40.0,40.0,40.0,2019-05-10 08:05:38,2026-06-25 13:32:57,1,,3,
661270445126144,465275630489998,2018,54,75,1943,225,4,1,,,,,,,24.0,24.0,24.0,24.0,24.0,24.0,40.0,40.0,40.0,2019-05-10 08:05:38,2026-06-25 13:32:57,1,,3,
661270442126144,465275630489998,2018,54,75,1943,270,1,1,,,,,,,24.0,24.0,24.0,24.0,24.0,24.0,40.0,40.0,40.0,2019-05-10 08:05:38,2026-06-25 13:32:57,1,,3,
661270443126144,465275630489998,2018,54,75,1943,360,2,1,,,,,,,24.0,24.0,24.0,24.0,24.0,24.0,40.0,40.0,40.0,2019-05-10 08:05:38,2026-06-25 13:32:57,1,,3,
661283555126144,465275911489998,2018,54,75,2500,135,3,1,,4,3,0,,,24.0,24.0,24.0,24.0,24.0,24.0,40.0,40.0,40.0,2019-05-10 08:05:39,2026-06-25 13:32:56,1,,3,
661283556126144,465275911489998,2018,54,75,2500,225,4,1,,11,3,0,,,24.0,24.0,24.0,24.0,24.0,24.0,40.0,40.0,40.0,2019-05-10 08:05:39,2026-06-25 13:32:56,1,,3,
661283553126144,465275911489998,2018,54,75,2500,270,1,1,,5,1,1,,,24.0,24.0,24.0,24.0,24.0,24.0,40.0,40.0,40.0,2019-05-10 08:05:39,2026-06-25 13:32:56,1,,3,
661283554126144,465275911489998,2018,54,75,2500,360,2,1,,2,1,3,,,24.0,24.0,24.0,24.0,24.0,24.0,40.0,40.0,40.0,2019-05-10 08:05:39,2026-06-25 13:32:56,1,,3,
661272883126144,465275687489998,2018,54,79,879,135,3,1,,16,2,0,,,24.0,24.0,24.0,24.0,24.0,24.0,40.0,40.0,40.0,2019-05-10 08:05:38,2026-06-25 13:32:55,1,,3,
661272884126144,465275687489998,2018,54,79,879,225,4,1,,6,0,1,,,24.0,24.0,24.0,24.0,24.0,24.0,40.0,40.0,40.0,2019-05-10 08:05:38,2026-06-25 13:32:55,1,,3,
661272881126144,465275687489998,2018,54,79,879,270,1,1,,13,0,1,,,24.0,24.0,24.0,24.0,24.0,24.0,40.0,40.0,40.0,2019-05-10 08:05:38,2026-06-25 13:32:55,1,,3,
661272882126144,465275687489998,2018,54,79,879,360,2,1,,8,0,1,,,24.0,24.0,24.0,24.0,24.0,24.0,40.0,40.0,40.0,2019-05-10 08:05:38,2026-06-25 13:32:55,1,,3,
661269607126144,465275612489998,2018,54,81,128,135,3,1,,20,0,1,,,18.0,18.0,24.0,18.0,18.0,24.0,30.0,30.0,40.0,2019-05-10 08:05:38,2026-06-25 13:32:54,1,,3,
661269608126144,465275612489998,2018,54,81,128,225,4,3,,,,,,,6.0,18.0,24.0,6.0,18.0,24.0,10.0,30.0,40.0,2019-05-10 08:05:38,2026-06-25 13:32:54,1,,3,
661269605126144,465275612489998,2018,54,81,128,270,1,1,,15,5,2,,,18.0,18.0,24.0,18.0,18.0,24.0,30.0,30.0,40.0,2019-05-10 08:05:38,2026-06-25 13:32:54,1,,3,
661269606126144,465275612489998,2018,54,81,128,360,2,1,,15,1,2,,,18.0,18.0,24.0,18.0,18.0,24.0,30.0,30.0,40.0,2019-05-10 08:05:38,2026-06-25 13:32:54,1,,3,
661276990126144,465275790489998,2018,54,81,769,135,3,1,,,,,,,24.0,0.0,24.0,24.0,0.0,24.0,40.0,0.0,40.0,2019-05-10 08:05:39,2026-06-25 13:32:56,1,,3,
661276991126144,465275790489998,2018,54,81,769,225,4,1,,,,,,,24.0,0.0,24.0,24.0,0.0,24.0,40.0,0.0,40.0,2019-05-10 08:05:39,2026-06-25 13:32:56,1,,3,
661276988126144,465275790489998,2018,54,81,769,270,1,1,,,,,,,24.0,0.0,24.0,24.0,0.0,24.0,40.0,0.0,40.0,2019-05-10 08:05:39,2026-06-25 13:32:56,1,,3,
661276989126144,465275790489998,2018,54,81,769,360,2,1,,,,,,,24.0,0.0,24.0,24.0,0.0,24.0,40.0,0.0,40.0,2019-05-10 08:05:39,2026-06-25 13:32:56,1,,3,
661281727126144,465275887489998,2018,54,83,112,135,3,1,,8,2,0,,,24.0,24.0,24.0,24.0,24.0,24.0,40.0,40.0,40.0,2019-05-10 08:05:39,2026-06-25 13:32:56,1,,3,
661281729126144,465275887489998,2018,54,83,112,225,4,1,,12,0,1,,,24.0,24.0,24.0,24.0,24.0,24.0,40.0,40.0,40.0,2019-05-10 08:05:39,2026-06-25 13:32:56,1,,3,
661281724126144,465275887489998,2018,54,83,112,270,1,1,,0,0,0,,,24.0,24.0,24.0,24.0,24.0,24.0,40.0,40.0,40.0,2019-05-10 08:05:39,2026-06-25 13:32:56,1,,3,
661281725126144,465275887489998,2018,54,83,112,360,2,1,,2,0,0,,,24.0,24.0,24.0,24.0,24.0,24.0,40.0,40.0,40.0,2019-05-10 08:05:39,2026-06-25 13:32:56,1,,3,
661271652126144,465275664489998,2018,54,83,3587,135,3,1,,6,3,17,,,24.0,24.0,24.0,24.0,24.0,24.0,40.0,40.0,40.0,2019-05-10 08:05:39,2026-06-25 13:32:55,1,,3,
661271653126144,465275664489998,2018,54,83,3587,225,4,1,,4,7,7,,,24.0,24.0,24.0,24.0,24.0,24.0,40.0,40.0,40.0,2019-05-10 08:05:39,2026-06-25 13:32:55,1,,3,
661271650126144,465275664489998,2018,54,83,3587,270,1,1,,4,1,1,,,24.0,24.0,24.0,24.0,24.0,24.0,40.0,40.0,40.0,2019-05-10 08:05:39,2026-06-25 13:32:55,1,,3,
661271651126144,465275664489998,2018,54,83,3587,360,2,1,,2,4,4,,,24.0,24.0,24.0,24.0,24.0,24.0,40.0,40.0,40.0,2019-05-10 08:05:39,2026-06-25 13:32:55,1,,3,
661283028126144,465275905489998,2018,54,93,857,135,3,1,,33,23,7,,,24.0,24.0,24.0,24.0,24.0,24.0,40.0,40.0,40.0,2019-05-10 08:05:38,2026-06-25 13:32:55,1,,3,
661283029126144,465275905489998,2018,54,93,857,225,4,1,,20,8,4,,,24.0,24.0,24.0,24.0,24.0,24.0,40.0,40.0,40.0,2019-05-10 08:05:38,2026-06-25 13:32:55,1,,3,
661283026126144,465275905489998,2018,54,93,857,270,1,1,,3,4,1,,,24.0,24.0,24.0,24.0,24.0,24.0,40.0,40.0,40.0,2019-05-10 08:05:38,2026-06-25 13:32:55,1,,3,
661283027126144,465275905489998,2018,54,93,857,360,2,1,,25,7,1,,,24.0,24.0,24.0,24.0,24.0,24.0,40.0,40.0,40.0,2019-05-10 08:05:38,2026-06-25 13:32:55,1,,3,
661273842126144,465275719489998,2018,54,99,673,135,3,1,,,,,,,24.0,0.0,24.0,24.0,0.0,24.0,40.0,0.0,40.0,2019-05-10 08:05:39,2026-06-25 13:32:55,1,,3,
661273843126144,465275719489998,2018,54,99,673,225,4,1,,,,,,,24.0,0.0,24.0,24.0,0.0,24.0,40.0,0.0,40.0,2019-05-10 08:05:39,2026-06-25 13:32:55,1,,3,
661273840126144,465275719489998,2018,54,99,673,270,1,1,,,,,,,24.0,0.0,24.0,24.0,0.0,24.0,40.0,0.0,40.0,2019-05-10 08:05:39,2026-06-25 13:32:55,1,,3,
661273841126144,465275719489998,2018,54,99,673,360,2,1,,,,,,,24.0,0.0,24.0,24.0,0.0,24.0,40.0,0.0,40.0,2019-05-10 08:05:39,2026-06-25 13:32:55,1,,3,
661272553126144,465275679489998,2018,54,99,1250,135,3,1,,6,1,0,,,24.0,24.0,24.0,24.0,24.0,24.0,40.0,40.0,40.0,2019-05-10 08:05:38,2026-06-25 13:32:57,1,,3,
661272554126144,465275679489998,2018,54,99,1250,225,4,1,,13,1,2,,,24.0,24.0,24.0,24.0,24.0,24.0,40.0,40.0,40.0,2019-05-10 08:05:38,2026-06-25 13:32:57,1,,3,
661272551126144,465275679489998,2018,54,99,1250,270,1,1,,7,0,0,,,24.0,24.0,24.0,24.0,24.0,24.0,40.0,40.0,40.0,2019-05-10 08:05:38,2026-06-25 13:32:57,1,,3,
661272552126144,465275679489998,2018,54,99,1250,360,2,1,,15,3,1,,,24.0,24.0,24.0,24.0,24.0,24.0,40.0,40.0,40.0,2019-05-10 08:05:38,2026-06-25 13:32:57,1,,3,
661274701126144,465275737489998,2018,54,103,1046,135,3,1,,7,1,2,,,18.0,18.0,24.0,18.0,18.0,24.0,30.0,30.0,40.0,2019-05-10 08:05:38,2026-06-25 13:32:56,1,,3,
661274702126144,465275737489998,2018,54,103,1046,225,4,1,,6,1,0,,,18.0,18.0,24.0,18.0,18.0,24.0,30.0,30.0,40.0,2019-05-10 08:05:38,2026-06-25 13:32:56,1,,3,
661274699126144,465275737489998,2018,54,103,1046,270,1,2,,,,,,,6.0,18.0,24.0,6.0,18.0,24.0,10.0,30.0,40.0,2019-05-10 08:05:38,2026-06-25 13:32:56,1,,3,
661274700126144,465275737489998,2018,54,103,1046,360,2,1,,17,3,1,,,18.0,18.0,24.0,18.0,18.0,24.0,30.0,30.0,40.0,2019-05-10 08:05:38,2026-06-25 13:32:56,1,,3,
661277920126144,465275819489998,2018,54,107,1506,135,3,1,,9,1,0,,,12.0,12.0,24.0,12.0,12.0,24.0,20.0,20.0,40.0,2019-05-10 08:05:39,2026-06-25 13:32:55,1,,3,
661277921126144,465275819489998,2018,54,107,1506,225,4,2,,,,,,,12.0,12.0,24.0,12.0,12.0,24.0,20.0,20.0,40.0,2019-05-10 08:05:39,2026-06-25 13:32:55,1,,3,
661277918126144,465275819489998,2018,54,107,1506,270,1,2,,,,,,,12.0,12.0,24.0,12.0,12.0,24.0,20.0,20.0,40.0,2019-05-10 08:05:39,2026-06-25 13:32:55,1,,3,
661277919126144,465275819489998,2018,54,107,1506,360,2,1,,3,0,0,,,12.0,12.0,24.0,12.0,12.0,24.0,20.0,20.0,40.0,2019-05-10 08:05:39,2026-06-25 13:32:55,1,,3,
661275527126144,465275759489998,2018,54,109,379,135,3,2,,15,2,0,,,6.0,24.0,24.0,6.0,24.0,24.0,10.0,40.0,40.0,2019-05-10 08:05:38,2026-06-25 13:32:54,1,,3,
661275528126144,465275759489998,2018,54,109,379,225,4,1,,11,0,1,,,18.0,24.0,24.0,18.0,24.0,24.0,30.0,40.0,40.0,2019-05-10 08:05:38,2026-06-25 13:32:54,1,,3,
661275525126144,465275759489998,2018,54,109,379,270,1,1,,13,0,0,,,18.0,24.0,24.0,18.0,24.0,24.0,30.0,40.0,40.0,2019-05-10 08:05:38,2026-06-25 13:32:54,1,,3,
661275526126144,465275759489998,2018,54,109,379,360,2,1,,16,2,2,,,18.0,24.0,24.0,18.0,24.0,24.0,30.0,40.0,40.0,2019-05-10 08:05:38,2026-06-25 13:32:54,1,,3,
757077132290487,513410568126144,2019,54,5,2111,135,3,2,,,,,,,6.0,18.0,24.0,6.0,18.0,24.0,10.0,30.0,40.0,2020-06-26 16:05:10,2026-06-25 13:32:56,1,,3,
757077133290487,513410568126144,2019,54,5,2111,225,4,1,,21,4,0,,,18.0,18.0,24.0,18.0,18.0,24.0,30.0,30.0,40.0,2020-06-26 16:05:10,2026-06-25 13:32:56,1,,3,
757077130290487,513410568126144,2019,54,5,2111,270,1,1,,11,4,0,,,18.0,18.0,24.0,18.0,18.0,24.0,30.0,30.0,40.0,2020-06-26 16:05:10,2026-06-25 13:32:56,1,,3,
757077131290487,513410568126144,2019,54,5,2111,360,2,1,,25,8,3,,,18.0,18.0,24.0,18.0,18.0,24.0,30.0,30.0,40.0,2020-06-26 16:05:10,2026-06-25 13:32:56,1,,3,
757081116290487,513410661126144,2019,54,11,26,135,3,1,,3,1,0,,,18.0,24.0,24.0,18.0,24.0,24.0,30.0,40.0,40.0,2020-06-26 16:05:10,2026-06-25 13:32:56,1,,3,
757081117290487,513410661126144,2019,54,11,26,225,4,1,,11,0,1,,,18.0,24.0,24.0,18.0,24.0,24.0,30.0,40.0,40.0,2020-06-26 16:05:10,2026-06-25 13:32:56,1,,3,
757081114290487,513410661126144,2019,54,11,26,270,1,1,,23,6,11,,,18.0,24.0,24.0,18.0,24.0,24.0,30.0,40.0,40.0,2020-06-26 16:05:10,2026-06-25 13:32:56,1,,3,
757081115290487,513410661126144,2019,54,11,26,360,2,2,,12,2,0,,,6.0,24.0,24.0,6.0,24.0,24.0,10.0,40.0,40.0,2020-06-26 16:05:10,2026-06-25 13:32:56,1,,3,
757074069290487,513410485126144,2019,54,19,442,135,3,1,,17,3,1,,,24.0,24.0,24.0,24.0,24.0,24.0,40.0,40.0,40.0,2020-06-26 16:05:09,2026-06-25 13:32:57,1,,3,
757074070290487,513410485126144,2019,54,19,442,225,4,1,,16,3,2,,,24.0,24.0,24.0,24.0,24.0,24.0,40.0,40.0,40.0,2020-06-26 16:05:09,2026-06-25 13:32:57,1,,3,
757074067290487,513410485126144,2019,54,19,442,270,1,1,,27,5,1,,,24.0,24.0,24.0,24.0,24.0,24.0,40.0,40.0,40.0,2020-06-26 16:05:09,2026-06-25 13:32:57,1,,3,
757074068290487,513410485126144,2019,54,19,442,360,2,1,,5,1,1,,,24.0,24.0,24.0,24.0,24.0,24.0,40.0,40.0,40.0,2020-06-26 16:05:09,2026-06-25 13:32:57,1,,3,
757075342290487,513410521126144,2019,54,19,987,135,3,1,,,,,,,24.0,0.0,24.0,24.0,0.0,24.0,40.0,0.0,40.0,2020-06-26 16:05:10,2026-06-25 13:32:55,1,,3,
757075343290487,513410521126144,2019,54,19,987,225,4,1,,,,,,,24.0,0.0,24.0,24.0,0.0,24.0,40.0,0.0,40.0,2020-06-26 16:05:10,2026-06-25 13:32:55,1,,3,
757075340290487,513410521126144,2019,54,19,987,270,1,1,,,,,,,24.0,0.0,24.0,24.0,0.0,24.0,40.0,0.0,40.0,2020-06-26 16:05:10,2026-06-25 13:32:55,1,,3,
757075341290487,513410521126144,2019,54,19,987,360,2,1,,,,,,,24.0,0.0,24.0,24.0,0.0,24.0,40.0,0.0,40.0,2020-06-26 16:05:10,2026-06-25 13:32:55,1,,3,
757072825290487,513410442126144,2019,54,19,1242,135,3,1,,11,0,4,,,18.0,18.0,24.0,18.0,18.0,24.0,30.0,30.0,40.0,2020-06-26 16:05:09,2026-06-25 13:32:57,1,,3,
757072826290487,513410442126144,2019,54,19,1242,225,4,1,,15,3,2,,,18.0,18.0,24.0,18.0,18.0,24.0,30.0,30.0,40.0,2020-06-26 16:05:09,2026-06-25 13:32:57,1,,3,
757072823290487,513410442126144,2019,54,19,1242,270,1,1,,8,2,4,,,18.0,18.0,24.0,18.0,18.0,24.0,30.0,30.0,40.0,2020-06-26 16:05:09,2026-06-25 13:32:57,1,,3,
757072824290487,513410442126144,2019,54,19,1242,360,2,2,,,,,,,6.0,18.0,24.0,6.0,18.0,24.0,10.0,30.0,40.0,2020-06-26 16:05:09,2026-06-25 13:32:57,1,,3,
757067726290487,513410322126144,2019,54,23,629,135,3,1,,,,,,,24.0,0.0,24.0,24.0,0.0,24.0,40.0,0.0,40.0,2020-06-26 16:05:09,2026-06-25 13:32:55,1,,3,
757067727290487,513410322126144,2019,54,23,629,225,4,1,,,,,,,24.0,0.0,24.0,24.0,0.0,24.0,40.0,0.0,40.0,2020-06-26 16:05:09,2026-06-25 13:32:55,1,,3,
757067724290487,513410322126144,2019,54,23,629,270,1,1,,,,,,,24.0,0.0,24.0,24.0,0.0,24.0,40.0,0.0,40.0,2020-06-26 16:05:09,2026-06-25 13:32:55,1,,3,
757067725290487,513410322126144,2019,54,23,629,360,2,1,,,,,,,24.0,0.0,24.0,24.0,0.0,24.0,40.0,0.0,40.0,2020-06-26 16:05:09,2026-06-25 13:32:55,1,,3,
757077799290487,513410581126144,2019,54,29,2007,135,3,1,,11,5,1,,,24.0,24.0,24.0,24.0,24.0,24.0,40.0,40.0,40.0,2020-06-26 16:05:10,2026-06-25 13:32:57,1,,3,
757077800290487,513410581126144,2019,54,29,2007,225,4,1,,2,1,0,,,24.0,24.0,24.0,24.0,24.0,24.0,40.0,40.0,40.0,2020-06-26 16:05:10,2026-06-25 13:32:57,1,,3,
757077797290487,513410581126144,2019,54,29,2007,270,1,1,,8,1,0,,,24.0,24.0,24.0,24.0,24.0,24.0,40.0,40.0,40.0,2020-06-26 16:05:10,2026-06-25 13:32:57,1,,3,
757077798290487,513410581126144,2019,54,29,2007,360,2,1,,13,6,4,,,24.0,24.0,24.0,24.0,24.0,24.0,40.0,40.0,40.0,2020-06-26 16:05:10,2026-06-25 13:32:57,1,,3,
757067561290487,513410314126144,2019,54,31,1511,135,3,1,,10,3,0,,,24.0,24.0,24.0,24.0,24.0,24.0,40.0,40.0,40.0,2020-06-26 16:05:09,2026-06-25 13:32:54,1,,3,
757067562290487,513410314126144,2019,54,31,1511,225,4,1,,8,2,0,,,24.0,24.0,24.0,24.0,24.0,24.0,40.0,40.0,40.0,2020-06-26 16:05:09,2026-06-25 13:32:54,1,,3,
757067559290487,513410314126144,2019,54,31,1511,270,1,1,,12,2,1,,,24.0,24.0,24.0,24.0,24.0,24.0,40.0,40.0,40.0,2020-06-26 16:05:09,2026-06-25 13:32:54,1,,3,
757067560290487,513410314126144,2019,54,31,1511,360,2,1,,9,4,1,,,24.0,24.0,24.0,24.0,24.0,24.0,40.0,40.0,40.0,2020-06-26 16:05:09,2026-06-25 13:32:54,1,,3,
757067758290487,513410323126144,2019,54,31,1534,135,3,1,,,,,,,24.0,0.0,24.0,24.0,0.0,24.0,40.0,0.0,40.0,2020-06-26 16:05:09,2026-06-25 13:32:57,1,,3,
757067759290487,513410323126144,2019,54,31,1534,225,4,1,,,,,,,24.0,0.0,24.0,24.0,0.0,24.0,40.0,0.0,40.0,2020-06-26 16:05:09,2026-06-25 13:32:57,1,,3,
757067756290487,513410323126144,2019,54,31,1534,270,1,1,,,,,,,24.0,0.0,24.0,24.0,0.0,24.0,40.0,0.0,40.0,2020-06-26 16:05:09,2026-06-25 13:32:57,1,,3,
757067757290487,513410323126144,2019,54,31,1534,360,2,1,,,,,,,24.0,0.0,24.0,24.0,0.0,24.0,40.0,0.0,40.0,2020-06-26 16:05:09,2026-06-25 13:32:57,1,,3,
757073444290487,513410464126144,2019,54,33,968,135,3,1,,,,,,,24.0,0.0,24.0,24.0,0.0,24.0,40.0,0.0,40.0,2020-06-26 16:05:09,2026-06-25 13:32:55,1,,3,
757073445290487,513410464126144,2019,54,33,968,225,4,1,,,,,,,24.0,0.0,24.0,24.0,0.0,24.0,40.0,0.0,40.0,2020-06-26 16:05:09,2026-06-25 13:32:55,1,,3,
757073442290487,513410464126144,2019,54,33,968,270,1,1,,,,,,,24.0,0.0,24.0,24.0,0.0,24.0,40.0,0.0,40.0,2020-06-26 16:05:09,2026-06-25 13:32:55,1,,3,
757073443290487,513410464126144,2019,54,33,968,360,2,1,,,,,,,24.0,0.0,24.0,24.0,0.0,24.0,40.0,0.0,40.0,2020-06-26 16:05:09,2026-06-25 13:32:55,1,,3,
757078861290487,513410604126144,2019,54,39,2504,135,3,2,,0,0,0,,,6.0,24.0,24.0,6.0,24.0,24.0,10.0,40.0,40.0,2020-06-26 16:05:10,2026-06-25 13:32:56,1,,3,
757078862290487,513410604126144,2019,54,39,2504,225,4,3,,21,5,1,,,6.0,24.0,24.0,6.0,24.0,24.0,10.0,40.0,40.0,2020-06-26 16:05:10,2026-06-25 13:32:56,1,,3,
757078859290487,513410604126144,2019,54,39,2504,270,1,1,,,,,,,12.0,24.0,24.0,12.0,24.0,24.0,20.0,40.0,40.0,2020-06-26 16:05:10,2026-06-25 13:32:56,1,,3,
757078860290487,513410604126144,2019,54,39,2504,360,2,1,,,,,,,12.0,24.0,24.0,12.0,24.0,24.0,20.0,40.0,40.0,2020-06-26 16:05:10,2026-06-25 13:32:56,1,,3,
757074767290487,513410505126144,2019,54,41,2804,135,3,1,,,,,,,24.0,0.0,24.0,24.0,0.0,24.0,40.0,0.0,40.0,2020-06-26 16:05:10,2026-06-25 13:32:55,1,,3,
757074768290487,513410505126144,2019,54,41,2804,225,4,1,,,,,,,24.0,0.0,24.0,24.0,0.0,24.0,40.0,0.0,40.0,2020-06-26 16:05:10,2026-06-25 13:32:55,1,,3,
757074765290487,513410505126144,2019,54,41,2804,270,1,1,,,,,,,24.0,0.0,24.0,24.0,0.0,24.0,40.0,0.0,40.0,2020-06-26 16:05:10,2026-06-25 13:32:55,1,,3,
757074766290487,513410505126144,2019,54,41,2804,360,2,1,,,,,,,24.0,0.0,24.0,24.0,0.0,24.0,40.0,0.0,40.0,2020-06-26 16:05:10,2026-06-25 13:32:55,1,,3,
757071807290487,513410425126144,2019,54,41,3169,135,3,2,,7,1,0,,,12.0,24.0,24.0,12.0,24.0,24.0,20.0,40.0,40.0,2020-06-26 16:05:09,2026-06-25 13:32:56,1,,3,
757071808290487,513410425126144,2019,54,41,3169,225,4,3,,10,2,0,,,6.0,24.0,24.0,6.0,24.0,24.0,10.0,40.0,40.0,2020-06-26 16:05:09,2026-06-25 13:32:56,1,,3,
757071805290487,513410425126144,2019,54,41,3169,270,1,1,,,,,,,6.0,24.0,24.0,6.0,24.0,24.0,10.0,40.0,40.0,2020-06-26 16:05:09,2026-06-25 13:32:56,1,,3,
757071806290487,513410425126144,2019,54,41,3169,360,2,2,,16,3,0,,,12.0,24.0,24.0,12.0,24.0,24.0,20.0,40.0,40.0,2020-06-26 16:05:09,2026-06-25 13:32:56,1,,3,
757080233290487,513410639126144,2019,54,43,794,135,3,1,,13,2,2,,,24.0,24.0,24.0,24.0,24.0,24.0,40.0,40.0,40.0,2020-06-26 16:05:10,2026-06-25 13:32:57,1,,3,
757080234290487,513410639126144,2019,54,43,794,225,4,1,,2,0,1,,,24.0,24.0,24.0,24.0,24.0,24.0,40.0,40.0,40.0,2020-06-26 16:05:10,2026-06-25 13:32:57,1,,3,
757080231290487,513410639126144,2019,54,43,794,270,1,1,,14,2,0,,,24.0,24.0,24.0,24.0,24.0,24.0,40.0,40.0,40.0,2020-06-26 16:05:10,2026-06-25 13:32:57,1,,3,
757080232290487,513410639126144,2019,54,43,794,360,2,1,,20,2,1,,,24.0,24.0,24.0,24.0,24.0,24.0,40.0,40.0,40.0,2020-06-26 16:05:10,2026-06-25 13:32:57,1,,3,
757080424290487,513410642126144,2019,54,43,2271,135,3,1,,4,1,2,,,12.0,24.0,24.0,12.0,24.0,24.0,20.0,40.0,40.0,2020-06-26 16:05:10,2026-06-25 13:32:56,1,,3,
757080425290487,513410642126144,2019,54,43,2271,225,4,3,,27,1,0,,,6.0,24.0,24.0,6.0,24.0,24.0,10.0,40.0,40.0,2020-06-26 16:05:10,2026-06-25 13:32:56,1,,3,
757080422290487,513410642126144,2019,54,43,2271,270,1,1,,3,0,1,,,12.0,24.0,24.0,12.0,24.0,24.0,20.0,40.0,40.0,2020-06-26 16:05:10,2026-06-25 13:32:56,1,,3,
757080423290487,513410642126144,2019,54,43,2271,360,2,2,,,,,,,6.0,24.0,24.0,6.0,24.0,24.0,10.0,40.0,40.0,2020-06-26 16:05:10,2026-06-25 13:32:56,1,,3,
757079202290487,513410613126144,2019,54,45,284,135,3,1,,8,3,1,,,24.0,24.0,24.0,24.0,24.0,24.0,40.0,40.0,40.0,2020-06-26 16:05:10,2026-06-25 13:32:57,1,,3,
757079203290487,513410613126144,2019,54,45,284,225,4,1,,13,0,1,,,24.0,24.0,24.0,24.0,24.0,24.0,40.0,40.0,40.0,2020-06-26 16:05:10,2026-06-25 13:32:57,1,,3,
757079200290487,513410613126144,2019,54,45,284,270,1,1,,24,1,1,,,24.0,24.0,24.0,24.0,24.0,24.0,40.0,40.0,40.0,2020-06-26 16:05:10,2026-06-25 13:32:57,1,,3,
757079201290487,513410613126144,2019,54,45,284,360,2,1,,6,0,2,,,24.0,24.0,24.0,24.0,24.0,24.0,40.0,40.0,40.0,2020-06-26 16:05:10,2026-06-25 13:32:57,1,,3,
757077684290487,513410579126144,2019,54,47,1914,135,3,2,,11,3,1,,,12.0,24.0,24.0,12.0,24.0,24.0,20.0,40.0,40.0,2020-06-26 16:05:10,2026-06-25 13:32:55,1,,3,
757077685290487,513410579126144,2019,54,47,1914,225,4,2,,18,5,0,,,12.0,24.0,24.0,12.0,24.0,24.0,20.0,40.0,40.0,2020-06-26 16:05:10,2026-06-25 13:32:55,1,,3,
757077682290487,513410579126144,2019,54,47,1914,270,1,1,,,,,,,12.0,24.0,24.0,12.0,24.0,24.0,20.0,40.0,40.0,2020-06-26 16:05:10,2026-06-25 13:32:55,1,,3,
757077683290487,513410579126144,2019,54,47,1914,360,2,1,,,,,,,12.0,24.0,24.0,12.0,24.0,24.0,20.0,40.0,40.0,2020-06-26 16:05:10,2026-06-25 13:32:55,1,,3,
757073398290487,513410460126144,2019,54,49,1104,135,3,2,,17,3,0,,,6.0,24.0,24.0,6.0,24.0,24.0,10.0,40.0,40.0,2020-06-26 16:05:09,2026-06-25 13:32:57,1,,3,
757073399290487,513410460126144,2019,54,49,1104,225,4,1,,,,,,,18.0,24.0,24.0,18.0,24.0,24.0,30.0,40.0,40.0,2020-06-26 16:05:09,2026-06-25 13:32:57,1,,3,
757073396290487,513410460126144,2019,54,49,1104,270,1,1,,,,,,,18.0,24.0,24.0,18.0,24.0,24.0,30.0,40.0,40.0,2020-06-26 16:05:09,2026-06-25 13:32:57,1,,3,
757073397290487,513410460126144,2019,54,49,1104,360,2,1,,,,,,,18.0,24.0,24.0,18.0,24.0,24.0,30.0,40.0,40.0,2020-06-26 16:05:09,2026-06-25 13:32:57,1,,3,
757076132290487,513410542126144,2019,54,51,785,135,3,1,,2,1,0,,,18.0,24.0,24.0,18.0,24.0,24.0,30.0,40.0,40.0,2020-06-26 16:05:10,2026-06-25 13:32:56,1,,3,
757076133290487,513410542126144,2019,54,51,785,225,4,2,,,,,,,6.0,24.0,24.0,6.0,24.0,24.0,10.0,40.0,40.0,2020-06-26 16:05:10,2026-06-25 13:32:56,1,,3,
757076130290487,513410542126144,2019,54,51,785,270,1,1,,6,2,1,,,18.0,24.0,24.0,18.0,24.0,24.0,30.0,40.0,40.0,2020-06-26 16:05:10,2026-06-25 13:32:56,1,,3,
757076131290487,513410542126144,2019,54,51,785,360,2,1,,5,3,0,,,18.0,24.0,24.0,18.0,24.0,24.0,30.0,40.0,40.0,2020-06-26 16:05:10,2026-06-25 13:32:56,1,,3,
757079996290487,513410634126144,2019,54,53,1482,135,3,1,,8,5,0,,,24.0,24.0,24.0,24.0,24.0,24.0,40.0,40.0,40.0,2020-06-26 16:05:10,2026-06-25 13:32:55,1,,3,
757079997290487,513410634126144,2019,54,53,1482,225,4,1,,13,0,1,,,24.0,24.0,24.0,24.0,24.0,24.0,40.0,40.0,40.0,2020-06-26 16:05:10,2026-06-25 13:32:55,1,,3,
757079994290487,513410634126144,2019,54,53,1482,270,1,1,,17,2,2,,,24.0,24.0,24.0,24.0,24.0,24.0,40.0,40.0,40.0,2020-06-26 16:05:10,2026-06-25 13:32:55,1,,3,
757079995290487,513410634126144,2019,54,53,1482,360,2,1,,11,4,3,,,24.0,24.0,24.0,24.0,24.0,24.0,40.0,40.0,40.0,2020-06-26 16:05:10,2026-06-25 13:32:55,1,,3,
757073166290487,513410453126144,2019,54,55,657,135,3,1,,,,,,,24.0,0.0,24.0,24.0,0.0,24.0,40.0,0.0,40.0,2020-06-26 16:05:09,2026-06-25 13:32:55,1,,3,
757073167290487,513410453126144,2019,54,55,657,225,4,1,,,,,,,24.0,0.0,24.0,24.0,0.0,24.0,40.0,0.0,40.0,2020-06-26 16:05:09,2026-06-25 13:32:55,1,,3,
757073164290487,513410453126144,2019,54,55,657,270,1,1,,,,,,,24.0,0.0,24.0,24.0,0.0,24.0,40.0,0.0,40.0,2020-06-26 16:05:09,2026-06-25 13:32:55,1,,3,
757073165290487,513410453126144,2019,54,55,657,360,2,1,,,,,,,24.0,0.0,24.0,24.0,0.0,24.0,40.0,0.0,40.0,2020-06-26 16:05:09,2026-06-25 13:32:55,1,,3,
757072295290487,513410435126144,2019,54,67,2069,135,3,1,,,,,,,24.0,0.0,24.0,24.0,0.0,24.0,40.0,0.0,40.0,2020-06-26 16:05:09,2026-06-25 13:32:55,1,,3,
757072296290487,513410435126144,2019,54,67,2069,225,4,1,,,,,,,24.0,0.0,24.0,24.0,0.0,24.0,40.0,0.0,40.0,2020-06-26 16:05:09,2026-06-25 13:32:55,1,,3,
757072293290487,513410435126144,2019,54,67,2069,270,1,1,,,,,,,24.0,0.0,24.0,24.0,0.0,24.0,40.0,0.0,40.0,2020-06-26 16:05:09,2026-06-25 13:32:55,1,,3,
757072294290487,513410435126144,2019,54,67,2069,360,2,1,,,,,,,24.0,0.0,24.0,24.0,0.0,24.0,40.0,0.0,40.0,2020-06-26 16:05:09,2026-06-25 13:32:55,1,,3,
757073917290487,513410481126144,2019,54,67,2125,135,3,1,,,,,,,24.0,0.0,24.0,24.0,0.0,24.0,40.0,0.0,40.0,2020-06-26 16:05:09,2026-06-25 13:32:55,1,,3,
757073918290487,513410481126144,2019,54,67,2125,225,4,1,,,,,,,24.0,0.0,24.0,24.0,0.0,24.0,40.0,0.0,40.0,2020-06-26 16:05:09,2026-06-25 13:32:55,1,,3,
757073915290487,513410481126144,2019,54,67,2125,270,1,1,,,,,,,24.0,0.0,24.0,24.0,0.0,24.0,40.0,0.0,40.0,2020-06-26 16:05:09,2026-06-25 13:32:55,1,,3,
757073916290487,513410481126144,2019,54,67,2125,360,2,1,,,,,,,24.0,0.0,24.0,24.0,0.0,24.0,40.0,0.0,40.0,2020-06-26 16:05:09,2026-06-25 13:32:55,1,,3,
757068657290487,513410343126144,2019,54,71,480,135,3,1,,17,2,3,,,24.0,24.0,24.0,24.0,24.0,24.0,40.0,40.0,40.0,2020-06-26 16:05:09,2026-06-25 13:32:57,1,,3,
757068658290487,513410343126144,2019,54,71,480,225,4,1,,7,0,1,,,24.0,24.0,24.0,24.0,24.0,24.0,40.0,40.0,40.0,2020-06-26 16:05:09,2026-06-25 13:32:57,1,,3,
757068655290487,513410343126144,2019,54,71,480,270,1,1,,9,3,1,,,24.0,24.0,24.0,24.0,24.0,24.0,40.0,40.0,40.0,2020-06-26 16:05:09,2026-06-25 13:32:57,1,,3,
757068656290487,513410343126144,2019,54,71,480,360,2,1,,15,1,1,,,24.0,24.0,24.0,24.0,24.0,24.0,40.0,40.0,40.0,2020-06-26 16:05:09,2026-06-25 13:32:57,1,,3,
757068097290487,513410329126144,2019,54,71,525,135,3,1,,10,1,0,,,24.0,24.0,24.0,24.0,24.0,24.0,40.0,40.0,40.0,2020-06-26 16:05:09,2026-06-25 13:32:56,1,,3,
757068098290487,513410329126144,2019,54,71,525,225,4,1,,14,1,2,,,24.0,24.0,24.0,24.0,24.0,24.0,40.0,40.0,40.0,2020-06-26 16:05:09,2026-06-25 13:32:56,1,,3,
757068095290487,513410329126144,2019,54,71,525,270,1,1,,5,7,7,,,24.0,24.0,24.0,24.0,24.0,24.0,40.0,40.0,40.0,2020-06-26 16:05:09,2026-06-25 13:32:56,1,,3,
757068096290487,513410329126144,2019,54,71,525,360,2,1,,10,2,1,,,24.0,24.0,24.0,24.0,24.0,24.0,40.0,40.0,40.0,2020-06-26 16:05:09,2026-06-25 13:32:56,1,,3,
757074191290487,513410490126144,2019,54,81,474,135,3,1,,,,,,,24.0,0.0,24.0,24.0,0.0,24.0,40.0,0.0,40.0,2020-06-26 16:05:09,2026-06-25 13:32:56,1,,3,
757074192290487,513410490126144,2019,54,81,474,225,4,1,,,,,,,24.0,0.0,24.0,24.0,0.0,24.0,40.0,0.0,40.0,2020-06-26 16:05:09,2026-06-25 13:32:56,1,,3,
757074189290487,513410490126144,2019,54,81,474,270,1,1,,,,,,,24.0,0.0,24.0,24.0,0.0,24.0,40.0,0.0,40.0,2020-06-26 16:05:09,2026-06-25 13:32:56,1,,3,
757074190290487,513410490126144,2019,54,81,474,360,2,1,,,,,,,24.0,0.0,24.0,24.0,0.0,24.0,40.0,0.0,40.0,2020-06-26 16:05:09,2026-06-25 13:32:56,1,,3,
757069034290487,513410353126144,2019,54,83,119,135,3,1,,2,0,0,,,24.0,24.0,24.0,24.0,24.0,24.0,40.0,40.0,40.0,2020-06-26 16:05:09,2026-06-25 13:32:55,1,,3,
757069035290487,513410353126144,2019,54,83,119,225,4,1,,1,1,0,,,24.0,24.0,24.0,24.0,24.0,24.0,40.0,40.0,40.0,2020-06-26 16:05:09,2026-06-25 13:32:55,1,,3,
757069032290487,513410353126144,2019,54,83,119,270,1,1,,5,0,0,,,24.0,24.0,24.0,24.0,24.0,24.0,40.0,40.0,40.0,2020-06-26 16:05:09,2026-06-25 13:32:55,1,,3,
757069033290487,513410353126144,2019,54,83,119,360,2,1,,7,0,0,,,24.0,24.0,24.0,24.0,24.0,24.0,40.0,40.0,40.0,2020-06-26 16:05:09,2026-06-25 13:32:55,1,,3,
757078052290487,513410587126144,2019,54,85,240,135,3,1,,14,0,0,,,24.0,24.0,24.0,24.0,24.0,24.0,40.0,40.0,40.0,2020-06-26 16:05:10,2026-06-25 13:32:57,1,,3,
757078053290487,513410587126144,2019,54,85,240,225,4,1,,6,1,0,,,24.0,24.0,24.0,24.0,24.0,24.0,40.0,40.0,40.0,2020-06-26 16:05:10,2026-06-25 13:32:57,1,,3,
757078050290487,513410587126144,2019,54,85,240,270,1,1,,7,0,3,,,24.0,24.0,24.0,24.0,24.0,24.0,40.0,40.0,40.0,2020-06-26 16:05:10,2026-06-25 13:32:57,1,,3,
757078051290487,513410587126144,2019,54,85,240,360,2,1,,6,2,1,,,24.0,24.0,24.0,24.0,24.0,24.0,40.0,40.0,40.0,2020-06-26 16:05:10,2026-06-25 13:32:57,1,,3,
757076470290487,513410551126144,2019,54,85,1620,135,3,1,,,,,,,24.0,0.0,24.0,24.0,0.0,24.0,40.0,0.0,40.0,2020-06-26 16:05:10,2026-06-25 13:32:54,1,,3,
757076471290487,513410551126144,2019,54,85,1620,225,4,1,,,,,,,24.0,0.0,24.0,24.0,0.0,24.0,40.0,0.0,40.0,2020-06-26 16:05:10,2026-06-25 13:32:54,1,,3,
757076468290487,513410551126144,2019,54,85,1620,270,1,1,,,,,,,24.0,0.0,24.0,24.0,0.0,24.0,40.0,0.0,40.0,2020-06-26 16:05:10,2026-06-25 13:32:54,1,,3,
757076469290487,513410551126144,2019,54,85,1620,360,2,1,,,,,,,24.0,0.0,24.0,24.0,0.0,24.0,40.0,0.0,40.0,2020-06-26 16:05:10,2026-06-25 13:32:54,1,,3,
757078630290487,513410596126144,2019,54,87,275,135,3,1,,4,0,0,,,24.0,24.0,24.0,24.0,24.0,24.0,40.0,40.0,40.0,2020-06-26 16:05:10,2026-06-25 13:32:56,1,,3,
757078631290487,513410596126144,2019,54,87,275,225,4,1,,5,0,0,,,24.0,24.0,24.0,24.0,24.0,24.0,40.0,40.0,40.0,2020-06-26 16:05:10,2026-06-25 13:32:56,1,,3,
757078628290487,513410596126144,2019,54,87,275,270,1,1,,14,4,6,,,24.0,24.0,24.0,24.0,24.0,24.0,40.0,40.0,40.0,2020-06-26 16:05:10,2026-06-25 13:32:56,1,,3,
757078629290487,513410596126144,2019,54,87,275,360,2,1,,15,4,1,,,24.0,24.0,24.0,24.0,24.0,24.0,40.0,40.0,40.0,2020-06-26 16:05:10,2026-06-25 13:32:56,1,,3,
757076796290487,513410559126144,2019,54,87,744,135,3,1,,6,2,1,,,12.0,24.0,24.0,12.0,24.0,24.0,20.0,40.0,40.0,2020-06-26 16:05:10,2026-06-25 13:32:57,1,,3,
757076797290487,513410559126144,2019,54,87,744,225,4,3,,,,,,,6.0,24.0,24.0,6.0,24.0,24.0,10.0,40.0,40.0,2020-06-26 16:05:10,2026-06-25 13:32:57,1,,3,
757076794290487,513410559126144,2019,54,87,744,270,1,1,,13,2,8,,,12.0,24.0,24.0,12.0,24.0,24.0,20.0,40.0,40.0,2020-06-26 16:05:10,2026-06-25 13:32:57,1,,3,
757076795290487,513410559126144,2019,54,87,744,360,2,4,,75,10,5,,,6.0,24.0,24.0,6.0,24.0,24.0,10.0,40.0,40.0,2020-06-26 16:05:10,2026-06-25 13:32:57,1,,3,
757073134290487,513410451126144,2019,54,89,2159,135,3,1,,16,5,3,,,12.0,18.0,24.0,12.0,18.0,24.0,20.0,30.0,40.0,2020-06-26 16:05:09,2026-06-25 13:32:54,1,,3,
757073135290487,513410451126144,2019,54,89,2159,225,4,2,,,,,,,6.0,18.0,24.0,6.0,18.0,24.0,10.0,30.0,40.0,2020-06-26 16:05:09,2026-06-25 13:32:54,1,,3,
757073132290487,513410451126144,2019,54,89,2159,270,1,1,,15,0,3,,,12.0,18.0,24.0,12.0,18.0,24.0,20.0,30.0,40.0,2020-06-26 16:05:09,2026-06-25 13:32:54,1,,3,
757073133290487,513410451126144,2019,54,89,2159,360,2,3,,,,,,,6.0,18.0,24.0,6.0,18.0,24.0,10.0,30.0,40.0,2020-06-26 16:05:09,2026-06-25 13:32:54,1,,3,
757072971290487,513410447126144,2019,54,89,2204,135,3,1,,7,1,0,,,24.0,24.0,24.0,24.0,24.0,24.0,40.0,40.0,40.0,2020-06-26 16:05:09,2026-06-25 13:32:54,1,,3,
757072972290487,513410447126144,2019,54,89,2204,225,4,1,,10,0,3,,,24.0,24.0,24.0,24.0,24.0,24.0,40.0,40.0,40.0,2020-06-26 16:05:09,2026-06-25 13:32:54,1,,3,
757072969290487,513410447126144,2019,54,89,2204,270,1,1,,10,7,0,,,24.0,24.0,24.0,24.0,24.0,24.0,40.0,40.0,40.0,2020-06-26 16:05:09,2026-06-25 13:32:54,1,,3,
757072970290487,513410447126144,2019,54,89,2204,360,2,1,,5,0,1,,,24.0,24.0,24.0,24.0,24.0,24.0,40.0,40.0,40.0,2020-06-26 16:05:09,2026-06-25 13:32:54,1,,3,
757071271290487,513410410126144,2019,54,91,1952,135,3,1,,,,,,,24.0,0.0,24.0,24.0,0.0,24.0,40.0,0.0,40.0,2020-06-26 16:05:09,2026-06-25 13:32:55,1,,3,
757071272290487,513410410126144,2019,54,91,1952,225,4,1,,,,,,,24.0,0.0,24.0,24.0,0.0,24.0,40.0,0.0,40.0,2020-06-26 16:05:09,2026-06-25 13:32:55,1,,3,
757071269290487,513410410126144,2019,54,91,1952,270,1,1,,,,,,,24.0,0.0,24.0,24.0,0.0,24.0,40.0,0.0,40.0,2020-06-26 16:05:09,2026-06-25 13:32:55,1,,3,
757071270290487,513410410126144,2019,54,91,1952,360,2,1,,,,,,,24.0,0.0,24.0,24.0,0.0,24.0,40.0,0.0,40.0,2020-06-26 16:05:09,2026-06-25 13:32:55,1,,3,
757068548290487,513410341126144,2019,54,93,218,135,3,1,,10,2,0,,,24.0,24.0,24.0,24.0,24.0,24.0,40.0,40.0,40.0,2020-06-26 16:05:09,2026-06-25 13:32:55,1,,3,
757068549290487,513410341126144,2019,54,93,218,225,4,1,,5,0,0,,,24.0,24.0,24.0,24.0,24.0,24.0,40.0,40.0,40.0,2020-06-26 16:05:09,2026-06-25 13:32:55,1,,3,
757068546290487,513410341126144,2019,54,93,218,270,1,1,,24,2,0,,,24.0,24.0,24.0,24.0,24.0,24.0,40.0,40.0,40.0,2020-06-26 16:05:09,2026-06-25 13:32:55,1,,3,
757068547290487,513410341126144,2019,54,93,218,360,2,1,,10,1,1,,,24.0,24.0,24.0,24.0,24.0,24.0,40.0,40.0,40.0,2020-06-26 16:05:09,2026-06-25 13:32:55,1,,3,
757071525290487,513410418126144,2019,54,97,2408,135,3,2,,5,0,0,,,12.0,24.0,24.0,12.0,24.0,24.0,20.0,40.0,40.0,2020-06-26 16:05:09,2026-06-25 13:32:57,1,,3,
757071526290487,513410418126144,2019,54,97,2408,225,4,2,,3,3,1,,,12.0,24.0,24.0,12.0,24.0,24.0,20.0,40.0,40.0,2020-06-26 16:05:09,2026-06-25 13:32:57,1,,3,
757071523290487,513410418126144,2019,54,97,2408,270,1,1,,,,,,,12.0,24.0,24.0,12.0,24.0,24.0,20.0,40.0,40.0,2020-06-26 16:05:09,2026-06-25 13:32:57,1,,3,
757071524290487,513410418126144,2019,54,97,2408,360,2,1,,,,,,,12.0,24.0,24.0,12.0,24.0,24.0,20.0,40.0,40.0,2020-06-26 16:05:09,2026-06-25 13:32:57,1,,3,
757081389290487,513410666126144,2019,54,99,1644,135,3,1,,,,,,,18.0,6.0,24.0,18.0,6.0,24.0,30.0,10.0,40.0,2020-06-26 16:05:10,2026-06-25 13:32:55,1,,3,
757081390290487,513410666126144,2019,54,99,1644,225,4,2,,4,1,0,,,6.0,6.0,24.0,6.0,6.0,24.0,10.0,10.0,40.0,2020-06-26 16:05:10,2026-06-25 13:32:55,1,,3,
757081387290487,513410666126144,2019,54,99,1644,270,1,1,,,,,,,18.0,6.0,24.0,18.0,6.0,24.0,30.0,10.0,40.0,2020-06-26 16:05:10,2026-06-25 13:32:55,1,,3,
757081388290487,513410666126144,2019,54,99,1644,360,2,1,,,,,,,18.0,6.0,24.0,18.0,6.0,24.0,30.0,10.0,40.0,2020-06-26 16:05:10,2026-06-25 13:32:55,1,,3,
757072060290487,513410429126144,2019,54,101,696,135,3,1,,12,3,1,,,18.0,24.0,24.0,18.0,24.0,24.0,30.0,40.0,40.0,2020-06-26 16:05:09,2026-06-25 13:32:57,1,,3,
757072061290487,513410429126144,2019,54,101,696,225,4,2,,,,,,,6.0,24.0,24.0,6.0,24.0,24.0,10.0,40.0,40.0,2020-06-26 16:05:09,2026-06-25 13:32:57,1,,3,
757072058290487,513410429126144,2019,54,101,696,270,1,1,,15,1,3,,,18.0,24.0,24.0,18.0,24.0,24.0,30.0,40.0,40.0,2020-06-26 16:05:09,2026-06-25 13:32:57,1,,3,
757072059290487,513410429126144,2019,54,101,696,360,2,1,,21,2,4,,,18.0,24.0,24.0,18.0,24.0,24.0,30.0,40.0,40.0,2020-06-26 16:05:09,2026-06-25 13:32:57,1,,3,
757076286290487,513410545126144,2019,54,103,1018,135,3,1,,5,0,4,,,12.0,24.0,24.0,12.0,24.0,24.0,20.0,40.0,40.0,2020-06-26 16:05:10,2026-06-25 13:32:55,1,,3,
757076287290487,513410545126144,2019,54,103,1018,225,4,2,,,,,,,12.0,24.0,24.0,12.0,24.0,24.0,20.0,40.0,40.0,2020-06-26 16:05:10,2026-06-25 13:32:55,1,,3,
757076284290487,513410545126144,2019,54,103,1018,270,1,1,,7,1,2,,,12.0,24.0,24.0,12.0,24.0,24.0,20.0,40.0,40.0,2020-06-26 16:05:10,2026-06-25 13:32:55,1,,3,
757076285290487,513410545126144,2019,54,103,1018,360,2,2,,,,,,,12.0,24.0,24.0,12.0,24.0,24.0,20.0,40.0,40.0,2020-06-26 16:05:10,2026-06-25 13:32:55,1,,3,
757078367290487,513410591126144,2019,54,107,934,135,3,1,,9,1,2,,,12.0,24.0,24.0,12.0,24.0,24.0,20.0,40.0,40.0,2020-06-26 16:05:10,2026-06-25 13:32:54,1,,3,
757078368290487,513410591126144,2019,54,107,934,225,4,2,,13,2,0,,,12.0,24.0,24.0,12.0,24.0,24.0,20.0,40.0,40.0,2020-06-26 16:05:10,2026-06-25 13:32:54,1,,3,
757078365290487,513410591126144,2019,54,107,934,270,1,2,,32,3,6,,,12.0,24.0,24.0,12.0,24.0,24.0,20.0,40.0,40.0,2020-06-26 16:05:10,2026-06-25 13:32:54,1,,3,
757078366290487,513410591126144,2019,54,107,934,360,2,1,,33,4,0,,,12.0,24.0,24.0,12.0,24.0,24.0,20.0,40.0,40.0,2020-06-26 16:05:10,2026-06-25 13:32:54,1,,3,
757077377290487,513410574126144,2019,54,109,250,135,3,1,,25,3,2,,,24.0,24.0,24.0,24.0,24.0,24.0,40.0,40.0,40.0,2020-06-26 16:05:10,2026-06-25 13:32:56,1,,3,
757077378290487,513410574126144,2019,54,109,250,225,4,1,,15,2,1,,,24.0,24.0,24.0,24.0,24.0,24.0,40.0,40.0,40.0,2020-06-26 16:05:10,2026-06-25 13:32:56,1,,3,
757077375290487,513410574126144,2019,54,109,250,270,1,1,,21,1,2,,,24.0,24.0,24.0,24.0,24.0,24.0,40.0,40.0,40.0,2020-06-26 16:05:10,2026-06-25 13:32:56,1,,3,
757077376290487,513410574126144,2019,54,109,250,360,2,1,,9,2,0,,,24.0,24.0,24.0,24.0,24.0,24.0,40.0,40.0,40.0,2020-06-26 16:05:10,2026-06-25 13:32:56,1,,3,
757075689290487,513410530126144,2019,54,109,1857,135,3,1,,,,,,,24.0,0.0,24.0,24.0,0.0,24.0,40.0,0.0,40.0,2020-06-26 16:05:10,2026-06-25 13:32:57,1,,3,
757075690290487,513410530126144,2019,54,109,1857,225,4,1,,,,,,,24.0,0.0,24.0,24.0,0.0,24.0,40.0,0.0,40.0,2020-06-26 16:05:10,2026-06-25 13:32:57,1,,3,
757075687290487,513410530126144,2019,54,109,1857,270,1,1,,,,,,,24.0,0.0,24.0,24.0,0.0,24.0,40.0,0.0,40.0,2020-06-26 16:05:10,2026-06-25 13:32:57,1,,3,
757075688290487,513410530126144,2019,54,109,1857,360,2,1,,,,,,,24.0,0.0,24.0,24.0,0.0,24.0,40.0,0.0,40.0,2020-06-26 16:05:10,2026-06-25 13:32:57,1,,3,
1227690766290487,618642718126144,2020,54,1,2226,135,3,1,,11,1,0,,,24.0,24.0,24.0,24.0,24.0,24.0,40.0,40.0,40.0,2022-07-28 16:00:43,2026-06-25 13:32:57,1,,3,
1227690767290487,618642718126144,2020,54,1,2226,225,4,1,,13,3,1,,,24.0,24.0,24.0,24.0,24.0,24.0,40.0,40.0,40.0,2022-07-28 16:00:43,2026-06-25 13:32:57,1,,3,
1227690764290487,618642718126144,2020,54,1,2226,270,1,1,,12,3,0,,,24.0,24.0,24.0,24.0,24.0,24.0,40.0,40.0,40.0,2022-07-28 16:00:43,2026-06-25 13:32:57,1,,3,
1227690765290487,618642718126144,2020,54,1,2226,360,2,1,,8,1,1,,,24.0,24.0,24.0,24.0,24.0,24.0,40.0,40.0,40.0,2022-07-28 16:00:43,2026-06-25 13:32:57,1,,3,
1227698266290487,618642911126144,2020,54,5,421,135,3,1,,,,,,,24.0,0.0,24.0,24.0,0.0,24.0,40.0,0.0,40.0,2022-07-28 16:00:44,2026-06-25 13:32:57,1,,3,
1227698267290487,618642911126144,2020,54,5,421,225,4,1,,,,,,,24.0,0.0,24.0,24.0,0.0,24.0,40.0,0.0,40.0,2022-07-28 16:00:44,2026-06-25 13:32:57,1,,3,
1227698264290487,618642911126144,2020,54,5,421,270,1,1,,,,,,,24.0,0.0,24.0,24.0,0.0,24.0,40.0,0.0,40.0,2022-07-28 16:00:44,2026-06-25 13:32:57,1,,3,
1227698265290487,618642911126144,2020,54,5,421,360,2,1,,,,,,,24.0,0.0,24.0,24.0,0.0,24.0,40.0,0.0,40.0,2022-07-28 16:00:44,2026-06-25 13:32:57,1,,3,
1227693939290487,618642808126144,2020,54,7,1131,135,3,1,,,,,,,24.0,0.0,24.0,24.0,0.0,24.0,40.0,0.0,40.0,2022-07-28 16:00:43,2026-06-25 13:32:56,1,,3,
1227693940290487,618642808126144,2020,54,7,1131,225,4,1,,,,,,,24.0,0.0,24.0,24.0,0.0,24.0,40.0,0.0,40.0,2022-07-28 16:00:43,2026-06-25 13:32:56,1,,3,
1227693937290487,618642808126144,2020,54,7,1131,270,1,1,,,,,,,24.0,0.0,24.0,24.0,0.0,24.0,40.0,0.0,40.0,2022-07-28 16:00:43,2026-06-25 13:32:56,1,,3,
1227693938290487,618642808126144,2020,54,7,1131,360,2,1,,,,,,,24.0,0.0,24.0,24.0,0.0,24.0,40.0,0.0,40.0,2022-07-28 16:00:43,2026-06-25 13:32:56,1,,3,
1227694058290487,618642810126144,2020,54,7,1147,135,3,3,,,,,,,6.0,18.0,24.0,6.0,18.0,24.0,10.0,30.0,40.0,2022-07-28 16:00:43,2026-06-25 13:32:55,1,,3,
1227694059290487,618642810126144,2020,54,7,1147,225,4,1,,16,0,1,,,18.0,18.0,24.0,18.0,18.0,24.0,30.0,30.0,40.0,2022-07-28 16:00:43,2026-06-25 13:32:55,1,,3,
1227694056290487,618642810126144,2020,54,7,1147,270,1,1,,5,1,0,,,18.0,18.0,24.0,18.0,18.0,24.0,30.0,30.0,40.0,2022-07-28 16:00:43,2026-06-25 13:32:55,1,,3,
1227694057290487,618642810126144,2020,54,7,1147,360,2,1,,18,2,1,,,18.0,18.0,24.0,18.0,18.0,24.0,30.0,30.0,40.0,2022-07-28 16:00:43,2026-06-25 13:32:55,1,,3,
1227693762290487,618642804126144,2020,54,7,1587,135,3,1,,5,0,1,,,24.0,24.0,24.0,24.0,24.0,24.0,40.0,40.0,40.0,2022-07-28 16:00:43,2026-06-25 13:32:57,1,,3,
1227693763290487,618642804126144,2020,54,7,1587,225,4,1,,18,4,2,,,24.0,24.0,24.0,24.0,24.0,24.0,40.0,40.0,40.0,2022-07-28 16:00:43,2026-06-25 13:32:57,1,,3,
1227693760290487,618642804126144,2020,54,7,1587,270,1,1,,7,0,2,,,24.0,24.0,24.0,24.0,24.0,24.0,40.0,40.0,40.0,2022-07-28 16:00:43,2026-06-25 13:32:57,1,,3,
1227693761290487,618642804126144,2020,54,7,1587,360,2,1,,1,0,1,,,24.0,24.0,24.0,24.0,24.0,24.0,40.0,40.0,40.0,2022-07-28 16:00:43,2026-06-25 13:32:57,1,,3,
1227697539290487,618642896126144,2020,54,13,17,135,3,3,,,,,,,6.0,18.0,24.0,6.0,18.0,24.0,10.0,30.0,40.0,2022-07-28 16:00:44,2026-06-25 13:32:56,1,,3,
1227697540290487,618642896126144,2020,54,13,17,225,4,1,,13,3,2,,,12.0,18.0,24.0,12.0,18.0,24.0,20.0,30.0,40.0,2022-07-28 16:00:44,2026-06-25 13:32:56,1,,3,
1227697537290487,618642896126144,2020,54,13,17,270,1,1,,3,0,1,,,12.0,18.0,24.0,12.0,18.0,24.0,20.0,30.0,40.0,2022-07-28 16:00:44,2026-06-25 13:32:56,1,,3,
1227697538290487,618642896126144,2020,54,13,17,360,2,2,,,,,,,6.0,18.0,24.0,6.0,18.0,24.0,10.0,30.0,40.0,2022-07-28 16:00:44,2026-06-25 13:32:56,1,,3,
1227695791290487,618642853126144,2020,54,15,1484,135,3,1,,33,6,3,,,24.0,24.0,24.0,24.0,24.0,24.0,40.0,40.0,40.0,2022-07-28 16:00:43,2026-06-25 13:32:55,1,,3,
1227695792290487,618642853126144,2020,54,15,1484,225,4,1,,21,0,0,,,24.0,24.0,24.0,24.0,24.0,24.0,40.0,40.0,40.0,2022-07-28 16:00:43,2026-06-25 13:32:55,1,,3,
1227695789290487,618642853126144,2020,54,15,1484,270,1,1,,14,0,0,,,24.0,24.0,24.0,24.0,24.0,24.0,40.0,40.0,40.0,2022-07-28 16:00:43,2026-06-25 13:32:55,1,,3,
1227695790290487,618642853126144,2020,54,15,1484,360,2,1,,39,1,1,,,24.0,24.0,24.0,24.0,24.0,24.0,40.0,40.0,40.0,2022-07-28 16:00:43,2026-06-25 13:32:55,1,,3,
1227694637290487,618642824126144,2020,54,19,1116,135,3,1,,13,2,1,,,24.0,24.0,24.0,24.0,24.0,24.0,40.0,40.0,40.0,2022-07-28 16:00:43,2026-06-25 13:32:54,1,,3,
1227694638290487,618642824126144,2020,54,19,1116,225,4,1,,39,1,0,,,24.0,24.0,24.0,24.0,24.0,24.0,40.0,40.0,40.0,2022-07-28 16:00:43,2026-06-25 13:32:54,1,,3,
1227694635290487,618642824126144,2020,54,19,1116,270,1,1,,9,1,0,,,24.0,24.0,24.0,24.0,24.0,24.0,40.0,40.0,40.0,2022-07-28 16:00:43,2026-06-25 13:32:54,1,,3,
1227694636290487,618642824126144,2020,54,19,1116,360,2,1,,6,5,0,,,24.0,24.0,24.0,24.0,24.0,24.0,40.0,40.0,40.0,2022-07-28 16:00:43,2026-06-25 13:32:54,1,,3,
1227697277290487,618642892126144,2020,54,21,521,135,3,1,,,,,,,24.0,0.0,24.0,24.0,0.0,24.0,40.0,0.0,40.0,2022-07-28 16:00:44,2026-06-25 13:32:54,1,,3,
1227697278290487,618642892126144,2020,54,21,521,225,4,1,,,,,,,24.0,0.0,24.0,24.0,0.0,24.0,40.0,0.0,40.0,2022-07-28 16:00:44,2026-06-25 13:32:54,1,,3,
1227697275290487,618642892126144,2020,54,21,521,270,1,1,,,,,,,24.0,0.0,24.0,24.0,0.0,24.0,40.0,0.0,40.0,2022-07-28 16:00:44,2026-06-25 13:32:54,1,,3,
1227697276290487,618642892126144,2020,54,21,521,360,2,1,,,,,,,24.0,0.0,24.0,24.0,0.0,24.0,40.0,0.0,40.0,2022-07-28 16:00:44,2026-06-25 13:32:54,1,,3,
1227687971290487,618642661126144,2020,54,23,717,135,3,1,,,,,,,24.0,0.0,24.0,24.0,0.0,24.0,40.0,0.0,40.0,2022-07-28 16:00:43,2026-06-25 13:32:56,1,,3,
1227687972290487,618642661126144,2020,54,23,717,225,4,1,,,,,,,24.0,0.0,24.0,24.0,0.0,24.0,40.0,0.0,40.0,2022-07-28 16:00:43,2026-06-25 13:32:56,1,,3,
1227687969290487,618642661126144,2020,54,23,717,270,1,1,,,,,,,24.0,0.0,24.0,24.0,0.0,24.0,40.0,0.0,40.0,2022-07-28 16:00:43,2026-06-25 13:32:56,1,,3,
1227687970290487,618642661126144,2020,54,23,717,360,2,1,,,,,,,24.0,0.0,24.0,24.0,0.0,24.0,40.0,0.0,40.0,2022-07-28 16:00:43,2026-06-25 13:32:56,1,,3,
1227691315290487,618642733126144,2020,54,25,286,135,3,1,,,,,,,24.0,0.0,24.0,24.0,0.0,24.0,40.0,0.0,40.0,2022-07-28 16:00:43,2026-06-25 13:32:57,1,,3,
1227691316290487,618642733126144,2020,54,25,286,225,4,1,,,,,,,24.0,0.0,24.0,24.0,0.0,24.0,40.0,0.0,40.0,2022-07-28 16:00:43,2026-06-25 13:32:57,1,,3,
1227691313290487,618642733126144,2020,54,25,286,270,1,1,,,,,,,24.0,0.0,24.0,24.0,0.0,24.0,40.0,0.0,40.0,2022-07-28 16:00:43,2026-06-25 13:32:57,1,,3,
1227691314290487,618642733126144,2020,54,25,286,360,2,1,,,,,,,24.0,0.0,24.0,24.0,0.0,24.0,40.0,0.0,40.0,2022-07-28 16:00:43,2026-06-25 13:32:57,1,,3,
1227687163290487,618642638126144,2020,54,27,188,135,3,1,,,,,,,24.0,0.0,24.0,24.0,0.0,24.0,40.0,0.0,40.0,2022-07-28 16:00:43,2026-06-25 13:32:55,1,,3,
1227687164290487,618642638126144,2020,54,27,188,225,4,1,,,,,,,24.0,0.0,24.0,24.0,0.0,24.0,40.0,0.0,40.0,2022-07-28 16:00:43,2026-06-25 13:32:55,1,,3,
1227687161290487,618642638126144,2020,54,27,188,270,1,1,,,,,,,24.0,0.0,24.0,24.0,0.0,24.0,40.0,0.0,40.0,2022-07-28 16:00:43,2026-06-25 13:32:55,1,,3,
1227687162290487,618642638126144,2020,54,27,188,360,2,1,,,,,,,24.0,0.0,24.0,24.0,0.0,24.0,40.0,0.0,40.0,2022-07-28 16:00:43,2026-06-25 13:32:55,1,,3,
1227687825290487,618642655126144,2020,54,27,1658,135,3,1,,,,,,,24.0,0.0,24.0,24.0,0.0,24.0,40.0,0.0,40.0,2022-07-28 16:00:43,2026-06-25 13:32:55,1,,3,
1227687826290487,618642655126144,2020,54,27,1658,225,4,1,,,,,,,24.0,0.0,24.0,24.0,0.0,24.0,40.0,0.0,40.0,2022-07-28 16:00:43,2026-06-25 13:32:55,1,,3,
1227687823290487,618642655126144,2020,54,27,1658,270,1,1,,,,,,,24.0,0.0,24.0,24.0,0.0,24.0,40.0,0.0,40.0,2022-07-28 16:00:43,2026-06-25 13:32:55,1,,3,
1227687824290487,618642655126144,2020,54,27,1658,360,2,1,,,,,,,24.0,0.0,24.0,24.0,0.0,24.0,40.0,0.0,40.0,2022-07-28 16:00:43,2026-06-25 13:32:55,1,,3,
1227687528290487,618642647126144,2020,54,31,608,135,3,1,,23,2,4,,,24.0,24.0,24.0,24.0,24.0,24.0,40.0,40.0,40.0,2022-07-28 16:00:43,2026-06-25 13:32:55,1,,3,
1227687529290487,618642647126144,2020,54,31,608,225,4,1,,15,6,1,,,24.0,24.0,24.0,24.0,24.0,24.0,40.0,40.0,40.0,2022-07-28 16:00:43,2026-06-25 13:32:55,1,,3,
1227687526290487,618642647126144,2020,54,31,608,270,1,1,,5,3,1,,,24.0,24.0,24.0,24.0,24.0,24.0,40.0,40.0,40.0,2022-07-28 16:00:43,2026-06-25 13:32:55,1,,3,
1227687527290487,618642647126144,2020,54,31,608,360,2,1,,8,2,3,,,24.0,24.0,24.0,24.0,24.0,24.0,40.0,40.0,40.0,2022-07-28 16:00:43,2026-06-25 13:32:55,1,,3,
1227693488290487,618642796126144,2020,54,33,1497,135,3,3,,,,,,,6.0,18.0,24.0,6.0,18.0,24.0,10.0,30.0,40.0,2022-07-28 16:00:43,2026-06-25 13:32:56,1,,3,
1227693489290487,618642796126144,2020,54,33,1497,225,4,1,,7,2,1,,,18.0,18.0,24.0,18.0,18.0,24.0,30.0,30.0,40.0,2022-07-28 16:00:43,2026-06-25 13:32:56,1,,3,
1227693486290487,618642796126144,2020,54,33,1497,270,1,1,,7,2,2,,,18.0,18.0,24.0,18.0,18.0,24.0,30.0,30.0,40.0,2022-07-28 16:00:43,2026-06-25 13:32:56,1,,3,
1227693487290487,618642796126144,2020,54,33,1497,360,2,1,,5,1,3,,,18.0,18.0,24.0,18.0,18.0,24.0,30.0,30.0,40.0,2022-07-28 16:00:43,2026-06-25 13:32:56,1,,3,
1227699925290487,618642955126144,2020,54,35,893,135,3,1,,,,,,,24.0,0.0,24.0,24.0,0.0,24.0,40.0,0.0,40.0,2022-07-28 16:00:44,2026-06-25 13:32:56,1,,3,
1227699926290487,618642955126144,2020,54,35,893,225,4,1,,,,,,,24.0,0.0,24.0,24.0,0.0,24.0,40.0,0.0,40.0,2022-07-28 16:00:44,2026-06-25 13:32:56,1,,3,
1227699923290487,618642955126144,2020,54,35,893,270,1,1,,,,,,,24.0,0.0,24.0,24.0,0.0,24.0,40.0,0.0,40.0,2022-07-28 16:00:44,2026-06-25 13:32:56,1,,3,
1227699924290487,618642955126144,2020,54,35,893,360,2,1,,,,,,,24.0,0.0,24.0,24.0,0.0,24.0,40.0,0.0,40.0,2022-07-28 16:00:44,2026-06-25 13:32:56,1,,3,
1227686990290487,618642632126144,2020,54,37,222,135,3,1,,,,,,,24.0,0.0,24.0,24.0,0.0,24.0,40.0,0.0,40.0,2022-07-28 16:00:43,2026-06-25 13:32:57,1,,3,
1227686991290487,618642632126144,2020,54,37,222,225,4,1,,,,,,,24.0,0.0,24.0,24.0,0.0,24.0,40.0,0.0,40.0,2022-07-28 16:00:43,2026-06-25 13:32:57,1,,3,
1227686988290487,618642632126144,2020,54,37,222,270,1,1,,,,,,,24.0,0.0,24.0,24.0,0.0,24.0,40.0,0.0,40.0,2022-07-28 16:00:43,2026-06-25 13:32:57,1,,3,
1227686989290487,618642632126144,2020,54,37,222,360,2,1,,,,,,,24.0,0.0,24.0,24.0,0.0,24.0,40.0,0.0,40.0,2022-07-28 16:00:43,2026-06-25 13:32:57,1,,3,
1227698115290487,618642908126144,2020,54,39,692,135,3,1,,,,,,,24.0,0.0,24.0,24.0,0.0,24.0,40.0,0.0,40.0,2022-07-28 16:00:44,2026-06-25 13:32:56,1,,3,
1227698116290487,618642908126144,2020,54,39,692,225,4,1,,,,,,,24.0,0.0,24.0,24.0,0.0,24.0,40.0,0.0,40.0,2022-07-28 16:00:44,2026-06-25 13:32:56,1,,3,
1227698113290487,618642908126144,2020,54,39,692,270,1,1,,,,,,,24.0,0.0,24.0,24.0,0.0,24.0,40.0,0.0,40.0,2022-07-28 16:00:44,2026-06-25 13:32:56,1,,3,
1227698114290487,618642908126144,2020,54,39,692,360,2,1,,,,,,,24.0,0.0,24.0,24.0,0.0,24.0,40.0,0.0,40.0,2022-07-28 16:00:44,2026-06-25 13:32:56,1,,3,
1227699296290487,618642936126144,2020,54,39,1428,135,3,2,,,,,,,6.0,24.0,24.0,6.0,24.0,24.0,10.0,40.0,40.0,2022-07-28 16:00:44,2026-06-25 13:32:57,1,,3,
1227699297290487,618642936126144,2020,54,39,1428,225,4,3,,0,0,0,,,6.0,24.0,24.0,6.0,24.0,24.0,10.0,40.0,40.0,2022-07-28 16:00:44,2026-06-25 13:32:57,1,,3,
1227699294290487,618642936126144,2020,54,39,1428,270,1,1,,,,,,,12.0,24.0,24.0,12.0,24.0,24.0,20.0,40.0,40.0,2022-07-28 16:00:44,2026-06-25 13:32:57,1,,3,
1227699295290487,618642936126144,2020,54,39,1428,360,2,1,,,,,,,12.0,24.0,24.0,12.0,24.0,24.0,20.0,40.0,40.0,2022-07-28 16:00:44,2026-06-25 13:32:57,1,,3,
1227697962290487,618642904126144,2020,54,39,1505,135,3,1,,,,,,,24.0,0.0,24.0,24.0,0.0,24.0,40.0,0.0,40.0,2022-07-28 16:00:44,2026-06-25 13:32:54,1,,3,
1227697963290487,618642904126144,2020,54,39,1505,225,4,1,,,,,,,24.0,0.0,24.0,24.0,0.0,24.0,40.0,0.0,40.0,2022-07-28 16:00:44,2026-06-25 13:32:54,1,,3,
1227697960290487,618642904126144,2020,54,39,1505,270,1,1,,,,,,,24.0,0.0,24.0,24.0,0.0,24.0,40.0,0.0,40.0,2022-07-28 16:00:44,2026-06-25 13:32:54,1,,3,
1227697961290487,618642904126144,2020,54,39,1505,360,2,1,,,,,,,24.0,0.0,24.0,24.0,0.0,24.0,40.0,0.0,40.0,2022-07-28 16:00:44,2026-06-25 13:32:54,1,,3,
1227697789290487,618642900126144,2020,54,39,1660,135,3,1,,5,0,1,,,24.0,24.0,24.0,24.0,24.0,24.0,40.0,40.0,40.0,2022-07-28 16:00:44,2026-06-25 13:32:54,1,,3,
1227697790290487,618642900126144,2020,54,39,1660,225,4,1,,15,2,1,,,24.0,24.0,24.0,24.0,24.0,24.0,40.0,40.0,40.0,2022-07-28 16:00:44,2026-06-25 13:32:54,1,,3,
1227697787290487,618642900126144,2020,54,39,1660,270,1,1,,3,0,1,,,24.0,24.0,24.0,24.0,24.0,24.0,40.0,40.0,40.0,2022-07-28 16:00:44,2026-06-25 13:32:54,1,,3,
1227697788290487,618642900126144,2020,54,39,1660,360,2,1,,3,3,4,,,24.0,24.0,24.0,24.0,24.0,24.0,40.0,40.0,40.0,2022-07-28 16:00:44,2026-06-25 13:32:54,1,,3,
1227693563290487,618642800126144,2020,54,41,1449,135,3,1,,,,,,,24.0,0.0,24.0,24.0,0.0,24.0,40.0,0.0,40.0,2022-07-28 16:00:43,2026-06-25 13:32:57,1,,3,
1227693564290487,618642800126144,2020,54,41,1449,225,4,1,,,,,,,24.0,0.0,24.0,24.0,0.0,24.0,40.0,0.0,40.0,2022-07-28 16:00:43,2026-06-25 13:32:57,1,,3,
1227693561290487,618642800126144,2020,54,41,1449,270,1,1,,,,,,,24.0,0.0,24.0,24.0,0.0,24.0,40.0,0.0,40.0,2022-07-28 16:00:43,2026-06-25 13:32:57,1,,3,
1227693562290487,618642800126144,2020,54,41,1449,360,2,1,,,,,,,24.0,0.0,24.0,24.0,0.0,24.0,40.0,0.0,40.0,2022-07-28 16:00:43,2026-06-25 13:32:57,1,,3,
1227695093290487,618642831126144,2020,54,47,1518,135,3,1,,11,3,3,,,18.0,24.0,24.0,18.0,24.0,24.0,30.0,40.0,40.0,2022-07-28 16:00:43,2026-06-25 13:32:54,1,,3,
1227695094290487,618642831126144,2020,54,47,1518,225,4,2,,23,2,0,,,6.0,24.0,24.0,6.0,24.0,24.0,10.0,40.0,40.0,2022-07-28 16:00:43,2026-06-25 13:32:54,1,,3,
1227695091290487,618642831126144,2020,54,47,1518,270,1,1,,17,3,2,,,18.0,24.0,24.0,18.0,24.0,24.0,30.0,40.0,40.0,2022-07-28 16:00:43,2026-06-25 13:32:54,1,,3,
1227695092290487,618642831126144,2020,54,47,1518,360,2,1,,16,2,1,,,18.0,24.0,24.0,18.0,24.0,24.0,30.0,40.0,40.0,2022-07-28 16:00:43,2026-06-25 13:32:54,1,,3,
1227696539290487,618642873126144,2020,54,51,1867,135,3,3,,,,,,,12.0,24.0,24.0,12.0,24.0,24.0,20.0,40.0,40.0,2022-07-28 16:00:44,2026-06-25 13:32:55,1,,3,
1227696540290487,618642873126144,2020,54,51,1867,225,4,1,,,,,,,12.0,24.0,24.0,12.0,24.0,24.0,18.0,40.0,40.0,2022-07-28 16:00:44,2026-06-25 13:32:55,1,,3,
1227696536290487,618642873126144,2020,54,51,1867,270,1,1,,,,,,,12.0,24.0,24.0,12.0,24.0,24.0,18.0,40.0,40.0,2022-07-28 16:00:44,2026-06-25 13:32:55,1,,3,
1227696537290487,618642873126144,2020,54,51,1867,270,1,2,,0,0,1,,,0.0,24.0,24.0,0.0,24.0,24.0,2.0,40.0,40.0,2022-07-28 16:00:44,2026-06-25 13:32:55,1,,3,
1227696538290487,618642873126144,2020,54,51,1867,360,2,3,,,,,,,12.0,24.0,24.0,12.0,24.0,24.0,20.0,40.0,40.0,2022-07-28 16:00:44,2026-06-25 13:32:55,1,,3,
1227691631290487,618642743126144,2020,54,61,1158,135,3,1,,,,,,,24.0,0.0,24.0,24.0,0.0,24.0,40.0,0.0,40.0,2022-07-28 16:00:43,2026-06-25 13:32:55,1,,3,
1227691632290487,618642743126144,2020,54,61,1158,225,4,1,,,,,,,24.0,0.0,24.0,24.0,0.0,24.0,40.0,0.0,40.0,2022-07-28 16:00:43,2026-06-25 13:32:55,1,,3,
1227691629290487,618642743126144,2020,54,61,1158,270,1,1,,,,,,,24.0,0.0,24.0,24.0,0.0,24.0,40.0,0.0,40.0,2022-07-28 16:00:43,2026-06-25 13:32:55,1,,3,
1227691630290487,618642743126144,2020,54,61,1158,360,2,1,,,,,,,24.0,0.0,24.0,24.0,0.0,24.0,40.0,0.0,40.0,2022-07-28 16:00:43,2026-06-25 13:32:55,1,,3,
1227694323290487,618642815126144,2020,54,67,991,135,3,1,,,,,,,24.0,24.0,24.0,24.0,24.0,24.0,40.0,40.0,40.0,2022-07-28 16:00:43,2026-06-25 13:32:57,1,,3,
1227694324290487,618642815126144,2020,54,67,991,225,4,1,,,,,,,24.0,24.0,24.0,24.0,24.0,24.0,40.0,40.0,40.0,2022-07-28 16:00:43,2026-06-25 13:32:57,1,,3,
1227694321290487,618642815126144,2020,54,67,991,270,1,1,,,,,,,24.0,24.0,24.0,24.0,24.0,24.0,40.0,40.0,40.0,2022-07-28 16:00:43,2026-06-25 13:32:57,1,,3,
1227694322290487,618642815126144,2020,54,67,991,360,2,1,,,,,,,24.0,24.0,24.0,24.0,24.0,24.0,40.0,40.0,40.0,2022-07-28 16:00:43,2026-06-25 13:32:57,1,,3,
1227692810290487,618642771126144,2020,54,67,1365,135,3,1,,21,0,1,,,24.0,24.0,24.0,24.0,24.0,24.0,40.0,40.0,40.0,2022-07-28 16:00:43,2026-06-25 13:32:57,1,,3,
1227692811290487,618642771126144,2020,54,67,1365,225,4,1,,20,2,4,,,24.0,24.0,24.0,24.0,24.0,24.0,40.0,40.0,40.0,2022-07-28 16:00:43,2026-06-25 13:32:57,1,,3,
1227692808290487,618642771126144,2020,54,67,1365,270,1,1,,9,0,1,,,24.0,24.0,24.0,24.0,24.0,24.0,40.0,40.0,40.0,2022-07-28 16:00:43,2026-06-25 13:32:57,1,,3,
1227692809290487,618642771126144,2020,54,67,1365,360,2,1,,28,4,5,,,24.0,24.0,24.0,24.0,24.0,24.0,40.0,40.0,40.0,2022-07-28 16:00:43,2026-06-25 13:32:57,1,,3,
1227696485290487,618642871126144,2020,54,69,354,225,4,2,,,,,,,6.0,24.0,24.0,6.0,24.0,24.0,10.0,40.0,40.0,2022-07-28 16:00:44,2026-06-25 13:32:55,1,,3,
1227688239290487,618642666126144,2020,54,71,1630,135,3,1,,23,2,1,,,18.0,24.0,24.0,18.0,24.0,24.0,30.0,40.0,40.0,2022-07-28 16:00:43,2026-06-25 13:32:57,1,,3,
1227688240290487,618642666126144,2020,54,71,1630,225,4,1,,26,4,1,,,18.0,24.0,24.0,18.0,24.0,24.0,30.0,40.0,40.0,2022-07-28 16:00:43,2026-06-25 13:32:57,1,,3,
1227688237290487,618642666126144,2020,54,71,1630,270,1,1,,26,9,4,,,18.0,24.0,24.0,18.0,24.0,24.0,30.0,40.0,40.0,2022-07-28 16:00:43,2026-06-25 13:32:57,1,,3,
1227688238290487,618642666126144,2020,54,71,1630,360,2,2,,17,1,0,,,6.0,24.0,24.0,6.0,24.0,24.0,10.0,40.0,40.0,2022-07-28 16:00:43,2026-06-25 13:32:57,1,,3,
1227688395290487,618642668126144,2020,54,71,2190,135,3,1,,0,0,0,,,15.0,24.0,24.0,15.0,24.0,24.0,23.0,40.0,40.0,2022-07-28 16:00:43,2026-06-25 13:32:55,1,,3,
1227688396290487,618642668126144,2020,54,71,2190,225,4,2,,19,1,1,,,9.0,24.0,24.0,9.0,24.0,24.0,17.0,40.0,40.0,2022-07-28 16:00:43,2026-06-25 13:32:55,1,,3,
1227688392290487,618642668126144,2020,54,71,2190,270,1,1,,8,0,0,,,15.0,24.0,24.0,15.0,24.0,24.0,23.0,40.0,40.0,2022-07-28 16:00:43,2026-06-25 13:32:55,1,,3,
1227688393290487,618642668126144,2020,54,71,2190,270,1,2,,24,4,1,,,9.0,24.0,24.0,9.0,24.0,24.0,17.0,40.0,40.0,2022-07-28 16:00:43,2026-06-25 13:32:55,1,,3,
1227688394290487,618642668126144,2020,54,71,2190,360,2,1,,3,0,0,,,15.0,24.0,24.0,15.0,24.0,24.0,23.0,40.0,40.0,2022-07-28 16:00:43,2026-06-25 13:32:55,1,,3,
1227688102290487,618642664126144,2020,54,71,2821,135,3,1,,18,3,11,,,24.0,24.0,24.0,24.0,24.0,24.0,40.0,40.0,40.0,2022-07-28 16:00:43,2026-06-25 13:32:56,1,,3,
1227688103290487,618642664126144,2020,54,71,2821,225,4,1,,37,6,5,,,24.0,24.0,24.0,24.0,24.0,24.0,40.0,40.0,40.0,2022-07-28 16:00:43,2026-06-25 13:32:56,1,,3,
1227688100290487,618642664126144,2020,54,71,2821,270,1,1,,29,4,4,,,24.0,24.0,24.0,24.0,24.0,24.0,40.0,40.0,40.0,2022-07-28 16:00:43,2026-06-25 13:32:56,1,,3,
1227688101290487,618642664126144,2020,54,71,2821,360,2,1,,23,2,1,,,24.0,24.0,24.0,24.0,24.0,24.0,40.0,40.0,40.0,2022-07-28 16:00:43,2026-06-25 13:32:56,1,,3,
1227690295290487,618642707126144,2020,54,75,1110,135,3,1,,10,0,2,,,24.0,24.0,24.0,24.0,24.0,24.0,40.0,40.0,40.0,2022-07-28 16:00:43,2026-06-25 13:32:55,1,,3,
1227690296290487,618642707126144,2020,54,75,1110,225,4,1,,7,0,1,,,24.0,24.0,24.0,24.0,24.0,24.0,40.0,40.0,40.0,2022-07-28 16:00:43,2026-06-25 13:32:55,1,,3,
1227690293290487,618642707126144,2020,54,75,1110,270,1,1,,11,1,0,,,24.0,24.0,24.0,24.0,24.0,24.0,40.0,40.0,40.0,2022-07-28 16:00:43,2026-06-25 13:32:55,1,,3,
1227690294290487,618642707126144,2020,54,75,1110,360,2,1,,7,1,2,,,24.0,24.0,24.0,24.0,24.0,24.0,40.0,40.0,40.0,2022-07-28 16:00:43,2026-06-25 13:32:55,1,,3,
1227689960290487,618642701126144,2020,54,75,2128,135,3,1,,17,0,3,,,24.0,24.0,24.0,24.0,24.0,24.0,40.0,40.0,40.0,2022-07-28 16:00:43,2026-06-25 13:32:57,1,,3,
1227689961290487,618642701126144,2020,54,75,2128,225,4,1,,7,0,3,,,24.0,24.0,24.0,24.0,24.0,24.0,40.0,40.0,40.0,2022-07-28 16:00:43,2026-06-25 13:32:57,1,,3,
1227689958290487,618642701126144,2020,54,75,2128,270,1,1,,11,3,3,,,24.0,24.0,24.0,24.0,24.0,24.0,40.0,40.0,40.0,2022-07-28 16:00:43,2026-06-25 13:32:57,1,,3,
1227689959290487,618642701126144,2020,54,75,2128,360,2,1,,10,0,1,,,24.0,24.0,24.0,24.0,24.0,24.0,40.0,40.0,40.0,2022-07-28 16:00:43,2026-06-25 13:32:57,1,,3,
1227689551290487,618642694126144,2020,54,83,214,135,3,1,,15,4,4,,,24.0,24.0,24.0,24.0,24.0,24.0,40.0,40.0,40.0,2022-07-28 16:00:43,2026-06-25 13:32:57,1,,3,
1227689552290487,618642694126144,2020,54,83,214,225,4,1,,5,1,2,,,24.0,24.0,24.0,24.0,24.0,24.0,40.0,40.0,40.0,2022-07-28 16:00:43,2026-06-25 13:32:57,1,,3,
1227689549290487,618642694126144,2020,54,83,214,270,1,1,,8,0,1,,,24.0,24.0,24.0,24.0,24.0,24.0,40.0,40.0,40.0,2022-07-28 16:00:43,2026-06-25 13:32:57,1,,3,
1227689550290487,618642694126144,2020,54,83,214,360,2,1,,14,4,0,,,24.0,24.0,24.0,24.0,24.0,24.0,40.0,40.0,40.0,2022-07-28 16:00:43,2026-06-25 13:32:57,1,,3,
1227689364290487,618642692126144,2020,54,83,265,135,3,3,,0,0,0,,,6.0,24.0,24.0,6.0,24.0,24.0,10.0,40.0,40.0,2022-07-28 16:00:43,2026-06-25 13:32:55,1,,3,
1227689365290487,618642692126144,2020,54,83,265,225,4,1,,4,4,3,,,12.0,24.0,24.0,12.0,24.0,24.0,20.0,40.0,40.0,2022-07-28 16:00:43,2026-06-25 13:32:55,1,,3,
1227689362290487,618642692126144,2020,54,83,265,270,1,1,,16,2,0,,,12.0,24.0,24.0,12.0,24.0,24.0,20.0,40.0,40.0,2022-07-28 16:00:43,2026-06-25 13:32:55,1,,3,
1227689363290487,618642692126144,2020,54,83,265,360,2,2,,,,,,,6.0,24.0,24.0,6.0,24.0,24.0,10.0,40.0,40.0,2022-07-28 16:00:43,2026-06-25 13:32:55,1,,3,
1227688882290487,618642682126144,2020,54,93,1268,135,3,1,,9,0,0,,,24.0,24.0,24.0,24.0,24.0,24.0,40.0,40.0,40.0,2022-07-28 16:00:43,2026-06-25 13:32:57,1,,3,
1227688883290487,618642682126144,2020,54,93,1268,225,4,1,,6,0,0,,,24.0,24.0,24.0,24.0,24.0,24.0,40.0,40.0,40.0,2022-07-28 16:00:43,2026-06-25 13:32:57,1,,3,
1227688880290487,618642682126144,2020,54,93,1268,270,1,1,,1,0,0,,,24.0,24.0,24.0,24.0,24.0,24.0,40.0,40.0,40.0,2022-07-28 16:00:43,2026-06-25 13:32:57,1,,3,
1227688881290487,618642682126144,2020,54,93,1268,360,2,1,,23,2,0,,,24.0,24.0,24.0,24.0,24.0,24.0,40.0,40.0,40.0,2022-07-28 16:00:43,2026-06-25 13:32:57,1,,3,
1227696995290487,618642884126144,2020,54,95,808,135,3,1,,2,1,2,,,24.0,24.0,24.0,24.0,24.0,24.0,40.0,40.0,40.0,2022-07-28 16:00:44,2026-06-25 13:32:55,1,,3,
1227696996290487,618642884126144,2020,54,95,808,225,4,1,,2,0,2,,,24.0,24.0,24.0,24.0,24.0,24.0,40.0,40.0,40.0,2022-07-28 16:00:44,2026-06-25 13:32:55,1,,3,
1227696993290487,618642884126144,2020,54,95,808,270,1,1,,9,12,1,,,24.0,24.0,24.0,24.0,24.0,24.0,40.0,40.0,40.0,2022-07-28 16:00:44,2026-06-25 13:32:55,1,,3,
1227696994290487,618642884126144,2020,54,95,808,360,2,1,,18,4,4,,,24.0,24.0,24.0,24.0,24.0,24.0,40.0,40.0,40.0,2022-07-28 16:00:44,2026-06-25 13:32:55,1,,3,
1227696824290487,618642881126144,2020,54,95,964,135,3,2,,,,,,,6.0,24.0,24.0,6.0,24.0,24.0,10.0,40.0,40.0,2022-07-28 16:00:44,2026-06-25 13:32:56,1,,3,
1227696825290487,618642881126144,2020,54,95,964,225,4,1,,8,0,2,,,18.0,24.0,24.0,18.0,24.0,24.0,30.0,40.0,40.0,2022-07-28 16:00:44,2026-06-25 13:32:56,1,,3,
1227696822290487,618642881126144,2020,54,95,964,270,1,1,,19,0,2,,,18.0,24.0,24.0,18.0,24.0,24.0,30.0,40.0,40.0,2022-07-28 16:00:44,2026-06-25 13:32:56,1,,3,
1227696823290487,618642881126144,2020,54,95,964,360,2,1,,2,0,2,,,18.0,24.0,24.0,18.0,24.0,24.0,30.0,40.0,40.0,2022-07-28 16:00:44,2026-06-25 13:32:56,1,,3,
1227701279290487,618642993126144,2020,54,99,274,135,3,1,,,,,,,24.0,0.0,24.0,24.0,0.0,24.0,40.0,0.0,40.0,2022-07-28 16:00:44,2026-06-25 13:32:56,1,,3,
1227701280290487,618642993126144,2020,54,99,274,225,4,1,,,,,,,24.0,0.0,24.0,24.0,0.0,24.0,40.0,0.0,40.0,2022-07-28 16:00:44,2026-06-25 13:32:56,1,,3,
1227701277290487,618642993126144,2020,54,99,274,270,1,1,,,,,,,24.0,0.0,24.0,24.0,0.0,24.0,40.0,0.0,40.0,2022-07-28 16:00:44,2026-06-25 13:32:56,1,,3,
1227701278290487,618642993126144,2020,54,99,274,360,2,1,,,,,,,24.0,0.0,24.0,24.0,0.0,24.0,40.0,0.0,40.0,2022-07-28 16:00:44,2026-06-25 13:32:56,1,,3,
1227691115290487,618642726126144,2020,54,101,1753,135,3,1,,5,1,1,,,24.0,24.0,24.0,24.0,24.0,24.0,40.0,40.0,40.0,2022-07-28 16:00:43,2026-06-25 13:32:55,1,,3,
1227691116290487,618642726126144,2020,54,101,1753,225,4,1,,89,7,2,,,24.0,24.0,24.0,24.0,24.0,24.0,40.0,40.0,40.0,2022-07-28 16:00:43,2026-06-25 13:32:55,1,,3,
1227691113290487,618642726126144,2020,54,101,1753,270,1,1,,41,3,1,,,24.0,24.0,24.0,24.0,24.0,24.0,40.0,40.0,40.0,2022-07-28 16:00:43,2026-06-25 13:32:55,1,,3,
1227691114290487,618642726126144,2020,54,101,1753,360,2,1,,15,5,2,,,24.0,24.0,24.0,24.0,24.0,24.0,40.0,40.0,40.0,2022-07-28 16:00:43,2026-06-25 13:32:55,1,,3,
1227696138290487,618642863126144,2020,54,109,1029,135,3,1,,,,,,,18.0,24.0,24.0,18.0,24.0,24.0,30.0,40.0,40.0,2022-07-28 16:00:43,2026-06-25 13:32:54,1,,3,
1227696139290487,618642863126144,2020,54,109,1029,225,4,1,,,,,,,18.0,24.0,24.0,18.0,24.0,24.0,30.0,40.0,40.0,2022-07-28 16:00:43,2026-06-25 13:32:54,1,,3,
1227696136290487,618642863126144,2020,54,109,1029,270,1,1,,,,,,,18.0,24.0,24.0,18.0,24.0,24.0,30.0,40.0,40.0,2022-07-28 16:00:43,2026-06-25 13:32:54,1,,3,
1227696137290487,618642863126144,2020,54,109,1029,360,2,2,,25,3,3,,,6.0,24.0,24.0,6.0,24.0,24.0,10.0,40.0,40.0,2022-07-28 16:00:43,2026-06-25 13:32:54,1,,3,
1227698579290487,618642918126144,2020,54,109,1679,135,3,1,,,,,,,24.0,0.0,24.0,24.0,0.0,24.0,40.0,0.0,40.0,2022-07-28 16:00:44,2026-06-25 13:32:56,1,,3,
1227698580290487,618642918126144,2020,54,109,1679,225,4,1,,,,,,,24.0,0.0,24.0,24.0,0.0,24.0,40.0,0.0,40.0,2022-07-28 16:00:44,2026-06-25 13:32:56,1,,3,
1227698577290487,618642918126144,2020,54,109,1679,270,1,1,,,,,,,24.0,0.0,24.0,24.0,0.0,24.0,40.0,0.0,40.0,2022-07-28 16:00:44,2026-06-25 13:32:56,1,,3,
1227698578290487,618642918126144,2020,54,109,1679,360,2,1,,,,,,,24.0,0.0,24.0,24.0,0.0,24.0,40.0,0.0,40.0,2022-07-28 16:00:44,2026-06-25 13:32:56,1,,3,
1281471082290487,722581201290487,2021,54,1,1932,135,3,2,,,,,,,6.0,18.0,24.0,6.0,18.0,24.0,10.0,30.0,40.0,2023-01-18 06:39:38,2026-06-25 13:32:56,1,,3,
1281471083290487,722581201290487,2021,54,1,1932,225,4,1,,25,0,0,,,18.0,18.0,24.0,18.0,18.0,24.0,30.0,30.0,40.0,2023-01-18 06:39:38,2026-06-25 13:32:56,1,,3,
1281471080290487,722581201290487,2021,54,1,1932,270,1,1,,100,10,5,1,,18.0,18.0,24.0,18.0,18.0,24.0,30.0,30.0,40.0,2023-01-18 06:39:38,2026-06-25 13:32:56,1,,3,
1281471081290487,722581201290487,2021,54,1,1932,360,2,1,,70,3,1,,,18.0,18.0,24.0,18.0,18.0,24.0,30.0,30.0,40.0,2023-01-18 06:39:38,2026-06-25 13:32:56,1,,3,
1281473898290487,722581259290487,2021,54,3,1703,135,3,1,,8,5,0,,,24.0,24.0,24.0,24.0,24.0,24.0,40.0,40.0,40.0,2023-01-18 06:39:38,2026-06-25 13:32:55,1,,3,
1281473899290487,722581259290487,2021,54,3,1703,225,4,1,,2,1,0,,,24.0,24.0,24.0,24.0,24.0,24.0,40.0,40.0,40.0,2023-01-18 06:39:38,2026-06-25 13:32:55,1,,3,
1281473896290487,722581259290487,2021,54,3,1703,270,1,1,,4,2,0,,,24.0,24.0,24.0,24.0,24.0,24.0,40.0,40.0,40.0,2023-01-18 06:39:38,2026-06-25 13:32:55,1,,3,
1281473897290487,722581259290487,2021,54,3,1703,360,2,1,,13,5,1,,,24.0,24.0,24.0,24.0,24.0,24.0,40.0,40.0,40.0,2023-01-18 06:39:38,2026-06-25 13:32:55,1,,3,
1281462154290487,722580947290487,2021,54,5,1861,135,3,2,,,,,,,6.0,18.0,24.0,6.0,18.0,24.0,10.0,30.0,40.0,2023-01-18 06:39:38,2026-06-25 13:32:56,1,,3,
1281462155290487,722580947290487,2021,54,5,1861,225,4,1,,15,0,2,,,18.0,18.0,24.0,18.0,18.0,24.0,30.0,30.0,40.0,2023-01-18 06:39:38,2026-06-25 13:32:56,1,,3,
1281462152290487,722580947290487,2021,54,5,1861,270,1,1,,15,2,0,,,18.0,18.0,24.0,18.0,18.0,24.0,30.0,30.0,40.0,2023-01-18 06:39:38,2026-06-25 13:32:56,1,,3,
1281462153290487,722580947290487,2021,54,5,1861,360,2,1,,13,0,0,,,18.0,18.0,24.0,18.0,18.0,24.0,30.0,30.0,40.0,2023-01-18 06:39:38,2026-06-25 13:32:56,1,,3,
1281467128290487,722581093290487,2021,54,5,2003,135,3,1,,,,,,,24.0,0.0,24.0,24.0,0.0,24.0,40.0,0.0,40.0,2023-01-18 06:39:38,2026-06-25 13:32:56,1,,3,
1281467129290487,722581093290487,2021,54,5,2003,225,4,1,,,,,,,24.0,0.0,24.0,24.0,0.0,24.0,40.0,0.0,40.0,2023-01-18 06:39:38,2026-06-25 13:32:56,1,,3,
1281467126290487,722581093290487,2021,54,5,2003,270,1,1,,,,,,,24.0,0.0,24.0,24.0,0.0,24.0,40.0,0.0,40.0,2023-01-18 06:39:38,2026-06-25 13:32:56,1,,3,
1281467127290487,722581093290487,2021,54,5,2003,360,2,1,,,,,,,24.0,0.0,24.0,24.0,0.0,24.0,40.0,0.0,40.0,2023-01-18 06:39:38,2026-06-25 13:32:56,1,,3,
1281472462290487,722581233290487,2021,54,7,1744,135,3,1,,5,2,4,,,24.0,24.0,24.0,24.0,24.0,24.0,40.0,40.0,40.0,2023-01-18 06:39:38,2026-06-25 13:32:55,1,,3,
1281472463290487,722581233290487,2021,54,7,1744,225,4,1,,3,0,1,,,24.0,24.0,24.0,24.0,24.0,24.0,40.0,40.0,40.0,2023-01-18 06:39:38,2026-06-25 13:32:55,1,,3,
1281472460290487,722581233290487,2021,54,7,1744,270,1,1,,13,1,2,,,24.0,24.0,24.0,24.0,24.0,24.0,40.0,40.0,40.0,2023-01-18 06:39:38,2026-06-25 13:32:55,1,,3,
1281472461290487,722581233290487,2021,54,7,1744,360,2,1,,12,5,2,,,24.0,24.0,24.0,24.0,24.0,24.0,40.0,40.0,40.0,2023-01-18 06:39:38,2026-06-25 13:32:55,1,,3,
1281468288290487,722581119290487,2021,54,11,797,135,3,1,,,,,,,24.0,0.0,24.0,24.0,0.0,24.0,40.0,0.0,40.0,2023-01-18 06:39:38,2026-06-25 13:32:57,1,,3,
1281468289290487,722581119290487,2021,54,11,797,225,4,1,,,,,,,24.0,0.0,24.0,24.0,0.0,24.0,40.0,0.0,40.0,2023-01-18 06:39:38,2026-06-25 13:32:57,1,,3,
1281468286290487,722581119290487,2021,54,11,797,270,1,1,,,,,,,24.0,0.0,24.0,24.0,0.0,24.0,40.0,0.0,40.0,2023-01-18 06:39:38,2026-06-25 13:32:57,1,,3,
1281468287290487,722581119290487,2021,54,11,797,360,2,1,,,,,,,24.0,0.0,24.0,24.0,0.0,24.0,40.0,0.0,40.0,2023-01-18 06:39:38,2026-06-25 13:32:57,1,,3,
1281468572290487,722581129290487,2021,54,17,1054,135,3,1,,,,,,,24.0,0.0,24.0,24.0,0.0,24.0,40.0,0.0,40.0,2023-01-18 06:39:38,2026-06-25 13:32:57,1,,3,
1281468573290487,722581129290487,2021,54,17,1054,225,4,1,,,,,,,24.0,0.0,24.0,24.0,0.0,24.0,40.0,0.0,40.0,2023-01-18 06:39:38,2026-06-25 13:32:57,1,,3,
1281468570290487,722581129290487,2021,54,17,1054,270,1,1,,,,,,,24.0,0.0,24.0,24.0,0.0,24.0,40.0,0.0,40.0,2023-01-18 06:39:38,2026-06-25 13:32:57,1,,3,
1281468571290487,722581129290487,2021,54,17,1054,360,2,1,,,,,,,24.0,0.0,24.0,24.0,0.0,24.0,40.0,0.0,40.0,2023-01-18 06:39:38,2026-06-25 13:32:57,1,,3,
1281463855290487,722580988290487,2021,54,25,1278,135,3,1,,,,,,,24.0,0.0,24.0,24.0,0.0,24.0,40.0,0.0,40.0,2023-01-18 06:39:38,2026-06-25 13:32:57,1,,3,
1281463856290487,722580988290487,2021,54,25,1278,225,4,1,,,,,,,24.0,0.0,24.0,24.0,0.0,24.0,40.0,0.0,40.0,2023-01-18 06:39:38,2026-06-25 13:32:57,1,,3,
1281463853290487,722580988290487,2021,54,25,1278,270,1,1,,,,,,,24.0,0.0,24.0,24.0,0.0,24.0,40.0,0.0,40.0,2023-01-18 06:39:38,2026-06-25 13:32:57,1,,3,
1281463854290487,722580988290487,2021,54,25,1278,360,2,1,,,,,,,24.0,0.0,24.0,24.0,0.0,24.0,40.0,0.0,40.0,2023-01-18 06:39:38,2026-06-25 13:32:57,1,,3,
1281472982290487,722581244290487,2021,54,25,1561,135,3,1,,,,,,,24.0,0.0,24.0,24.0,0.0,24.0,40.0,0.0,40.0,2023-01-18 06:39:38,2026-06-25 13:32:57,1,,3,
1281472983290487,722581244290487,2021,54,25,1561,225,4,1,,,,,,,24.0,0.0,24.0,24.0,0.0,24.0,40.0,0.0,40.0,2023-01-18 06:39:38,2026-06-25 13:32:57,1,,3,
1281472980290487,722581244290487,2021,54,25,1561,270,1,1,,,,,,,24.0,0.0,24.0,24.0,0.0,24.0,40.0,0.0,40.0,2023-01-18 06:39:38,2026-06-25 13:32:57,1,,3,
1281472981290487,722581244290487,2021,54,25,1561,360,2,1,,,,,,,24.0,0.0,24.0,24.0,0.0,24.0,40.0,0.0,40.0,2023-01-18 06:39:38,2026-06-25 13:32:57,1,,3,
1281468871290487,722581136290487,2021,54,25,2197,135,3,1,,11,0,0,,,24.0,24.0,24.0,24.0,24.0,24.0,40.0,40.0,40.0,2023-01-18 06:39:39,2026-06-25 13:32:57,1,,3,
1281468872290487,722581136290487,2021,54,25,2197,225,4,1,,26,2,2,,,24.0,24.0,24.0,24.0,24.0,24.0,40.0,40.0,40.0,2023-01-18 06:39:39,2026-06-25 13:32:57,1,,3,
1281468869290487,722581136290487,2021,54,25,2197,270,1,1,,19,0,2,,,24.0,24.0,24.0,24.0,24.0,24.0,40.0,40.0,40.0,2023-01-18 06:39:39,2026-06-25 13:32:57,1,,3,
1281468870290487,722581136290487,2021,54,25,2197,360,2,1,,20,0,2,,,24.0,24.0,24.0,24.0,24.0,24.0,40.0,40.0,40.0,2023-01-18 06:39:39,2026-06-25 13:32:57,1,,3,
1281472261290487,722581230290487,2021,54,29,248,135,3,1,,4,1,0,,,18.0,24.0,24.0,18.0,24.0,24.0,30.0,40.0,40.0,2023-01-18 06:39:38,2026-06-25 13:32:56,1,,3,
1281472262290487,722581230290487,2021,54,29,248,225,4,1,,3,0,0,,,18.0,24.0,24.0,18.0,24.0,24.0,30.0,40.0,40.0,2023-01-18 06:39:38,2026-06-25 13:32:56,1,,3,
1281472259290487,722581230290487,2021,54,29,248,270,1,1,,3,0,0,,,18.0,24.0,24.0,18.0,24.0,24.0,30.0,40.0,40.0,2023-01-18 06:39:38,2026-06-25 13:32:56,1,,3,
1281472260290487,722581230290487,2021,54,29,248,360,2,2,,,,,,,6.0,24.0,24.0,6.0,24.0,24.0,10.0,40.0,40.0,2023-01-18 06:39:38,2026-06-25 13:32:56,1,,3,
1281474317290487,722581270290487,2021,54,31,598,135,3,1,,,,,,,24.0,0.0,24.0,24.0,0.0,24.0,40.0,0.0,40.0,2023-01-18 06:39:39,2026-06-25 13:32:57,1,,3,
1281474318290487,722581270290487,2021,54,31,598,225,4,1,,,,,,,24.0,0.0,24.0,24.0,0.0,24.0,40.0,0.0,40.0,2023-01-18 06:39:39,2026-06-25 13:32:57,1,,3,
1281474315290487,722581270290487,2021,54,31,598,270,1,1,,,,,,,24.0,0.0,24.0,24.0,0.0,24.0,40.0,0.0,40.0,2023-01-18 06:39:39,2026-06-25 13:32:57,1,,3,
1281474316290487,722581270290487,2021,54,31,598,360,2,1,,,,,,,24.0,0.0,24.0,24.0,0.0,24.0,40.0,0.0,40.0,2023-01-18 06:39:39,2026-06-25 13:32:57,1,,3,
1281464664290487,722581021290487,2021,54,31,2183,135,3,1,,3,0,1,,,18.0,24.0,24.0,18.0,24.0,24.0,30.0,40.0,40.0,2023-01-18 06:39:38,2026-06-25 13:32:55,1,,3,
1281464665290487,722581021290487,2021,54,31,2183,225,4,1,,3,0,1,,,18.0,24.0,24.0,18.0,24.0,24.0,30.0,40.0,40.0,2023-01-18 06:39:38,2026-06-25 13:32:55,1,,3,
1281464662290487,722581021290487,2021,54,31,2183,270,1,1,,2,0,1,,,18.0,24.0,24.0,18.0,24.0,24.0,30.0,40.0,40.0,2023-01-18 06:39:38,2026-06-25 13:32:55,1,,3,
1281464663290487,722581021290487,2021,54,31,2183,360,2,2,,8,2,3,,,6.0,24.0,24.0,6.0,24.0,24.0,10.0,40.0,40.0,2023-01-18 06:39:38,2026-06-25 13:32:55,1,,3,
1281473698290487,722581256290487,2021,54,37,213,135,3,1,,4,2,0,,,24.0,24.0,24.0,24.0,24.0,24.0,40.0,40.0,40.0,2023-01-18 06:39:38,2026-06-25 13:32:57,1,,3,
1281473699290487,722581256290487,2021,54,37,213,225,4,1,,7,6,5,,,24.0,24.0,24.0,24.0,24.0,24.0,40.0,40.0,40.0,2023-01-18 06:39:38,2026-06-25 13:32:57,1,,3,
1281473696290487,722581256290487,2021,54,37,213,270,1,1,,14,8,6,,,24.0,24.0,24.0,24.0,24.0,24.0,40.0,40.0,40.0,2023-01-18 06:39:38,2026-06-25 13:32:57,1,,3,
1281473697290487,722581256290487,2021,54,37,213,360,2,1,,6,3,2,,,24.0,24.0,24.0,24.0,24.0,24.0,40.0,40.0,40.0,2023-01-18 06:39:38,2026-06-25 13:32:57,1,,3,
1281466029290487,722581061290487,2021,54,39,649,135,3,1,,,,,,,24.0,0.0,24.0,24.0,0.0,24.0,40.0,0.0,40.0,2023-01-18 06:39:38,2026-06-25 13:32:56,1,,3,
1281466030290487,722581061290487,2021,54,39,649,225,4,1,,,,,,,24.0,0.0,24.0,24.0,0.0,24.0,40.0,0.0,40.0,2023-01-18 06:39:38,2026-06-25 13:32:56,1,,3,
1281466027290487,722581061290487,2021,54,39,649,270,1,1,,,,,,,24.0,0.0,24.0,24.0,0.0,24.0,40.0,0.0,40.0,2023-01-18 06:39:38,2026-06-25 13:32:56,1,,3,
1281466028290487,722581061290487,2021,54,39,649,360,2,1,,,,,,,24.0,0.0,24.0,24.0,0.0,24.0,40.0,0.0,40.0,2023-01-18 06:39:38,2026-06-25 13:32:56,1,,3,
1281466143290487,722581065290487,2021,54,39,1133,135,3,1,,16,1,1,,,24.0,24.0,24.0,24.0,24.0,24.0,40.0,40.0,40.0,2023-01-18 06:39:38,2026-06-25 13:32:55,1,,3,
1281466144290487,722581065290487,2021,54,39,1133,225,4,1,,36,7,2,,,24.0,24.0,24.0,24.0,24.0,24.0,40.0,40.0,40.0,2023-01-18 06:39:38,2026-06-25 13:32:55,1,,3,
1281466141290487,722581065290487,2021,54,39,1133,270,1,1,,14,1,3,,,24.0,24.0,24.0,24.0,24.0,24.0,40.0,40.0,40.0,2023-01-18 06:39:38,2026-06-25 13:32:55,1,,3,
1281466142290487,722581065290487,2021,54,39,1133,360,2,1,,5,1,0,,,24.0,24.0,24.0,24.0,24.0,24.0,40.0,40.0,40.0,2023-01-18 06:39:38,2026-06-25 13:32:55,1,,3,
1281462651290487,722580956290487,2021,54,39,1137,135,3,2,,,,,,,12.0,12.0,24.0,12.0,12.0,24.0,20.0,20.0,40.0,2023-01-18 06:39:38,2026-06-25 13:32:55,1,,3,
1281462652290487,722580956290487,2021,54,39,1137,225,4,1,,16,0,0,,,12.0,12.0,24.0,12.0,12.0,24.0,20.0,20.0,40.0,2023-01-18 06:39:38,2026-06-25 13:32:55,1,,3,
1281462649290487,722580956290487,2021,54,39,1137,270,1,1,,15,2,6,,,12.0,12.0,24.0,12.0,12.0,24.0,20.0,20.0,40.0,2023-01-18 06:39:38,2026-06-25 13:32:55,1,,3,
1281462650290487,722580956290487,2021,54,39,1137,360,2,2,,,,,,,12.0,12.0,24.0,12.0,12.0,24.0,20.0,20.0,40.0,2023-01-18 06:39:38,2026-06-25 13:32:55,1,,3,
1281465739290487,722581052290487,2021,54,39,1369,135,3,1,,12,2,2,,,18.0,18.0,24.0,18.0,18.0,24.0,30.0,30.0,40.0,2023-01-18 06:39:38,2026-06-25 13:32:55,1,,3,
1281465740290487,722581052290487,2021,54,39,1369,225,4,1,,9,0,0,,,18.0,18.0,24.0,18.0,18.0,24.0,30.0,30.0,40.0,2023-01-18 06:39:38,2026-06-25 13:32:55,1,,3,
1281465737290487,722581052290487,2021,54,39,1369,270,1,1,,7,2,1,,,18.0,18.0,24.0,18.0,18.0,24.0,30.0,30.0,40.0,2023-01-18 06:39:38,2026-06-25 13:32:55,1,,3,
1281465738290487,722581052290487,2021,54,39,1369,360,2,2,,,,,,,6.0,18.0,24.0,6.0,18.0,24.0,10.0,30.0,40.0,2023-01-18 06:39:38,2026-06-25 13:32:55,1,,3,
1281462967290487,722580965290487,2021,54,39,2173,135,3,1,,,,,,,24.0,0.0,24.0,24.0,0.0,24.0,40.0,0.0,40.0,2023-01-18 06:39:38,2026-06-25 13:32:54,1,,3,
1281462968290487,722580965290487,2021,54,39,2173,225,4,1,,,,,,,24.0,0.0,24.0,24.0,0.0,24.0,40.0,0.0,40.0,2023-01-18 06:39:38,2026-06-25 13:32:54,1,,3,
1281462965290487,722580965290487,2021,54,39,2173,270,1,1,,,,,,,24.0,0.0,24.0,24.0,0.0,24.0,40.0,0.0,40.0,2023-01-18 06:39:38,2026-06-25 13:32:54,1,,3,
1281462966290487,722580965290487,2021,54,39,2173,360,2,1,,,,,,,24.0,0.0,24.0,24.0,0.0,24.0,40.0,0.0,40.0,2023-01-18 06:39:38,2026-06-25 13:32:54,1,,3,
1281467461290487,722581101290487,2021,54,45,534,135,3,1,,,,,,,24.0,0.0,24.0,24.0,0.0,24.0,40.0,0.0,40.0,2023-01-18 06:39:38,2026-06-25 13:32:56,1,,3,
1281467462290487,722581101290487,2021,54,45,534,225,4,1,,,,,,,24.0,0.0,24.0,24.0,0.0,24.0,40.0,0.0,40.0,2023-01-18 06:39:38,2026-06-25 13:32:56,1,,3,
1281467459290487,722581101290487,2021,54,45,534,270,1,1,,,,,,,24.0,0.0,24.0,24.0,0.0,24.0,40.0,0.0,40.0,2023-01-18 06:39:38,2026-06-25 13:32:56,1,,3,
1281467460290487,722581101290487,2021,54,45,534,360,2,1,,,,,,,24.0,0.0,24.0,24.0,0.0,24.0,40.0,0.0,40.0,2023-01-18 06:39:38,2026-06-25 13:32:56,1,,3,
1281467949290487,722581109290487,2021,54,47,437,135,3,1,,16,1,4,,,24.0,24.0,24.0,24.0,24.0,24.0,40.0,40.0,40.0,2023-01-18 06:39:38,2026-06-25 13:32:55,1,,3,
1281467950290487,722581109290487,2021,54,47,437,225,4,1,,7,1,5,,,24.0,24.0,24.0,24.0,24.0,24.0,40.0,40.0,40.0,2023-01-18 06:39:38,2026-06-25 13:32:55,1,,3,
1281467947290487,722581109290487,2021,54,47,437,270,1,1,,13,2,0,,,24.0,24.0,24.0,24.0,24.0,24.0,40.0,40.0,40.0,2023-01-18 06:39:38,2026-06-25 13:32:55,1,,3,
1281467948290487,722581109290487,2021,54,47,437,360,2,1,,10,0,0,,,24.0,24.0,24.0,24.0,24.0,24.0,40.0,40.0,40.0,2023-01-18 06:39:38,2026-06-25 13:32:55,1,,3,
1281471394290487,722581209290487,2021,54,55,961,135,3,1,,9,0,3,,,24.0,24.0,24.0,24.0,24.0,24.0,40.0,40.0,40.0,2023-01-18 06:39:38,2026-06-25 13:32:57,1,,3,
1281471395290487,722581209290487,2021,54,55,961,225,4,1,,13,3,2,,,24.0,24.0,24.0,24.0,24.0,24.0,40.0,40.0,40.0,2023-01-18 06:39:38,2026-06-25 13:32:57,1,,3,
1281471392290487,722581209290487,2021,54,55,961,270,1,1,,8,0,2,,,24.0,24.0,24.0,24.0,24.0,24.0,40.0,40.0,40.0,2023-01-18 06:39:38,2026-06-25 13:32:57,1,,3,
1281471393290487,722581209290487,2021,54,55,961,360,2,1,,15,3,1,,,24.0,24.0,24.0,24.0,24.0,24.0,40.0,40.0,40.0,2023-01-18 06:39:38,2026-06-25 13:32:57,1,,3,
1281469063290487,722581141290487,2021,54,55,2278,135,3,1,,,,,,,24.0,0.0,24.0,24.0,0.0,24.0,40.0,0.0,40.0,2023-01-18 06:39:38,2026-06-25 13:32:55,1,,3,
1281469064290487,722581141290487,2021,54,55,2278,225,4,1,,,,,,,24.0,0.0,24.0,24.0,0.0,24.0,40.0,0.0,40.0,2023-01-18 06:39:38,2026-06-25 13:32:55,1,,3,
1281469061290487,722581141290487,2021,54,55,2278,270,1,1,,,,,,,24.0,0.0,24.0,24.0,0.0,24.0,40.0,0.0,40.0,2023-01-18 06:39:38,2026-06-25 13:32:55,1,,3,
1281469062290487,722581141290487,2021,54,55,2278,360,2,1,,,,,,,24.0,0.0,24.0,24.0,0.0,24.0,40.0,0.0,40.0,2023-01-18 06:39:38,2026-06-25 13:32:55,1,,3,
1281462345290487,722580950290487,2021,54,59,257,135,3,1,,19,0,1,,,18.0,24.0,24.0,18.0,24.0,24.0,30.0,40.0,40.0,2023-01-18 06:39:38,2026-06-25 13:32:56,1,,3,
1281462346290487,722580950290487,2021,54,59,257,225,4,2,,13,3,5,,,6.0,24.0,24.0,6.0,24.0,24.0,10.0,40.0,40.0,2023-01-18 06:39:38,2026-06-25 13:32:56,1,,3,
1281462343290487,722580950290487,2021,54,59,257,270,1,1,,23,2,4,,,18.0,24.0,24.0,18.0,24.0,24.0,30.0,40.0,40.0,2023-01-18 06:39:38,2026-06-25 13:32:56,1,,3,
1281462344290487,722580950290487,2021,54,59,257,360,2,1,,9,0,1,,,18.0,24.0,24.0,18.0,24.0,24.0,30.0,40.0,40.0,2023-01-18 06:39:38,2026-06-25 13:32:56,1,,3,
1281467493290487,722581102290487,2021,54,59,835,135,3,1,,,,,,,24.0,0.0,24.0,24.0,0.0,24.0,40.0,0.0,40.0,2023-01-18 06:39:38,2026-06-25 13:32:57,1,,3,
1281467494290487,722581102290487,2021,54,59,835,225,4,1,,,,,,,24.0,0.0,24.0,24.0,0.0,24.0,40.0,0.0,40.0,2023-01-18 06:39:38,2026-06-25 13:32:57,1,,3,
1281467491290487,722581102290487,2021,54,59,835,270,1,1,,,,,,,24.0,0.0,24.0,24.0,0.0,24.0,40.0,0.0,40.0,2023-01-18 06:39:38,2026-06-25 13:32:57,1,,3,
1281467492290487,722581102290487,2021,54,59,835,360,2,1,,,,,,,24.0,0.0,24.0,24.0,0.0,24.0,40.0,0.0,40.0,2023-01-18 06:39:38,2026-06-25 13:32:57,1,,3,
1281470124290487,722581172290487,2021,54,61,2189,135,3,1,,22,1,0,,,24.0,24.0,24.0,24.0,24.0,24.0,40.0,40.0,40.0,2023-01-18 06:39:38,2026-06-25 13:32:56,1,,3,
1281470125290487,722581172290487,2021,54,61,2189,225,4,1,,3,3,1,,,24.0,24.0,24.0,24.0,24.0,24.0,40.0,40.0,40.0,2023-01-18 06:39:38,2026-06-25 13:32:56,1,,3,
1281470122290487,722581172290487,2021,54,61,2189,270,1,1,,7,4,0,,,24.0,24.0,24.0,24.0,24.0,24.0,40.0,40.0,40.0,2023-01-18 06:39:38,2026-06-25 13:32:56,1,,3,
1281470123290487,722581172290487,2021,54,61,2189,360,2,1,,14,5,2,,,24.0,24.0,24.0,24.0,24.0,24.0,40.0,40.0,40.0,2023-01-18 06:39:38,2026-06-25 13:32:56,1,,3,
1281474180290487,722581267290487,2021,54,65,623,135,3,2,,8,0,2,,,6.0,6.0,24.0,6.0,6.0,24.0,10.0,10.0,40.0,2023-01-18 06:39:38,2026-06-25 13:32:55,1,,3,
1281474181290487,722581267290487,2021,54,65,623,225,4,1,,,,,,,18.0,6.0,24.0,18.0,6.0,24.0,30.0,10.0,40.0,2023-01-18 06:39:38,2026-06-25 13:32:55,1,,3,
1281474178290487,722581267290487,2021,54,65,623,270,1,1,,,,,,,18.0,6.0,24.0,18.0,6.0,24.0,30.0,10.0,40.0,2023-01-18 06:39:38,2026-06-25 13:32:55,1,,3,
1281474179290487,722581267290487,2021,54,65,623,360,2,1,,,,,,,18.0,6.0,24.0,18.0,6.0,24.0,30.0,10.0,40.0,2023-01-18 06:39:38,2026-06-25 13:32:55,1,,3,
1281463604290487,722580982290487,2021,54,75,1492,135,3,1,,,,,,,24.0,0.0,24.0,24.0,0.0,24.0,40.0,0.0,40.0,2023-01-18 06:39:38,2026-06-25 13:32:57,1,,3,
1281463605290487,722580982290487,2021,54,75,1492,225,4,1,,,,,,,24.0,0.0,24.0,24.0,0.0,24.0,40.0,0.0,40.0,2023-01-18 06:39:38,2026-06-25 13:32:57,1,,3,
1281463602290487,722580982290487,2021,54,75,1492,270,1,1,,,,,,,24.0,0.0,24.0,24.0,0.0,24.0,40.0,0.0,40.0,2023-01-18 06:39:38,2026-06-25 13:32:57,1,,3,
1281463603290487,722580982290487,2021,54,75,1492,360,2,1,,,,,,,24.0,0.0,24.0,24.0,0.0,24.0,40.0,0.0,40.0,2023-01-18 06:39:38,2026-06-25 13:32:57,1,,3,
1281471871290487,722581222290487,2021,54,75,2194,135,3,1,,16,3,3,,,24.0,24.0,24.0,24.0,24.0,24.0,40.0,40.0,40.0,2023-01-18 06:39:38,2026-06-25 13:32:56,1,,3,
1281471872290487,722581222290487,2021,54,75,2194,225,4,1,,14,0,0,,,24.0,24.0,24.0,24.0,24.0,24.0,40.0,40.0,40.0,2023-01-18 06:39:38,2026-06-25 13:32:56,1,,3,
1281471869290487,722581222290487,2021,54,75,2194,270,1,1,,5,5,2,,,24.0,24.0,24.0,24.0,24.0,24.0,40.0,40.0,40.0,2023-01-18 06:39:38,2026-06-25 13:32:56,1,,3,
1281471870290487,722581222290487,2021,54,75,2194,360,2,1,,8,1,5,,,24.0,24.0,24.0,24.0,24.0,24.0,40.0,40.0,40.0,2023-01-18 06:39:38,2026-06-25 13:32:56,1,,3,
1281464129290487,722580998290487,2021,54,77,273,135,3,1,,13,1,0,,,18.0,18.0,24.0,18.0,18.0,24.0,30.0,30.0,40.0,2023-01-18 06:39:38,2026-06-25 13:32:56,1,,3,
1281464130290487,722580998290487,2021,54,77,273,225,4,1,,10,4,4,,,18.0,18.0,24.0,18.0,18.0,24.0,30.0,30.0,40.0,2023-01-18 06:39:38,2026-06-25 13:32:56,1,,3,
1281464127290487,722580998290487,2021,54,77,273,270,1,1,,31,9,7,,,18.0,18.0,24.0,18.0,18.0,24.0,30.0,30.0,40.0,2023-01-18 06:39:38,2026-06-25 13:32:56,1,,3,
1281464128290487,722580998290487,2021,54,77,273,360,2,2,,,,,,,6.0,18.0,24.0,6.0,18.0,24.0,10.0,30.0,40.0,2023-01-18 06:39:38,2026-06-25 13:32:56,1,,3,
1281461479290487,722580929290487,2021,54,77,1290,135,3,1,,9,1,2,,,24.0,24.0,24.0,24.0,24.0,24.0,40.0,40.0,40.0,2023-01-18 06:39:38,2026-06-25 13:32:55,1,,3,
1281461480290487,722580929290487,2021,54,77,1290,225,4,1,,2,0,2,,,24.0,24.0,24.0,24.0,24.0,24.0,40.0,40.0,40.0,2023-01-18 06:39:38,2026-06-25 13:32:55,1,,3,
1281461477290487,722580929290487,2021,54,77,1290,270,1,1,,3,1,1,,,24.0,24.0,24.0,24.0,24.0,24.0,40.0,40.0,40.0,2023-01-18 06:39:38,2026-06-25 13:32:55,1,,3,
1281461478290487,722580929290487,2021,54,77,1290,360,2,1,,3,0,0,,,24.0,24.0,24.0,24.0,24.0,24.0,40.0,40.0,40.0,2023-01-18 06:39:38,2026-06-25 13:32:55,1,,3,
1281461348290487,722580927290487,2021,54,77,1498,135,3,1,,9,0,1,,,24.0,24.0,24.0,24.0,24.0,24.0,40.0,40.0,40.0,2023-01-18 06:39:38,2026-06-25 13:32:54,1,,3,
1281461349290487,722580927290487,2021,54,77,1498,225,4,1,,7,0,0,,,24.0,24.0,24.0,24.0,24.0,24.0,40.0,40.0,40.0,2023-01-18 06:39:38,2026-06-25 13:32:54,1,,3,
1281461346290487,722580927290487,2021,54,77,1498,270,1,1,,8,1,2,,,24.0,24.0,24.0,24.0,24.0,24.0,40.0,40.0,40.0,2023-01-18 06:39:38,2026-06-25 13:32:54,1,,3,
1281461347290487,722580927290487,2021,54,77,1498,360,2,1,,7,1,0,,,24.0,24.0,24.0,24.0,24.0,24.0,40.0,40.0,40.0,2023-01-18 06:39:38,2026-06-25 13:32:54,1,,3,
1281463132290487,722580969290487,2021,54,81,914,135,3,1,,7,1,1,,,24.0,24.0,24.0,24.0,24.0,24.0,40.0,40.0,40.0,2023-01-18 06:39:38,2026-06-25 13:32:55,1,,3,
1281463133290487,722580969290487,2021,54,81,914,225,4,1,,7,0,1,,,24.0,24.0,24.0,24.0,24.0,24.0,40.0,40.0,40.0,2023-01-18 06:39:38,2026-06-25 13:32:55,1,,3,
1281463130290487,722580969290487,2021,54,81,914,270,1,1,,17,2,0,,,24.0,24.0,24.0,24.0,24.0,24.0,40.0,40.0,40.0,2023-01-18 06:39:38,2026-06-25 13:32:55,1,,3,
1281463131290487,722580969290487,2021,54,81,914,360,2,1,,9,0,0,,,24.0,24.0,24.0,24.0,24.0,24.0,40.0,40.0,40.0,2023-01-18 06:39:38,2026-06-25 13:32:55,1,,3,
1281473321290487,722581250290487,2021,54,83,1402,135,3,1,,8,3,2,,,18.0,18.0,24.0,18.0,18.0,24.0,30.0,30.0,40.0,2023-01-18 06:39:39,2026-06-25 13:32:57,1,,3,
1281473322290487,722581250290487,2021,54,83,1402,225,4,2,,,,,,,6.0,18.0,24.0,6.0,18.0,24.0,10.0,30.0,40.0,2023-01-18 06:39:39,2026-06-25 13:32:57,1,,3,
1281473319290487,722581250290487,2021,54,83,1402,270,1,1,,5,0,1,,,18.0,18.0,24.0,18.0,18.0,24.0,30.0,30.0,40.0,2023-01-18 06:39:39,2026-06-25 13:32:57,1,,3,
1281473320290487,722581250290487,2021,54,83,1402,360,2,1,,0,0,1,,,18.0,18.0,24.0,18.0,18.0,24.0,30.0,30.0,40.0,2023-01-18 06:39:39,2026-06-25 13:32:57,1,,3,
1281472826290487,722581242290487,2021,54,83,2332,135,3,1,,15,2,0,,,24.0,24.0,24.0,24.0,24.0,24.0,40.0,40.0,40.0,2023-01-18 06:39:38,2026-06-25 13:32:56,1,,3,
1281472827290487,722581242290487,2021,54,83,2332,225,4,1,,16,2,2,,,24.0,24.0,24.0,24.0,24.0,24.0,40.0,40.0,40.0,2023-01-18 06:39:38,2026-06-25 13:32:56,1,,3,
1281472824290487,722581242290487,2021,54,83,2332,270,1,1,,8,0,3,,,24.0,24.0,24.0,24.0,24.0,24.0,40.0,40.0,40.0,2023-01-18 06:39:38,2026-06-25 13:32:56,1,,3,
1281472825290487,722581242290487,2021,54,83,2332,360,2,1,,27,2,0,,,24.0,24.0,24.0,24.0,24.0,24.0,40.0,40.0,40.0,2023-01-18 06:39:38,2026-06-25 13:32:56,1,,3,
1281469655290487,722581158290487,2021,54,85,2833,135,3,1,,,,,,,24.0,0.0,24.0,24.0,0.0,24.0,40.0,0.0,40.0,2023-01-18 06:39:38,2026-06-25 13:32:55,1,,3,
1281469656290487,722581158290487,2021,54,85,2833,225,4,1,,,,,,,24.0,0.0,24.0,24.0,0.0,24.0,40.0,0.0,40.0,2023-01-18 06:39:38,2026-06-25 13:32:55,1,,3,
1281469653290487,722581158290487,2021,54,85,2833,270,1,1,,,,,,,24.0,0.0,24.0,24.0,0.0,24.0,40.0,0.0,40.0,2023-01-18 06:39:38,2026-06-25 13:32:55,1,,3,
1281469654290487,722581158290487,2021,54,85,2833,360,2,1,,,,,,,24.0,0.0,24.0,24.0,0.0,24.0,40.0,0.0,40.0,2023-01-18 06:39:38,2026-06-25 13:32:55,1,,3,
1281470436290487,722581182290487,2021,54,87,2094,135,3,1,,,,,,,24.0,0.0,24.0,24.0,0.0,24.0,40.0,0.0,40.0,2023-01-18 06:39:38,2026-06-25 13:32:57,1,,3,
1281470437290487,722581182290487,2021,54,87,2094,225,4,1,,,,,,,24.0,0.0,24.0,24.0,0.0,24.0,40.0,0.0,40.0,2023-01-18 06:39:38,2026-06-25 13:32:57,1,,3,
1281470434290487,722581182290487,2021,54,87,2094,270,1,1,,,,,,,24.0,0.0,24.0,24.0,0.0,24.0,40.0,0.0,40.0,2023-01-18 06:39:38,2026-06-25 13:32:57,1,,3,
1281470435290487,722581182290487,2021,54,87,2094,360,2,1,,,,,,,24.0,0.0,24.0,24.0,0.0,24.0,40.0,0.0,40.0,2023-01-18 06:39:38,2026-06-25 13:32:57,1,,3,
1281468407290487,722581125290487,2021,54,95,1969,135,3,1,,,,,,,24.0,0.0,24.0,24.0,0.0,24.0,40.0,0.0,40.0,2023-01-18 06:39:38,2026-06-25 13:32:57,1,,3,
1281468408290487,722581125290487,2021,54,95,1969,225,4,1,,,,,,,24.0,0.0,24.0,24.0,0.0,24.0,40.0,0.0,40.0,2023-01-18 06:39:38,2026-06-25 13:32:57,1,,3,
1281468405290487,722581125290487,2021,54,95,1969,270,1,1,,,,,,,24.0,0.0,24.0,24.0,0.0,24.0,40.0,0.0,40.0,2023-01-18 06:39:38,2026-06-25 13:32:57,1,,3,
1281468406290487,722581125290487,2021,54,95,1969,360,2,1,,,,,,,24.0,0.0,24.0,24.0,0.0,24.0,40.0,0.0,40.0,2023-01-18 06:39:38,2026-06-25 13:32:57,1,,3,
1281469490290487,722581155290487,2021,54,97,2114,135,3,2,,,,,,,6.0,24.0,24.0,6.0,24.0,24.0,10.0,40.0,40.0,2023-01-18 06:39:38,2026-06-25 13:32:56,1,,3,
1281469491290487,722581155290487,2021,54,97,2114,225,4,1,,8,0,3,,,18.0,24.0,24.0,18.0,24.0,24.0,30.0,40.0,40.0,2023-01-18 06:39:38,2026-06-25 13:32:56,1,,3,
1281469488290487,722581155290487,2021,54,97,2114,270,1,1,,2,0,0,,,18.0,24.0,24.0,18.0,24.0,24.0,30.0,40.0,40.0,2023-01-18 06:39:38,2026-06-25 13:32:56,1,,3,
1281469489290487,722581155290487,2021,54,97,2114,360,2,1,,6,4,1,,,18.0,24.0,24.0,18.0,24.0,24.0,30.0,40.0,40.0,2023-01-18 06:39:38,2026-06-25 13:32:56,1,,3,
1281460775290487,722580910290487,2021,54,101,2463,135,3,1,,80,3,1,,,24.0,24.0,24.0,24.0,24.0,24.0,40.0,40.0,40.0,2023-01-18 06:39:39,2026-06-25 13:32:57,1,,3,
1281460776290487,722580910290487,2021,54,101,2463,225,4,1,,16,1,3,,,24.0,24.0,24.0,24.0,24.0,24.0,40.0,40.0,40.0,2023-01-18 06:39:39,2026-06-25 13:32:57,1,,3,
1281460773290487,722580910290487,2021,54,101,2463,270,1,1,,11,2,4,,,24.0,24.0,24.0,24.0,24.0,24.0,40.0,40.0,40.0,2023-01-18 06:39:39,2026-06-25 13:32:57,1,,3,
1281460774290487,722580910290487,2021,54,101,2463,360,2,1,,19,1,0,,,24.0,24.0,24.0,24.0,24.0,24.0,40.0,40.0,40.0,2023-01-18 06:39:39,2026-06-25 13:32:57,1,,3,
1281469795290487,722581161290487,2021,54,105,1773,135,3,2,,,,,,,12.0,24.0,24.0,12.0,24.0,24.0,20.0,40.0,40.0,2023-01-18 06:39:38,2026-06-25 13:32:55,1,,3,
1281469796290487,722581161290487,2021,54,105,1773,225,4,2,,,,,,,12.0,24.0,24.0,12.0,24.0,24.0,20.0,40.0,40.0,2023-01-18 06:39:38,2026-06-25 13:32:55,1,,3,
1281469793290487,722581161290487,2021,54,105,1773,270,1,1,,15,0,2,,,12.0,24.0,24.0,12.0,24.0,24.0,20.0,40.0,40.0,2023-01-18 06:39:38,2026-06-25 13:32:55,1,,3,
1281469794290487,722581161290487,2021,54,105,1773,360,2,1,,10,1,2,,,12.0,24.0,24.0,12.0,24.0,24.0,20.0,40.0,40.0,2023-01-18 06:39:38,2026-06-25 13:32:55,1,,3,
1281468112290487,722581113290487,2021,54,107,1633,135,3,2,,10,3,0,,,6.0,24.0,24.0,6.0,24.0,24.0,10.0,40.0,40.0,2023-01-18 06:39:38,2026-06-25 13:32:55,1,,3,
1281468113290487,722581113290487,2021,54,107,1633,225,4,1,,,,,,,18.0,24.0,24.0,18.0,24.0,24.0,30.0,40.0,40.0,2023-01-18 06:39:38,2026-06-25 13:32:55,1,,3,
1281468110290487,722581113290487,2021,54,107,1633,270,1,1,,,,,,,18.0,24.0,24.0,18.0,24.0,24.0,30.0,40.0,40.0,2023-01-18 06:39:38,2026-06-25 13:32:55,1,,3,
1281468111290487,722581113290487,2021,54,107,1633,360,2,1,,,,,,,18.0,24.0,24.0,18.0,24.0,24.0,30.0,40.0,40.0,2023-01-18 06:39:38,2026-06-25 13:32:55,1,,3,
1281467696290487,722581106290487,2021,54,109,328,135,3,1,,16,3,2,,,18.0,18.0,24.0,18.0,18.0,24.0,30.0,30.0,40.0,2023-01-18 06:39:38,2026-06-25 13:32:56,1,,3,
1281467697290487,722581106290487,2021,54,109,328,225,4,2,,,,,,,6.0,18.0,24.0,6.0,18.0,24.0,10.0,30.0,40.0,2023-01-18 06:39:38,2026-06-25 13:32:56,1,,3,
1281467694290487,722581106290487,2021,54,109,328,270,1,1,,8,1,2,,,18.0,18.0,24.0,18.0,18.0,24.0,30.0,30.0,40.0,2023-01-18 06:39:38,2026-06-25 13:32:56,1,,3,
1281467695290487,722581106290487,2021,54,109,328,360,2,1,,17,2,1,,,18.0,18.0,24.0,18.0,18.0,24.0,30.0,30.0,40.0,2023-01-18 06:39:38,2026-06-25 13:32:56,1,,3,
1674863000290487,816547379290487,2022,54,3,610,135,3,1,,,,,,,18.0,24.0,24.0,18.0,24.0,24.0,30.0,40.0,40.0,2024-09-11 07:44:06,2026-06-25 13:32:55,1,,3,
1674863001290487,816547379290487,2022,54,3,610,225,4,2,,4,1,0,,,6.0,24.0,24.0,6.0,24.0,24.0,10.0,40.0,40.0,2024-09-11 07:44:06,2026-06-25 13:32:55,1,,3,
1674862998290487,816547379290487,2022,54,3,610,270,1,1,,,,,,,18.0,24.0,24.0,18.0,24.0,24.0,30.0,40.0,40.0,2024-09-11 07:44:06,2026-06-25 13:32:55,1,,3,
1674862999290487,816547379290487,2022,54,3,610,360,2,1,,,,,,,18.0,24.0,24.0,18.0,24.0,24.0,30.0,40.0,40.0,2024-09-11 07:44:06,2026-06-25 13:32:55,1,,3,
1674850243290487,816547148290487,2022,54,5,139,135,3,3,,,,,,,6.0,18.0,24.0,6.0,18.0,24.0,10.0,30.0,40.0,2024-09-11 07:44:06,2026-06-25 13:32:57,1,,3,
1674850244290487,816547148290487,2022,54,5,139,225,4,1,,10,0,1,,,12.0,18.0,24.0,12.0,18.0,24.0,20.0,30.0,40.0,2024-09-11 07:44:06,2026-06-25 13:32:57,1,,3,
1674850241290487,816547148290487,2022,54,5,139,270,1,1,,32,1,1,,,12.0,18.0,24.0,12.0,18.0,24.0,20.0,30.0,40.0,2024-09-11 07:44:06,2026-06-25 13:32:57,1,,3,
1674850242290487,816547148290487,2022,54,5,139,360,2,2,,6,1,0,,,6.0,18.0,24.0,6.0,18.0,24.0,10.0,30.0,40.0,2024-09-11 07:44:06,2026-06-25 13:32:57,1,,3,
1674860527290487,816547300290487,2022,54,7,1499,135,3,1,,2,1,0,,,24.0,24.0,24.0,24.0,24.0,24.0,40.0,40.0,40.0,2024-09-11 07:44:06,2026-06-25 13:32:56,1,,3,
1674860528290487,816547300290487,2022,54,7,1499,225,4,1,,1,0,0,,,24.0,24.0,24.0,24.0,24.0,24.0,40.0,40.0,40.0,2024-09-11 07:44:06,2026-06-25 13:32:56,1,,3,
1674860525290487,816547300290487,2022,54,7,1499,270,1,1,,0,0,0,,,24.0,24.0,24.0,24.0,24.0,24.0,40.0,40.0,40.0,2024-09-11 07:44:06,2026-06-25 13:32:56,1,,3,
1674860526290487,816547300290487,2022,54,7,1499,360,2,1,,6,3,0,,,24.0,24.0,24.0,24.0,24.0,24.0,40.0,40.0,40.0,2024-09-11 07:44:06,2026-06-25 13:32:56,1,,3,
1674850028290487,816547036290487,2022,54,9,576,135,3,1,,3,1,2,,,18.0,18.0,24.0,18.0,18.0,24.0,30.0,30.0,40.0,2024-09-11 07:44:06,2026-06-25 13:32:57,1,,3,
1674850029290487,816547036290487,2022,54,9,576,225,4,1,,3,2,1,,,18.0,18.0,24.0,18.0,18.0,24.0,30.0,30.0,40.0,2024-09-11 07:44:06,2026-06-25 13:32:57,1,,3,
1674850026290487,816547036290487,2022,54,9,576,270,1,1,,2,0,0,,,18.0,18.0,24.0,18.0,18.0,24.0,30.0,30.0,40.0,2024-09-11 07:44:06,2026-06-25 13:32:57,1,,3,
1674850027290487,816547036290487,2022,54,9,576,360,2,2,,,,,,,6.0,18.0,24.0,6.0,18.0,24.0,10.0,30.0,40.0,2024-09-11 07:44:06,2026-06-25 13:32:57,1,,3,
1674860457290487,816547299290487,2022,54,13,1500,135,3,1,,5,1,0,,,24.0,24.0,24.0,24.0,24.0,24.0,40.0,40.0,40.0,2024-09-11 07:44:06,2026-06-25 13:32:57,1,,3,
1674860458290487,816547299290487,2022,54,13,1500,225,4,1,,12,3,1,,,24.0,24.0,24.0,24.0,24.0,24.0,40.0,40.0,40.0,2024-09-11 07:44:06,2026-06-25 13:32:57,1,,3,
1674860455290487,816547299290487,2022,54,13,1500,270,1,1,,16,3,2,,,24.0,24.0,24.0,24.0,24.0,24.0,40.0,40.0,40.0,2024-09-11 07:44:06,2026-06-25 13:32:57,1,,3,
1674860456290487,816547299290487,2022,54,13,1500,360,2,1,,9,1,2,,,24.0,24.0,24.0,24.0,24.0,24.0,40.0,40.0,40.0,2024-09-11 07:44:06,2026-06-25 13:32:57,1,,3,
1674858313290487,816547239290487,2022,54,17,2692,135,3,1,,6,1,3,,,18.0,24.0,24.0,18.0,24.0,24.0,30.0,40.0,40.0,2024-09-11 07:44:06,2026-06-25 13:32:57,1,,3,
1674858314290487,816547239290487,2022,54,17,2692,225,4,1,,2,2,1,,,18.0,24.0,24.0,18.0,24.0,24.0,30.0,40.0,40.0,2024-09-11 07:44:06,2026-06-25 13:32:57,1,,3,
1674858311290487,816547239290487,2022,54,17,2692,270,1,1,,9,0,0,,,18.0,24.0,24.0,18.0,24.0,24.0,30.0,40.0,40.0,2024-09-11 07:44:06,2026-06-25 13:32:57,1,,3,
1674858312290487,816547239290487,2022,54,17,2692,360,2,2,,,,,,,6.0,24.0,24.0,6.0,24.0,24.0,10.0,40.0,40.0,2024-09-11 07:44:06,2026-06-25 13:32:57,1,,3,
1674854777290487,816547125290487,2022,54,23,2149,135,3,1,,,,,,,24.0,0.0,24.0,24.0,0.0,24.0,40.0,0.0,40.0,2024-09-11 07:44:06,2026-06-25 13:32:56,1,,3,
1674854778290487,816547125290487,2022,54,23,2149,225,4,1,,,,,,,24.0,0.0,24.0,24.0,0.0,24.0,40.0,0.0,40.0,2024-09-11 07:44:06,2026-06-25 13:32:56,1,,3,
1674854775290487,816547125290487,2022,54,23,2149,270,1,1,,,,,,,24.0,0.0,24.0,24.0,0.0,24.0,40.0,0.0,40.0,2024-09-11 07:44:06,2026-06-25 13:32:56,1,,3,
1674854776290487,816547125290487,2022,54,23,2149,360,2,1,,,,,,,24.0,0.0,24.0,24.0,0.0,24.0,40.0,0.0,40.0,2024-09-11 07:44:06,2026-06-25 13:32:56,1,,3,
1674850631290487,816547285290487,2022,54,25,580,135,3,2,,,,,,,6.0,18.0,24.0,6.0,18.0,24.0,10.0,30.0,40.0,2024-09-11 07:44:06,2026-06-25 13:32:57,1,,3,
1674850632290487,816547285290487,2022,54,25,580,225,4,1,,16,1,6,,,18.0,18.0,24.0,18.0,18.0,24.0,30.0,30.0,40.0,2024-09-11 07:44:06,2026-06-25 13:32:57,1,,3,
1674850629290487,816547285290487,2022,54,25,580,270,1,1,,14,1,6,,,18.0,18.0,24.0,18.0,18.0,24.0,30.0,30.0,40.0,2024-09-11 07:44:06,2026-06-25 13:32:57,1,,3,
1674850630290487,816547285290487,2022,54,25,580,360,2,1,,13,2,2,,,18.0,18.0,24.0,18.0,18.0,24.0,30.0,30.0,40.0,2024-09-11 07:44:06,2026-06-25 13:32:57,1,,3,
1674863356290487,816547390290487,2022,54,25,2331,135,3,2,,,,,,,6.0,18.0,24.0,6.0,18.0,24.0,10.0,30.0,40.0,2024-09-11 07:44:06,2026-06-25 13:32:56,1,,3,
1674863357290487,816547390290487,2022,54,25,2331,225,4,1,,9,2,0,,,18.0,18.0,24.0,18.0,18.0,24.0,30.0,30.0,40.0,2024-09-11 07:44:06,2026-06-25 13:32:56,1,,3,
1674863354290487,816547390290487,2022,54,25,2331,270,1,1,,7,2,0,,,18.0,18.0,24.0,18.0,18.0,24.0,30.0,30.0,40.0,2024-09-11 07:44:06,2026-06-25 13:32:56,1,,3,
1674863355290487,816547390290487,2022,54,25,2331,360,2,1,,9,0,0,,,18.0,18.0,24.0,18.0,18.0,24.0,30.0,30.0,40.0,2024-09-11 07:44:06,2026-06-25 13:32:56,1,,3,
1674850131290487,816547050290487,2022,54,31,1695,135,3,2,,12,2,1,,,21.7,24.0,24.0,21.7,24.0,24.0,37.7,40.0,40.0,2024-09-11 07:44:06,2026-06-25 13:32:56,1,,3,
1674850132290487,816547050290487,2022,54,31,1695,225,4,2,,15,1,0,,,21.7,24.0,24.0,21.7,24.0,24.0,37.7,40.0,40.0,2024-09-11 07:44:06,2026-06-25 13:32:56,1,,3,
1674850128290487,816547050290487,2022,54,31,1695,270,1,1,,,,,,,2.3,24.0,24.0,2.3,24.0,24.0,2.3,40.0,40.0,2024-09-11 07:44:06,2026-06-25 13:32:56,1,,3,
1674850129290487,816547050290487,2022,54,31,1695,270,1,2,,2,0,0,,,21.7,24.0,24.0,21.7,24.0,24.0,37.7,40.0,40.0,2024-09-11 07:44:06,2026-06-25 13:32:56,1,,3,
1674850130290487,816547050290487,2022,54,31,1695,360,2,2,,8,2,1,,,21.7,24.0,24.0,21.7,24.0,24.0,37.7,40.0,40.0,2024-09-11 07:44:06,2026-06-25 13:32:56,1,,3,
1674850931290487,816547331290487,2022,54,33,830,135,3,1,,,,,,,18.0,6.0,24.0,18.0,6.0,24.0,30.0,10.0,40.0,2024-09-11 07:44:06,2026-06-25 13:32:56,1,,3,
1674850932290487,816547331290487,2022,54,33,830,225,4,1,,,,,,,18.0,6.0,24.0,18.0,6.0,24.0,30.0,10.0,40.0,2024-09-11 07:44:06,2026-06-25 13:32:56,1,,3,
1674850929290487,816547331290487,2022,54,33,830,270,1,1,,,,,,,18.0,6.0,24.0,18.0,6.0,24.0,30.0,10.0,40.0,2024-09-11 07:44:06,2026-06-25 13:32:56,1,,3,
1674850930290487,816547331290487,2022,54,33,830,360,2,2,,,,,,,6.0,6.0,24.0,6.0,6.0,24.0,10.0,10.0,40.0,2024-09-11 07:44:06,2026-06-25 13:32:56,1,,3,
1674866488290487,816547143290487,2022,54,35,949,135,3,1,,,,,,,18.0,24.0,24.0,18.0,24.0,24.0,30.0,40.0,40.0,2024-09-11 07:44:06,2026-06-25 13:32:55,1,,3,
1674866489290487,816547143290487,2022,54,35,949,225,4,1,,,,,,,18.0,24.0,24.0,18.0,24.0,24.0,30.0,40.0,40.0,2024-09-11 07:44:06,2026-06-25 13:32:55,1,,3,
1674866486290487,816547143290487,2022,54,35,949,270,1,1,,,,,,,18.0,24.0,24.0,18.0,24.0,24.0,30.0,40.0,40.0,2024-09-11 07:44:06,2026-06-25 13:32:55,1,,3,
1674866487290487,816547143290487,2022,54,35,949,360,2,2,,11,3,3,,,6.0,24.0,24.0,6.0,24.0,24.0,10.0,40.0,40.0,2024-09-11 07:44:06,2026-06-25 13:32:55,1,,3,
1674856552290487,816547142290487,2022,54,35,1145,135,3,1,,45,9,12,,,6.0,12.0,24.0,6.0,12.0,24.0,10.0,20.0,40.0,2024-09-11 07:44:06,2026-06-25 13:32:55,1,,3,
1674856553290487,816547142290487,2022,54,35,1145,225,4,4,,,,,,,12.0,12.0,24.0,12.0,12.0,24.0,20.0,20.0,40.0,2024-09-11 07:44:06,2026-06-25 13:32:55,1,,3,
1674856550290487,816547142290487,2022,54,35,1145,270,1,2,,,,,,,6.0,12.0,24.0,6.0,12.0,24.0,10.0,20.0,40.0,2024-09-11 07:44:06,2026-06-25 13:32:55,1,,3,
1674856551290487,816547142290487,2022,54,35,1145,360,2,4,,,,,,,12.0,12.0,24.0,12.0,12.0,24.0,20.0,20.0,40.0,2024-09-11 07:44:06,2026-06-25 13:32:55,1,,3,
1674850362290487,816547158290487,2022,54,39,210,135,3,1,,5,1,1,,,18.0,18.0,24.0,18.0,18.0,24.0,30.0,30.0,40.0,2024-09-11 07:44:06,2026-06-25 13:32:57,1,,3,
1674850363290487,816547158290487,2022,54,39,210,225,4,1,,11,3,0,,,18.0,18.0,24.0,18.0,18.0,24.0,30.0,30.0,40.0,2024-09-11 07:44:06,2026-06-25 13:32:57,1,,3,
1674850360290487,816547158290487,2022,54,39,210,270,1,1,,16,2,5,,,18.0,18.0,24.0,18.0,18.0,24.0,30.0,30.0,40.0,2024-09-11 07:44:06,2026-06-25 13:32:57,1,,3,
1674850361290487,816547158290487,2022,54,39,210,360,2,2,,,,,,,6.0,18.0,24.0,6.0,18.0,24.0,10.0,30.0,40.0,2024-09-11 07:44:06,2026-06-25 13:32:57,1,,3,
1674855536290487,816547170290487,2022,54,39,791,135,3,1,,38,2,0,,,24.0,24.0,24.0,24.0,24.0,24.0,40.0,40.0,40.0,2024-09-11 07:44:06,2026-06-25 13:32:56,1,,3,
1674855537290487,816547170290487,2022,54,39,791,225,4,1,,6,0,0,,,24.0,24.0,24.0,24.0,24.0,24.0,40.0,40.0,40.0,2024-09-11 07:44:06,2026-06-25 13:32:56,1,,3,
1674855534290487,816547170290487,2022,54,39,791,270,1,1,,7,0,2,,,24.0,24.0,24.0,24.0,24.0,24.0,40.0,40.0,40.0,2024-09-11 07:44:06,2026-06-25 13:32:56,1,,3,
1674855535290487,816547170290487,2022,54,39,791,360,2,1,,18,2,4,,,24.0,24.0,24.0,24.0,24.0,24.0,40.0,40.0,40.0,2024-09-11 07:44:06,2026-06-25 13:32:56,1,,3,
1674861591290487,816547339290487,2022,54,41,2378,135,3,1,,5,1,3,,,18.0,24.0,24.0,18.0,24.0,24.0,34.0,40.0,40.0,2024-09-11 07:44:06,2026-06-25 13:32:56,1,,3,
1674861592290487,816547339290487,2022,54,41,2378,225,4,1,,6,3,1,,,18.0,24.0,24.0,18.0,24.0,24.0,34.0,40.0,40.0,2024-09-11 07:44:06,2026-06-25 13:32:56,1,,3,
1674861588290487,816547339290487,2022,54,41,2378,270,1,1,,4,1,3,,,18.0,24.0,24.0,18.0,24.0,24.0,34.0,40.0,40.0,2024-09-11 07:44:06,2026-06-25 13:32:56,1,,3,
1674861589290487,816547339290487,2022,54,41,2378,360,2,1,,0,0,0,,,18.0,24.0,24.0,18.0,24.0,24.0,34.0,40.0,40.0,2024-09-11 07:44:06,2026-06-25 13:32:56,1,,3,
1674861590290487,816547339290487,2022,54,41,2378,360,2,2,,,,,,,6.0,24.0,24.0,6.0,24.0,24.0,6.0,40.0,40.0,2024-09-11 07:44:06,2026-06-25 13:32:56,1,,3,
1674852716290487,816547051290487,2022,54,43,235,135,3,1,,,,,,,18.0,6.0,24.0,18.0,6.0,24.0,30.0,10.0,40.0,2024-09-11 07:44:06,2026-06-25 13:32:55,1,,3,
1674852717290487,816547051290487,2022,54,43,235,225,4,1,,,,,,,18.0,6.0,24.0,18.0,6.0,24.0,30.0,10.0,40.0,2024-09-11 07:44:06,2026-06-25 13:32:55,1,,3,
1674852714290487,816547051290487,2022,54,43,235,270,1,1,,,,,,,18.0,6.0,24.0,18.0,6.0,24.0,30.0,10.0,40.0,2024-09-11 07:44:06,2026-06-25 13:32:55,1,,3,
1674852715290487,816547051290487,2022,54,43,235,360,2,2,,12,3,0,,,6.0,6.0,24.0,6.0,6.0,24.0,10.0,10.0,40.0,2024-09-11 07:44:06,2026-06-25 13:32:55,1,,3,
1674850897290487,816547218290487,2022,54,47,2474,135,3,1,,3,1,0,,,24.0,24.0,24.0,24.0,24.0,24.0,40.0,40.0,40.0,2024-09-11 07:44:06,2026-06-25 13:32:55,1,,3,
1674850898290487,816547218290487,2022,54,47,2474,225,4,1,,15,1,1,,,24.0,24.0,24.0,24.0,24.0,24.0,40.0,40.0,40.0,2024-09-11 07:44:06,2026-06-25 13:32:55,1,,3,
1674850895290487,816547218290487,2022,54,47,2474,270,1,1,,29,2,1,,,24.0,24.0,24.0,24.0,24.0,24.0,40.0,40.0,40.0,2024-09-11 07:44:06,2026-06-25 13:32:55,1,,3,
1674850896290487,816547218290487,2022,54,47,2474,360,2,1,,14,0,0,,,24.0,24.0,24.0,24.0,24.0,24.0,40.0,40.0,40.0,2024-09-11 07:44:06,2026-06-25 13:32:55,1,,3,
1674859133290487,816547260290487,2022,54,53,532,135,3,3,,9,0,0,,,6.0,18.0,24.0,6.0,18.0,24.0,10.0,30.0,40.0,2024-09-11 07:44:06,2026-06-25 13:32:57,1,,3,
1674859134290487,816547260290487,2022,54,53,532,225,4,4,,,,,,,6.0,18.0,24.0,6.0,18.0,24.0,10.0,30.0,40.0,2024-09-11 07:44:06,2026-06-25 13:32:57,1,,3,
1674859131290487,816547260290487,2022,54,53,532,270,1,1,,,,,,,6.0,18.0,24.0,6.0,18.0,24.0,10.0,30.0,40.0,2024-09-11 07:44:06,2026-06-25 13:32:57,1,,3,
1674859132290487,816547260290487,2022,54,53,532,360,2,2,,,,,,,6.0,18.0,24.0,6.0,18.0,24.0,10.0,30.0,40.0,2024-09-11 07:44:06,2026-06-25 13:32:57,1,,3,
1674861156290487,816547323290487,2022,54,55,737,135,3,1,,17,6,5,,,18.0,24.0,24.0,18.0,24.0,24.0,30.0,40.0,40.0,2024-09-11 07:44:06,2026-06-25 13:32:57,1,,3,
1674861157290487,816547323290487,2022,54,55,737,225,4,2,,6,1,0,,,6.0,24.0,24.0,6.0,24.0,24.0,10.0,40.0,40.0,2024-09-11 07:44:06,2026-06-25 13:32:57,1,,3,
1674861154290487,816547323290487,2022,54,55,737,270,1,1,,13,1,1,,,18.0,24.0,24.0,18.0,24.0,24.0,30.0,40.0,40.0,2024-09-11 07:44:06,2026-06-25 13:32:57,1,,3,
1674861155290487,816547323290487,2022,54,55,737,360,2,1,,27,6,2,,,18.0,24.0,24.0,18.0,24.0,24.0,30.0,40.0,40.0,2024-09-11 07:44:06,2026-06-25 13:32:57,1,,3,
1674850804290487,816547181290487,2022,54,59,1096,135,3,2,,6,1,1,,,18.0,18.0,24.0,18.0,18.0,24.0,30.0,30.0,40.0,2024-09-11 07:44:06,2026-06-25 13:32:56,1,,3,
1674850805290487,816547181290487,2022,54,59,1096,225,4,2,,7,1,0,,,18.0,18.0,24.0,18.0,18.0,24.0,30.0,30.0,40.0,2024-09-11 07:44:06,2026-06-25 13:32:56,1,,3,
1674850802290487,816547181290487,2022,54,59,1096,270,1,1,,,,,,,6.0,18.0,24.0,6.0,18.0,24.0,10.0,30.0,40.0,2024-09-11 07:44:06,2026-06-25 13:32:56,1,,3,
1674850803290487,816547181290487,2022,54,59,1096,360,2,2,,5,1,0,,,18.0,18.0,24.0,18.0,18.0,24.0,30.0,30.0,40.0,2024-09-11 07:44:06,2026-06-25 13:32:56,1,,3,
1674856879290487,816547153290487,2022,54,59,1186,135,3,1,,,,,,,24.0,0.0,24.0,24.0,0.0,24.0,40.0,0.0,40.0,2024-09-11 07:44:06,2026-06-25 13:32:56,1,,3,
1674856880290487,816547153290487,2022,54,59,1186,225,4,1,,,,,,,24.0,0.0,24.0,24.0,0.0,24.0,40.0,0.0,40.0,2024-09-11 07:44:06,2026-06-25 13:32:56,1,,3,
1674856877290487,816547153290487,2022,54,59,1186,270,1,1,,,,,,,24.0,0.0,24.0,24.0,0.0,24.0,40.0,0.0,40.0,2024-09-11 07:44:06,2026-06-25 13:32:56,1,,3,
1674856878290487,816547153290487,2022,54,59,1186,360,2,1,,,,,,,24.0,0.0,24.0,24.0,0.0,24.0,40.0,0.0,40.0,2024-09-11 07:44:06,2026-06-25 13:32:56,1,,3,
1674851013290487,816547356290487,2022,54,67,862,135,3,1,,11,2,2,,,24.0,24.0,24.0,24.0,24.0,24.0,40.0,40.0,40.0,2024-09-11 07:44:06,2026-06-25 13:32:57,1,,3,
1674851014290487,816547356290487,2022,54,67,862,225,4,1,,13,1,2,,,24.0,24.0,24.0,24.0,24.0,24.0,40.0,40.0,40.0,2024-09-11 07:44:06,2026-06-25 13:32:57,1,,3,
1674851011290487,816547356290487,2022,54,67,862,270,1,1,,1,0,1,,,24.0,24.0,24.0,24.0,24.0,24.0,40.0,40.0,40.0,2024-09-11 07:44:06,2026-06-25 13:32:57,1,,3,
1674851012290487,816547356290487,2022,54,67,862,360,2,1,,14,0,1,,,24.0,24.0,24.0,24.0,24.0,24.0,40.0,40.0,40.0,2024-09-11 07:44:06,2026-06-25 13:32:57,1,,3,
1674852913290487,816547059290487,2022,54,67,2152,135,3,2,,14,2,7,,,6.0,24.0,24.0,6.0,24.0,24.0,10.0,40.0,40.0,2024-09-11 07:44:06,2026-06-25 13:32:55,1,,3,
1674852914290487,816547059290487,2022,54,67,2152,225,4,1,,8,1,2,,,18.0,24.0,24.0,18.0,24.0,24.0,30.0,40.0,40.0,2024-09-11 07:44:06,2026-06-25 13:32:55,1,,3,
1674852911290487,816547059290487,2022,54,67,2152,270,1,1,,4,0,0,,,18.0,24.0,24.0,18.0,24.0,24.0,30.0,40.0,40.0,2024-09-11 07:44:06,2026-06-25 13:32:55,1,,3,
1674852912290487,816547059290487,2022,54,67,2152,360,2,1,,13,2,2,,,18.0,24.0,24.0,18.0,24.0,24.0,30.0,40.0,40.0,2024-09-11 07:44:06,2026-06-25 13:32:55,1,,3,
1674854684290487,816547120290487,2022,54,71,1818,135,3,1,,,,,,,24.0,0.0,24.0,24.0,0.0,24.0,40.0,0.0,40.0,2024-09-11 07:44:06,2026-06-25 13:32:55,1,,3,
1674854685290487,816547120290487,2022,54,71,1818,225,4,1,,,,,,,24.0,0.0,24.0,24.0,0.0,24.0,40.0,0.0,40.0,2024-09-11 07:44:06,2026-06-25 13:32:55,1,,3,
1674854682290487,816547120290487,2022,54,71,1818,270,1,1,,,,,,,24.0,0.0,24.0,24.0,0.0,24.0,40.0,0.0,40.0,2024-09-11 07:44:06,2026-06-25 13:32:55,1,,3,
1674854683290487,816547120290487,2022,54,71,1818,360,2,1,,,,,,,24.0,0.0,24.0,24.0,0.0,24.0,40.0,0.0,40.0,2024-09-11 07:44:06,2026-06-25 13:32:55,1,,3,
1674862460290487,816547360290487,2022,54,71,2100,135,3,1,,8,3,5,,,24.0,24.0,24.0,24.0,24.0,24.0,40.0,40.0,40.0,2024-09-11 07:44:06,2026-06-25 13:32:56,1,,3,
1674862461290487,816547360290487,2022,54,71,2100,225,4,1,,12,5,2,,,24.0,24.0,24.0,24.0,24.0,24.0,40.0,40.0,40.0,2024-09-11 07:44:06,2026-06-25 13:32:56,1,,3,
1674862458290487,816547360290487,2022,54,71,2100,270,1,1,,12,0,3,,,24.0,24.0,24.0,24.0,24.0,24.0,40.0,40.0,40.0,2024-09-11 07:44:06,2026-06-25 13:32:56,1,,3,
1674862459290487,816547360290487,2022,54,71,2100,360,2,1,,21,1,4,,,24.0,24.0,24.0,24.0,24.0,24.0,40.0,40.0,40.0,2024-09-11 07:44:06,2026-06-25 13:32:56,1,,3,
1674857500290487,816547208290487,2022,54,73,1164,135,3,1,,,,,,,24.0,0.0,24.0,24.0,0.0,24.0,40.0,0.0,40.0,2024-09-11 07:44:06,2026-06-25 13:32:57,1,,3,
1674857501290487,816547208290487,2022,54,73,1164,225,4,1,,,,,,,24.0,0.0,24.0,24.0,0.0,24.0,40.0,0.0,40.0,2024-09-11 07:44:06,2026-06-25 13:32:57,1,,3,
1674857498290487,816547208290487,2022,54,73,1164,270,1,1,,,,,,,24.0,0.0,24.0,24.0,0.0,24.0,40.0,0.0,40.0,2024-09-11 07:44:06,2026-06-25 13:32:57,1,,3,
1674857499290487,816547208290487,2022,54,73,1164,360,2,1,,,,,,,24.0,0.0,24.0,24.0,0.0,24.0,40.0,0.0,40.0,2024-09-11 07:44:06,2026-06-25 13:32:57,1,,3,
1674861941290487,816547346290487,2022,54,75,2059,135,3,1,,18,2,1,,,24.0,24.0,24.0,24.0,24.0,24.0,40.0,40.0,40.0,2024-09-11 07:44:06,2026-06-25 13:32:55,1,,3,
1674861942290487,816547346290487,2022,54,75,2059,225,4,1,,19,3,5,,,24.0,24.0,24.0,24.0,24.0,24.0,40.0,40.0,40.0,2024-09-11 07:44:06,2026-06-25 13:32:55,1,,3,
1674861939290487,816547346290487,2022,54,75,2059,270,1,1,,25,1,1,,,24.0,24.0,24.0,24.0,24.0,24.0,40.0,40.0,40.0,2024-09-11 07:44:06,2026-06-25 13:32:55,1,,3,
1674861940290487,816547346290487,2022,54,75,2059,360,2,1,,18,4,7,,,24.0,24.0,24.0,24.0,24.0,24.0,40.0,40.0,40.0,2024-09-11 07:44:06,2026-06-25 13:32:55,1,,3,
1674853471290487,816547084290487,2022,54,75,2161,135,3,1,,11,2,3,,,24.0,24.0,24.0,24.0,24.0,24.0,40.0,40.0,40.0,2024-09-11 07:44:06,2026-06-25 13:32:56,1,,3,
1674853472290487,816547084290487,2022,54,75,2161,225,4,1,,11,7,3,,,24.0,24.0,24.0,24.0,24.0,24.0,40.0,40.0,40.0,2024-09-11 07:44:06,2026-06-25 13:32:56,1,,3,
1674853469290487,816547084290487,2022,54,75,2161,270,1,1,,19,5,6,,,24.0,24.0,24.0,24.0,24.0,24.0,40.0,40.0,40.0,2024-09-11 07:44:06,2026-06-25 13:32:56,1,,3,
1674853470290487,816547084290487,2022,54,75,2161,360,2,1,,12,0,2,,,24.0,24.0,24.0,24.0,24.0,24.0,40.0,40.0,40.0,2024-09-11 07:44:06,2026-06-25 13:32:56,1,,3,
1674851540290487,816547020290487,2022,54,77,1886,135,3,1,,3,2,1,,,24.0,24.0,24.0,24.0,24.0,24.0,40.0,40.0,40.0,2024-09-11 07:44:06,2026-06-25 13:32:55,1,,3,
1674851541290487,816547020290487,2022,54,77,1886,225,4,1,,18,8,1,,,24.0,24.0,24.0,24.0,24.0,24.0,40.0,40.0,40.0,2024-09-11 07:44:06,2026-06-25 13:32:55,1,,3,
1674851538290487,816547020290487,2022,54,77,1886,270,1,1,,27,9,2,,,24.0,24.0,24.0,24.0,24.0,24.0,40.0,40.0,40.0,2024-09-11 07:44:06,2026-06-25 13:32:55,1,,3,
1674851539290487,816547020290487,2022,54,77,1886,360,2,1,,26,7,3,,,24.0,24.0,24.0,24.0,24.0,24.0,40.0,40.0,40.0,2024-09-11 07:44:06,2026-06-25 13:32:55,1,,3,
1674849353290487,816547387290487,2022,54,79,1640,135,3,2,,9,1,2,,,6.0,6.0,24.0,6.0,6.0,24.0,10.0,10.0,40.0,2024-09-11 07:44:06,2026-06-25 13:32:57,1,,3,
1674849354290487,816547387290487,2022,54,79,1640,225,4,1,,,,,,,18.0,6.0,24.0,18.0,6.0,24.0,30.0,10.0,40.0,2024-09-11 07:44:06,2026-06-25 13:32:57,1,,3,
1674849351290487,816547387290487,2022,54,79,1640,270,1,1,,,,,,,18.0,6.0,24.0,18.0,6.0,24.0,30.0,10.0,40.0,2024-09-11 07:44:06,2026-06-25 13:32:57,1,,3,
1674849352290487,816547387290487,2022,54,79,1640,360,2,1,,,,,,,18.0,6.0,24.0,18.0,6.0,24.0,30.0,10.0,40.0,2024-09-11 07:44:06,2026-06-25 13:32:57,1,,3,
1674850663290487,816547071290487,2022,54,81,1027,135,3,1,,,,,,,24.0,0.0,24.0,24.0,0.0,24.0,40.0,0.0,40.0,2024-09-11 07:44:06,2026-06-25 13:32:57,1,,3,
1674850664290487,816547071290487,2022,54,81,1027,225,4,1,,,,,,,24.0,0.0,24.0,24.0,0.0,24.0,40.0,0.0,40.0,2024-09-11 07:44:06,2026-06-25 13:32:57,1,,3,
1674850661290487,816547071290487,2022,54,81,1027,270,1,1,,,,,,,24.0,0.0,24.0,24.0,0.0,24.0,40.0,0.0,40.0,2024-09-11 07:44:06,2026-06-25 13:32:57,1,,3,
1674850662290487,816547071290487,2022,54,81,1027,360,2,1,,,,,,,24.0,0.0,24.0,24.0,0.0,24.0,40.0,0.0,40.0,2024-09-11 07:44:06,2026-06-25 13:32:57,1,,3,
1674852464290487,816547046290487,2022,54,83,15,135,3,1,,18,4,1,,,24.0,24.0,24.0,24.0,24.0,24.0,40.0,40.0,40.0,2024-09-11 07:44:06,2026-06-25 13:32:55,1,,3,
1674852465290487,816547046290487,2022,54,83,15,225,4,1,,2,2,2,,,24.0,24.0,24.0,24.0,24.0,24.0,40.0,40.0,40.0,2024-09-11 07:44:06,2026-06-25 13:32:55,1,,3,
1674852462290487,816547046290487,2022,54,83,15,270,1,1,,3,0,2,,,24.0,24.0,24.0,24.0,24.0,24.0,40.0,40.0,40.0,2024-09-11 07:44:06,2026-06-25 13:32:55,1,,3,
1674852463290487,816547046290487,2022,54,83,15,360,2,1,,4,3,2,,,24.0,24.0,24.0,24.0,24.0,24.0,40.0,40.0,40.0,2024-09-11 07:44:06,2026-06-25 13:32:55,1,,3,
1674849489290487,816547131290487,2022,54,83,1714,135,3,1,,,,,,,24.0,0.0,24.0,24.0,0.0,24.0,40.0,0.0,40.0,2024-09-11 07:44:06,2026-06-25 13:32:57,1,,3,
1674849490290487,816547131290487,2022,54,83,1714,225,4,1,,,,,,,24.0,0.0,24.0,24.0,0.0,24.0,40.0,0.0,40.0,2024-09-11 07:44:06,2026-06-25 13:32:57,1,,3,
1674849487290487,816547131290487,2022,54,83,1714,270,1,1,,,,,,,24.0,0.0,24.0,24.0,0.0,24.0,40.0,0.0,40.0,2024-09-11 07:44:06,2026-06-25 13:32:57,1,,3,
1674849488290487,816547131290487,2022,54,83,1714,360,2,1,,,,,,,24.0,0.0,24.0,24.0,0.0,24.0,40.0,0.0,40.0,2024-09-11 07:44:06,2026-06-25 13:32:57,1,,3,
1674858611290487,816547247290487,2022,54,89,2113,135,3,1,,,,,,,24.0,0.0,24.0,24.0,0.0,24.0,40.0,0.0,40.0,2024-09-11 07:44:06,2026-06-25 13:32:57,1,,3,
1674858612290487,816547247290487,2022,54,89,2113,225,4,1,,,,,,,24.0,0.0,24.0,24.0,0.0,24.0,40.0,0.0,40.0,2024-09-11 07:44:06,2026-06-25 13:32:57,1,,3,
1674858609290487,816547247290487,2022,54,89,2113,270,1,1,,,,,,,24.0,0.0,24.0,24.0,0.0,24.0,40.0,0.0,40.0,2024-09-11 07:44:06,2026-06-25 13:32:57,1,,3,
1674858610290487,816547247290487,2022,54,89,2113,360,2,1,,,,,,,24.0,0.0,24.0,24.0,0.0,24.0,40.0,0.0,40.0,2024-09-11 07:44:06,2026-06-25 13:32:57,1,,3,
1674850541290487,816547250290487,2022,54,89,2394,135,3,1,,14,1,0,,,24.0,24.0,24.0,24.0,24.0,24.0,40.0,40.0,40.0,2024-09-11 07:44:06,2026-06-25 13:32:56,1,,3,
1674850542290487,816547250290487,2022,54,89,2394,225,4,1,,10,0,2,,,24.0,24.0,24.0,24.0,24.0,24.0,40.0,40.0,40.0,2024-09-11 07:44:06,2026-06-25 13:32:56,1,,3,
1674850539290487,816547250290487,2022,54,89,2394,270,1,1,,13,3,3,,,24.0,24.0,24.0,24.0,24.0,24.0,40.0,40.0,40.0,2024-09-11 07:44:06,2026-06-25 13:32:56,1,,3,
1674850540290487,816547250290487,2022,54,89,2394,360,2,1,,5,0,1,,,24.0,24.0,24.0,24.0,24.0,24.0,40.0,40.0,40.0,2024-09-11 07:44:06,2026-06-25 13:32:56,1,,3,
1674866624290487,816547317290487,2022,54,91,1873,135,3,3,,,,,,,6.0,18.0,24.0,6.0,18.0,24.0,10.0,30.0,40.0,2024-09-11 07:44:06,2026-06-25 13:32:55,1,,3,
1674866625290487,816547317290487,2022,54,91,1873,225,4,1,,11,3,4,,,18.0,18.0,24.0,18.0,18.0,24.0,30.0,30.0,40.0,2024-09-11 07:44:06,2026-06-25 13:32:55,1,,3,
1674866622290487,816547317290487,2022,54,91,1873,270,1,1,,15,4,5,,,18.0,18.0,24.0,18.0,18.0,24.0,30.0,30.0,40.0,2024-09-11 07:44:06,2026-06-25 13:32:55,1,,3,
1674866623290487,816547317290487,2022,54,91,1873,360,2,1,,7,2,2,,,18.0,18.0,24.0,18.0,18.0,24.0,30.0,30.0,40.0,2024-09-11 07:44:06,2026-06-25 13:32:55,1,,3,
1674854285290487,816547109290487,2022,54,93,668,135,3,1,,15,2,3,,,24.0,24.0,24.0,24.0,24.0,24.0,40.0,40.0,40.0,2024-09-11 07:44:06,2026-06-25 13:32:55,1,,3,
1674854286290487,816547109290487,2022,54,93,668,225,4,1,,7,1,2,,,24.0,24.0,24.0,24.0,24.0,24.0,40.0,40.0,40.0,2024-09-11 07:44:06,2026-06-25 13:32:55,1,,3,
1674854283290487,816547109290487,2022,54,93,668,270,1,1,,9,1,2,,,24.0,24.0,24.0,24.0,24.0,24.0,40.0,40.0,40.0,2024-09-11 07:44:06,2026-06-25 13:32:55,1,,3,
1674854284290487,816547109290487,2022,54,93,668,360,2,1,,7,1,0,,,24.0,24.0,24.0,24.0,24.0,24.0,40.0,40.0,40.0,2024-09-11 07:44:06,2026-06-25 13:32:55,1,,3,
1674856093290487,816547190290487,2022,54,99,1933,135,3,1,,9,1,6,,,24.0,24.0,24.0,24.0,24.0,24.0,40.0,40.0,40.0,2024-09-11 07:44:06,2026-06-25 13:32:56,1,,3,
1674856094290487,816547190290487,2022,54,99,1933,225,4,1,,6,1,0,,,24.0,24.0,24.0,24.0,24.0,24.0,40.0,40.0,40.0,2024-09-11 07:44:06,2026-06-25 13:32:56,1,,3,
1674856091290487,816547190290487,2022,54,99,1933,270,1,1,,10,1,2,,,24.0,24.0,24.0,24.0,24.0,24.0,40.0,40.0,40.0,2024-09-11 07:44:06,2026-06-25 13:32:56,1,,3,
1674856092290487,816547190290487,2022,54,99,1933,360,2,1,,28,9,2,,,24.0,24.0,24.0,24.0,24.0,24.0,40.0,40.0,40.0,2024-09-11 07:44:06,2026-06-25 13:32:56,1,,3,
1674859452290487,816547269290487,2022,54,101,1529,135,3,1,,11,2,10,,,24.0,24.0,24.0,24.0,24.0,24.0,40.0,40.0,40.0,2024-09-11 07:44:06,2026-06-25 13:32:56,1,,3,
1674859453290487,816547269290487,2022,54,101,1529,225,4,1,,26,1,1,,,24.0,24.0,24.0,24.0,24.0,24.0,40.0,40.0,40.0,2024-09-11 07:44:06,2026-06-25 13:32:56,1,,3,
1674859450290487,816547269290487,2022,54,101,1529,270,1,1,,18,1,3,,,24.0,24.0,24.0,24.0,24.0,24.0,40.0,40.0,40.0,2024-09-11 07:44:06,2026-06-25 13:32:56,1,,3,
1674859451290487,816547269290487,2022,54,101,1529,360,2,1,,8,9,3,,,24.0,24.0,24.0,24.0,24.0,24.0,40.0,40.0,40.0,2024-09-11 07:44:06,2026-06-25 13:32:56,1,,3,
1674857134290487,816547197290487,2022,54,103,380,135,3,2,,,,,,,12.0,12.0,24.0,12.0,12.0,24.0,20.0,20.0,40.0,2024-09-11 07:44:06,2026-06-25 13:32:57,1,,3,
1674857135290487,816547197290487,2022,54,103,380,225,4,2,,,,,,,12.0,12.0,24.0,12.0,12.0,24.0,20.0,20.0,40.0,2024-09-11 07:44:06,2026-06-25 13:32:57,1,,3,
1674857132290487,816547197290487,2022,54,103,380,270,1,1,,6,1,8,,,12.0,12.0,24.0,12.0,12.0,24.0,20.0,20.0,40.0,2024-09-11 07:44:06,2026-06-25 13:32:57,1,,3,
1674857133290487,816547197290487,2022,54,103,380,360,2,1,,14,2,3,,,12.0,12.0,24.0,12.0,12.0,24.0,20.0,20.0,40.0,2024-09-11 07:44:06,2026-06-25 13:32:57,1,,3,
1674850726290487,816547077290487,2022,54,103,3601,135,3,1,,,,,,,24.0,0.0,24.0,24.0,0.0,24.0,40.0,0.0,40.0,2024-09-11 07:44:06,2026-06-25 13:32:57,1,,3,
1674850727290487,816547077290487,2022,54,103,3601,225,4,1,,,,,,,24.0,0.0,24.0,24.0,0.0,24.0,40.0,0.0,40.0,2024-09-11 07:44:06,2026-06-25 13:32:57,1,,3,
1674850724290487,816547077290487,2022,54,103,3601,270,1,1,,,,,,,24.0,0.0,24.0,24.0,0.0,24.0,40.0,0.0,40.0,2024-09-11 07:44:06,2026-06-25 13:32:57,1,,3,
1674850725290487,816547077290487,2022,54,103,3601,360,2,1,,,,,,,24.0,0.0,24.0,24.0,0.0,24.0,40.0,0.0,40.0,2024-09-11 07:44:06,2026-06-25 13:32:57,1,,3,
1674859683290487,816547274290487,2022,54,105,514,135,3,1,,,,,,,18.0,6.0,24.0,18.0,6.0,24.0,30.0,10.0,40.0,2024-09-11 07:44:06,2026-06-25 13:32:55,1,,3,
1674859684290487,816547274290487,2022,54,105,514,225,4,2,,15,0,2,,,6.0,6.0,24.0,6.0,6.0,24.0,10.0,10.0,40.0,2024-09-11 07:44:06,2026-06-25 13:32:55,1,,3,
1674859681290487,816547274290487,2022,54,105,514,270,1,1,,,,,,,18.0,6.0,24.0,18.0,6.0,24.0,30.0,10.0,40.0,2024-09-11 07:44:06,2026-06-25 13:32:55,1,,3,
1674859682290487,816547274290487,2022,54,105,514,360,2,1,,,,,,,18.0,6.0,24.0,18.0,6.0,24.0,30.0,10.0,40.0,2024-09-11 07:44:06,2026-06-25 13:32:55,1,,3,
1674849887290487,816547220290487,2022,54,107,762,135,3,1,,,,,,,24.0,24.0,24.0,24.0,24.0,24.0,40.0,40.0,40.0,2024-09-11 07:44:06,2026-06-25 13:32:55,1,,3,
1674849888290487,816547220290487,2022,54,107,762,225,4,1,,,,,,,24.0,24.0,24.0,24.0,24.0,24.0,40.0,40.0,40.0,2024-09-11 07:44:06,2026-06-25 13:32:55,1,,3,
1674849885290487,816547220290487,2022,54,107,762,270,1,1,,,,,,,24.0,24.0,24.0,24.0,24.0,24.0,40.0,40.0,40.0,2024-09-11 07:44:06,2026-06-25 13:32:55,1,,3,
1674849886290487,816547220290487,2022,54,107,762,360,2,1,,,,,,,24.0,24.0,24.0,24.0,24.0,24.0,40.0,40.0,40.0,2024-09-11 07:44:06,2026-06-25 13:32:55,1,,3,
1696437238290487,1192972467290487,2023,54,1,2429,135,3,2,,19,5,5,,,6.0,6.0,24.0,6.0,6.0,24.0,10.0,10.0,40.0,2024-12-02 11:29:02,2026-06-25 13:32:55,1,,3,
1696437239290487,1192972467290487,2023,54,1,2429,225,4,1,,,,,,,18.0,6.0,24.0,18.0,6.0,24.0,30.0,10.0,40.0,2024-12-02 11:29:02,2026-06-25 13:32:55,1,,3,
1696437236290487,1192972467290487,2023,54,1,2429,270,1,1,,,,,,,18.0,6.0,24.0,18.0,6.0,24.0,30.0,10.0,40.0,2024-12-02 11:29:02,2026-06-25 13:32:55,1,,3,
1696437237290487,1192972467290487,2023,54,1,2429,360,2,1,,,,,,,18.0,6.0,24.0,18.0,6.0,24.0,30.0,10.0,40.0,2024-12-02 11:29:02,2026-06-25 13:32:55,1,,3,
1696439614290487,1192972526290487,2023,54,3,1892,135,3,1,,,,,,,24.0,24.0,24.0,24.0,24.0,24.0,40.0,40.0,40.0,2024-12-02 11:29:02,2026-06-25 13:32:55,1,,3,
1696439615290487,1192972526290487,2023,54,3,1892,225,4,1,,,,,,,24.0,24.0,24.0,24.0,24.0,24.0,40.0,40.0,40.0,2024-12-02 11:29:02,2026-06-25 13:32:55,1,,3,
1696439612290487,1192972526290487,2023,54,3,1892,270,1,1,,,,,,,24.0,24.0,24.0,24.0,24.0,24.0,40.0,40.0,40.0,2024-12-02 11:29:02,2026-06-25 13:32:55,1,,3,
1696439613290487,1192972526290487,2023,54,3,1892,360,2,1,,,,,,,24.0,24.0,24.0,24.0,24.0,24.0,40.0,40.0,40.0,2024-12-02 11:29:02,2026-06-25 13:32:55,1,,3,
1696433312290487,1192972369290487,2023,54,5,2402,135,3,1,,63,18,22,,,24.0,24.0,24.0,24.0,24.0,24.0,40.0,40.0,40.0,2024-12-02 11:29:02,2026-06-25 13:32:56,1,,3,
1696433313290487,1192972369290487,2023,54,5,2402,225,4,1,,29,3,1,,,24.0,24.0,24.0,24.0,24.0,24.0,40.0,40.0,40.0,2024-12-02 11:29:02,2026-06-25 13:32:56,1,,3,
1696433310290487,1192972369290487,2023,54,5,2402,270,1,1,,24,2,4,,,24.0,24.0,24.0,24.0,24.0,24.0,40.0,40.0,40.0,2024-12-02 11:29:02,2026-06-25 13:32:56,1,,3,
1696433311290487,1192972369290487,2023,54,5,2402,360,2,1,,6,1,1,,,24.0,24.0,24.0,24.0,24.0,24.0,40.0,40.0,40.0,2024-12-02 11:29:02,2026-06-25 13:32:56,1,,3,
1696438209290487,1192972490290487,2023,54,7,1364,135,3,1,,9,3,0,,,24.0,24.0,24.0,24.0,24.0,24.0,40.0,40.0,40.0,2024-12-02 11:29:02,2026-06-25 13:32:55,1,,3,
1696438210290487,1192972490290487,2023,54,7,1364,225,4,1,,3,1,0,,,24.0,24.0,24.0,24.0,24.0,24.0,40.0,40.0,40.0,2024-12-02 11:29:02,2026-06-25 13:32:55,1,,3,
1696438207290487,1192972490290487,2023,54,7,1364,270,1,1,,7,1,1,,,24.0,24.0,24.0,24.0,24.0,24.0,40.0,40.0,40.0,2024-12-02 11:29:02,2026-06-25 13:32:55,1,,3,
1696438208290487,1192972490290487,2023,54,7,1364,360,2,1,,12,1,1,,,24.0,24.0,24.0,24.0,24.0,24.0,40.0,40.0,40.0,2024-12-02 11:29:02,2026-06-25 13:32:55,1,,3,
1696432477290487,1192972346290487,2023,54,13,454,135,3,1,,,,,,,24.0,0.0,24.0,24.0,0.0,24.0,40.0,0.0,40.0,2024-12-02 11:29:02,2026-06-25 13:32:56,1,,3,
1696432478290487,1192972346290487,2023,54,13,454,225,4,1,,,,,,,24.0,0.0,24.0,24.0,0.0,24.0,40.0,0.0,40.0,2024-12-02 11:29:02,2026-06-25 13:32:56,1,,3,
1696432475290487,1192972346290487,2023,54,13,454,270,1,1,,,,,,,24.0,0.0,24.0,24.0,0.0,24.0,40.0,0.0,40.0,2024-12-02 11:29:02,2026-06-25 13:32:56,1,,3,
1696432476290487,1192972346290487,2023,54,13,454,360,2,1,,,,,,,24.0,0.0,24.0,24.0,0.0,24.0,40.0,0.0,40.0,2024-12-02 11:29:02,2026-06-25 13:32:56,1,,3,
1696427533290487,1192972206290487,2023,54,15,1378,135,3,1,,12,0,1,,,18.0,18.0,24.0,18.0,18.0,24.0,30.0,30.0,40.0,2024-12-02 11:29:01,2026-06-25 13:32:54,1,,3,
1696427534290487,1192972206290487,2023,54,15,1378,225,4,1,,16,1,3,,,18.0,18.0,24.0,18.0,18.0,24.0,30.0,30.0,40.0,2024-12-02 11:29:01,2026-06-25 13:32:54,1,,3,
1696427531290487,1192972206290487,2023,54,15,1378,270,1,1,,17,1,0,,,18.0,18.0,24.0,18.0,18.0,24.0,30.0,30.0,40.0,2024-12-02 11:29:01,2026-06-25 13:32:54,1,,3,
1696427532290487,1192972206290487,2023,54,15,1378,360,2,2,,,,,,,6.0,18.0,24.0,6.0,18.0,24.0,10.0,30.0,40.0,2024-12-02 11:29:01,2026-06-25 13:32:54,1,,3,
1696436862290487,1192972459290487,2023,54,19,913,135,3,1,,,,,,,24.0,0.0,24.0,24.0,0.0,24.0,40.0,0.0,40.0,2024-12-02 11:29:02,2026-06-25 13:32:55,1,,3,
1696436863290487,1192972459290487,2023,54,19,913,225,4,1,,,,,,,24.0,0.0,24.0,24.0,0.0,24.0,40.0,0.0,40.0,2024-12-02 11:29:02,2026-06-25 13:32:55,1,,3,
1696436860290487,1192972459290487,2023,54,19,913,270,1,1,,,,,,,24.0,0.0,24.0,24.0,0.0,24.0,40.0,0.0,40.0,2024-12-02 11:29:02,2026-06-25 13:32:55,1,,3,
1696436861290487,1192972459290487,2023,54,19,913,360,2,1,,,,,,,24.0,0.0,24.0,24.0,0.0,24.0,40.0,0.0,40.0,2024-12-02 11:29:02,2026-06-25 13:32:55,1,,3,
1696435604290487,1192972429290487,2023,54,25,225,135,3,1,,7,3,0,,,24.0,24.0,24.0,24.0,24.0,24.0,40.0,40.0,40.0,2024-12-02 11:29:02,2026-06-25 13:32:54,1,,3,
1696435605290487,1192972429290487,2023,54,25,225,225,4,1,,14,2,3,,,24.0,24.0,24.0,24.0,24.0,24.0,40.0,40.0,40.0,2024-12-02 11:29:02,2026-06-25 13:32:54,1,,3,
1696435602290487,1192972429290487,2023,54,25,225,270,1,1,,14,0,0,,,24.0,24.0,24.0,24.0,24.0,24.0,40.0,40.0,40.0,2024-12-02 11:29:02,2026-06-25 13:32:54,1,,3,
1696435603290487,1192972429290487,2023,54,25,225,360,2,1,,7,1,2,,,24.0,24.0,24.0,24.0,24.0,24.0,40.0,40.0,40.0,2024-12-02 11:29:02,2026-06-25 13:32:54,1,,3,
1696436055290487,1192972438290487,2023,54,25,1598,135,3,1,,13,1,3,,,18.0,24.0,24.0,18.0,24.0,24.0,30.0,40.0,40.0,2024-12-02 11:29:02,2026-06-25 13:32:54,1,,3,
1696436056290487,1192972438290487,2023,54,25,1598,225,4,3,,13,1,4,,,6.0,24.0,24.0,6.0,24.0,24.0,10.0,40.0,40.0,2024-12-02 11:29:02,2026-06-25 13:32:54,1,,3,
1696436053290487,1192972438290487,2023,54,25,1598,270,1,1,,12,3,4,,,18.0,24.0,24.0,18.0,24.0,24.0,30.0,40.0,40.0,2024-12-02 11:29:02,2026-06-25 13:32:54,1,,3,
1696436054290487,1192972438290487,2023,54,25,1598,360,2,1,,3,1,2,,,18.0,24.0,24.0,18.0,24.0,24.0,30.0,40.0,40.0,2024-12-02 11:29:02,2026-06-25 13:32:54,1,,3,
1696439461290487,1192972517290487,2023,54,27,602,135,3,1,,14,3,1,,,24.0,24.0,24.0,24.0,24.0,24.0,40.0,40.0,40.0,2024-12-02 11:29:02,2026-06-25 13:32:56,1,,3,
1696439462290487,1192972517290487,2023,54,27,602,225,4,1,,13,1,0,,,24.0,24.0,24.0,24.0,24.0,24.0,40.0,40.0,40.0,2024-12-02 11:29:02,2026-06-25 13:32:56,1,,3,
1696439459290487,1192972517290487,2023,54,27,602,270,1,1,,7,10,0,,,24.0,24.0,24.0,24.0,24.0,24.0,40.0,40.0,40.0,2024-12-02 11:29:02,2026-06-25 13:32:56,1,,3,
1696439460290487,1192972517290487,2023,54,27,602,360,2,1,,10,5,5,,,24.0,24.0,24.0,24.0,24.0,24.0,40.0,40.0,40.0,2024-12-02 11:29:02,2026-06-25 13:32:56,1,,3,
1696439139290487,1192972508290487,2023,54,27,1971,135,3,1,,4,2,0,,,24.0,24.0,24.0,24.0,24.0,24.0,40.0,40.0,40.0,2024-12-02 11:29:02,2026-06-25 13:32:54,1,,3,
1696439140290487,1192972508290487,2023,54,27,1971,225,4,1,,16,4,0,,,24.0,24.0,24.0,24.0,24.0,24.0,40.0,40.0,40.0,2024-12-02 11:29:02,2026-06-25 13:32:54,1,,3,
1696439137290487,1192972508290487,2023,54,27,1971,270,1,1,,2,1,2,,,24.0,24.0,24.0,24.0,24.0,24.0,40.0,40.0,40.0,2024-12-02 11:29:02,2026-06-25 13:32:54,1,,3,
1696439138290487,1192972508290487,2023,54,27,1971,360,2,1,,3,4,1,,,24.0,24.0,24.0,24.0,24.0,24.0,40.0,40.0,40.0,2024-12-02 11:29:02,2026-06-25 13:32:54,1,,3,
1696429355290487,1192972259290487,2023,54,31,2075,135,3,1,,,,,,,24.0,0.0,24.0,24.0,0.0,24.0,40.0,0.0,40.0,2024-12-02 11:29:02,2026-06-25 13:32:55,1,,3,
1696429356290487,1192972259290487,2023,54,31,2075,225,4,1,,,,,,,24.0,0.0,24.0,24.0,0.0,24.0,40.0,0.0,40.0,2024-12-02 11:29:02,2026-06-25 13:32:55,1,,3,
1696429353290487,1192972259290487,2023,54,31,2075,270,1,1,,,,,,,24.0,0.0,24.0,24.0,0.0,24.0,40.0,0.0,40.0,2024-12-02 11:29:02,2026-06-25 13:32:55,1,,3,
1696429354290487,1192972259290487,2023,54,31,2075,360,2,1,,,,,,,24.0,0.0,24.0,24.0,0.0,24.0,40.0,0.0,40.0,2024-12-02 11:29:02,2026-06-25 13:32:55,1,,3,
1696431013290487,1192972307290487,2023,54,39,2374,135,3,1,,,,,,,24.0,0.0,24.0,24.0,0.0,24.0,40.0,0.0,40.0,2024-12-02 11:29:02,2026-06-25 13:32:57,1,,3,
1696431014290487,1192972307290487,2023,54,39,2374,225,4,1,,,,,,,24.0,0.0,24.0,24.0,0.0,24.0,40.0,0.0,40.0,2024-12-02 11:29:02,2026-06-25 13:32:57,1,,3,
1696431011290487,1192972307290487,2023,54,39,2374,270,1,1,,,,,,,24.0,0.0,24.0,24.0,0.0,24.0,40.0,0.0,40.0,2024-12-02 11:29:02,2026-06-25 13:32:57,1,,3,
1696431012290487,1192972307290487,2023,54,39,2374,360,2,1,,,,,,,24.0,0.0,24.0,24.0,0.0,24.0,40.0,0.0,40.0,2024-12-02 11:29:02,2026-06-25 13:32:57,1,,3,
1696431080290487,1192972310290487,2023,54,39,2412,135,3,1,,,,,,,24.0,0.0,24.0,24.0,0.0,24.0,40.0,0.0,40.0,2024-12-02 11:29:02,2026-06-25 13:32:57,1,,3,
1696431081290487,1192972310290487,2023,54,39,2412,225,4,1,,,,,,,24.0,0.0,24.0,24.0,0.0,24.0,40.0,0.0,40.0,2024-12-02 11:29:02,2026-06-25 13:32:57,1,,3,
1696431078290487,1192972310290487,2023,54,39,2412,270,1,1,,,,,,,24.0,0.0,24.0,24.0,0.0,24.0,40.0,0.0,40.0,2024-12-02 11:29:02,2026-06-25 13:32:57,1,,3,
1696431079290487,1192972310290487,2023,54,39,2412,360,2,1,,,,,,,24.0,0.0,24.0,24.0,0.0,24.0,40.0,0.0,40.0,2024-12-02 11:29:02,2026-06-25 13:32:57,1,,3,
1696430884290487,1192972303290487,2023,54,47,1853,135,3,1,,14,1,0,,,12.0,24.0,24.0,12.0,24.0,24.0,20.0,40.0,40.0,2024-12-02 11:29:02,2026-06-25 13:32:56,1,,3,
1696430885290487,1192972303290487,2023,54,47,1853,225,4,2,,,,,,,12.0,24.0,24.0,12.0,24.0,24.0,20.0,40.0,40.0,2024-12-02 11:29:02,2026-06-25 13:32:56,1,,3,
1696430882290487,1192972303290487,2023,54,47,1853,270,1,1,,7,6,2,,,12.0,24.0,24.0,12.0,24.0,24.0,20.0,40.0,40.0,2024-12-02 11:29:02,2026-06-25 13:32:56,1,,3,
1696430883290487,1192972303290487,2023,54,47,1853,360,2,2,,,,,,,12.0,24.0,24.0,12.0,24.0,24.0,20.0,40.0,40.0,2024-12-02 11:29:02,2026-06-25 13:32:56,1,,3,
1696431464290487,1192972319290487,2023,54,51,1731,135,3,1,,,,,,,18.0,24.0,24.0,18.0,24.0,24.0,30.0,40.0,40.0,2024-12-02 11:29:02,2026-06-25 13:32:57,1,,3,
1696431465290487,1192972319290487,2023,54,51,1731,225,4,2,,4,2,1,,,6.0,24.0,24.0,6.0,24.0,24.0,10.0,40.0,40.0,2024-12-02 11:29:02,2026-06-25 13:32:57,1,,3,
1696431462290487,1192972319290487,2023,54,51,1731,270,1,1,,,,,,,18.0,24.0,24.0,18.0,24.0,24.0,30.0,40.0,40.0,2024-12-02 11:29:02,2026-06-25 13:32:57,1,,3,
1696431463290487,1192972319290487,2023,54,51,1731,360,2,1,,,,,,,18.0,24.0,24.0,18.0,24.0,24.0,30.0,40.0,40.0,2024-12-02 11:29:02,2026-06-25 13:32:57,1,,3,
1696436400290487,1192972446290487,2023,54,63,559,135,3,1,,,,,,,24.0,0.0,24.0,24.0,0.0,24.0,40.0,0.0,40.0,2024-12-02 11:29:02,2026-06-25 13:32:55,1,,3,
1696436401290487,1192972446290487,2023,54,63,559,225,4,1,,,,,,,24.0,0.0,24.0,24.0,0.0,24.0,40.0,0.0,40.0,2024-12-02 11:29:02,2026-06-25 13:32:55,1,,3,
1696436398290487,1192972446290487,2023,54,63,559,270,1,1,,,,,,,24.0,0.0,24.0,24.0,0.0,24.0,40.0,0.0,40.0,2024-12-02 11:29:02,2026-06-25 13:32:55,1,,3,
1696436399290487,1192972446290487,2023,54,63,559,360,2,1,,,,,,,24.0,0.0,24.0,24.0,0.0,24.0,40.0,0.0,40.0,2024-12-02 11:29:02,2026-06-25 13:32:55,1,,3,
1696428939290487,1192972243290487,2023,54,63,1793,135,3,2,,3,0,0,,,6.0,24.0,24.0,6.0,24.0,24.0,10.0,40.0,40.0,2024-12-02 11:29:02,2026-06-25 13:32:56,1,,3,
1696428940290487,1192972243290487,2023,54,63,1793,225,4,1,,19,3,3,,,18.0,24.0,24.0,18.0,24.0,24.0,30.0,40.0,40.0,2024-12-02 11:29:02,2026-06-25 13:32:56,1,,3,
1696428938290487,1192972243290487,2023,54,63,1793,360,2,1,,9,0,0,,,18.0,24.0,24.0,18.0,24.0,24.0,30.0,40.0,40.0,2024-12-02 11:29:02,2026-06-25 13:32:56,1,,3,
1696426492290487,1192972176290487,2023,54,65,1431,135,3,1,,6,4,2,,,24.0,24.0,24.0,24.0,24.0,24.0,40.0,40.0,40.0,2024-12-02 11:29:01,2026-06-25 13:32:54,1,,3,
1696426493290487,1192972176290487,2023,54,65,1431,225,4,1,,5,1,2,,,24.0,24.0,24.0,24.0,24.0,24.0,40.0,40.0,40.0,2024-12-02 11:29:01,2026-06-25 13:32:54,1,,3,
1696426490290487,1192972176290487,2023,54,65,1431,270,1,1,,16,3,1,,,24.0,24.0,24.0,24.0,24.0,24.0,40.0,40.0,40.0,2024-12-02 11:29:01,2026-06-25 13:32:54,1,,3,
1696426491290487,1192972176290487,2023,54,65,1431,360,2,1,,3,3,1,,,24.0,24.0,24.0,24.0,24.0,24.0,40.0,40.0,40.0,2024-12-02 11:29:01,2026-06-25 13:32:54,1,,3,
1696433063290487,1192972362290487,2023,54,73,1771,135,3,3,,,,,,,6.0,18.0,24.0,6.0,18.0,24.0,10.0,30.0,40.0,2024-12-02 11:29:02,2026-06-25 13:32:57,1,,3,
1696433064290487,1192972362290487,2023,54,73,1771,225,4,1,,,,,,,12.0,18.0,24.0,12.0,18.0,24.0,20.0,30.0,40.0,2024-12-02 11:29:02,2026-06-25 13:32:57,1,,3,
1696433061290487,1192972362290487,2023,54,73,1771,270,1,1,,,,,,,12.0,18.0,24.0,12.0,18.0,24.0,20.0,30.0,40.0,2024-12-02 11:29:02,2026-06-25 13:32:57,1,,3,
1696433062290487,1192972362290487,2023,54,73,1771,360,2,2,,6,2,0,,,6.0,18.0,24.0,6.0,18.0,24.0,10.0,30.0,40.0,2024-12-02 11:29:02,2026-06-25 13:32:57,1,,3,
1697582602290487,1192972237290487,2023,54,75,3599,135,3,1,,29,6,1,,,24.0,24.0,24.0,24.0,24.0,24.0,37.5,37.5,40.0,2024-12-04 11:19:45,2026-06-25 13:32:55,1,,3,
1697582603290487,1192972237290487,2023,54,75,3599,135,3,2,,,,,,,0.0,24.0,24.0,0.0,24.0,24.0,2.5,37.5,40.0,2024-12-04 11:19:45,2026-06-25 13:32:55,1,,3,
1697582604290487,1192972237290487,2023,54,75,3599,225,4,1,,3,1,0,,,24.0,24.0,24.0,24.0,24.0,24.0,37.5,37.5,40.0,2024-12-04 11:19:45,2026-06-25 13:32:55,1,,3,
1697582600290487,1192972237290487,2023,54,75,3599,270,1,1,,3,4,1,,,24.0,24.0,24.0,24.0,24.0,24.0,37.5,37.5,40.0,2024-12-04 11:19:45,2026-06-25 13:32:55,1,,3,
1697582601290487,1192972237290487,2023,54,75,3599,360,2,1,,25,0,1,,,24.0,24.0,24.0,24.0,24.0,24.0,37.5,37.5,40.0,2024-12-04 11:19:45,2026-06-25 13:32:55,1,,3,
1696436459290487,1192972447290487,2023,54,77,2255,135,3,1,,,,,,,24.0,0.0,24.0,24.0,0.0,24.0,40.0,0.0,40.0,2024-12-02 11:29:02,2026-06-25 13:32:55,1,,3,
1696436460290487,1192972447290487,2023,54,77,2255,225,4,1,,,,,,,24.0,0.0,24.0,24.0,0.0,24.0,40.0,0.0,40.0,2024-12-02 11:29:02,2026-06-25 13:32:55,1,,3,
1696436457290487,1192972447290487,2023,54,77,2255,270,1,1,,,,,,,24.0,0.0,24.0,24.0,0.0,24.0,40.0,0.0,40.0,2024-12-02 11:29:02,2026-06-25 13:32:55,1,,3,
1696436458290487,1192972447290487,2023,54,77,2255,360,2,1,,,,,,,24.0,0.0,24.0,24.0,0.0,24.0,40.0,0.0,40.0,2024-12-02 11:29:02,2026-06-25 13:32:55,1,,3,
1696426220290487,1192972172290487,2023,54,81,1604,135,3,1,,,,,,,12.0,24.0,24.0,12.0,24.0,24.0,20.0,40.0,40.0,2024-12-02 11:29:02,2026-06-25 13:32:56,1,,3,
1696426221290487,1192972172290487,2023,54,81,1604,225,4,3,,13,2,1,,,6.0,24.0,24.0,6.0,24.0,24.0,10.0,40.0,40.0,2024-12-02 11:29:02,2026-06-25 13:32:56,1,,3,
1696426218290487,1192972172290487,2023,54,81,1604,270,1,1,,,,,,,12.0,24.0,24.0,12.0,24.0,24.0,20.0,40.0,40.0,2024-12-02 11:29:02,2026-06-25 13:32:56,1,,3,
1696426219290487,1192972172290487,2023,54,81,1604,360,2,2,,,,,,,6.0,24.0,24.0,6.0,24.0,24.0,10.0,40.0,40.0,2024-12-02 11:29:02,2026-06-25 13:32:56,1,,3,
1696428537290487,1192972236290487,2023,54,83,237,135,3,1,,6,3,4,,,24.0,24.0,24.0,24.0,24.0,24.0,40.0,40.0,40.0,2024-12-02 11:29:02,2026-06-25 13:32:57,1,,3,
1696428538290487,1192972236290487,2023,54,83,237,225,4,1,,7,0,3,,,24.0,24.0,24.0,24.0,24.0,24.0,40.0,40.0,40.0,2024-12-02 11:29:02,2026-06-25 13:32:57,1,,3,
1696428535290487,1192972236290487,2023,54,83,237,270,1,1,,13,4,1,,,24.0,24.0,24.0,24.0,24.0,24.0,40.0,40.0,40.0,2024-12-02 11:29:02,2026-06-25 13:32:57,1,,3,
1696428536290487,1192972236290487,2023,54,83,237,360,2,1,,21,2,3,,,24.0,24.0,24.0,24.0,24.0,24.0,40.0,40.0,40.0,2024-12-02 11:29:02,2026-06-25 13:32:57,1,,3,
1696438707290487,1192972502290487,2023,54,83,1083,135,3,1,,14,0,1,,,24.0,24.0,24.0,24.0,24.0,24.0,40.0,40.0,40.0,2024-12-02 11:29:02,2026-06-25 13:32:56,1,,3,
1696438708290487,1192972502290487,2023,54,83,1083,225,4,1,,13,2,0,,,24.0,24.0,24.0,24.0,24.0,24.0,40.0,40.0,40.0,2024-12-02 11:29:02,2026-06-25 13:32:56,1,,3,
1696438705290487,1192972502290487,2023,54,83,1083,270,1,1,,7,3,3,,,24.0,24.0,24.0,24.0,24.0,24.0,40.0,40.0,40.0,2024-12-02 11:29:02,2026-06-25 13:32:56,1,,3,
1696438706290487,1192972502290487,2023,54,83,1083,360,2,1,,16,3,1,,,24.0,24.0,24.0,24.0,24.0,24.0,40.0,40.0,40.0,2024-12-02 11:29:02,2026-06-25 13:32:56,1,,3,
1696437721290487,1192972480290487,2023,54,83,1282,135,3,1,,22,4,3,,,24.0,24.0,24.0,24.0,24.0,24.0,40.0,40.0,40.0,2024-12-02 11:29:02,2026-06-25 13:32:55,1,,3,
1696437722290487,1192972480290487,2023,54,83,1282,225,4,1,,5,0,0,,,24.0,24.0,24.0,24.0,24.0,24.0,40.0,40.0,40.0,2024-12-02 11:29:02,2026-06-25 13:32:55,1,,3,
1696437719290487,1192972480290487,2023,54,83,1282,270,1,1,,11,1,5,,,24.0,24.0,24.0,24.0,24.0,24.0,40.0,40.0,40.0,2024-12-02 11:29:02,2026-06-25 13:32:55,1,,3,
1696437720290487,1192972480290487,2023,54,83,1282,360,2,1,,9,2,1,,,24.0,24.0,24.0,24.0,24.0,24.0,40.0,40.0,40.0,2024-12-02 11:29:02,2026-06-25 13:32:55,1,,3,
1696438881290487,1192972504290487,2023,54,83,2127,135,3,1,,13,0,1,,,12.0,24.0,24.0,12.0,24.0,24.0,20.0,40.0,40.0,2024-12-02 11:29:02,2026-06-25 13:32:55,1,,3,
1696438882290487,1192972504290487,2023,54,83,2127,225,4,3,,,,,,,6.0,24.0,24.0,6.0,24.0,24.0,10.0,40.0,40.0,2024-12-02 11:29:02,2026-06-25 13:32:55,1,,3,
1696438879290487,1192972504290487,2023,54,83,2127,270,1,1,,10,1,1,,,12.0,24.0,24.0,12.0,24.0,24.0,20.0,40.0,40.0,2024-12-02 11:29:02,2026-06-25 13:32:55,1,,3,
1696438880290487,1192972504290487,2023,54,83,2127,360,2,2,,10,1,0,,,6.0,24.0,24.0,6.0,24.0,24.0,10.0,40.0,40.0,2024-12-02 11:29:02,2026-06-25 13:32:55,1,,3,
1696432644290487,1192972350290487,2023,54,87,1586,135,3,1,,12,4,1,,,24.0,24.0,24.0,24.0,24.0,24.0,40.0,40.0,40.0,2024-12-02 11:29:02,2026-06-25 13:32:54,1,,3,
1696432645290487,1192972350290487,2023,54,87,1586,225,4,1,,13,1,0,,,24.0,24.0,24.0,24.0,24.0,24.0,40.0,40.0,40.0,2024-12-02 11:29:02,2026-06-25 13:32:54,1,,3,
1696432642290487,1192972350290487,2023,54,87,1586,270,1,1,,9,4,3,,,24.0,24.0,24.0,24.0,24.0,24.0,40.0,40.0,40.0,2024-12-02 11:29:02,2026-06-25 13:32:54,1,,3,
1696432643290487,1192972350290487,2023,54,87,1586,360,2,1,,16,0,4,,,24.0,24.0,24.0,24.0,24.0,24.0,40.0,40.0,40.0,2024-12-02 11:29:02,2026-06-25 13:32:54,1,,3,
1696438511290487,1192972498290487,2023,54,93,1099,135,3,2,,11,0,4,,,6.0,24.0,24.0,6.0,24.0,24.0,10.0,40.0,40.0,2024-12-02 11:29:02,2026-06-25 13:32:56,1,,3,
1696438512290487,1192972498290487,2023,54,93,1099,225,4,1,,8,3,0,,,18.0,24.0,24.0,18.0,24.0,24.0,30.0,40.0,40.0,2024-12-02 11:29:02,2026-06-25 13:32:56,1,,3,
1696438509290487,1192972498290487,2023,54,93,1099,270,1,1,,1,0,0,,,18.0,24.0,24.0,18.0,24.0,24.0,30.0,40.0,40.0,2024-12-02 11:29:02,2026-06-25 13:32:56,1,,3,
1696438510290487,1192972498290487,2023,54,93,1099,360,2,1,,3,2,1,,,18.0,24.0,24.0,18.0,24.0,24.0,30.0,40.0,40.0,2024-12-02 11:29:02,2026-06-25 13:32:56,1,,3,
1696433094290487,1192972363290487,2023,54,95,1258,135,3,1,,,,,,,24.0,0.0,24.0,24.0,0.0,24.0,40.0,0.0,40.0,2024-12-02 11:29:02,2026-06-25 13:32:56,1,,3,
1696433095290487,1192972363290487,2023,54,95,1258,225,4,1,,,,,,,24.0,0.0,24.0,24.0,0.0,24.0,40.0,0.0,40.0,2024-12-02 11:29:02,2026-06-25 13:32:56,1,,3,
1696433092290487,1192972363290487,2023,54,95,1258,270,1,1,,,,,,,24.0,0.0,24.0,24.0,0.0,24.0,40.0,0.0,40.0,2024-12-02 11:29:02,2026-06-25 13:32:56,1,,3,
1696433093290487,1192972363290487,2023,54,95,1258,360,2,1,,,,,,,24.0,0.0,24.0,24.0,0.0,24.0,40.0,0.0,40.0,2024-12-02 11:29:02,2026-06-25 13:32:56,1,,3,
1696435185290487,1192972420290487,2023,54,97,1210,135,3,1,,1,0,0,,,24.0,24.0,24.0,24.0,24.0,24.0,40.0,40.0,40.0,2024-12-02 11:29:02,2026-06-25 13:32:55,1,,3,
1696435186290487,1192972420290487,2023,54,97,1210,225,4,1,,11,2,0,,,24.0,24.0,24.0,24.0,24.0,24.0,40.0,40.0,40.0,2024-12-02 11:29:02,2026-06-25 13:32:55,1,,3,
1696435183290487,1192972420290487,2023,54,97,1210,270,1,1,,11,0,1,,,24.0,24.0,24.0,24.0,24.0,24.0,40.0,40.0,40.0,2024-12-02 11:29:02,2026-06-25 13:32:55,1,,3,
1696435184290487,1192972420290487,2023,54,97,1210,360,2,1,,25,2,0,,,24.0,24.0,24.0,24.0,24.0,24.0,40.0,40.0,40.0,2024-12-02 11:29:02,2026-06-25 13:32:55,1,,3,
1696430145290487,1192972283290487,2023,54,99,1003,135,3,1,,6,1,1,,,24.0,24.0,24.0,24.0,24.0,24.0,40.0,40.0,40.0,2024-12-02 11:29:02,2026-06-25 13:32:56,1,,3,
1696430146290487,1192972283290487,2023,54,99,1003,225,4,1,,14,0,1,,,24.0,24.0,24.0,24.0,24.0,24.0,40.0,40.0,40.0,2024-12-02 11:29:02,2026-06-25 13:32:56,1,,3,
1696430143290487,1192972283290487,2023,54,99,1003,270,1,1,,13,4,1,,,24.0,24.0,24.0,24.0,24.0,24.0,40.0,40.0,40.0,2024-12-02 11:29:02,2026-06-25 13:32:56,1,,3,
1696430144290487,1192972283290487,2023,54,99,1003,360,2,1,,11,1,1,,,24.0,24.0,24.0,24.0,24.0,24.0,40.0,40.0,40.0,2024-12-02 11:29:02,2026-06-25 13:32:56,1,,3,
1696427003290487,1192972190290487,2023,54,101,516,135,3,1,,15,4,2,,,24.0,24.0,24.0,24.0,24.0,24.0,40.0,40.0,40.0,2024-12-02 11:29:02,2026-06-25 13:32:55,1,,3,
1696427004290487,1192972190290487,2023,54,101,516,225,4,1,,13,1,2,,,24.0,24.0,24.0,24.0,24.0,24.0,40.0,40.0,40.0,2024-12-02 11:29:02,2026-06-25 13:32:55,1,,3,
1696427001290487,1192972190290487,2023,54,101,516,270,1,1,,9,3,3,,,24.0,24.0,24.0,24.0,24.0,24.0,40.0,40.0,40.0,2024-12-02 11:29:02,2026-06-25 13:32:55,1,,3,
1696427002290487,1192972190290487,2023,54,101,516,360,2,1,,34,2,2,,,24.0,24.0,24.0,24.0,24.0,24.0,40.0,40.0,40.0,2024-12-02 11:29:02,2026-06-25 13:32:55,1,,3,
1696433883290487,1192972382290487,2023,54,107,1124,135,3,1,,5,2,0,,,24.0,24.0,24.0,24.0,24.0,24.0,40.0,40.0,40.0,2024-12-02 11:29:02,2026-06-25 13:32:54,1,,3,
1696433884290487,1192972382290487,2023,54,107,1124,225,4,1,,15,2,1,,,24.0,24.0,24.0,24.0,24.0,24.0,40.0,40.0,40.0,2024-12-02 11:29:02,2026-06-25 13:32:54,1,,3,
1696433881290487,1192972382290487,2023,54,107,1124,270,1,1,,7,2,2,,,24.0,24.0,24.0,24.0,24.0,24.0,40.0,40.0,40.0,2024-12-02 11:29:02,2026-06-25 13:32:54,1,,3,
1696433882290487,1192972382290487,2023,54,107,1124,360,2,1,,19,1,0,,,24.0,24.0,24.0,24.0,24.0,24.0,40.0,40.0,40.0,2024-12-02 11:29:02,2026-06-25 13:32:54,1,,3,
1696434065290487,1192972385290487,2023,54,107,2443,135,3,1,,6,0,0,,,24.0,24.0,24.0,24.0,24.0,24.0,40.0,40.0,40.0,2024-12-02 11:29:02,2026-06-25 13:32:57,1,,3,
1696434066290487,1192972385290487,2023,54,107,2443,225,4,1,,4,1,0,,,24.0,24.0,24.0,24.0,24.0,24.0,40.0,40.0,40.0,2024-12-02 11:29:02,2026-06-25 13:32:57,1,,3,
1696434063290487,1192972385290487,2023,54,107,2443,270,1,1,,,,,,,24.0,24.0,24.0,24.0,24.0,24.0,40.0,40.0,40.0,2024-12-02 11:29:02,2026-06-25 13:32:57,0,10,3,
1696434064290487,1192972385290487,2023,54,107,2443,360,2,1,,7,0,0,,,24.0,24.0,24.0,24.0,24.0,24.0,40.0,40.0,40.0,2024-12-02 11:29:02,2026-06-25 13:32:57,1,,3,
1841447192290487,1287838452290487,2024,54,1,2458,135,3,1,,,,,,,24.0,0.0,24.0,24.0,0.0,24.0,40.0,0.0,40.0,2025-04-21 10:31:31,2026-06-25 13:32:56,1,,3,
1841447193290487,1287838452290487,2024,54,1,2458,225,4,1,,,,,,,24.0,0.0,24.0,24.0,0.0,24.0,40.0,0.0,40.0,2025-04-21 10:31:31,2026-06-25 13:32:56,1,,3,
1841447190290487,1287838452290487,2024,54,1,2458,270,1,1,,,,,,,24.0,0.0,24.0,24.0,0.0,24.0,40.0,0.0,40.0,2025-04-21 10:31:31,2026-06-25 13:32:56,1,,3,
1841447191290487,1287838452290487,2024,54,1,2458,360,2,1,,,,,,,24.0,0.0,24.0,24.0,0.0,24.0,40.0,0.0,40.0,2025-04-21 10:31:31,2026-06-25 13:32:56,1,,3,
1841442926290487,1287838351290487,2024,54,17,2157,135,3,1,,18,5,1,,,21.0,24.0,24.0,21.0,24.0,24.0,33.0,40.0,40.0,2025-04-21 10:31:31,2026-06-25 13:32:55,1,,3,
1841442927290487,1287838351290487,2024,54,17,2157,225,4,1,,14,2,2,,,21.0,24.0,24.0,21.0,24.0,24.0,33.0,40.0,40.0,2025-04-21 10:31:31,2026-06-25 13:32:55,1,,3,
1841442928290487,1287838351290487,2024,54,17,2157,225,4,2,,5,0,1,,,3.0,24.0,24.0,3.0,24.0,24.0,7.0,40.0,40.0,2025-04-21 10:31:31,2026-06-25 13:32:55,1,,3,
1841442924290487,1287838351290487,2024,54,17,2157,270,1,1,,9,2,1,,,21.0,24.0,24.0,21.0,24.0,24.0,33.0,40.0,40.0,2025-04-21 10:31:31,2026-06-25 13:32:55,1,,3,
1841442925290487,1287838351290487,2024,54,17,2157,360,2,1,,0,2,0,,,21.0,24.0,24.0,21.0,24.0,24.0,33.0,40.0,40.0,2025-04-21 10:31:31,2026-06-25 13:32:55,1,,3,
1841454163290487,1287838638290487,2024,54,19,898,135,3,2,,13,6,1,,,6.0,24.0,24.0,6.0,24.0,24.0,10.0,40.0,40.0,2025-04-21 10:31:31,2026-06-25 13:32:55,1,,3,
1841454164290487,1287838638290487,2024,54,19,898,225,4,1,,2,0,0,,,18.0,24.0,24.0,18.0,24.0,24.0,30.0,40.0,40.0,2025-04-21 10:31:31,2026-06-25 13:32:55,1,,3,
1841454161290487,1287838638290487,2024,54,19,898,270,1,1,,0,0,0,,,18.0,24.0,24.0,18.0,24.0,24.0,30.0,40.0,40.0,2025-04-21 10:31:31,2026-06-25 13:32:55,1,,3,
1841454162290487,1287838638290487,2024,54,19,898,360,2,1,,1,0,0,,,18.0,24.0,24.0,18.0,24.0,24.0,30.0,40.0,40.0,2025-04-21 10:31:31,2026-06-25 13:32:55,1,,3,
1841446291290487,1287838427290487,2024,54,25,268,135,3,1,,18,0,1,,,24.0,24.0,24.0,24.0,24.0,24.0,40.0,40.0,40.0,2025-04-21 10:31:31,2026-06-25 13:32:57,1,,3,
1841446292290487,1287838427290487,2024,54,25,268,225,4,1,,11,0,0,,,24.0,24.0,24.0,24.0,24.0,24.0,40.0,40.0,40.0,2025-04-21 10:31:31,2026-06-25 13:32:57,1,,3,
1841446289290487,1287838427290487,2024,54,25,268,270,1,1,,3,1,0,,,24.0,24.0,24.0,24.0,24.0,24.0,40.0,40.0,40.0,2025-04-21 10:31:31,2026-06-25 13:32:57,1,,3,
1841446290290487,1287838427290487,2024,54,25,268,360,2,1,,8,0,0,,,24.0,24.0,24.0,24.0,24.0,24.0,40.0,40.0,40.0,2025-04-21 10:31:31,2026-06-25 13:32:57,1,,3,
1841445247290487,1287838408290487,2024,54,25,1520,135,3,1,,10,1,1,,,24.0,24.0,24.0,24.0,24.0,24.0,40.0,40.0,40.0,2025-04-21 10:31:31,2026-06-25 13:32:57,1,,3,
1841445248290487,1287838408290487,2024,54,25,1520,225,4,1,,9,1,3,,,24.0,24.0,24.0,24.0,24.0,24.0,40.0,40.0,40.0,2025-04-21 10:31:31,2026-06-25 13:32:57,1,,3,
1841445245290487,1287838408290487,2024,54,25,1520,270,1,1,,0,2,2,,,24.0,24.0,24.0,24.0,24.0,24.0,40.0,40.0,40.0,2025-04-21 10:31:31,2026-06-25 13:32:57,1,,3,
1841445246290487,1287838408290487,2024,54,25,1520,360,2,1,,3,8,3,,,24.0,24.0,24.0,24.0,24.0,24.0,40.0,40.0,40.0,2025-04-21 10:31:31,2026-06-25 13:32:57,1,,3,
1841457370290487,1287838706290487,2024,54,27,48,135,3,1,,22,1,1,,,24.0,24.0,24.0,24.0,24.0,24.0,40.0,40.0,40.0,2025-04-21 10:31:31,2026-06-25 13:32:55,1,,3,
1841457371290487,1287838706290487,2024,54,27,48,225,4,1,,23,3,3,,,24.0,24.0,24.0,24.0,24.0,24.0,40.0,40.0,40.0,2025-04-21 10:31:31,2026-06-25 13:32:55,1,,3,
1841457368290487,1287838706290487,2024,54,27,48,270,1,1,,31,11,5,,,24.0,24.0,24.0,24.0,24.0,24.0,40.0,40.0,40.0,2025-04-21 10:31:31,2026-06-25 13:32:55,1,,3,
1841457369290487,1287838706290487,2024,54,27,48,360,2,1,,31,6,2,,,24.0,24.0,24.0,24.0,24.0,24.0,40.0,40.0,40.0,2025-04-21 10:31:31,2026-06-25 13:32:55,1,,3,
1841446912290487,1287838443290487,2024,54,27,370,135,3,1,,8,3,0,,,24.0,24.0,24.0,24.0,24.0,24.0,40.0,40.0,40.0,2025-04-21 10:31:31,2026-06-25 13:32:54,1,,3,
1841446913290487,1287838443290487,2024,54,27,370,225,4,1,,11,3,3,,,24.0,24.0,24.0,24.0,24.0,24.0,40.0,40.0,40.0,2025-04-21 10:31:31,2026-06-25 13:32:54,1,,3,
1841446910290487,1287838443290487,2024,54,27,370,270,1,1,,11,1,0,,,24.0,24.0,24.0,24.0,24.0,24.0,40.0,40.0,40.0,2025-04-21 10:31:31,2026-06-25 13:32:54,1,,3,
1841446911290487,1287838443290487,2024,54,27,370,360,2,1,,17,3,1,,,24.0,24.0,24.0,24.0,24.0,24.0,40.0,40.0,40.0,2025-04-21 10:31:31,2026-06-25 13:32:54,1,,3,
1841442670290487,1287838349290487,2024,54,33,3590,135,3,1,,18,2,2,,,24.0,24.0,24.0,24.0,24.0,24.0,40.0,40.0,40.0,2025-04-21 10:31:31,2026-06-25 13:32:56,1,,3,
1841442671290487,1287838349290487,2024,54,33,3590,225,4,1,,15,2,3,,,24.0,24.0,24.0,24.0,24.0,24.0,40.0,40.0,40.0,2025-04-21 10:31:31,2026-06-25 13:32:56,1,,3,
1841442668290487,1287838349290487,2024,54,33,3590,270,1,1,,9,1,1,,,24.0,24.0,24.0,24.0,24.0,24.0,40.0,40.0,40.0,2025-04-21 10:31:31,2026-06-25 13:32:56,1,,3,
1841442669290487,1287838349290487,2024,54,33,3590,360,2,1,,12,3,0,,,24.0,24.0,24.0,24.0,24.0,24.0,40.0,40.0,40.0,2025-04-21 10:31:31,2026-06-25 13:32:56,1,,3,
1841451585290487,1287838567290487,2024,54,35,759,135,3,1,,6,1,0,,,24.0,24.0,24.0,24.0,24.0,24.0,40.0,40.0,40.0,2025-04-21 10:31:31,2026-06-25 13:32:56,1,,3,
1841451586290487,1287838567290487,2024,54,35,759,225,4,1,,12,5,1,,,24.0,24.0,24.0,24.0,24.0,24.0,40.0,40.0,40.0,2025-04-21 10:31:31,2026-06-25 13:32:56,1,,3,
1841451583290487,1287838567290487,2024,54,35,759,270,1,1,,5,0,0,,,24.0,24.0,24.0,24.0,24.0,24.0,40.0,40.0,40.0,2025-04-21 10:31:31,2026-06-25 13:32:56,1,,3,
1841451584290487,1287838567290487,2024,54,35,759,360,2,1,,12,3,1,,,24.0,24.0,24.0,24.0,24.0,24.0,40.0,40.0,40.0,2025-04-21 10:31:31,2026-06-25 13:32:56,1,,3,
1841453340290487,1287838615290487,2024,54,35,1005,135,3,1,,12,0,3,,,24.0,24.0,24.0,24.0,24.0,24.0,40.0,40.0,40.0,2025-04-21 10:31:31,2026-06-25 13:32:57,1,,3,
1841453341290487,1287838615290487,2024,54,35,1005,225,4,1,,16,4,2,,,24.0,24.0,24.0,24.0,24.0,24.0,40.0,40.0,40.0,2025-04-21 10:31:31,2026-06-25 13:32:57,1,,3,
1841453338290487,1287838615290487,2024,54,35,1005,270,1,1,,21,2,0,,,24.0,24.0,24.0,24.0,24.0,24.0,40.0,40.0,40.0,2025-04-21 10:31:31,2026-06-25 13:32:57,1,,3,
1841453339290487,1287838615290487,2024,54,35,1005,360,2,1,,4,0,0,,,24.0,24.0,24.0,24.0,24.0,24.0,40.0,40.0,40.0,2025-04-21 10:31:31,2026-06-25 13:32:57,1,,3,
1841449173290487,1287838505290487,2024,54,35,1553,135,3,1,,,,,,,24.0,0.0,24.0,24.0,0.0,24.0,40.0,0.0,40.0,2025-04-21 10:31:31,2026-06-25 13:32:57,1,,3,
1841449174290487,1287838505290487,2024,54,35,1553,225,4,1,,,,,,,24.0,0.0,24.0,24.0,0.0,24.0,40.0,0.0,40.0,2025-04-21 10:31:31,2026-06-25 13:32:57,1,,3,
1841449171290487,1287838505290487,2024,54,35,1553,270,1,1,,,,,,,24.0,0.0,24.0,24.0,0.0,24.0,40.0,0.0,40.0,2025-04-21 10:31:31,2026-06-25 13:32:57,1,,3,
1841449172290487,1287838505290487,2024,54,35,1553,360,2,1,,,,,,,24.0,0.0,24.0,24.0,0.0,24.0,40.0,0.0,40.0,2025-04-21 10:31:31,2026-06-25 13:32:57,1,,3,
1841448860290487,1287838494290487,2024,54,39,1127,135,3,3,,,,,,,6.0,24.0,24.0,6.0,24.0,24.0,10.0,40.0,40.0,2025-04-21 10:31:31,2026-06-25 13:32:57,1,,3,
1841448861290487,1287838494290487,2024,54,39,1127,225,4,1,,21,4,2,,,12.0,24.0,24.0,12.0,24.0,24.0,20.0,40.0,40.0,2025-04-21 10:31:31,2026-06-25 13:32:57,1,,3,
1841448858290487,1287838494290487,2024,54,39,1127,270,1,1,,18,3,0,,,12.0,24.0,24.0,12.0,24.0,24.0,20.0,40.0,40.0,2025-04-21 10:31:31,2026-06-25 13:32:57,1,,3,
1841448859290487,1287838494290487,2024,54,39,1127,360,2,2,,15,2,8,,,6.0,24.0,24.0,6.0,24.0,24.0,10.0,40.0,40.0,2025-04-21 10:31:31,2026-06-25 13:32:57,1,,3,
1841450551290487,1287838543290487,2024,54,43,1146,135,3,2,,24,2,3,,,6.0,24.0,24.0,6.0,24.0,24.0,10.0,40.0,40.0,2025-04-21 10:31:31,2026-06-25 13:32:57,1,,3,
1841450552290487,1287838543290487,2024,54,43,1146,225,4,1,,,,,,,18.0,24.0,24.0,18.0,24.0,24.0,30.0,40.0,40.0,2025-04-21 10:31:31,2026-06-25 13:32:57,1,,3,
1841450549290487,1287838543290487,2024,54,43,1146,270,1,1,,,,,,,18.0,24.0,24.0,18.0,24.0,24.0,30.0,40.0,40.0,2025-04-21 10:31:31,2026-06-25 13:32:57,1,,3,
1841450550290487,1287838543290487,2024,54,43,1146,360,2,1,,,,,,,18.0,24.0,24.0,18.0,24.0,24.0,30.0,40.0,40.0,2025-04-21 10:31:31,2026-06-25 13:32:57,1,,3,
1841449430290487,1287838512290487,2024,54,43,2281,135,3,1,,28,3,2,,,24.0,24.0,24.0,24.0,24.0,24.0,40.0,40.0,40.0,2025-04-21 10:31:31,2026-06-25 13:32:57,1,,3,
1841449431290487,1287838512290487,2024,54,43,2281,225,4,1,,7,2,0,,,24.0,24.0,24.0,24.0,24.0,24.0,40.0,40.0,40.0,2025-04-21 10:31:31,2026-06-25 13:32:57,1,,3,
1841449428290487,1287838512290487,2024,54,43,2281,270,1,1,,19,4,9,,,24.0,24.0,24.0,24.0,24.0,24.0,40.0,40.0,40.0,2025-04-21 10:31:31,2026-06-25 13:32:57,1,,3,
1841449429290487,1287838512290487,2024,54,43,2281,360,2,1,,18,0,3,,,24.0,24.0,24.0,24.0,24.0,24.0,40.0,40.0,40.0,2025-04-21 10:31:31,2026-06-25 13:32:57,1,,3,
1841444306290487,1287838380290487,2024,54,49,1963,135,3,1,,27,2,4,,,24.0,24.0,24.0,24.0,24.0,24.0,40.0,40.0,40.0,2025-04-21 10:31:31,2026-06-25 13:32:57,1,,3,
1841444307290487,1287838380290487,2024,54,49,1963,225,4,1,,8,0,0,,,24.0,24.0,24.0,24.0,24.0,24.0,40.0,40.0,40.0,2025-04-21 10:31:31,2026-06-25 13:32:57,1,,3,
1841444304290487,1287838380290487,2024,54,49,1963,270,1,1,,16,6,2,,,24.0,24.0,24.0,24.0,24.0,24.0,40.0,40.0,40.0,2025-04-21 10:31:31,2026-06-25 13:32:57,1,,3,
1841444305290487,1287838380290487,2024,54,49,1963,360,2,1,,5,1,1,,,24.0,24.0,24.0,24.0,24.0,24.0,40.0,40.0,40.0,2025-04-21 10:31:31,2026-06-25 13:32:57,1,,3,
1841455128290487,1287838657290487,2024,54,55,2287,135,3,2,,12,0,1,,,6.0,24.0,24.0,6.0,24.0,24.0,10.0,40.0,40.0,2025-04-21 10:31:31,2026-06-25 13:32:57,1,,3,
1841455129290487,1287838657290487,2024,54,55,2287,225,4,1,,20,3,0,,,18.0,24.0,24.0,18.0,24.0,24.0,30.0,40.0,40.0,2025-04-21 10:31:31,2026-06-25 13:32:57,1,,3,
1841455126290487,1287838657290487,2024,54,55,2287,270,1,1,,15,5,2,,,18.0,24.0,24.0,18.0,24.0,24.0,30.0,40.0,40.0,2025-04-21 10:31:31,2026-06-25 13:32:57,1,,3,
1841455127290487,1287838657290487,2024,54,55,2287,360,2,1,,9,3,1,,,18.0,24.0,24.0,18.0,24.0,24.0,30.0,40.0,40.0,2025-04-21 10:31:31,2026-06-25 13:32:57,1,,3,
1841452511290487,1287838595290487,2024,54,57,102,135,3,1,,12,3,2,,,24.0,24.0,24.0,24.0,24.0,24.0,40.0,40.0,40.0,2025-04-21 10:31:31,2026-06-25 13:32:55,1,,3,
1841452512290487,1287838595290487,2024,54,57,102,225,4,1,,17,2,0,,,24.0,24.0,24.0,24.0,24.0,24.0,40.0,40.0,40.0,2025-04-21 10:31:31,2026-06-25 13:32:55,1,,3,
1841452509290487,1287838595290487,2024,54,57,102,270,1,1,,13,4,2,,,24.0,24.0,24.0,24.0,24.0,24.0,40.0,40.0,40.0,2025-04-21 10:31:31,2026-06-25 13:32:55,1,,3,
1841452510290487,1287838595290487,2024,54,57,102,360,2,1,,7,2,0,,,24.0,24.0,24.0,24.0,24.0,24.0,40.0,40.0,40.0,2025-04-21 10:31:31,2026-06-25 13:32:55,1,,3,
1841450817290487,1287838549290487,2024,54,59,2252,135,3,1,,9,3,0,,,24.0,24.0,24.0,24.0,24.0,24.0,40.0,40.0,40.0,2025-04-21 10:31:31,2026-06-25 13:32:55,1,,3,
1841450818290487,1287838549290487,2024,54,59,2252,225,4,1,,11,2,2,,,24.0,24.0,24.0,24.0,24.0,24.0,40.0,40.0,40.0,2025-04-21 10:31:31,2026-06-25 13:32:55,1,,3,
1841450815290487,1287838549290487,2024,54,59,2252,270,1,1,,14,0,1,,,24.0,24.0,24.0,24.0,24.0,24.0,40.0,40.0,40.0,2025-04-21 10:31:31,2026-06-25 13:32:55,1,,3,
1841450816290487,1287838549290487,2024,54,59,2252,360,2,1,,12,3,4,,,24.0,24.0,24.0,24.0,24.0,24.0,40.0,40.0,40.0,2025-04-21 10:31:31,2026-06-25 13:32:55,1,,3,
1841445037290487,1287838405290487,2024,54,61,997,135,3,1,,,,,,,24.0,24.0,24.0,24.0,24.0,24.0,40.0,40.0,40.0,2025-04-21 10:31:31,2026-06-25 13:32:55,1,,3,
1841445038290487,1287838405290487,2024,54,61,997,225,4,1,,,,,,,24.0,24.0,24.0,24.0,24.0,24.0,40.0,40.0,40.0,2025-04-21 10:31:31,2026-06-25 13:32:55,1,,3,
1841445035290487,1287838405290487,2024,54,61,997,270,1,1,,,,,,,24.0,24.0,24.0,24.0,24.0,24.0,40.0,40.0,40.0,2025-04-21 10:31:31,2026-06-25 13:32:55,1,,3,
1841445036290487,1287838405290487,2024,54,61,997,360,2,1,,,,,,,24.0,24.0,24.0,24.0,24.0,24.0,40.0,40.0,40.0,2025-04-21 10:31:31,2026-06-25 13:32:55,1,,3,
1841456188290487,1287838684290487,2024,54,67,512,135,3,1,,11,1,1,,,24.0,24.0,24.0,24.0,24.0,24.0,40.0,40.0,40.0,2025-04-21 10:31:31,2026-06-25 13:32:55,1,,3,
1841456189290487,1287838684290487,2024,54,67,512,225,4,1,,14,2,3,,,24.0,24.0,24.0,24.0,24.0,24.0,40.0,40.0,40.0,2025-04-21 10:31:31,2026-06-25 13:32:55,1,,3,
1841456186290487,1287838684290487,2024,54,67,512,270,1,1,,15,2,0,,,24.0,24.0,24.0,24.0,24.0,24.0,40.0,40.0,40.0,2025-04-21 10:31:31,2026-06-25 13:32:55,1,,3,
1841456187290487,1287838684290487,2024,54,67,512,360,2,1,,10,0,1,,,24.0,24.0,24.0,24.0,24.0,24.0,40.0,40.0,40.0,2025-04-21 10:31:31,2026-06-25 13:32:55,1,,3,
1841453992290487,1287838634290487,2024,54,67,2129,135,3,1,,14,8,1,,,24.0,24.0,24.0,24.0,24.0,24.0,40.0,40.0,40.0,2025-04-21 10:31:31,2026-06-25 13:32:56,1,,3,
1841453993290487,1287838634290487,2024,54,67,2129,225,4,1,,5,0,3,,,24.0,24.0,24.0,24.0,24.0,24.0,40.0,40.0,40.0,2025-04-21 10:31:31,2026-06-25 13:32:56,1,,3,
1841453990290487,1287838634290487,2024,54,67,2129,270,1,1,,16,3,6,,,24.0,24.0,24.0,24.0,24.0,24.0,40.0,40.0,40.0,2025-04-21 10:31:31,2026-06-25 13:32:56,1,,3,
1841453991290487,1287838634290487,2024,54,67,2129,360,2,1,,12,2,6,,,24.0,24.0,24.0,24.0,24.0,24.0,40.0,40.0,40.0,2025-04-21 10:31:31,2026-06-25 13:32:56,1,,3,
1841447961290487,1287838470290487,2024,54,71,822,135,3,2,,7,1,0,,,6.0,24.0,24.0,6.0,24.0,24.0,10.0,40.0,40.0,2025-04-21 10:31:31,2026-06-25 13:32:56,1,,3,
1841447962290487,1287838470290487,2024,54,71,822,225,4,1,,13,4,4,,,18.0,24.0,24.0,18.0,24.0,24.0,30.0,40.0,40.0,2025-04-21 10:31:31,2026-06-25 13:32:56,1,,3,
1841447959290487,1287838470290487,2024,54,71,822,270,1,1,,20,5,2,,,18.0,24.0,24.0,18.0,24.0,24.0,30.0,40.0,40.0,2025-04-21 10:31:31,2026-06-25 13:32:56,1,,3,
1841447960290487,1287838470290487,2024,54,71,822,360,2,1,,18,2,1,,,18.0,24.0,24.0,18.0,24.0,24.0,30.0,40.0,40.0,2025-04-21 10:31:31,2026-06-25 13:32:56,1,,3,
1841444056290487,1287838377290487,2024,54,75,202,135,3,1,,19,3,5,,,24.0,24.0,24.0,24.0,24.0,24.0,40.0,40.0,40.0,2025-04-21 10:31:31,2026-06-25 13:32:57,1,,3,
1841444057290487,1287838377290487,2024,54,75,202,225,4,1,,4,0,3,,,24.0,24.0,24.0,24.0,24.0,24.0,40.0,40.0,40.0,2025-04-21 10:31:31,2026-06-25 13:32:57,1,,3,
1841444054290487,1287838377290487,2024,54,75,202,270,1,1,,26,4,4,,,24.0,24.0,24.0,24.0,24.0,24.0,40.0,40.0,40.0,2025-04-21 10:31:31,2026-06-25 13:32:57,1,,3,
1841444055290487,1287838377290487,2024,54,75,202,360,2,1,,11,2,0,,,24.0,24.0,24.0,24.0,24.0,24.0,40.0,40.0,40.0,2025-04-21 10:31:31,2026-06-25 13:32:57,1,,3,
1841446580290487,1287838435290487,2024,54,77,363,135,3,1,,8,2,1,,,24.0,24.0,24.0,24.0,24.0,24.0,40.0,40.0,40.0,2025-04-21 10:31:31,2026-06-25 13:32:55,1,,3,
1841446581290487,1287838435290487,2024,54,77,363,225,4,1,,7,0,1,,,24.0,24.0,24.0,24.0,24.0,24.0,40.0,40.0,40.0,2025-04-21 10:31:31,2026-06-25 13:32:55,1,,3,
1841446578290487,1287838435290487,2024,54,77,363,270,1,1,,15,2,0,,,24.0,24.0,24.0,24.0,24.0,24.0,40.0,40.0,40.0,2025-04-21 10:31:31,2026-06-25 13:32:55,1,,3,
1841446579290487,1287838435290487,2024,54,77,363,360,2,1,,14,2,0,,,24.0,24.0,24.0,24.0,24.0,24.0,40.0,40.0,40.0,2025-04-21 10:31:31,2026-06-25 13:32:55,1,,3,
1841443122290487,1287838358290487,2024,54,79,337,135,3,1,,4,0,0,,,12.0,24.0,24.0,12.0,24.0,24.0,20.0,40.0,40.0,2025-04-21 10:31:31,2026-06-25 13:32:57,1,,3,
1841443123290487,1287838358290487,2024,54,79,337,225,4,2,,,,,,,12.0,24.0,24.0,12.0,24.0,24.0,20.0,40.0,40.0,2025-04-21 10:31:31,2026-06-25 13:32:57,1,,3,
1841443120290487,1287838358290487,2024,54,79,337,270,1,2,,,,,,,12.0,24.0,24.0,12.0,24.0,24.0,20.0,40.0,40.0,2025-04-21 10:31:31,2026-06-25 13:32:57,1,,3,
1841443121290487,1287838358290487,2024,54,79,337,360,2,1,,4,0,0,,,12.0,24.0,24.0,12.0,24.0,24.0,20.0,40.0,40.0,2025-04-21 10:31:31,2026-06-25 13:32:57,1,,3,
1841445431290487,1287838411290487,2024,54,81,1197,135,3,1,,10,2,1,,,24.0,24.0,24.0,24.0,24.0,24.0,40.0,40.0,40.0,2025-04-21 10:31:31,2026-06-25 13:32:56,1,,3,
1841445432290487,1287838411290487,2024,54,81,1197,225,4,1,,3,4,0,,,24.0,24.0,24.0,24.0,24.0,24.0,40.0,40.0,40.0,2025-04-21 10:31:31,2026-06-25 13:32:56,1,,3,
1841445429290487,1287838411290487,2024,54,81,1197,270,1,1,,7,0,0,,,24.0,24.0,24.0,24.0,24.0,24.0,40.0,40.0,40.0,2025-04-21 10:31:31,2026-06-25 13:32:56,1,,3,
1841445430290487,1287838411290487,2024,54,81,1197,360,2,1,,6,1,0,,,24.0,24.0,24.0,24.0,24.0,24.0,40.0,40.0,40.0,2025-04-21 10:31:31,2026-06-25 13:32:56,1,,3,
1841454375290487,1287838641290487,2024,54,81,1666,135,3,1,,4,2,1,,,18.0,24.0,24.0,18.0,24.0,24.0,30.0,40.0,40.0,2025-04-21 10:31:31,2026-06-25 13:32:56,1,,3,
1841454376290487,1287838641290487,2024,54,81,1666,225,4,2,,,,,,,6.0,24.0,24.0,6.0,24.0,24.0,10.0,40.0,40.0,2025-04-21 10:31:31,2026-06-25 13:32:56,1,,3,
1841454373290487,1287838641290487,2024,54,81,1666,270,1,1,,3,0,0,,,18.0,24.0,24.0,18.0,24.0,24.0,30.0,40.0,40.0,2025-04-21 10:31:31,2026-06-25 13:32:56,1,,3,
1841454374290487,1287838641290487,2024,54,81,1666,360,2,1,,2,3,1,,,18.0,24.0,24.0,18.0,24.0,24.0,30.0,40.0,40.0,2025-04-21 10:31:31,2026-06-25 13:32:56,1,,3,
1841442805290487,1287838350290487,2024,54,81,2239,135,3,1,,4,1,1,,,24.0,24.0,24.0,24.0,24.0,24.0,40.0,40.0,40.0,2025-04-21 10:31:31,2026-06-25 13:32:56,1,,3,
1841442806290487,1287838350290487,2024,54,81,2239,225,4,1,,21,3,5,,,24.0,24.0,24.0,24.0,24.0,24.0,40.0,40.0,40.0,2025-04-21 10:31:31,2026-06-25 13:32:56,1,,3,
1841442803290487,1287838350290487,2024,54,81,2239,270,1,1,,11,3,0,,,24.0,24.0,24.0,24.0,24.0,24.0,40.0,40.0,40.0,2025-04-21 10:31:31,2026-06-25 13:32:56,1,,3,
1841442804290487,1287838350290487,2024,54,81,2239,360,2,1,,1,2,2,,,24.0,24.0,24.0,24.0,24.0,24.0,40.0,40.0,40.0,2025-04-21 10:31:31,2026-06-25 13:32:56,1,,3,
1841455522290487,1287838669290487,2024,54,83,1314,135,3,1,,16,2,0,,,24.0,24.0,24.0,24.0,24.0,24.0,40.0,40.0,40.0,2025-04-21 10:31:31,2026-06-25 13:32:57,1,,3,
1841455523290487,1287838669290487,2024,54,83,1314,225,4,1,,13,4,1,,,24.0,24.0,24.0,24.0,24.0,24.0,40.0,40.0,40.0,2025-04-21 10:31:31,2026-06-25 13:32:57,1,,3,
1841455520290487,1287838669290487,2024,54,83,1314,270,1,1,,5,0,0,,,24.0,24.0,24.0,24.0,24.0,24.0,40.0,40.0,40.0,2025-04-21 10:31:31,2026-06-25 13:32:57,1,,3,
1841455521290487,1287838669290487,2024,54,83,1314,360,2,1,,32,11,3,,,24.0,24.0,24.0,24.0,24.0,24.0,40.0,40.0,40.0,2025-04-21 10:31:31,2026-06-25 13:32:57,1,,3,
1841443400290487,1287838362290487,2024,54,85,347,135,3,1,,19,1,1,,,24.0,24.0,24.0,24.0,24.0,24.0,40.0,40.0,40.0,2025-04-21 10:31:31,2026-06-25 13:32:57,1,,3,
1841443401290487,1287838362290487,2024,54,85,347,225,4,1,,17,1,0,,,24.0,24.0,24.0,24.0,24.0,24.0,40.0,40.0,40.0,2025-04-21 10:31:31,2026-06-25 13:32:57,1,,3,
1841443398290487,1287838362290487,2024,54,85,347,270,1,1,,16,1,2,,,24.0,24.0,24.0,24.0,24.0,24.0,40.0,40.0,40.0,2025-04-21 10:31:31,2026-06-25 13:32:57,1,,3,
1841443399290487,1287838362290487,2024,54,85,347,360,2,1,,4,0,1,,,24.0,24.0,24.0,24.0,24.0,24.0,40.0,40.0,40.0,2025-04-21 10:31:31,2026-06-25 13:32:57,1,,3,
1841443695290487,1287838373290487,2024,54,87,2346,135,3,1,,2,0,0,,,18.0,18.0,24.0,18.0,18.0,24.0,30.0,30.0,40.0,2025-04-21 10:31:31,2026-06-25 13:32:56,1,,3,
1841443696290487,1287838373290487,2024,54,87,2346,225,4,2,,,,,,,6.0,18.0,24.0,6.0,18.0,24.0,10.0,30.0,40.0,2025-04-21 10:31:31,2026-06-25 13:32:56,1,,3,
1841443693290487,1287838373290487,2024,54,87,2346,270,1,1,,5,1,3,,,18.0,18.0,24.0,18.0,18.0,24.0,30.0,30.0,40.0,2025-04-21 10:31:31,2026-06-25 13:32:56,1,,3,
1841443694290487,1287838373290487,2024,54,87,2346,360,2,1,,8,3,1,,,18.0,18.0,24.0,18.0,18.0,24.0,30.0,30.0,40.0,2025-04-21 10:31:31,2026-06-25 13:32:56,1,,3,
1841444087290487,1287838378290487,2024,54,89,1684,135,3,1,,,,,,,24.0,0.0,24.0,24.0,0.0,24.0,40.0,0.0,40.0,2025-04-21 10:31:31,2026-06-25 13:32:56,1,,3,
1841444088290487,1287838378290487,2024,54,89,1684,225,4,1,,,,,,,24.0,0.0,24.0,24.0,0.0,24.0,40.0,0.0,40.0,2025-04-21 10:31:31,2026-06-25 13:32:56,1,,3,
1841444085290487,1287838378290487,2024,54,89,1684,270,1,1,,,,,,,24.0,0.0,24.0,24.0,0.0,24.0,40.0,0.0,40.0,2025-04-21 10:31:31,2026-06-25 13:32:56,1,,3,
1841444086290487,1287838378290487,2024,54,89,1684,360,2,1,,,,,,,24.0,0.0,24.0,24.0,0.0,24.0,40.0,0.0,40.0,2025-04-21 10:31:31,2026-06-25 13:32:56,1,,3,
1841444214290487,1287838379290487,2024,54,89,2122,135,3,1,,8,2,0,,,24.0,24.0,24.0,24.0,24.0,24.0,40.0,40.0,40.0,2025-04-21 10:31:31,2026-06-25 13:32:55,1,,3,
1841444215290487,1287838379290487,2024,54,89,2122,225,4,1,,8,2,0,,,24.0,24.0,24.0,24.0,24.0,24.0,40.0,40.0,40.0,2025-04-21 10:31:31,2026-06-25 13:32:55,1,,3,
1841444212290487,1287838379290487,2024,54,89,2122,270,1,1,,15,3,1,,,24.0,24.0,24.0,24.0,24.0,24.0,40.0,40.0,40.0,2025-04-21 10:31:31,2026-06-25 13:32:55,1,,3,
1841444213290487,1287838379290487,2024,54,89,2122,360,2,1,,12,1,1,,,24.0,24.0,24.0,24.0,24.0,24.0,40.0,40.0,40.0,2025-04-21 10:31:31,2026-06-25 13:32:55,1,,3,
1841442995290487,1287838354290487,2024,54,93,1199,135,3,1,,,,,,,24.0,0.0,24.0,24.0,0.0,24.0,40.0,0.0,40.0,2025-04-21 10:31:31,2026-06-25 13:32:55,1,,3,
1841442996290487,1287838354290487,2024,54,93,1199,225,4,1,,,,,,,24.0,0.0,24.0,24.0,0.0,24.0,40.0,0.0,40.0,2025-04-21 10:31:31,2026-06-25 13:32:55,1,,3,
1841442993290487,1287838354290487,2024,54,93,1199,270,1,1,,,,,,,24.0,0.0,24.0,24.0,0.0,24.0,40.0,0.0,40.0,2025-04-21 10:31:31,2026-06-25 13:32:55,1,,3,
1841442994290487,1287838354290487,2024,54,93,1199,360,2,1,,,,,,,24.0,0.0,24.0,24.0,0.0,24.0,40.0,0.0,40.0,2025-04-21 10:31:31,2026-06-25 13:32:55,1,,3,
1841452116290487,1287838581290487,2024,54,99,56,135,3,1,,22,1,0,,,24.0,24.0,24.0,24.0,24.0,24.0,40.0,40.0,40.0,2025-04-21 10:31:31,2026-06-25 13:32:57,1,,3,
1841452117290487,1287838581290487,2024,54,99,56,225,4,1,,23,1,0,,,24.0,24.0,24.0,24.0,24.0,24.0,40.0,40.0,40.0,2025-04-21 10:31:31,2026-06-25 13:32:57,1,,3,
1841452114290487,1287838581290487,2024,54,99,56,270,1,1,,7,0,0,,,24.0,24.0,24.0,24.0,24.0,24.0,40.0,40.0,40.0,2025-04-21 10:31:31,2026-06-25 13:32:57,1,,3,
1841452115290487,1287838581290487,2024,54,99,56,360,2,1,,9,1,0,,,24.0,24.0,24.0,24.0,24.0,24.0,40.0,40.0,40.0,2025-04-21 10:31:31,2026-06-25 13:32:57,1,,3,
1841450232290487,1287838533290487,2024,54,99,883,135,3,1,,4,2,6,,,24.0,24.0,24.0,24.0,24.0,24.0,40.0,40.0,40.0,2025-04-21 10:31:31,2026-06-25 13:32:56,1,,3,
1841450233290487,1287838533290487,2024,54,99,883,225,4,1,,8,3,2,,,24.0,24.0,24.0,24.0,24.0,24.0,40.0,40.0,40.0,2025-04-21 10:31:31,2026-06-25 13:32:56,1,,3,
1841450230290487,1287838533290487,2024,54,99,883,270,1,1,,6,1,2,,,24.0,24.0,24.0,24.0,24.0,24.0,40.0,40.0,40.0,2025-04-21 10:31:31,2026-06-25 13:32:56,1,,3,
1841450231290487,1287838533290487,2024,54,99,883,360,2,1,,11,0,0,,,24.0,24.0,24.0,24.0,24.0,24.0,40.0,40.0,40.0,2025-04-21 10:31:31,2026-06-25 13:32:56,1,,3,
1841450042290487,1287838531290487,2024,54,99,2210,135,3,1,,,,,,,24.0,0.0,24.0,24.0,0.0,24.0,40.0,0.0,40.0,2025-04-21 10:31:31,2026-06-25 13:32:57,1,,3,
1841450043290487,1287838531290487,2024,54,99,2210,225,4,1,,,,,,,24.0,0.0,24.0,24.0,0.0,24.0,40.0,0.0,40.0,2025-04-21 10:31:31,2026-06-25 13:32:57,1,,3,
1841450040290487,1287838531290487,2024,54,99,2210,270,1,1,,,,,,,24.0,0.0,24.0,24.0,0.0,24.0,40.0,0.0,40.0,2025-04-21 10:31:31,2026-06-25 13:32:57,1,,3,
1841450041290487,1287838531290487,2024,54,99,2210,360,2,1,,,,,,,24.0,0.0,24.0,24.0,0.0,24.0,40.0,0.0,40.0,2025-04-21 10:31:31,2026-06-25 13:32:57,1,,3,
1841457989290487,1287838725290487,2024,54,101,2253,135,3,1,,12,4,1,,,24.0,24.0,24.0,24.0,24.0,24.0,40.0,40.0,40.0,2025-04-21 10:31:31,2026-06-25 13:32:56,1,,3,
1841457990290487,1287838725290487,2024,54,101,2253,225,4,1,,19,3,1,,,24.0,24.0,24.0,24.0,24.0,24.0,40.0,40.0,40.0,2025-04-21 10:31:31,2026-06-25 13:32:56,1,,3,
1841457987290487,1287838725290487,2024,54,101,2253,270,1,1,,17,1,1,,,24.0,24.0,24.0,24.0,24.0,24.0,40.0,40.0,40.0,2025-04-21 10:31:31,2026-06-25 13:32:56,1,,3,
1841457988290487,1287838725290487,2024,54,101,2253,360,2,1,,20,3,3,,,24.0,24.0,24.0,24.0,24.0,24.0,40.0,40.0,40.0,2025-04-21 10:31:31,2026-06-25 13:32:56,1,,3,
1841448332290487,1287838481290487,2024,54,109,2439,135,3,1,,,,,,,24.0,24.0,24.0,24.0,24.0,24.0,40.0,40.0,40.0,2025-04-21 10:31:31,2026-06-25 13:32:54,0,10,3,
1841448333290487,1287838481290487,2024,54,109,2439,225,4,1,,,,,,,24.0,24.0,24.0,24.0,24.0,24.0,40.0,40.0,40.0,2025-04-21 10:31:31,2026-06-25 13:32:54,0,10,3,
1841448330290487,1287838481290487,2024,54,109,2439,270,1,1,,,,,,,24.0,24.0,24.0,24.0,24.0,24.0,40.0,40.0,40.0,2025-04-21 10:31:31,2026-06-25 13:32:54,0,10,3,
1841448331290487,1287838481290487,2024,54,109,2439,360,2,1,,,,,,,24.0,24.0,24.0,24.0,24.0,24.0,40.0,40.0,40.0,2025-04-21 10:31:31,2026-06-25 13:32:54,0,10,3,
1969777398290487,1543509363290487,2025,54,7,954,135,3,1,,,,,,,24.0,0.0,24.0,24.0,0.0,24.0,40.0,0.0,40.0,2026-06-08 13:34:27,2026-06-25 13:32:56,1,,3,
1969777399290487,1543509363290487,2025,54,7,954,225,4,1,,,,,,,24.0,0.0,24.0,24.0,0.0,24.0,40.0,0.0,40.0,2026-06-08 13:34:27,2026-06-25 13:32:56,1,,3,
1969777396290487,1543509363290487,2025,54,7,954,270,1,1,,,,,,,24.0,0.0,24.0,24.0,0.0,24.0,40.0,0.0,40.0,2026-06-08 13:34:27,2026-06-25 13:32:56,1,,3,
1969777397290487,1543509363290487,2025,54,7,954,360,2,1,,,,,,,24.0,0.0,24.0,24.0,0.0,24.0,40.0,0.0,40.0,2026-06-08 13:34:27,2026-06-25 13:32:56,1,,3,
1969772513290487,1543509252290487,2025,54,7,1681,135,3,1,,27,2,0,,,24.0,24.0,24.0,24.0,24.0,24.0,40.0,40.0,40.0,2026-06-08 13:34:27,2026-06-25 13:32:57,1,,3,
1969772514290487,1543509252290487,2025,54,7,1681,225,4,1,,10,4,1,,,24.0,24.0,24.0,24.0,24.0,24.0,40.0,40.0,40.0,2026-06-08 13:34:27,2026-06-25 13:32:57,1,,3,
1969772511290487,1543509252290487,2025,54,7,1681,270,1,1,,23,3,2,,,24.0,24.0,24.0,24.0,24.0,24.0,40.0,40.0,40.0,2026-06-08 13:34:27,2026-06-25 13:32:57,1,,3,
1969772512290487,1543509252290487,2025,54,7,1681,360,2,1,,9,1,0,,,24.0,24.0,24.0,24.0,24.0,24.0,40.0,40.0,40.0,2026-06-08 13:34:27,2026-06-25 13:32:57,1,,3,
1969773266290487,1543509277290487,2025,54,7,2373,135,3,1,,11,1,0,,,12.0,24.0,24.0,12.0,24.0,24.0,20.0,40.0,40.0,2026-06-08 13:34:27,2026-06-25 13:32:57,1,,3,
1969773267290487,1543509277290487,2025,54,7,2373,225,4,2,,,,,,,12.0,24.0,24.0,12.0,24.0,24.0,20.0,40.0,40.0,2026-06-08 13:34:27,2026-06-25 13:32:57,1,,3,
1969773264290487,1543509277290487,2025,54,7,2373,270,1,1,,9,1,1,,,12.0,24.0,24.0,12.0,24.0,24.0,20.0,40.0,40.0,2026-06-08 13:34:27,2026-06-25 13:32:57,1,,3,
1969773265290487,1543509277290487,2025,54,7,2373,360,2,2,,,,,,,12.0,24.0,24.0,12.0,24.0,24.0,20.0,40.0,40.0,2026-06-08 13:34:27,2026-06-25 13:32:57,1,,3,
1969771858290487,1543509242290487,2025,54,11,1711,135,3,1,,,,,,,24.0,0.0,24.0,24.0,0.0,24.0,40.0,0.0,40.0,2026-06-08 13:34:27,2026-06-25 13:32:55,1,,3,
1969771859290487,1543509242290487,2025,54,11,1711,225,4,1,,,,,,,24.0,0.0,24.0,24.0,0.0,24.0,40.0,0.0,40.0,2026-06-08 13:34:27,2026-06-25 13:32:55,1,,3,
1969771856290487,1543509242290487,2025,54,11,1711,270,1,1,,,,,,,24.0,0.0,24.0,24.0,0.0,24.0,40.0,0.0,40.0,2026-06-08 13:34:27,2026-06-25 13:32:55,1,,3,
1969771857290487,1543509242290487,2025,54,11,1711,360,2,1,,,,,,,24.0,0.0,24.0,24.0,0.0,24.0,40.0,0.0,40.0,2026-06-08 13:34:27,2026-06-25 13:32:55,1,,3,
1969769560290487,1543509193290487,2025,54,13,1984,135,3,1,,16,0,0,,,24.0,24.0,24.0,24.0,24.0,24.0,40.0,40.0,40.0,2026-06-08 13:34:27,2026-06-25 13:32:57,1,,3,
1969769561290487,1543509193290487,2025,54,13,1984,225,4,1,,10,2,0,,,24.0,24.0,24.0,24.0,24.0,24.0,40.0,40.0,40.0,2026-06-08 13:34:27,2026-06-25 13:32:57,1,,3,
1969769558290487,1543509193290487,2025,54,13,1984,270,1,1,,7,2,0,,,24.0,24.0,24.0,24.0,24.0,24.0,40.0,40.0,40.0,2026-06-08 13:34:27,2026-06-25 13:32:57,1,,3,
1969769559290487,1543509193290487,2025,54,13,1984,360,2,1,,16,4,1,,,24.0,24.0,24.0,24.0,24.0,24.0,40.0,40.0,40.0,2026-06-08 13:34:27,2026-06-25 13:32:57,1,,3,
1969775143290487,1543509313290487,2025,54,15,1739,135,3,1,,,,,,,24.0,0.0,24.0,24.0,0.0,24.0,40.0,0.0,40.0,2026-06-08 13:34:27,2026-06-25 13:32:55,1,,3,
1969775144290487,1543509313290487,2025,54,15,1739,225,4,1,,,,,,,24.0,0.0,24.0,24.0,0.0,24.0,40.0,0.0,40.0,2026-06-08 13:34:27,2026-06-25 13:32:55,1,,3,
1969775141290487,1543509313290487,2025,54,15,1739,270,1,1,,,,,,,24.0,0.0,24.0,24.0,0.0,24.0,40.0,0.0,40.0,2026-06-08 13:34:27,2026-06-25 13:32:55,1,,3,
1969775142290487,1543509313290487,2025,54,15,1739,360,2,1,,,,,,,24.0,0.0,24.0,24.0,0.0,24.0,40.0,0.0,40.0,2026-06-08 13:34:27,2026-06-25 13:32:55,1,,3,
1969772088290487,1543509245290487,2025,54,17,1592,135,3,2,,,,,,,6.0,24.0,24.0,6.0,24.0,24.0,10.0,40.0,40.0,2026-06-08 13:34:27,2026-06-25 13:32:57,1,,3,
1969772089290487,1543509245290487,2025,54,17,1592,225,4,1,,8,1,1,,,18.0,24.0,24.0,18.0,24.0,24.0,30.0,40.0,40.0,2026-06-08 13:34:27,2026-06-25 13:32:57,1,,3,
1969772086290487,1543509245290487,2025,54,17,1592,270,1,1,,12,3,0,,,18.0,24.0,24.0,18.0,24.0,24.0,30.0,40.0,40.0,2026-06-08 13:34:27,2026-06-25 13:32:57,1,,3,
1969772087290487,1543509245290487,2025,54,17,1592,360,2,1,,9,1,2,,,18.0,24.0,24.0,18.0,24.0,24.0,30.0,40.0,40.0,2026-06-08 13:34:27,2026-06-25 13:32:57,1,,3,
1969772010290487,1543509244290487,2025,54,17,1836,135,3,1,,10,2,1,,,24.0,24.0,24.0,24.0,24.0,24.0,40.0,40.0,40.0,2026-06-08 13:34:27,2026-06-25 13:32:55,1,,3,
1969772011290487,1543509244290487,2025,54,17,1836,225,4,1,,7,2,1,,,24.0,24.0,24.0,24.0,24.0,24.0,40.0,40.0,40.0,2026-06-08 13:34:27,2026-06-25 13:32:55,1,,3,
1969772008290487,1543509244290487,2025,54,17,1836,270,1,1,,5,2,1,,,24.0,24.0,24.0,24.0,24.0,24.0,40.0,40.0,40.0,2026-06-08 13:34:27,2026-06-25 13:32:55,1,,3,
1969772009290487,1543509244290487,2025,54,17,1836,360,2,1,,5,1,0,,,24.0,24.0,24.0,24.0,24.0,24.0,40.0,40.0,40.0,2026-06-08 13:34:27,2026-06-25 13:32:55,1,,3,
1969764426290487,1543509077290487,2025,54,19,361,135,3,1,,,,,,,24.0,0.0,24.0,24.0,0.0,24.0,40.0,0.0,40.0,2026-06-08 13:34:27,2026-06-25 13:32:56,1,,3,
1969764427290487,1543509077290487,2025,54,19,361,225,4,1,,,,,,,24.0,0.0,24.0,24.0,0.0,24.0,40.0,0.0,40.0,2026-06-08 13:34:27,2026-06-25 13:32:56,1,,3,
1969764424290487,1543509077290487,2025,54,19,361,270,1,1,,,,,,,24.0,0.0,24.0,24.0,0.0,24.0,40.0,0.0,40.0,2026-06-08 13:34:27,2026-06-25 13:32:56,1,,3,
1969764425290487,1543509077290487,2025,54,19,361,360,2,1,,,,,,,24.0,0.0,24.0,24.0,0.0,24.0,40.0,0.0,40.0,2026-06-08 13:34:27,2026-06-25 13:32:56,1,,3,
1969772429290487,1543509251290487,2025,54,21,1777,135,3,1,,7,0,0,,,24.0,24.0,24.0,24.0,24.0,24.0,40.0,40.0,40.0,2026-06-08 13:34:27,2026-06-25 13:32:57,1,,3,
1969772430290487,1543509251290487,2025,54,21,1777,225,4,1,,11,2,0,,,24.0,24.0,24.0,24.0,24.0,24.0,40.0,40.0,40.0,2026-06-08 13:34:27,2026-06-25 13:32:57,1,,3,
1969772427290487,1543509251290487,2025,54,21,1777,270,1,1,,6,0,0,,,24.0,24.0,24.0,24.0,24.0,24.0,40.0,40.0,40.0,2026-06-08 13:34:27,2026-06-25 13:32:57,1,,3,
1969772428290487,1543509251290487,2025,54,21,1777,360,2,1,,12,4,0,,,24.0,24.0,24.0,24.0,24.0,24.0,40.0,40.0,40.0,2026-06-08 13:34:27,2026-06-25 13:32:57,1,,3,
1969767189290487,1543509140290487,2025,54,23,2282,135,3,2,,,,,,,6.0,24.0,24.0,6.0,24.0,24.0,10.0,40.0,40.0,2026-06-08 13:34:27,2026-06-25 13:32:56,1,,3,
1969767190290487,1543509140290487,2025,54,23,2282,225,4,1,,8,2,1,,,18.0,24.0,24.0,18.0,24.0,24.0,30.0,40.0,40.0,2026-06-08 13:34:27,2026-06-25 13:32:56,1,,3,
1969767187290487,1543509140290487,2025,54,23,2282,270,1,1,,17,6,0,,,18.0,24.0,24.0,18.0,24.0,24.0,30.0,40.0,40.0,2026-06-08 13:34:27,2026-06-25 13:32:56,1,,3,
1969767188290487,1543509140290487,2025,54,23,2282,360,2,1,,10,2,1,,,18.0,24.0,24.0,18.0,24.0,24.0,30.0,40.0,40.0,2026-06-08 13:34:27,2026-06-25 13:32:56,1,,3,
1969774609290487,1543509299290487,2025,54,25,677,135,3,1,,14,1,0,,,18.0,24.0,24.0,18.0,24.0,24.0,30.0,40.0,40.0,2026-06-08 13:34:27,2026-06-25 13:32:55,1,,3,
1969774610290487,1543509299290487,2025,54,25,677,225,4,1,,22,4,0,,,18.0,24.0,24.0,18.0,24.0,24.0,30.0,40.0,40.0,2026-06-08 13:34:27,2026-06-25 13:32:55,1,,3,
1969774607290487,1543509299290487,2025,54,25,677,270,1,1,,34,5,0,,,18.0,24.0,24.0,18.0,24.0,24.0,30.0,40.0,40.0,2026-06-08 13:34:27,2026-06-25 13:32:55,1,,3,
1969774608290487,1543509299290487,2025,54,25,677,360,2,2,,49,3,1,,,6.0,24.0,24.0,6.0,24.0,24.0,10.0,40.0,40.0,2026-06-08 13:34:27,2026-06-25 13:32:55,1,,3,
1969778507290487,1543509384290487,2025,54,27,1443,135,3,1,,7,10,6,,,18.0,18.0,24.0,18.0,18.0,24.0,30.0,30.0,40.0,2026-06-08 13:34:27,2026-06-25 13:32:55,1,,3,
1969778508290487,1543509384290487,2025,54,27,1443,225,4,1,,16,3,3,,,18.0,18.0,24.0,18.0,18.0,24.0,30.0,30.0,40.0,2026-06-08 13:34:27,2026-06-25 13:32:55,1,,3,
1969778505290487,1543509384290487,2025,54,27,1443,270,1,1,,15,0,1,,,18.0,18.0,24.0,18.0,18.0,24.0,30.0,30.0,40.0,2026-06-08 13:34:27,2026-06-25 13:32:55,1,,3,
1969778506290487,1543509384290487,2025,54,27,1443,360,2,2,,,,,,,6.0,18.0,24.0,6.0,18.0,24.0,10.0,30.0,40.0,2026-06-08 13:34:27,2026-06-25 13:32:55,1,,3,
1969778682290487,1543509388290487,2025,54,27,2293,135,3,1,,7,6,5,,,18.0,24.0,24.0,18.0,24.0,24.0,30.0,40.0,40.0,2026-06-08 13:34:27,2026-06-25 13:32:56,1,,3,
1969778683290487,1543509388290487,2025,54,27,2293,225,4,2,,12,2,0,,,6.0,24.0,24.0,6.0,24.0,24.0,10.0,40.0,40.0,2026-06-08 13:34:27,2026-06-25 13:32:56,1,,3,
1969778680290487,1543509388290487,2025,54,27,2293,270,1,1,,7,4,0,,,18.0,24.0,24.0,18.0,24.0,24.0,30.0,40.0,40.0,2026-06-08 13:34:27,2026-06-25 13:32:56,1,,3,
1969778681290487,1543509388290487,2025,54,27,2293,360,2,1,,4,3,2,,,18.0,24.0,24.0,18.0,24.0,24.0,30.0,40.0,40.0,2026-06-08 13:34:27,2026-06-25 13:32:56,1,,3,
1969778910290487,1543509392290487,2025,54,31,990,135,3,1,,16,1,0,,,18.0,24.0,24.0,18.0,24.0,24.0,30.0,40.0,40.0,2026-06-08 13:34:27,2026-06-25 13:32:55,1,,3,
1969778911290487,1543509392290487,2025,54,31,990,225,4,1,,7,1,1,,,18.0,24.0,24.0,18.0,24.0,24.0,30.0,40.0,40.0,2026-06-08 13:34:27,2026-06-25 13:32:55,1,,3,
1969778908290487,1543509392290487,2025,54,31,990,270,1,1,,3,0,1,,,18.0,24.0,24.0,18.0,24.0,24.0,30.0,40.0,40.0,2026-06-08 13:34:27,2026-06-25 13:32:55,1,,3,
1969778909290487,1543509392290487,2025,54,31,990,360,2,2,,16,2,2,,,6.0,24.0,24.0,6.0,24.0,24.0,10.0,40.0,40.0,2026-06-08 13:34:27,2026-06-25 13:32:55,1,,3,
1969768593290487,1543509172290487,2025,54,35,1488,135,3,1,,,,,,,18.0,24.0,24.0,18.0,24.0,24.0,30.0,40.0,40.0,2026-06-08 13:34:27,2026-06-25 13:32:54,1,,3,
1969768594290487,1543509172290487,2025,54,35,1488,225,4,2,,18,1,0,,,6.0,24.0,24.0,6.0,24.0,24.0,10.0,40.0,40.0,2026-06-08 13:34:27,2026-06-25 13:32:54,1,,3,
1969768591290487,1543509172290487,2025,54,35,1488,270,1,1,,,,,,,18.0,24.0,24.0,18.0,24.0,24.0,30.0,40.0,40.0,2026-06-08 13:34:27,2026-06-25 13:32:54,1,,3,
1969768592290487,1543509172290487,2025,54,35,1488,360,2,1,,,,,,,18.0,24.0,24.0,18.0,24.0,24.0,30.0,40.0,40.0,2026-06-08 13:34:27,2026-06-25 13:32:54,1,,3,
1969776509290487,1543509347290487,2025,54,41,1053,135,3,2,,,,,,,6.0,24.0,24.0,6.0,24.0,24.0,10.0,40.0,40.0,2026-06-08 13:34:27,2026-06-25 13:32:57,1,,3,
1969776510290487,1543509347290487,2025,54,41,1053,225,4,1,,17,0,1,,,18.0,24.0,24.0,18.0,24.0,24.0,30.0,40.0,40.0,2026-06-08 13:34:27,2026-06-25 13:32:57,1,,3,
1969776507290487,1543509347290487,2025,54,41,1053,270,1,1,,37,5,1,,,18.0,24.0,24.0,18.0,24.0,24.0,30.0,40.0,40.0,2026-06-08 13:34:27,2026-06-25 13:32:57,1,,3,
1969776508290487,1543509347290487,2025,54,41,1053,360,2,1,,15,3,1,,,18.0,24.0,24.0,18.0,24.0,24.0,30.0,40.0,40.0,2026-06-08 13:34:27,2026-06-25 13:32:57,1,,3,
1969771039290487,1543509226290487,2025,54,47,3,135,3,1,,,,,,,24.0,0.0,24.0,24.0,0.0,24.0,40.0,0.0,40.0,2026-06-08 13:34:27,2026-06-25 13:32:55,1,,3,
1969771040290487,1543509226290487,2025,54,47,3,225,4,1,,,,,,,24.0,0.0,24.0,24.0,0.0,24.0,40.0,0.0,40.0,2026-06-08 13:34:27,2026-06-25 13:32:55,1,,3,
1969771037290487,1543509226290487,2025,54,47,3,270,1,1,,,,,,,24.0,0.0,24.0,24.0,0.0,24.0,40.0,0.0,40.0,2026-06-08 13:34:27,2026-06-25 13:32:55,1,,3,
1969771038290487,1543509226290487,2025,54,47,3,360,2,1,,,,,,,24.0,0.0,24.0,24.0,0.0,24.0,40.0,0.0,40.0,2026-06-08 13:34:27,2026-06-25 13:32:55,1,,3,
1969775731290487,1543509329290487,2025,54,49,1263,135,3,1,,9,2,0,,,24.0,24.0,24.0,24.0,24.0,24.0,37.8,40.0,40.0,2026-06-08 13:34:27,2026-06-25 13:32:56,1,,3,
1969775732290487,1543509329290487,2025,54,49,1263,135,3,2,,,,,,,0.0,24.0,24.0,0.0,24.0,24.0,2.2,40.0,40.0,2026-06-08 13:34:27,2026-06-25 13:32:56,1,,3,
1969775733290487,1543509329290487,2025,54,49,1263,225,4,1,,14,2,2,,,24.0,24.0,24.0,24.0,24.0,24.0,37.8,40.0,40.0,2026-06-08 13:34:27,2026-06-25 13:32:56,1,,3,
1969775729290487,1543509329290487,2025,54,49,1263,270,1,1,,8,2,0,,,24.0,24.0,24.0,24.0,24.0,24.0,37.8,40.0,40.0,2026-06-08 13:34:27,2026-06-25 13:32:56,1,,3,
1969775730290487,1543509329290487,2025,54,49,1263,360,2,1,,14,1,1,,,24.0,24.0,24.0,24.0,24.0,24.0,37.8,40.0,40.0,2026-06-08 13:34:27,2026-06-25 13:32:56,1,,3,
1969776344290487,1543509343290487,2025,54,49,1524,135,3,1,,30,3,0,,,12.0,24.0,24.0,12.0,24.0,24.0,17.5,40.0,40.0,2026-06-08 13:34:27,2026-06-25 13:32:55,1,,3,
1969776345290487,1543509343290487,2025,54,49,1524,225,4,3,,22,5,1,,,12.0,24.0,24.0,12.0,24.0,24.0,20.0,40.0,40.0,2026-06-08 13:34:27,2026-06-25 13:32:55,1,,3,
1969776341290487,1543509343290487,2025,54,49,1524,270,1,1,,3,0,0,,,12.0,24.0,24.0,12.0,24.0,24.0,17.5,40.0,40.0,2026-06-08 13:34:27,2026-06-25 13:32:55,1,,3,
1969776342290487,1543509343290487,2025,54,49,1524,270,1,2,,,,,,,0.0,24.0,24.0,0.0,24.0,24.0,2.5,40.0,40.0,2026-06-08 13:34:27,2026-06-25 13:32:55,1,,3,
1969776343290487,1543509343290487,2025,54,49,1524,360,2,3,,47,7,1,,,12.0,24.0,24.0,12.0,24.0,24.0,20.0,40.0,40.0,2026-06-08 13:34:27,2026-06-25 13:32:55,1,,3,
1969765021290487,1543509088290487,2025,54,49,1935,135,3,1,,20,1,2,,,24.0,24.0,24.0,24.0,24.0,24.0,40.0,40.0,40.0,2026-06-08 13:34:27,2026-06-25 13:32:57,1,,3,
1969765022290487,1543509088290487,2025,54,49,1935,225,4,1,,14,3,0,,,24.0,24.0,24.0,24.0,24.0,24.0,40.0,40.0,40.0,2026-06-08 13:34:27,2026-06-25 13:32:57,1,,3,
1969765019290487,1543509088290487,2025,54,49,1935,270,1,1,,9,0,2,,,24.0,24.0,24.0,24.0,24.0,24.0,40.0,40.0,40.0,2026-06-08 13:34:27,2026-06-25 13:32:57,1,,3,
1969765020290487,1543509088290487,2025,54,49,1935,360,2,1,,12,0,1,,,24.0,24.0,24.0,24.0,24.0,24.0,40.0,40.0,40.0,2026-06-08 13:34:27,2026-06-25 13:32:57,1,,3,
1969768457290487,1543509168290487,2025,54,51,944,135,3,2,,,,,,,12.0,12.0,24.0,12.0,12.0,24.0,20.0,20.0,40.0,2026-06-08 13:34:27,2026-06-25 13:32:57,1,,3,
1969768458290487,1543509168290487,2025,54,51,944,225,4,2,,,,,,,12.0,12.0,24.0,12.0,12.0,24.0,20.0,20.0,40.0,2026-06-08 13:34:27,2026-06-25 13:32:57,1,,3,
1969768455290487,1543509168290487,2025,54,51,944,270,1,1,,9,1,3,,,12.0,12.0,24.0,12.0,12.0,24.0,20.0,20.0,40.0,2026-06-08 13:34:27,2026-06-25 13:32:57,1,,3,
1969768456290487,1543509168290487,2025,54,51,944,360,2,1,,19,1,1,,,12.0,12.0,24.0,12.0,12.0,24.0,20.0,20.0,40.0,2026-06-08 13:34:27,2026-06-25 13:32:57,1,,3,
1969771625290487,1543509237290487,2025,54,53,1601,135,3,1,,12,2,5,,,18.0,24.0,24.0,18.0,24.0,24.0,30.0,40.0,40.0,2026-06-08 13:34:27,2026-06-25 13:32:57,1,,3,
1969771626290487,1543509237290487,2025,54,53,1601,225,4,2,,36,2,1,,,6.0,24.0,24.0,6.0,24.0,24.0,10.0,40.0,40.0,2026-06-08 13:34:27,2026-06-25 13:32:57,1,,3,
1969771623290487,1543509237290487,2025,54,53,1601,270,1,1,,8,1,1,,,18.0,24.0,24.0,18.0,24.0,24.0,30.0,40.0,40.0,2026-06-08 13:34:27,2026-06-25 13:32:57,1,,3,
1969771624290487,1543509237290487,2025,54,53,1601,360,2,1,,8,1,2,,,18.0,24.0,24.0,18.0,24.0,24.0,30.0,40.0,40.0,2026-06-08 13:34:27,2026-06-25 13:32:57,1,,3,
1969775178290487,1543509314290487,2025,54,67,642,135,3,1,,,,,,,24.0,0.0,24.0,24.0,0.0,24.0,40.0,0.0,40.0,2026-06-08 13:34:27,2026-06-25 13:32:54,1,,3,
1969775179290487,1543509314290487,2025,54,67,642,225,4,1,,,,,,,24.0,0.0,24.0,24.0,0.0,24.0,40.0,0.0,40.0,2026-06-08 13:34:27,2026-06-25 13:32:54,1,,3,
1969775176290487,1543509314290487,2025,54,67,642,270,1,1,,,,,,,24.0,0.0,24.0,24.0,0.0,24.0,40.0,0.0,40.0,2026-06-08 13:34:27,2026-06-25 13:32:54,1,,3,
1969775177290487,1543509314290487,2025,54,67,642,360,2,1,,,,,,,24.0,0.0,24.0,24.0,0.0,24.0,40.0,0.0,40.0,2026-06-08 13:34:27,2026-06-25 13:32:54,1,,3,
1969774461290487,1543509298290487,2025,54,67,3068,135,3,1,,,,,,,24.0,0.0,24.0,24.0,0.0,24.0,40.0,0.0,40.0,2026-06-08 13:34:27,2026-06-25 13:32:57,1,,3,
1969774462290487,1543509298290487,2025,54,67,3068,225,4,1,,,,,,,24.0,0.0,24.0,24.0,0.0,24.0,40.0,0.0,40.0,2026-06-08 13:34:27,2026-06-25 13:32:57,1,,3,
1969774459290487,1543509298290487,2025,54,67,3068,270,1,1,,,,,,,24.0,0.0,24.0,24.0,0.0,24.0,40.0,0.0,40.0,2026-06-08 13:34:27,2026-06-25 13:32:57,1,,3,
1969774460290487,1543509298290487,2025,54,67,3068,360,2,1,,,,,,,24.0,0.0,24.0,24.0,0.0,24.0,40.0,0.0,40.0,2026-06-08 13:34:27,2026-06-25 13:32:57,1,,3,
1969779168290487,1543509400290487,2025,54,71,440,135,3,1,,,,,,,24.0,0.0,24.0,24.0,0.0,24.0,40.0,0.0,40.0,2026-06-08 13:34:27,2026-06-25 13:32:54,1,,3,
1969779169290487,1543509400290487,2025,54,71,440,225,4,1,,,,,,,24.0,0.0,24.0,24.0,0.0,24.0,40.0,0.0,40.0,2026-06-08 13:34:27,2026-06-25 13:32:54,1,,3,
1969779166290487,1543509400290487,2025,54,71,440,270,1,1,,,,,,,24.0,0.0,24.0,24.0,0.0,24.0,40.0,0.0,40.0,2026-06-08 13:34:27,2026-06-25 13:32:54,1,,3,
1969779167290487,1543509400290487,2025,54,71,440,360,2,1,,,,,,,24.0,0.0,24.0,24.0,0.0,24.0,40.0,0.0,40.0,2026-06-08 13:34:27,2026-06-25 13:32:54,1,,3,
1969778182290487,1543509377290487,2025,54,75,2500,135,3,1,,9,1,0,,,24.0,24.0,24.0,24.0,24.0,24.0,40.0,40.0,40.0,2026-06-08 13:34:27,2026-06-25 13:32:54,1,,3,
1969778183290487,1543509377290487,2025,54,75,2500,225,4,1,,11,2,2,,,24.0,24.0,24.0,24.0,24.0,24.0,40.0,40.0,40.0,2026-06-08 13:34:27,2026-06-25 13:32:54,1,,3,
1969778180290487,1543509377290487,2025,54,75,2500,270,1,1,,27,2,0,,,24.0,24.0,24.0,24.0,24.0,24.0,40.0,40.0,40.0,2026-06-08 13:34:27,2026-06-25 13:32:54,1,,3,
1969778181290487,1543509377290487,2025,54,75,2500,360,2,1,,8,2,6,,,24.0,24.0,24.0,24.0,24.0,24.0,40.0,40.0,40.0,2026-06-08 13:34:27,2026-06-25 13:32:54,1,,3,
1969767835290487,1543509153290487,2025,54,79,879,135,3,1,,,,,,,24.0,0.0,24.0,24.0,0.0,24.0,40.0,0.0,40.0,2026-06-08 13:34:27,2026-06-25 13:32:57,1,,3,
1969767836290487,1543509153290487,2025,54,79,879,225,4,1,,,,,,,24.0,0.0,24.0,24.0,0.0,24.0,40.0,0.0,40.0,2026-06-08 13:34:27,2026-06-25 13:32:57,1,,3,
1969767833290487,1543509153290487,2025,54,79,879,270,1,1,,,,,,,24.0,0.0,24.0,24.0,0.0,24.0,40.0,0.0,40.0,2026-06-08 13:34:27,2026-06-25 13:32:57,1,,3,
1969767834290487,1543509153290487,2025,54,79,879,360,2,1,,,,,,,24.0,0.0,24.0,24.0,0.0,24.0,40.0,0.0,40.0,2026-06-08 13:34:27,2026-06-25 13:32:57,1,,3,
1969764486290487,1543509078290487,2025,54,81,128,135,3,1,,,,,,,24.0,0.0,24.0,24.0,0.0,24.0,40.0,0.0,40.0,2026-06-08 13:34:27,2026-06-25 13:32:57,1,,3,
1969764487290487,1543509078290487,2025,54,81,128,225,4,1,,,,,,,24.0,0.0,24.0,24.0,0.0,24.0,40.0,0.0,40.0,2026-06-08 13:34:27,2026-06-25 13:32:57,1,,3,
1969764484290487,1543509078290487,2025,54,81,128,270,1,1,,,,,,,24.0,0.0,24.0,24.0,0.0,24.0,40.0,0.0,40.0,2026-06-08 13:34:27,2026-06-25 13:32:57,1,,3,
1969764485290487,1543509078290487,2025,54,81,128,360,2,1,,,,,,,24.0,0.0,24.0,24.0,0.0,24.0,40.0,0.0,40.0,2026-06-08 13:34:27,2026-06-25 13:32:57,1,,3,
1969772660290487,1543509256290487,2025,54,81,769,135,3,1,,,,,,,24.0,0.0,24.0,24.0,0.0,24.0,40.0,0.0,40.0,2026-06-08 13:34:27,2026-06-25 13:32:56,1,,3,
1969772661290487,1543509256290487,2025,54,81,769,225,4,1,,,,,,,24.0,0.0,24.0,24.0,0.0,24.0,40.0,0.0,40.0,2026-06-08 13:34:27,2026-06-25 13:32:56,1,,3,
1969772658290487,1543509256290487,2025,54,81,769,270,1,1,,,,,,,24.0,0.0,24.0,24.0,0.0,24.0,40.0,0.0,40.0,2026-06-08 13:34:27,2026-06-25 13:32:56,1,,3,
1969772659290487,1543509256290487,2025,54,81,769,360,2,1,,,,,,,24.0,0.0,24.0,24.0,0.0,24.0,40.0,0.0,40.0,2026-06-08 13:34:27,2026-06-25 13:32:56,1,,3,
1969776919290487,1543509353290487,2025,54,83,112,135,3,1,,24,3,2,,,24.0,24.0,24.0,24.0,24.0,24.0,40.0,40.0,40.0,2026-06-08 13:34:27,2026-06-25 13:32:55,1,,3,
1969776920290487,1543509353290487,2025,54,83,112,225,4,1,,17,7,1,,,24.0,24.0,24.0,24.0,24.0,24.0,40.0,40.0,40.0,2026-06-08 13:34:27,2026-06-25 13:32:55,1,,3,
1969776917290487,1543509353290487,2025,54,83,112,270,1,1,,14,3,0,,,24.0,24.0,24.0,24.0,24.0,24.0,40.0,40.0,40.0,2026-06-08 13:34:27,2026-06-25 13:32:55,1,,3,
1969776918290487,1543509353290487,2025,54,83,112,360,2,1,,18,2,0,,,24.0,24.0,24.0,24.0,24.0,24.0,40.0,40.0,40.0,2026-06-08 13:34:27,2026-06-25 13:32:55,1,,3,
1969766650290487,1543509130290487,2025,54,83,3587,135,3,1,,9,4,6,,,24.0,24.0,24.0,24.0,24.0,24.0,40.0,40.0,40.0,2026-06-08 13:34:27,2026-06-25 13:32:56,1,,3,
1969766651290487,1543509130290487,2025,54,83,3587,225,4,1,,6,1,1,,,24.0,24.0,24.0,24.0,24.0,24.0,40.0,40.0,40.0,2026-06-08 13:34:27,2026-06-25 13:32:56,1,,3,
1969766648290487,1543509130290487,2025,54,83,3587,270,1,1,,12,1,2,,,24.0,24.0,24.0,24.0,24.0,24.0,40.0,40.0,40.0,2026-06-08 13:34:27,2026-06-25 13:32:56,1,,3,
1969766649290487,1543509130290487,2025,54,83,3587,360,2,1,,5,0,1,,,24.0,24.0,24.0,24.0,24.0,24.0,40.0,40.0,40.0,2026-06-08 13:34:27,2026-06-25 13:32:56,1,,3,
1969777824290487,1543509371290487,2025,54,93,857,135,3,1,,35,12,8,,,24.0,24.0,24.0,24.0,24.0,24.0,40.0,40.0,40.0,2026-06-08 13:34:27,2026-06-25 13:32:56,1,,3,
1969777825290487,1543509371290487,2025,54,93,857,225,4,1,,33,10,2,,,24.0,24.0,24.0,24.0,24.0,24.0,40.0,40.0,40.0,2026-06-08 13:34:27,2026-06-25 13:32:56,1,,3,
1969777822290487,1543509371290487,2025,54,93,857,270,1,1,,15,1,0,,,24.0,24.0,24.0,24.0,24.0,24.0,40.0,40.0,40.0,2026-06-08 13:34:27,2026-06-25 13:32:56,1,,3,
1969777823290487,1543509371290487,2025,54,93,857,360,2,1,,9,4,0,,,24.0,24.0,24.0,24.0,24.0,24.0,40.0,40.0,40.0,2026-06-08 13:34:27,2026-06-25 13:32:56,1,,3,
1969769112290487,1543509185290487,2025,54,99,673,135,3,2,,,,,,,6.0,18.0,24.0,6.0,18.0,24.0,10.0,30.0,40.0,2026-06-08 13:34:27,2026-06-25 13:32:55,1,,3,
1969769113290487,1543509185290487,2025,54,99,673,225,4,1,,14,2,1,,,18.0,18.0,24.0,18.0,18.0,24.0,30.0,30.0,40.0,2026-06-08 13:34:27,2026-06-25 13:32:55,1,,3,
1969769110290487,1543509185290487,2025,54,99,673,270,1,1,,24,1,3,,,18.0,18.0,24.0,18.0,18.0,24.0,30.0,30.0,40.0,2026-06-08 13:34:27,2026-06-25 13:32:55,1,,3,
1969769111290487,1543509185290487,2025,54,99,673,360,2,1,,17,3,0,,,18.0,18.0,24.0,18.0,18.0,24.0,30.0,30.0,40.0,2026-06-08 13:34:27,2026-06-25 13:32:55,1,,3,
1969767565290487,1543509145290487,2025,54,99,1250,135,3,3,,,,,,,6.0,18.0,24.0,6.0,18.0,24.0,10.0,30.0,40.0,2026-06-08 13:34:27,2026-06-25 13:32:57,1,,3,
1969767566290487,1543509145290487,2025,54,99,1250,225,4,2,,,,,,,12.0,18.0,24.0,12.0,18.0,24.0,20.0,30.0,40.0,2026-06-08 13:34:27,2026-06-25 13:32:57,1,,3,
1969767563290487,1543509145290487,2025,54,99,1250,270,1,2,,,,,,,12.0,18.0,24.0,12.0,18.0,24.0,20.0,30.0,40.0,2026-06-08 13:34:27,2026-06-25 13:32:57,1,,3,
1969767564290487,1543509145290487,2025,54,99,1250,360,2,1,,27,1,2,,,6.0,18.0,24.0,6.0,18.0,24.0,10.0,30.0,40.0,2026-06-08 13:34:27,2026-06-25 13:32:57,1,,3,
1969770006290487,1543509203290487,2025,54,103,1046,135,3,1,,14,2,2,,,18.0,18.0,24.0,18.0,18.0,24.0,30.0,30.0,40.0,2026-06-08 13:34:27,2026-06-25 13:32:54,1,,3,
1969770007290487,1543509203290487,2025,54,103,1046,225,4,1,,4,0,5,,,18.0,18.0,24.0,18.0,18.0,24.0,30.0,30.0,40.0,2026-06-08 13:34:27,2026-06-25 13:32:54,1,,3,
1969770004290487,1543509203290487,2025,54,103,1046,270,1,2,,,,,,,6.0,18.0,24.0,6.0,18.0,24.0,10.0,30.0,40.0,2026-06-08 13:34:27,2026-06-25 13:32:54,1,,3,
1969770005290487,1543509203290487,2025,54,103,1046,360,2,1,,12,1,1,,,18.0,18.0,24.0,18.0,18.0,24.0,30.0,30.0,40.0,2026-06-08 13:34:27,2026-06-25 13:32:54,1,,3,
1969773721290487,1543509285290487,2025,54,107,1506,135,3,1,,27,2,0,,,18.0,18.0,24.0,18.0,18.0,24.0,30.0,30.0,40.0,2026-06-08 13:34:27,2026-06-25 13:32:56,1,,3,
1969773722290487,1543509285290487,2025,54,107,1506,225,4,1,,14,3,1,,,18.0,18.0,24.0,18.0,18.0,24.0,30.0,30.0,40.0,2026-06-08 13:34:27,2026-06-25 13:32:56,1,,3,
1969773719290487,1543509285290487,2025,54,107,1506,270,1,2,,,,,,,6.0,18.0,24.0,6.0,18.0,24.0,10.0,30.0,40.0,2026-06-08 13:34:27,2026-06-25 13:32:56,1,,3,
1969773720290487,1543509285290487,2025,54,107,1506,360,2,1,,54,3,3,,,18.0,18.0,24.0,18.0,18.0,24.0,30.0,30.0,40.0,2026-06-08 13:34:27,2026-06-25 13:32:56,1,,3,
1969771000290487,1543509225290487,2025,54,109,379,135,3,2,,7,2,0,,,6.0,24.0,24.0,6.0,24.0,24.0,10.0,40.0,40.0,2026-06-08 13:34:27,2026-06-25 13:32:57,1,,3,
1969771001290487,1543509225290487,2025,54,109,379,225,4,1,,17,0,0,,,18.0,24.0,24.0,18.0,24.0,24.0,30.0,40.0,40.0,2026-06-08 13:34:27,2026-06-25 13:32:57,1,,3,
1969770998290487,1543509225290487,2025,54,109,379,270,1,1,,9,1,0,,,18.0,24.0,24.0,18.0,24.0,24.0,30.0,40.0,40.0,2026-06-08 13:34:27,2026-06-25 13:32:57,1,,3,
1969770999290487,1543509225290487,2025,54,109,379,360,2,1,,75,10,11,,,18.0,24.0,24.0,18.0,24.0,24.0,30.0,40.0,40.0,2026-06-08 13:34:27,2026-06-25 13:32:57,1,,3,
