CN,PLT_CN,INVYR,STATECD,COUNTYCD,PLOT,TRANSECT,SUBP,SMPLOCCD,MEASYEAR,CONDID,DUFFDEP,LITTDEP,FUELDEP,CREATED_DATE,MODIFIED_DATE,DLF_SAMPLE_METHOD,DUFF_METHOD,DUFF_NONSAMPLE_REASN_CD,LITTER_METHOD,LITTER_NONSAMPLE_REASN_CD,FUELBED_METHOD,FUELBED_NONSAMPLE_REASN_CD,DL_STATUS_CD
56708024010538,60264822010538,2004,54,1,1932,30,1,2,2004,1,0.6,1.1,0.6,2005-10-31 11:59:18,2014-05-14 15:56:42,2,1,,1,,1,,
56708032010538,60264822010538,2004,54,1,1932,30,2,2,2004,1,0.5,0.6,0.9,2005-10-31 11:59:18,2014-05-14 15:56:42,2,1,,1,,1,,
56708040010538,60264822010538,2004,54,1,1932,30,3,2,2004,2,0.8,1.1,0.1,2005-10-31 11:59:18,2014-05-14 15:56:43,2,1,,1,,1,,
56708048010538,60264822010538,2004,54,1,1932,30,4,2,2004,1,1.1,1.5,2.2,2005-10-31 11:59:18,2014-05-14 15:56:43,2,1,,1,,1,,
56708027010538,60264822010538,2004,54,1,1932,150,1,2,2004,1,0.7,1.5,4.6,2005-10-31 11:59:18,2014-05-14 15:56:42,2,1,,1,,1,,
56708035010538,60264822010538,2004,54,1,1932,150,2,2,2004,1,0.7,1.5,1.2,2005-10-31 11:59:18,2014-05-14 15:56:42,2,1,,1,,1,,
56708043010538,60264822010538,2004,54,1,1932,150,3,2,2004,2,0.4,1.2,0.1,2005-10-31 11:59:18,2014-05-14 15:56:43,2,1,,1,,1,,
56708051010538,60264822010538,2004,54,1,1932,150,4,2,2004,1,0.4,0.9,2.1,2005-10-31 11:59:18,2014-05-14 15:56:43,2,1,,1,,1,,
56708029010538,60264822010538,2004,54,1,1932,270,1,2,2004,1,0.2,1.6,6.0,2005-10-31 11:59:18,2014-05-14 15:56:42,2,1,,1,,1,,
56708037010538,60264822010538,2004,54,1,1932,270,2,2,2004,1,0.4,1.0,0.1,2005-10-31 11:59:18,2014-05-14 15:56:43,2,1,,1,,1,,
56708045010538,60264822010538,2004,54,1,1932,270,3,2,2004,2,0.1,0.2,0.7,2005-10-31 11:59:18,2014-05-14 15:56:43,2,1,,1,,1,,
56708053010538,60264822010538,2004,54,1,1932,270,4,2,2004,1,0.7,0.5,0.1,2005-10-31 11:59:18,2014-05-14 15:56:43,2,1,,1,,1,,
42802496020004,60265152010538,2004,54,3,610,30,1,2,2004,1,,,,2012-06-06 07:13:27,2014-05-14 15:57:41,2,0,,0,,0,,
42802491020004,60265152010538,2004,54,3,610,30,2,2,2004,1,,,,2012-06-06 07:13:27,2014-05-14 15:57:41,2,0,,0,,0,,
42802490020004,60265152010538,2004,54,3,610,30,3,2,2004,1,,,,2012-06-06 07:13:27,2014-05-14 15:57:41,2,0,,0,,0,,
42802497020004,60265152010538,2004,54,3,610,30,4,2,2004,1,,,,2012-06-06 07:13:27,2014-05-14 15:57:41,2,0,,0,,0,,
42802498020004,60265152010538,2004,54,3,610,150,1,2,2004,1,,,,2012-06-06 07:13:27,2014-05-14 15:57:41,2,0,,0,,0,,
42802500020004,60265152010538,2004,54,3,610,150,2,2,2004,1,,,,2012-06-06 07:13:27,2014-05-14 15:57:41,2,0,,0,,0,,
42802492020004,60265152010538,2004,54,3,610,150,3,2,2004,1,,,,2012-06-06 07:13:27,2014-05-14 15:57:41,2,0,,0,,0,,
42802494020004,60265152010538,2004,54,3,610,150,4,2,2004,1,,,,2012-06-06 07:13:27,2014-05-14 15:57:41,2,0,,0,,0,,
42802489020004,60265152010538,2004,54,3,610,270,1,2,2004,1,,,,2012-06-06 07:13:27,2014-05-14 15:57:41,2,0,,0,,0,,
42802499020004,60265152010538,2004,54,3,610,270,2,2,2004,1,,,,2012-06-06 07:13:27,2014-05-14 15:57:41,2,0,,0,,0,,
42802493020004,60265152010538,2004,54,3,610,270,3,2,2004,1,,,,2012-06-06 07:13:27,2014-05-14 15:57:41,2,0,,0,,0,,
42802495020004,60265152010538,2004,54,3,610,270,4,2,2004,1,,,,2012-06-06 07:13:27,2014-05-14 15:57:41,2,0,,0,,0,,
56707054010538,60265847010538,2004,54,5,1861,30,1,2,2004,1,0.2,1.1,0.1,2005-10-31 11:59:18,2014-05-14 15:56:42,2,1,,1,,1,,
56707062010538,60265847010538,2004,54,5,1861,30,2,2,2004,1,1.1,1.7,0.3,2005-10-31 11:59:18,2014-05-14 15:56:42,2,1,,1,,1,,
42802239020004,60265847010538,2004,54,5,1861,30,3,2,2004,2,,,,2012-06-06 07:13:27,2014-05-14 15:57:43,2,0,,0,,0,,
56707082010538,60265847010538,2004,54,5,1861,30,4,2,2004,1,0.3,1.3,1.9,2005-10-31 11:59:18,2014-05-14 15:56:42,2,1,,1,,1,,
56707057010538,60265847010538,2004,54,5,1861,150,1,2,2004,1,0.0,0.2,0.1,2005-10-31 11:59:18,2014-05-14 15:56:42,2,1,,1,,1,,
56707071010538,60265847010538,2004,54,5,1861,150,2,2,2004,1,0.4,2.9,0.8,2005-10-31 11:59:18,2014-05-14 15:56:42,2,1,,1,,1,,
42802240020004,60265847010538,2004,54,5,1861,150,3,2,2004,2,,,,2012-06-06 07:13:27,2014-05-14 15:57:43,2,0,,0,,0,,
56707085010538,60265847010538,2004,54,5,1861,150,4,2,2004,1,0.8,1.6,0.2,2005-10-31 11:59:18,2014-05-14 15:56:42,2,1,,1,,1,,
56707059010538,60265847010538,2004,54,5,1861,270,1,2,2004,1,0.2,4.0,0.4,2005-10-31 11:59:18,2014-05-14 15:56:42,2,1,,1,,1,,
56707075010538,60265847010538,2004,54,5,1861,270,2,2,2004,1,0.6,1.1,0.1,2005-10-31 11:59:18,2014-05-14 15:56:42,2,1,,1,,1,,
42802241020004,60265847010538,2004,54,5,1861,270,3,2,2004,2,,,,2012-06-06 07:13:27,2014-05-14 15:57:43,2,0,,0,,0,,
56707087010538,60265847010538,2004,54,5,1861,270,4,2,2004,1,0.6,1.4,0.2,2005-10-31 11:59:18,2014-05-14 15:56:42,2,1,,1,,1,,
56706865010538,60266563010538,2004,54,7,1499,30,1,2,2004,1,0.6,1.1,0.1,2005-10-31 11:59:18,2014-05-14 15:56:42,2,1,,1,,1,,
56706874010538,60266563010538,2004,54,7,1499,30,2,2,2004,1,0.6,1.1,0.6,2005-10-31 11:59:18,2014-05-14 15:56:42,2,1,,1,,1,,
56706882010538,60266563010538,2004,54,7,1499,30,3,2,2004,1,0.1,0.6,12.0,2005-10-31 11:59:18,2014-05-14 15:56:42,2,1,,1,,1,,
56706890010538,60266563010538,2004,54,7,1499,30,4,2,2004,1,0.8,1.1,0.1,2005-10-31 11:59:18,2014-05-14 15:56:42,2,1,,1,,1,,
56706868010538,60266563010538,2004,54,7,1499,150,1,2,2004,1,0.2,0.8,0.1,2005-10-31 11:59:18,2014-05-14 15:56:42,2,1,,1,,1,,
56706877010538,60266563010538,2004,54,7,1499,150,2,2,2004,1,1.0,2.1,0.7,2005-10-31 11:59:18,2014-05-14 15:56:42,2,1,,1,,1,,
56706885010538,60266563010538,2004,54,7,1499,150,3,2,2004,1,0.5,1.4,4.1,2005-10-31 11:59:18,2014-05-14 15:56:42,2,1,,1,,1,,
56706893010538,60266563010538,2004,54,7,1499,150,4,2,2004,1,0.4,1.3,0.2,2005-10-31 11:59:18,2014-05-14 15:56:42,2,1,,1,,1,,
56706870010538,60266563010538,2004,54,7,1499,270,1,2,2004,1,0.4,0.5,0.1,2005-10-31 11:59:18,2014-05-14 15:56:42,2,1,,1,,1,,
56706879010538,60266563010538,2004,54,7,1499,270,2,2,2004,1,0.2,0.9,0.1,2005-10-31 11:59:18,2014-05-14 15:56:42,2,1,,1,,1,,
56706887010538,60266563010538,2004,54,7,1499,270,3,2,2004,1,0.2,0.9,0.1,2005-10-31 11:59:18,2014-05-14 15:56:42,2,1,,1,,1,,
56706895010538,60266563010538,2004,54,7,1499,270,4,2,2004,1,0.3,0.9,0.1,2005-10-31 11:59:18,2014-05-14 15:56:42,2,1,,1,,1,,
56706956010538,60266401010538,2004,54,7,1744,30,1,2,2004,1,0.0,0.0,0.7,2005-10-31 11:59:18,2014-05-14 15:56:42,2,1,,1,,1,,
56706967010538,60266401010538,2004,54,7,1744,30,2,2,2004,1,0.8,2.1,3.2,2005-10-31 11:59:18,2014-05-14 15:56:42,2,1,,1,,1,,
56706976010538,60266401010538,2004,54,7,1744,30,3,2,2004,1,0.6,2.3,0.2,2005-10-31 11:59:18,2014-05-14 15:56:42,2,1,,1,,1,,
56706986010538,60266401010538,2004,54,7,1744,30,4,2,2004,1,0.5,1.5,1.5,2005-10-31 11:59:18,2014-05-14 15:56:42,2,1,,1,,1,,
56706959010538,60266401010538,2004,54,7,1744,150,1,2,2004,1,0.0,0.3,0.1,2005-10-31 11:59:18,2014-05-14 15:56:42,2,1,,1,,1,,
56706970010538,60266401010538,2004,54,7,1744,150,2,2,2004,1,0.2,0.9,0.1,2005-10-31 11:59:18,2014-05-14 15:56:42,2,1,,1,,1,,
56706979010538,60266401010538,2004,54,7,1744,150,3,2,2004,1,0.8,1.4,0.2,2005-10-31 11:59:18,2014-05-14 15:56:42,2,1,,1,,1,,
56706990010538,60266401010538,2004,54,7,1744,150,4,2,2004,1,0.3,1.2,0.1,2005-10-31 11:59:18,2014-05-14 15:56:42,2,1,,1,,1,,
56706964010538,60266401010538,2004,54,7,1744,270,1,2,2004,1,1.6,1.8,5.2,2005-10-31 11:59:18,2014-05-14 15:56:42,2,1,,1,,1,,
56706972010538,60266401010538,2004,54,7,1744,270,2,2,2004,1,0.2,0.5,5.1,2005-10-31 11:59:18,2014-05-14 15:56:42,2,1,,1,,1,,
56706982010538,60266401010538,2004,54,7,1744,270,3,2,2004,1,0.9,1.8,0.2,2005-10-31 11:59:18,2014-05-14 15:56:42,2,1,,1,,1,,
56706993010538,60266401010538,2004,54,7,1744,270,4,2,2004,1,0.2,0.9,0.1,2005-10-31 11:59:18,2014-05-14 15:56:42,2,1,,1,,1,,
56707265010538,60267085010538,2004,54,11,797,30,1,2,2004,1,1.0,1.4,0.2,2005-10-31 11:59:18,2014-05-14 15:56:42,2,1,,1,,1,,
56707273010538,60267085010538,2004,54,11,797,30,2,2,2004,1,0.2,0.6,0.1,2005-10-31 11:59:18,2014-05-14 15:56:42,2,1,,1,,1,,
56707281010538,60267085010538,2004,54,11,797,30,3,2,2004,1,0.0,0.3,0.1,2005-10-31 11:59:18,2014-05-14 15:56:42,2,1,,1,,1,,
42802076020004,60267085010538,2004,54,11,797,30,4,2,2004,2,,,,2012-06-06 07:13:26,2014-05-14 15:57:43,2,0,,0,,0,,
56707268010538,60267085010538,2004,54,11,797,150,1,2,2004,1,0.4,0.4,0.1,2005-10-31 11:59:18,2014-05-14 15:56:42,2,1,,1,,1,,
56707276010538,60267085010538,2004,54,11,797,150,2,2,2004,1,0.1,1.8,1.5,2005-10-31 11:59:18,2014-05-14 15:56:42,2,1,,1,,1,,
56707284010538,60267085010538,2004,54,11,797,150,3,2,2004,1,0.5,1.2,0.1,2005-10-31 11:59:18,2014-05-14 15:56:42,2,1,,1,,1,,
42802075020004,60267085010538,2004,54,11,797,150,4,2,2004,2,,,,2012-06-06 07:13:26,2014-05-14 15:57:43,2,0,,0,,0,,
56707270010538,60267085010538,2004,54,11,797,270,1,2,2004,1,0.1,0.1,0.1,2005-10-31 11:59:18,2014-05-14 15:56:42,2,1,,1,,1,,
56707278010538,60267085010538,2004,54,11,797,270,2,2,2004,1,0.5,1.7,0.2,2005-10-31 11:59:18,2014-05-14 15:56:42,2,1,,1,,1,,
56707286010538,60267085010538,2004,54,11,797,270,3,2,2004,1,0.0,1.9,4.3,2005-10-31 11:59:18,2014-05-14 15:56:42,2,1,,1,,1,,
42802077020004,60267085010538,2004,54,11,797,270,4,2,2004,2,,,,2012-06-06 07:13:26,2014-05-14 15:57:43,2,0,,0,,0,,
56708068010538,60267985010538,2004,54,17,1054,30,1,2,2004,1,0.4,1.1,0.3,2005-10-31 11:59:19,2014-05-14 15:56:43,2,1,,1,,1,,
56708077010538,60267985010538,2004,54,17,1054,30,2,2,2004,1,0.3,1.2,0.1,2005-10-31 11:59:19,2014-05-14 15:56:43,2,1,,1,,1,,
56708085010538,60267985010538,2004,54,17,1054,30,3,2,2004,1,0.3,1.3,0.4,2005-10-31 11:59:19,2014-05-14 15:56:43,2,1,,1,,1,,
56708098010538,60267985010538,2004,54,17,1054,30,4,2,2004,1,0.2,0.9,0.5,2005-10-31 11:59:19,2014-05-14 15:56:43,2,1,,1,,1,,
56708071010538,60267985010538,2004,54,17,1054,150,1,2,2004,1,0.3,1.7,0.2,2005-10-31 11:59:19,2014-05-14 15:56:43,2,1,,1,,1,,
56708080010538,60267985010538,2004,54,17,1054,150,2,2,2004,1,0.2,1.4,0.4,2005-10-31 11:59:19,2014-05-14 15:56:43,2,1,,1,,1,,
56708088010538,60267985010538,2004,54,17,1054,150,3,2,2004,1,0.8,1.2,0.5,2005-10-31 11:59:19,2014-05-14 15:56:43,2,1,,1,,1,,
56708104010538,60267985010538,2004,54,17,1054,150,4,2,2004,1,0.1,0.8,0.1,2005-10-31 11:59:19,2014-05-14 15:56:43,2,1,,1,,1,,
56708073010538,60267985010538,2004,54,17,1054,270,1,2,2004,1,0.6,1.4,0.3,2005-10-31 11:59:19,2014-05-14 15:56:43,2,1,,1,,1,,
56708082010538,60267985010538,2004,54,17,1054,270,2,2,2004,1,0.4,0.9,0.1,2005-10-31 11:59:19,2014-05-14 15:56:43,2,1,,1,,1,,
56708090010538,60267985010538,2004,54,17,1054,270,3,2,2004,1,0.5,1.2,0.3,2005-10-31 11:59:19,2014-05-14 15:56:43,2,1,,1,,1,,
56708108010538,60267985010538,2004,54,17,1054,270,4,2,2004,1,0.2,1.4,0.2,2005-10-31 11:59:19,2014-05-14 15:56:43,2,1,,1,,1,,
42802243020004,60271004010538,2004,54,25,2197,30,1,2,2004,1,,,,2012-06-06 07:13:27,2014-05-14 15:57:43,2,0,,0,,0,,
56706214010538,60271004010538,2004,54,25,2197,30,2,2,2004,1,0.2,2.0,0.2,2005-10-31 11:59:19,2014-05-14 15:56:42,2,1,,1,,1,,
56706222010538,60271004010538,2004,54,25,2197,30,3,2,2004,1,0.9,1.6,0.2,2005-10-31 11:59:19,2014-05-14 15:56:42,2,1,,1,,1,,
56706230010538,60271004010538,2004,54,25,2197,30,4,2,2004,1,0.9,1.4,0.2,2005-10-31 11:59:19,2014-05-14 15:56:42,2,1,,1,,1,,
42802244020004,60271004010538,2004,54,25,2197,150,1,2,2004,1,,,,2012-06-06 07:13:27,2014-05-14 15:57:43,2,0,,0,,0,,
56706217010538,60271004010538,2004,54,25,2197,150,2,2,2004,1,0.2,0.6,0.1,2005-10-31 11:59:19,2014-05-14 15:56:42,2,1,,1,,1,,
56706225010538,60271004010538,2004,54,25,2197,150,3,2,2004,1,0.4,1.5,0.2,2005-10-31 11:59:19,2014-05-14 15:56:42,2,1,,1,,1,,
56706233010538,60271004010538,2004,54,25,2197,150,4,2,2004,1,0.2,0.9,0.1,2005-10-31 11:59:19,2014-05-14 15:56:42,2,1,,1,,1,,
42802242020004,60271004010538,2004,54,25,2197,270,1,2,2004,1,,,,2012-06-06 07:13:27,2014-05-14 15:57:43,2,0,,0,,0,,
56706219010538,60271004010538,2004,54,25,2197,270,2,2,2004,1,0.2,1.2,2.7,2005-10-31 11:59:19,2014-05-14 15:56:42,2,1,,1,,1,,
56706227010538,60271004010538,2004,54,25,2197,270,3,2,2004,1,0.0,2.0,0.2,2005-10-31 11:59:19,2014-05-14 15:56:42,2,1,,1,,1,,
56706235010538,60271004010538,2004,54,25,2197,270,4,2,2004,1,0.3,0.8,0.1,2005-10-31 11:59:19,2014-05-14 15:56:42,2,1,,1,,1,,
56706762010538,60270544010538,2004,54,25,2331,30,1,2,2004,1,1.1,2.0,11.0,2005-10-31 11:59:19,2014-05-14 15:56:42,2,1,,1,,1,,
56706775010538,60270544010538,2004,54,25,2331,30,2,2,2004,1,0.0,0.7,0.1,2005-10-31 11:59:19,2014-05-14 15:56:42,2,1,,1,,1,,
56706784010538,60270544010538,2004,54,25,2331,30,3,2,2004,1,0.2,0.6,0.1,2005-10-31 11:59:19,2014-05-14 15:56:42,2,1,,1,,1,,
56706794010538,60270544010538,2004,54,25,2331,30,4,2,2004,1,0.6,4.1,0.5,2005-10-31 11:59:19,2014-05-14 15:56:42,2,1,,1,,1,,
56706765010538,60270544010538,2004,54,25,2331,150,1,2,2004,1,0.4,0.0,0.1,2005-10-31 11:59:19,2014-05-14 15:56:42,2,1,,1,,1,,
56706778010538,60270544010538,2004,54,25,2331,150,2,2,2004,1,,,,2005-10-31 11:59:19,2014-05-14 15:56:42,2,0,,0,,0,,
56706787010538,60270544010538,2004,54,25,2331,150,3,2,2004,1,0.2,1.0,0.1,2005-10-31 11:59:19,2014-05-14 15:56:42,2,1,,1,,1,,
56706797010538,60270544010538,2004,54,25,2331,150,4,2,2004,1,0.6,2.1,0.2,2005-10-31 11:59:19,2014-05-14 15:56:42,2,1,,1,,1,,
56706769010538,60270544010538,2004,54,25,2331,270,1,2,2004,1,0.7,2.6,0.3,2005-10-31 11:59:19,2014-05-14 15:56:42,2,1,,1,,1,,
56706780010538,60270544010538,2004,54,25,2331,270,2,2,2004,1,0.2,1.4,0.2,2005-10-31 11:59:19,2014-05-14 15:56:42,2,1,,1,,1,,
56706790010538,60270544010538,2004,54,25,2331,270,3,2,2004,1,0.4,1.6,8.0,2005-10-31 11:59:19,2014-05-14 15:56:42,2,1,,1,,1,,
56706799010538,60270544010538,2004,54,25,2331,270,4,2,2004,1,0.7,1.8,0.2,2005-10-31 11:59:19,2014-05-14 15:56:42,2,1,,1,,1,,
42802202020004,60271781010538,2004,54,27,1214,30,1,2,2004,1,,,,2012-06-06 07:13:27,2014-05-14 15:57:43,2,0,,0,,0,,
42802195020004,60271781010538,2004,54,27,1214,30,2,2,2004,2,,,,2012-06-06 07:13:27,2016-09-29 07:43:49,2,0,,0,,0,,
42802193020004,60271781010538,2004,54,27,1214,30,3,2,2004,1,,,,2012-06-06 07:13:27,2014-05-14 15:57:43,2,0,,0,,0,,
42802201020004,60271781010538,2004,54,27,1214,30,4,2,2004,1,,,,2012-06-06 07:13:27,2014-05-14 15:57:43,2,0,,0,,0,,
42802199020004,60271781010538,2004,54,27,1214,150,1,2,2004,1,,,,2012-06-06 07:13:27,2014-05-14 15:57:43,2,0,,0,,0,,
42802203020004,60271781010538,2004,54,27,1214,150,2,2,2004,2,,,,2012-06-06 07:13:27,2016-09-29 07:43:49,2,0,,0,,0,,
42802197020004,60271781010538,2004,54,27,1214,150,3,2,2004,1,,,,2012-06-06 07:13:27,2014-05-14 15:57:43,2,0,,0,,0,,
42802196020004,60271781010538,2004,54,27,1214,150,4,2,2004,1,,,,2012-06-06 07:13:27,2014-05-14 15:57:43,2,0,,0,,0,,
42802194020004,60271781010538,2004,54,27,1214,270,1,2,2004,1,,,,2012-06-06 07:13:27,2014-05-14 15:57:43,2,0,,0,,0,,
42802204020004,60271781010538,2004,54,27,1214,270,2,2,2004,2,,,,2012-06-06 07:13:27,2016-09-29 07:43:49,2,0,,0,,0,,
42802198020004,60271781010538,2004,54,27,1214,270,3,2,2004,1,,,,2012-06-06 07:13:27,2014-05-14 15:57:43,2,0,,0,,0,,
42802200020004,60271781010538,2004,54,27,1214,270,4,2,2004,1,,,,2012-06-06 07:13:27,2014-05-14 15:57:43,2,0,,0,,0,,
56707602010538,60272420010538,2004,54,31,598,30,1,2,2004,1,0.4,1.7,0.2,2005-10-31 11:59:19,2014-05-14 15:56:42,2,1,,1,,1,,
56707610010538,60272420010538,2004,54,31,598,30,2,2,2004,1,0.2,1.7,0.2,2005-10-31 11:59:19,2014-05-14 15:56:42,2,1,,1,,1,,
56707618010538,60272420010538,2004,54,31,598,30,3,2,2004,1,0.4,0.9,0.1,2005-10-31 11:59:19,2014-05-14 15:56:42,2,1,,1,,1,,
56707626010538,60272420010538,2004,54,31,598,30,4,2,2004,1,0.6,2.8,0.9,2005-10-31 11:59:19,2014-05-14 15:56:42,2,1,,1,,1,,
56707605010538,60272420010538,2004,54,31,598,150,1,2,2004,1,1.1,2.2,6.0,2005-10-31 11:59:19,2014-05-14 15:56:42,2,1,,1,,1,,
56707613010538,60272420010538,2004,54,31,598,150,2,2,2004,1,,,0.2,2005-10-31 11:59:19,2014-05-14 15:56:42,2,0,,0,,1,,
56707621010538,60272420010538,2004,54,31,598,150,3,2,2004,1,0.3,0.8,0.1,2005-10-31 11:59:19,2014-05-14 15:56:42,2,1,,1,,1,,
56707630010538,60272420010538,2004,54,31,598,150,4,2,2004,1,1.8,2.9,9.0,2005-10-31 11:59:19,2014-05-14 15:56:42,2,1,,1,,1,,
56707607010538,60272420010538,2004,54,31,598,270,1,2,2004,1,1.1,1.3,0.5,2005-10-31 11:59:19,2014-05-14 15:56:42,2,1,,1,,1,,
56707615010538,60272420010538,2004,54,31,598,270,2,2,2004,1,2.0,2.9,1.1,2005-10-31 11:59:19,2014-05-14 15:56:42,2,1,,1,,1,,
56707623010538,60272420010538,2004,54,31,598,270,3,2,2004,1,0.4,1.9,0.2,2005-10-31 11:59:19,2014-05-14 15:56:42,2,1,,1,,1,,
56707634010538,60272420010538,2004,54,31,598,270,4,2,2004,1,1.1,2.1,0.3,2005-10-31 11:59:19,2014-05-14 15:56:42,2,1,,1,,1,,
56706711010538,60271920010538,2004,54,31,2183,30,1,2,2004,1,0.6,1.1,12.0,2005-10-31 11:59:19,2014-05-14 15:56:42,2,1,,1,,1,,
56706720010538,60271920010538,2004,54,31,2183,30,2,2,2004,2,0.4,0.9,0.7,2005-10-31 11:59:19,2014-05-14 15:56:42,2,1,,1,,1,,
56706731010538,60271920010538,2004,54,31,2183,30,3,2,2004,1,1.1,1.4,0.2,2005-10-31 11:59:19,2014-05-14 15:56:42,2,1,,1,,1,,
56706742010538,60271920010538,2004,54,31,2183,30,4,2,2004,1,0.3,1.1,1.1,2005-10-31 11:59:19,2014-05-14 15:56:42,2,1,,1,,1,,
56706714010538,60271920010538,2004,54,31,2183,150,1,2,2004,1,0.7,2.1,0.2,2005-10-31 11:59:19,2014-05-14 15:56:42,2,1,,1,,1,,
56706723010538,60271920010538,2004,54,31,2183,150,2,2,2004,2,,,,2005-10-31 11:59:19,2014-05-14 15:56:42,2,0,,0,,0,,
56706735010538,60271920010538,2004,54,31,2183,150,3,2,2004,1,0.0,0.5,0.4,2005-10-31 11:59:19,2014-05-14 15:56:42,2,1,,1,,1,,
56706745010538,60271920010538,2004,54,31,2183,150,4,2,2004,1,0.2,0.5,1.9,2005-10-31 11:59:19,2014-05-14 15:56:42,2,1,,1,,1,,
56706716010538,60271920010538,2004,54,31,2183,270,1,2,2004,1,1.1,2.2,0.2,2005-10-31 11:59:19,2014-05-14 15:56:42,2,1,,1,,1,,
56706726010538,60271920010538,2004,54,31,2183,270,2,2,2004,2,0.4,0.7,0.1,2005-10-31 11:59:19,2014-05-14 15:56:42,2,1,,1,,1,,
56706737010538,60271920010538,2004,54,31,2183,270,3,2,2004,1,0.9,1.5,0.2,2005-10-31 11:59:19,2014-05-14 15:56:42,2,1,,1,,1,,
56706748010538,60271920010538,2004,54,31,2183,270,4,2,2004,1,0.5,1.6,1.4,2005-10-31 11:59:19,2014-05-14 15:56:42,2,1,,1,,1,,
56707157010538,60274986010538,2004,54,39,649,30,1,2,2004,1,0.0,1.0,0.1,2005-10-31 11:59:19,2014-05-14 15:56:42,2,1,,1,,1,,
56707169010538,60274986010538,2004,54,39,649,30,2,2,2004,2,0.0,0.4,0.3,2005-10-31 11:59:19,2014-05-14 15:56:42,2,1,,1,,1,,
56707183010538,60274986010538,2004,54,39,649,30,3,2,2004,1,1.1,2.6,0.3,2005-10-31 11:59:19,2014-05-14 15:56:42,2,1,,1,,1,,
56707194010538,60274986010538,2004,54,39,649,30,4,2,2004,1,0.2,1.2,0.1,2005-10-31 11:59:19,2014-05-14 15:56:42,2,1,,1,,1,,
56707160010538,60274986010538,2004,54,39,649,150,1,2,2004,1,0.0,3.2,0.3,2005-10-31 11:59:19,2014-05-14 15:56:42,2,1,,1,,1,,
56707174010538,60274986010538,2004,54,39,649,150,2,2,2004,2,0.4,1.8,0.2,2005-10-31 11:59:19,2014-05-14 15:56:42,2,1,,1,,1,,
56707186010538,60274986010538,2004,54,39,649,150,3,2,2004,1,,,,2005-10-31 11:59:19,2014-05-14 15:56:42,2,0,,0,,0,,
56707200010538,60274986010538,2004,54,39,649,150,4,2,2004,1,0.3,1.3,0.2,2005-10-31 11:59:19,2014-05-14 15:56:42,2,1,,1,,1,,
56707165010538,60274986010538,2004,54,39,649,270,1,2,2004,1,0.0,0.1,0.1,2005-10-31 11:59:19,2014-05-14 15:56:42,2,1,,1,,1,,
56707179010538,60274986010538,2004,54,39,649,270,2,2,2004,2,0.6,1.2,0.6,2005-10-31 11:59:19,2014-05-14 15:56:42,2,1,,1,,1,,
56707190010538,60274986010538,2004,54,39,649,270,3,2,2004,1,,,0.5,2005-10-31 11:59:19,2014-05-14 15:56:42,2,0,,0,,1,,
56707202010538,60274986010538,2004,54,39,649,270,4,2,2004,1,0.2,1.6,0.2,2005-10-31 11:59:19,2014-05-14 15:56:42,2,1,,1,,1,,
56707107010538,60274807010538,2004,54,39,1369,30,1,2,2004,1,1.0,1.5,0.2,2005-10-31 11:59:19,2014-05-14 15:56:42,2,1,,1,,1,,
56707120010538,60274807010538,2004,54,39,1369,30,2,2,2004,1,0.0,1.3,0.2,2005-10-31 11:59:19,2014-05-14 15:56:42,2,1,,1,,1,,
56707128010538,60274807010538,2004,54,39,1369,30,3,2,2004,1,0.2,0.1,2.0,2005-10-31 11:59:19,2014-05-14 15:56:42,2,1,,1,,1,,
56707138010538,60274807010538,2004,54,39,1369,30,4,2,2004,1,1.1,2.3,0.3,2005-10-31 11:59:19,2014-05-14 15:56:42,2,1,,1,,1,,
56707113010538,60274807010538,2004,54,39,1369,150,1,2,2004,1,0.1,5.0,0.5,2005-10-31 11:59:19,2014-05-14 15:56:42,2,1,,1,,1,,
56707123010538,60274807010538,2004,54,39,1369,150,2,2,2004,1,0.0,1.5,0.2,2005-10-31 11:59:19,2014-05-14 15:56:42,2,1,,1,,1,,
56707132010538,60274807010538,2004,54,39,1369,150,3,2,2004,1,1.5,2.1,0.2,2005-10-31 11:59:19,2014-05-14 15:56:42,2,1,,1,,1,,
56707141010538,60274807010538,2004,54,39,1369,150,4,2,2004,1,0.1,0.8,0.1,2005-10-31 11:59:19,2014-05-14 15:56:42,2,1,,1,,1,,
56707117010538,60274807010538,2004,54,39,1369,270,1,2,2004,1,2.5,1.0,0.1,2005-10-31 11:59:19,2014-05-14 15:56:42,2,1,,1,,1,,
56707125010538,60274807010538,2004,54,39,1369,270,2,2,2004,1,0.4,1.2,0.1,2005-10-31 11:59:19,2014-05-14 15:56:42,2,1,,1,,1,,
56707134010538,60274807010538,2004,54,39,1369,270,3,2,2004,1,0.0,0.0,0.1,2005-10-31 11:59:19,2014-05-14 15:56:42,2,1,,1,,1,,
56707143010538,60274807010538,2004,54,39,1369,270,4,2,2004,1,0.8,1.3,0.2,2005-10-31 11:59:19,2014-05-14 15:56:42,2,1,,1,,1,,
56706355010538,60276426010538,2004,54,45,534,30,1,2,2004,1,0.5,2.7,0.3,2005-10-31 11:59:19,2014-05-14 15:56:42,2,1,,1,,1,,
56706363010538,60276426010538,2004,54,45,534,30,2,2,2004,1,0.0,0.0,0.0,2005-10-31 11:59:19,2014-05-14 15:56:42,2,1,,1,,1,,
56706373010538,60276426010538,2004,54,45,534,30,3,2,2004,1,0.3,1.5,0.4,2005-10-31 11:59:19,2014-05-14 15:56:42,2,1,,1,,1,,
56706381010538,60276426010538,2004,54,45,534,30,4,2,2004,1,0.5,1.6,1.4,2005-10-31 11:59:19,2014-05-14 15:56:42,2,1,,1,,1,,
56706358010538,60276426010538,2004,54,45,534,150,1,2,2004,1,0.0,2.0,0.2,2005-10-31 11:59:19,2014-05-14 15:56:42,2,1,,1,,1,,
56706366010538,60276426010538,2004,54,45,534,150,2,2,2004,1,0.2,1.0,0.1,2005-10-31 11:59:19,2014-05-14 15:56:42,2,1,,1,,1,,
56706376010538,60276426010538,2004,54,45,534,150,3,2,2004,1,0.2,1.6,0.2,2005-10-31 11:59:19,2014-05-14 15:56:42,2,1,,1,,1,,
56706385010538,60276426010538,2004,54,45,534,150,4,2,2004,1,1.1,1.0,0.1,2005-10-31 11:59:19,2014-05-14 15:56:42,2,1,,1,,1,,
56706360010538,60276426010538,2004,54,45,534,270,1,2,2004,1,0.4,5.0,0.5,2005-10-31 11:59:19,2014-05-14 15:56:42,2,1,,1,,1,,
56706369010538,60276426010538,2004,54,45,534,270,2,2,2004,1,1.1,2.9,0.3,2005-10-31 11:59:19,2014-05-14 15:56:42,2,1,,1,,1,,
56706378010538,60276426010538,2004,54,45,534,270,3,2,2004,1,0.8,1.3,7.0,2005-10-31 11:59:19,2014-05-14 15:56:42,2,1,,1,,1,,
56706388010538,60276426010538,2004,54,45,534,270,4,2,2004,1,0.2,0.8,0.1,2005-10-31 11:59:19,2014-05-14 15:56:42,2,1,,1,,1,,
56706249010538,60277154010538,2004,54,47,437,30,1,2,2004,1,0.2,1.2,0.1,2005-10-31 11:59:20,2014-05-14 15:56:42,2,1,,1,,1,,
56706257010538,60277154010538,2004,54,47,437,30,2,2,2004,1,0.8,1.5,0.7,2005-10-31 11:59:20,2014-05-14 15:56:42,2,1,,1,,1,,
56706266010538,60277154010538,2004,54,47,437,30,3,2,2004,1,2.1,3.1,7.0,2005-10-31 11:59:20,2014-05-14 15:56:42,2,1,,1,,1,,
56706274010538,60277154010538,2004,54,47,437,30,4,2,2004,1,1.2,1.0,0.3,2005-10-31 11:59:20,2014-05-14 15:56:42,2,1,,1,,1,,
56706252010538,60277154010538,2004,54,47,437,150,1,2,2004,1,5.5,3.5,1.9,2005-10-31 11:59:20,2014-05-14 15:56:42,2,1,,1,,1,,
56706261010538,60277154010538,2004,54,47,437,150,2,2,2004,1,0.6,1.4,0.2,2005-10-31 11:59:20,2014-05-14 15:56:42,2,1,,1,,1,,
56706269010538,60277154010538,2004,54,47,437,150,3,2,2004,1,2.2,2.4,15.0,2005-10-31 11:59:20,2014-05-14 15:56:42,2,1,,1,,1,,
56706279010538,60277154010538,2004,54,47,437,150,4,2,2004,1,0.9,2.0,0.6,2005-10-31 11:59:20,2014-05-14 15:56:42,2,1,,1,,1,,
56706254010538,60277154010538,2004,54,47,437,270,1,2,2004,1,1.1,4.0,0.4,2005-10-31 11:59:20,2014-05-14 15:56:42,2,1,,1,,1,,
56706263010538,60277154010538,2004,54,47,437,270,2,2,2004,1,0.9,2.2,0.6,2005-10-31 11:59:20,2014-05-14 15:56:42,2,1,,1,,1,,
56706271010538,60277154010538,2004,54,47,437,270,3,2,2004,1,1.7,1.9,0.2,2005-10-31 11:59:20,2014-05-14 15:56:42,2,1,,1,,1,,
56706281010538,60277154010538,2004,54,47,437,270,4,2,2004,1,0.6,2.6,0.3,2005-10-31 11:59:20,2014-05-14 15:56:42,2,1,,1,,1,,
42802246020004,60277468010538,2004,54,49,1319,30,1,2,2004,1,,,,2012-06-06 07:13:27,2014-05-14 15:57:43,2,0,,0,,0,,
56708127010538,60277468010538,2004,54,49,1319,30,2,2,2004,1,1.2,1.6,0.2,2005-10-31 11:59:20,2014-05-14 15:56:43,2,1,,1,,1,,
56708135010538,60277468010538,2004,54,49,1319,30,3,2,2004,1,0.7,0.9,0.1,2005-10-31 11:59:20,2014-05-14 15:56:43,2,1,,1,,1,,
56708143010538,60277468010538,2004,54,49,1319,30,4,2,2004,1,0.0,1.1,0.1,2005-10-31 11:59:20,2014-05-14 15:56:43,2,1,,1,,1,,
42802247020004,60277468010538,2004,54,49,1319,150,1,2,2004,1,,,,2012-06-06 07:13:27,2014-05-14 15:57:43,2,0,,0,,0,,
56708130010538,60277468010538,2004,54,49,1319,150,2,2,2004,1,0.9,1.4,0.2,2005-10-31 11:59:20,2014-05-14 15:56:43,2,1,,1,,1,,
56708138010538,60277468010538,2004,54,49,1319,150,3,2,2004,1,0.4,1.1,0.1,2005-10-31 11:59:20,2014-05-14 15:56:43,2,1,,1,,1,,
56708146010538,60277468010538,2004,54,49,1319,150,4,2,2004,1,0.0,1.2,0.1,2005-10-31 11:59:20,2014-05-14 15:56:43,2,1,,1,,1,,
42802245020004,60277468010538,2004,54,49,1319,270,1,2,2004,1,,,,2012-06-06 07:13:27,2014-05-14 15:57:43,2,0,,0,,0,,
56708132010538,60277468010538,2004,54,49,1319,270,2,2,2004,1,0.4,1.6,0.2,2005-10-31 11:59:20,2014-05-14 15:56:43,2,1,,1,,1,,
56708140010538,60277468010538,2004,54,49,1319,270,3,2,2004,1,0.2,1.6,0.5,2005-10-31 11:59:20,2014-05-14 15:56:43,2,1,,1,,1,,
56708148010538,60277468010538,2004,54,49,1319,270,4,2,2004,1,0.3,0.7,0.1,2005-10-31 11:59:20,2014-05-14 15:56:43,2,1,,1,,1,,
56706294010538,60278287010538,2004,54,55,961,30,1,2,2004,1,1.0,2.0,0.2,2005-10-31 11:59:20,2014-05-14 15:56:42,2,1,,1,,1,,
56706308010538,60278287010538,2004,54,55,961,30,2,2,2004,1,,,,2005-10-31 11:59:20,2014-05-14 15:56:42,2,0,,0,,0,,
56706326010538,60278287010538,2004,54,55,961,30,3,2,2004,1,0.7,1.9,0.2,2005-10-31 11:59:20,2014-05-14 15:56:42,2,1,,1,,1,,
56706335010538,60278287010538,2004,54,55,961,30,4,2,2004,1,0.0,0.4,0.1,2005-10-31 11:59:20,2014-05-14 15:56:42,2,1,,1,,1,,
56706299010538,60278287010538,2004,54,55,961,150,1,2,2004,1,,,,2005-10-31 11:59:20,2014-05-14 15:56:42,2,0,,0,,0,,
56706314010538,60278287010538,2004,54,55,961,150,2,2,2004,1,,,,2005-10-31 11:59:20,2014-05-14 15:56:42,2,0,,0,,0,,
56706329010538,60278287010538,2004,54,55,961,150,3,2,2004,1,0.9,0.8,0.1,2005-10-31 11:59:20,2014-05-14 15:56:42,2,1,,1,,1,,
56706339010538,60278287010538,2004,54,55,961,150,4,2,2004,1,0.3,1.3,0.2,2005-10-31 11:59:20,2014-05-14 15:56:42,2,1,,1,,1,,
56706302010538,60278287010538,2004,54,55,961,270,1,2,2004,1,0.0,0.1,0.1,2005-10-31 11:59:20,2014-05-14 15:56:42,2,1,,1,,1,,
56706320010538,60278287010538,2004,54,55,961,270,2,2,2004,1,2.4,2.1,1.3,2005-10-31 11:59:20,2014-05-14 15:56:42,2,1,,1,,1,,
56706332010538,60278287010538,2004,54,55,961,270,3,2,2004,1,0.5,1.2,4.3,2005-10-31 11:59:20,2014-05-14 15:56:42,2,1,,1,,1,,
56706342010538,60278287010538,2004,54,55,961,270,4,2,2004,1,0.0,0.2,0.4,2005-10-31 11:59:20,2014-05-14 15:56:42,2,1,,1,,1,,
56706160010538,60278861010538,2004,54,55,2278,30,1,2,2004,1,0.9,4.0,0.4,2005-10-31 11:59:20,2014-05-14 15:56:42,2,1,,1,,1,,
56706171010538,60278861010538,2004,54,55,2278,30,2,2,2004,1,0.0,0.0,0.0,2005-10-31 11:59:20,2014-05-14 15:56:42,2,1,,1,,1,,
56706181010538,60278861010538,2004,54,55,2278,30,3,2,2004,1,2.4,3.1,0.3,2005-10-31 11:59:20,2014-05-14 15:56:42,2,1,,1,,1,,
56706192010538,60278861010538,2004,54,55,2278,30,4,2,2004,1,0.0,1.1,0.1,2005-10-31 11:59:20,2014-05-14 15:56:42,2,1,,1,,1,,
56706165010538,60278861010538,2004,54,55,2278,150,1,2,2004,1,0.3,1.5,0.2,2005-10-31 11:59:20,2014-05-14 15:56:42,2,1,,1,,1,,
56706176010538,60278861010538,2004,54,55,2278,150,2,2,2004,1,1.4,2.1,0.7,2005-10-31 11:59:20,2014-05-14 15:56:42,2,1,,1,,1,,
56706184010538,60278861010538,2004,54,55,2278,150,3,2,2004,1,0.1,1.1,0.1,2005-10-31 11:59:20,2014-05-14 15:56:42,2,1,,1,,1,,
56706196010538,60278861010538,2004,54,55,2278,150,4,2,2004,1,0.2,1.6,0.3,2005-10-31 11:59:20,2014-05-14 15:56:42,2,1,,1,,1,,
56706168010538,60278861010538,2004,54,55,2278,270,1,2,2004,1,0.4,0.7,0.1,2005-10-31 11:59:20,2014-05-14 15:56:42,2,1,,1,,1,,
56706178010538,60278861010538,2004,54,55,2278,270,2,2,2004,1,0.6,1.1,0.3,2005-10-31 11:59:20,2014-05-14 15:56:42,2,1,,1,,1,,
56706188010538,60278861010538,2004,54,55,2278,270,3,2,2004,1,0.9,3.4,0.7,2005-10-31 11:59:20,2014-05-14 15:56:42,2,1,,1,,1,,
56706198010538,60278861010538,2004,54,55,2278,270,4,2,2004,1,0.3,2.0,0.2,2005-10-31 11:59:20,2014-05-14 15:56:42,2,1,,1,,1,,
56706448010538,60279998010538,2004,54,59,257,30,1,2,2004,1,0.3,0.6,12.0,2005-10-31 11:59:20,2014-05-14 15:56:42,2,1,,1,,1,,
56706459010538,60279998010538,2004,54,59,257,30,2,2,2004,1,0.4,0.5,0.1,2005-10-31 11:59:20,2014-05-14 15:56:42,2,1,,1,,1,,
56706467010538,60279998010538,2004,54,59,257,30,3,2,2004,1,1.9,1.2,0.1,2005-10-31 11:59:20,2014-05-14 15:56:42,2,1,,1,,1,,
56706479010538,60279998010538,2004,54,59,257,30,4,2,2004,2,0.9,1.2,0.1,2005-10-31 11:59:20,2014-05-14 15:56:42,2,1,,1,,1,,
56706452010538,60279998010538,2004,54,59,257,150,1,2,2004,1,4.5,1.0,0.1,2005-10-31 11:59:20,2014-05-14 15:56:42,2,1,,1,,1,,
56706462010538,60279998010538,2004,54,59,257,150,2,2,2004,1,2.6,3.1,7.0,2005-10-31 11:59:20,2014-05-14 15:56:42,2,1,,1,,1,,
56706471010538,60279998010538,2004,54,59,257,150,3,2,2004,1,1.4,1.2,4.9,2005-10-31 11:59:20,2014-05-14 15:56:42,2,1,,1,,1,,
56706482010538,60279998010538,2004,54,59,257,150,4,2,2004,2,0.6,1.7,0.2,2005-10-31 11:59:20,2014-05-14 15:56:42,2,1,,1,,1,,
56706456010538,60279998010538,2004,54,59,257,270,1,2,2004,1,2.6,3.0,0.3,2005-10-31 11:59:20,2014-05-14 15:56:42,2,1,,1,,1,,
56706464010538,60279998010538,2004,54,59,257,270,2,2,2004,1,1.2,2.8,0.3,2005-10-31 11:59:20,2014-05-14 15:56:42,2,1,,1,,1,,
56706474010538,60279998010538,2004,54,59,257,270,3,2,2004,1,0.8,1.8,0.2,2005-10-31 11:59:20,2014-05-14 15:56:42,2,1,,1,,1,,
56706484010538,60279998010538,2004,54,59,257,270,4,2,2004,2,1.3,2.1,0.2,2005-10-31 11:59:20,2014-05-14 15:56:42,2,1,,1,,1,,
56707963010538,60280574010538,2004,54,61,2189,30,1,2,2004,1,2.5,0.6,0.1,2005-10-31 11:59:20,2014-05-14 15:56:42,2,1,,1,,1,,
56707973010538,60280574010538,2004,54,61,2189,30,2,2,2004,1,0.4,0.6,3.5,2005-10-31 11:59:20,2014-05-14 15:56:42,2,1,,1,,1,,
56707987010538,60280574010538,2004,54,61,2189,30,3,2,2004,1,0.8,1.2,0.1,2005-10-31 11:59:20,2014-05-14 15:56:42,2,1,,1,,1,,
56708001010538,60280574010538,2004,54,61,2189,30,4,2,2004,1,0.4,0.7,7.0,2005-10-31 11:59:20,2014-05-14 15:56:42,2,1,,1,,1,,
56707968010538,60280574010538,2004,54,61,2189,150,1,2,2004,1,0.9,0.7,0.1,2005-10-31 11:59:20,2014-05-14 15:56:42,2,1,,1,,1,,
56707980010538,60280574010538,2004,54,61,2189,150,2,2,2004,1,,,3.0,2005-10-31 11:59:20,2014-05-14 15:56:42,2,0,,0,,1,,
56707993010538,60280574010538,2004,54,61,2189,150,3,2,2004,1,1.1,0.9,0.1,2005-10-31 11:59:20,2014-05-14 15:56:42,2,1,,1,,1,,
56708006010538,60280574010538,2004,54,61,2189,150,4,2,2004,1,0.3,0.2,10.0,2005-10-31 11:59:20,2014-05-14 15:56:42,2,1,,1,,1,,
56707970010538,60280574010538,2004,54,61,2189,270,1,2,2004,1,0.3,0.2,4.0,2005-10-31 11:59:20,2014-05-14 15:56:42,2,1,,1,,1,,
56707983010538,60280574010538,2004,54,61,2189,270,2,2,2004,1,0.6,0.0,0.1,2005-10-31 11:59:20,2014-05-14 15:56:42,2,1,,1,,1,,
56707997010538,60280574010538,2004,54,61,2189,270,3,2,2004,1,0.5,0.9,0.1,2005-10-31 11:59:20,2014-05-14 15:56:42,2,1,,1,,1,,
56708010010538,60280574010538,2004,54,61,2189,270,4,2,2004,1,1.4,2.3,2.0,2005-10-31 11:59:20,2014-05-14 15:56:42,2,1,,1,,1,,
56707701010538,60281174010538,2004,54,65,623,30,1,2,2004,1,0.3,2.4,0.2,2005-10-31 11:59:20,2014-05-14 15:56:42,2,1,,1,,1,,
56707708010538,60281174010538,2004,54,65,623,30,2,2,2004,1,0.0,0.5,0.1,2005-10-31 11:59:20,2014-05-14 15:56:42,2,1,,1,,1,,
56707716010538,60281174010538,2004,54,65,623,30,3,2,2004,3,0.3,2.2,0.3,2005-10-31 11:59:20,2014-05-14 15:56:42,2,1,,1,,1,,
56707724010538,60281174010538,2004,54,65,623,30,4,2,2004,1,0.0,0.7,0.1,2005-10-31 11:59:20,2014-05-14 15:56:42,2,1,,1,,1,,
42802341020004,60281174010538,2004,54,65,623,150,1,2,2004,2,,,,2012-06-06 07:13:27,2014-05-14 15:57:41,2,0,,0,,0,,
56707711010538,60281174010538,2004,54,65,623,150,2,2,2004,1,0.0,0.4,0.1,2005-10-31 11:59:20,2014-05-14 15:56:42,2,1,,1,,1,,
56707719010538,60281174010538,2004,54,65,623,150,3,2,2004,3,0.3,2.4,0.4,2005-10-31 11:59:20,2014-05-14 15:56:42,2,1,,1,,1,,
56707728010538,60281174010538,2004,54,65,623,150,4,2,2004,1,0.0,0.5,0.1,2005-10-31 11:59:20,2014-05-14 15:56:42,2,1,,1,,1,,
56707705010538,60281174010538,2004,54,65,623,270,1,2,2004,1,0.3,2.2,2.2,2005-10-31 11:59:20,2014-05-14 15:56:42,2,1,,1,,1,,
56707713010538,60281174010538,2004,54,65,623,270,2,2,2004,1,0.0,0.3,0.1,2005-10-31 11:59:20,2014-05-14 15:56:42,2,1,,1,,1,,
56707721010538,60281174010538,2004,54,65,623,270,3,2,2004,3,0.1,1.3,0.2,2005-10-31 11:59:20,2014-05-14 15:56:42,2,1,,1,,1,,
56707730010538,60281174010538,2004,54,65,623,270,4,2,2004,1,0.0,0.5,0.1,2005-10-31 11:59:20,2014-05-14 15:56:42,2,1,,1,,1,,
56707008010538,60282015010538,2004,54,67,2152,30,1,2,2004,1,,,,2005-10-31 11:59:20,2014-05-14 15:56:42,2,0,,0,,0,,
56707017010538,60282015010538,2004,54,67,2152,30,2,2,2004,1,,,,2005-10-31 11:59:20,2014-05-14 15:56:42,2,0,,0,,0,,
56707026010538,60282015010538,2004,54,67,2152,30,3,2,2004,2,0.3,1.1,0.1,2005-10-31 11:59:20,2014-05-14 15:56:42,2,1,,1,,1,,
56707034010538,60282015010538,2004,54,67,2152,30,4,2,2004,1,0.3,1.4,0.2,2005-10-31 11:59:20,2014-05-14 15:56:42,2,1,,1,,1,,
56707012010538,60282015010538,2004,54,67,2152,150,1,2,2004,1,0.7,1.3,0.2,2005-10-31 11:59:20,2014-05-14 15:56:42,2,1,,1,,1,,
56707021010538,60282015010538,2004,54,67,2152,150,2,2,2004,1,0.8,1.6,3.9,2005-10-31 11:59:20,2014-05-14 15:56:42,2,1,,1,,1,,
56707029010538,60282015010538,2004,54,67,2152,150,3,2,2004,2,0.4,0.9,0.1,2005-10-31 11:59:20,2014-05-14 15:56:42,2,1,,1,,1,,
56707037010538,60282015010538,2004,54,67,2152,150,4,2,2004,1,0.2,0.9,0.1,2005-10-31 11:59:20,2014-05-14 15:56:42,2,1,,1,,1,,
56707014010538,60282015010538,2004,54,67,2152,270,1,2,2004,1,,,,2005-10-31 11:59:20,2014-05-14 15:56:42,2,0,,0,,0,,
56707023010538,60282015010538,2004,54,67,2152,270,2,2,2004,1,0.2,0.5,0.1,2005-10-31 11:59:20,2014-05-14 15:56:42,2,1,,1,,1,,
56707031010538,60282015010538,2004,54,67,2152,270,3,2,2004,2,0.2,0.6,0.1,2005-10-31 11:59:20,2014-05-14 15:56:42,2,1,,1,,1,,
56707039010538,60282015010538,2004,54,67,2152,270,4,2,2004,1,0.2,0.9,0.1,2005-10-31 11:59:20,2014-05-14 15:56:42,2,1,,1,,1,,
56706586010538,60283476010538,2004,54,75,1492,30,1,2,2004,1,0.8,1.1,0.1,2005-10-31 11:59:21,2014-05-14 15:56:42,2,1,,1,,1,,
56706597010538,60283476010538,2004,54,75,1492,30,2,2,2004,1,0.8,0.7,1.1,2005-10-31 11:59:21,2014-05-14 15:56:42,2,1,,1,,1,,
56706609010538,60283476010538,2004,54,75,1492,30,3,2,2004,1,1.6,0.7,0.1,2005-10-31 11:59:21,2014-05-14 15:56:42,2,1,,1,,1,,
56706617010538,60283476010538,2004,54,75,1492,30,4,2,2004,1,1.8,1.5,1.2,2005-10-31 11:59:21,2014-05-14 15:56:42,2,1,,1,,1,,
56706589010538,60283476010538,2004,54,75,1492,150,1,2,2004,1,1.0,0.9,0.1,2005-10-31 11:59:21,2014-05-14 15:56:42,2,1,,1,,1,,
56706601010538,60283476010538,2004,54,75,1492,150,2,2,2004,1,0.6,0.9,0.1,2005-10-31 11:59:21,2014-05-14 15:56:42,2,1,,1,,1,,
56706612010538,60283476010538,2004,54,75,1492,150,3,2,2004,1,0.8,1.0,0.1,2005-10-31 11:59:21,2014-05-14 15:56:42,2,1,,1,,1,,
56706620010538,60283476010538,2004,54,75,1492,150,4,2,2004,1,0.4,0.7,0.1,2005-10-31 11:59:21,2014-05-14 15:56:42,2,1,,1,,1,,
56706592010538,60283476010538,2004,54,75,1492,270,1,2,2004,1,0.9,0.6,0.9,2005-10-31 11:59:21,2014-05-14 15:56:42,2,1,,1,,1,,
56706606010538,60283476010538,2004,54,75,1492,270,2,2,2004,1,0.6,0.7,0.3,2005-10-31 11:59:21,2014-05-14 15:56:42,2,1,,1,,1,,
56706614010538,60283476010538,2004,54,75,1492,270,3,2,2004,1,0.3,0.4,0.1,2005-10-31 11:59:21,2014-05-14 15:56:42,2,1,,1,,1,,
56706622010538,60283476010538,2004,54,75,1492,270,4,2,2004,1,0.3,0.5,12.0,2005-10-31 11:59:21,2014-05-14 15:56:42,2,1,,1,,1,,
56707855010538,60284566010538,2004,54,77,1290,30,1,2,2004,1,0.6,2.1,0.7,2005-10-31 11:59:21,2014-05-14 15:56:42,2,1,,1,,1,,
56707869010538,60284566010538,2004,54,77,1290,30,2,2,2004,1,3.0,1.1,0.1,2005-10-31 11:59:21,2014-05-14 15:56:42,2,1,,1,,1,,
56707880010538,60284566010538,2004,54,77,1290,30,3,2,2004,1,1.4,1.6,1.3,2005-10-31 11:59:21,2014-05-14 15:56:42,2,1,,1,,1,,
56707891010538,60284566010538,2004,54,77,1290,30,4,2,2004,1,0.5,1.1,0.1,2005-10-31 11:59:21,2014-05-14 15:56:42,2,1,,1,,1,,
56707860010538,60284566010538,2004,54,77,1290,150,1,2,2004,1,0.5,2.1,1.0,2005-10-31 11:59:21,2014-05-14 15:56:42,2,1,,1,,1,,
56707873010538,60284566010538,2004,54,77,1290,150,2,2,2004,1,1.1,0.9,0.5,2005-10-31 11:59:21,2014-05-14 15:56:42,2,1,,1,,1,,
56707883010538,60284566010538,2004,54,77,1290,150,3,2,2004,1,0.4,1.2,0.1,2005-10-31 11:59:21,2014-05-14 15:56:42,2,1,,1,,1,,
56707894010538,60284566010538,2004,54,77,1290,150,4,2,2004,1,1.1,0.9,0.1,2005-10-31 11:59:21,2014-05-14 15:56:42,2,1,,1,,1,,
56707865010538,60284566010538,2004,54,77,1290,270,1,2,2004,1,0.5,0.4,2.2,2005-10-31 11:59:21,2014-05-14 15:56:42,2,1,,1,,1,,
56707875010538,60284566010538,2004,54,77,1290,270,2,2,2004,1,0.8,1.4,0.6,2005-10-31 11:59:21,2014-05-14 15:56:42,2,1,,1,,1,,
56707887010538,60284566010538,2004,54,77,1290,270,3,2,2004,1,0.9,1.4,0.2,2005-10-31 11:59:21,2014-05-14 15:56:42,2,1,,1,,1,,
56707898010538,60284566010538,2004,54,77,1290,270,4,2,2004,1,0.4,0.9,0.1,2005-10-31 11:59:21,2014-05-14 15:56:42,2,1,,1,,1,,
56706402010538,60286022010538,2004,54,81,1027,30,1,2,2004,1,0.0,1.0,0.1,2005-10-31 11:59:21,2014-05-14 15:56:42,2,1,,1,,1,,
56706411010538,60286022010538,2004,54,81,1027,30,2,2,2004,1,0.5,1.1,0.1,2005-10-31 11:59:21,2014-05-14 15:56:42,2,1,,1,,1,,
56706420010538,60286022010538,2004,54,81,1027,30,3,2,2004,1,0.4,1.2,1.4,2005-10-31 11:59:21,2014-05-14 15:56:42,2,1,,1,,1,,
56706428010538,60286022010538,2004,54,81,1027,30,4,2,2004,1,0.8,2.6,0.3,2005-10-31 11:59:21,2014-05-14 15:56:42,2,1,,1,,1,,
56706406010538,60286022010538,2004,54,81,1027,150,1,2,2004,1,0.0,3.2,0.3,2005-10-31 11:59:21,2014-05-14 15:56:42,2,1,,1,,1,,
56706414010538,60286022010538,2004,54,81,1027,150,2,2,2004,1,0.5,1.1,0.1,2005-10-31 11:59:21,2014-05-14 15:56:42,2,1,,1,,1,,
56706423010538,60286022010538,2004,54,81,1027,150,3,2,2004,1,0.2,1.1,0.1,2005-10-31 11:59:21,2014-05-14 15:56:42,2,1,,1,,1,,
56706431010538,60286022010538,2004,54,81,1027,150,4,2,2004,1,0.4,1.7,0.2,2005-10-31 11:59:21,2014-05-14 15:56:42,2,1,,1,,1,,
56706408010538,60286022010538,2004,54,81,1027,270,1,2,2004,1,0.0,0.1,0.1,2005-10-31 11:59:21,2014-05-14 15:56:42,2,1,,1,,1,,
56706417010538,60286022010538,2004,54,81,1027,270,2,2,2004,1,0.4,2.2,0.3,2005-10-31 11:59:21,2014-05-14 15:56:42,2,1,,1,,1,,
56706425010538,60286022010538,2004,54,81,1027,270,3,2,2004,1,0.1,0.2,0.1,2005-10-31 11:59:21,2014-05-14 15:56:42,2,1,,1,,1,,
56706435010538,60286022010538,2004,54,81,1027,270,4,2,2004,1,0.6,1.6,2.1,2005-10-31 11:59:21,2014-05-14 15:56:42,2,1,,1,,1,,
56706637010538,60259817010538,2004,54,83,1402,30,1,2,2004,1,0.3,1.6,2.5,2005-10-31 11:59:21,2014-05-14 15:56:42,2,1,,1,,1,,
56706659010538,60259817010538,2004,54,83,1402,30,2,2,2004,1,1.4,0.9,3.5,2005-10-31 11:59:21,2014-05-14 15:56:42,2,1,,1,,1,,
56706676010538,60259817010538,2004,54,83,1402,30,3,2,2004,1,0.4,1.7,0.2,2005-10-31 11:59:21,2014-05-14 15:56:42,2,1,,1,,1,,
56706688010538,60259817010538,2004,54,83,1402,30,4,2,2004,1,0.4,1.4,1.5,2005-10-31 11:59:21,2014-05-14 15:56:42,2,1,,1,,1,,
56706647010538,60259817010538,2004,54,83,1402,150,1,2,2004,1,1.6,1.4,4.7,2005-10-31 11:59:21,2014-05-14 15:56:42,2,1,,1,,1,,
56706663010538,60259817010538,2004,54,83,1402,150,2,2,2004,1,0.3,1.8,0.2,2005-10-31 11:59:21,2014-05-14 15:56:42,2,1,,1,,1,,
56706679010538,60259817010538,2004,54,83,1402,150,3,2,2004,1,0.5,1.8,6.0,2005-10-31 11:59:21,2014-05-14 15:56:42,2,1,,1,,1,,
56706693010538,60259817010538,2004,54,83,1402,150,4,2,2004,1,0.6,1.3,2.1,2005-10-31 11:59:21,2014-05-14 15:56:42,2,1,,1,,1,,
56706654010538,60259817010538,2004,54,83,1402,270,1,2,2004,1,0.5,0.0,0.0,2005-10-31 11:59:21,2014-05-14 15:56:42,2,1,,1,,1,,
56706670010538,60259817010538,2004,54,83,1402,270,2,2,2004,1,0.7,2.0,0.9,2005-10-31 11:59:21,2014-05-14 15:56:42,2,1,,1,,1,,
56706684010538,60259817010538,2004,54,83,1402,270,3,2,2004,1,0.0,0.0,2.7,2005-10-31 11:59:21,2014-05-14 15:56:42,2,1,,1,,1,,
56706697010538,60259817010538,2004,54,83,1402,270,4,2,2004,1,0.7,1.1,4.4,2005-10-31 11:59:21,2014-05-14 15:56:42,2,1,,1,,1,,
56706909010538,60262436010538,2004,54,97,2114,30,1,2,2004,1,1.0,0.8,0.1,2005-10-31 11:59:21,2014-05-14 15:56:42,2,1,,1,,1,,
42802190020004,60262436010538,2004,54,97,2114,30,2,2,2004,2,,,,2012-06-06 07:13:27,2014-05-14 15:57:43,2,0,,0,,0,,
56706922010538,60262436010538,2004,54,97,2114,30,3,2,2004,1,0.1,0.1,0.1,2005-10-31 11:59:21,2014-05-14 15:56:42,2,1,,1,,1,,
56706932010538,60262436010538,2004,54,97,2114,30,4,2,2004,1,0.3,1.2,0.3,2005-10-31 11:59:21,2014-05-14 15:56:42,2,1,,1,,1,,
56706913010538,60262436010538,2004,54,97,2114,150,1,2,2004,1,1.2,1.7,0.7,2005-10-31 11:59:21,2014-05-14 15:56:42,2,1,,1,,1,,
42802192020004,60262436010538,2004,54,97,2114,150,2,2,2004,2,,,,2012-06-06 07:13:27,2014-05-14 15:57:43,2,0,,0,,0,,
56706926010538,60262436010538,2004,54,97,2114,150,3,2,2004,1,,,,2005-10-31 11:59:21,2014-05-14 15:56:42,2,0,,0,,0,,
56706937010538,60262436010538,2004,54,97,2114,150,4,2,2004,1,0.4,0.2,1.0,2005-10-31 11:59:21,2014-05-14 15:56:42,2,1,,1,,1,,
56706915010538,60262436010538,2004,54,97,2114,270,1,2,2004,1,0.8,1.0,2.3,2005-10-31 11:59:21,2014-05-14 15:56:42,2,1,,1,,1,,
42802191020004,60262436010538,2004,54,97,2114,270,2,2,2004,2,,,,2012-06-06 07:13:27,2014-05-14 15:57:43,2,0,,0,,0,,
56706929010538,60262436010538,2004,54,97,2114,270,3,2,2004,1,0.2,0.2,0.2,2005-10-31 11:59:21,2014-05-14 15:56:42,2,1,,1,,1,,
56706940010538,60262436010538,2004,54,97,2114,270,4,2,2004,1,0.4,2.3,0.3,2005-10-31 11:59:21,2014-05-14 15:56:42,2,1,,1,,1,,
56707219010538,60263298010538,2004,54,99,1933,30,1,2,2004,1,0.1,1.4,0.2,2005-10-31 11:59:21,2014-05-14 15:56:42,2,1,,1,,1,,
56707229010538,60263298010538,2004,54,99,1933,30,2,2,2004,1,0.4,1.1,0.1,2005-10-31 11:59:21,2014-05-14 15:56:42,2,1,,1,,1,,
56707238010538,60263298010538,2004,54,99,1933,30,3,2,2004,1,0.2,1.9,0.2,2005-10-31 11:59:21,2014-05-14 15:56:42,2,1,,1,,1,,
56707246010538,60263298010538,2004,54,99,1933,30,4,2,2004,1,0.3,0.7,0.1,2005-10-31 11:59:21,2014-05-14 15:56:42,2,1,,1,,1,,
56707223010538,60263298010538,2004,54,99,1933,150,1,2,2004,1,0.2,1.3,0.2,2005-10-31 11:59:21,2014-05-14 15:56:42,2,1,,1,,1,,
56707233010538,60263298010538,2004,54,99,1933,150,2,2,2004,1,1.3,0.7,0.1,2005-10-31 11:59:21,2014-05-14 15:56:42,2,1,,1,,1,,
56707241010538,60263298010538,2004,54,99,1933,150,3,2,2004,1,0.3,0.9,1.4,2005-10-31 11:59:21,2014-05-14 15:56:42,2,1,,1,,1,,
56707249010538,60263298010538,2004,54,99,1933,150,4,2,2004,1,0.3,0.9,0.1,2005-10-31 11:59:21,2014-05-14 15:56:42,2,1,,1,,1,,
56707226010538,60263298010538,2004,54,99,1933,270,1,2,2004,1,0.4,2.0,0.2,2005-10-31 11:59:21,2014-05-14 15:56:42,2,1,,1,,1,,
56707235010538,60263298010538,2004,54,99,1933,270,2,2,2004,1,0.6,1.2,0.1,2005-10-31 11:59:21,2014-05-14 15:56:42,2,1,,1,,1,,
56707243010538,60263298010538,2004,54,99,1933,270,3,2,2004,1,0.1,2.1,0.2,2005-10-31 11:59:21,2014-05-14 15:56:42,2,1,,1,,1,,
56707252010538,60263298010538,2004,54,99,1933,270,4,2,2004,1,0.5,1.8,0.2,2005-10-31 11:59:21,2014-05-14 15:56:42,2,1,,1,,1,,
56706814010538,60264203010538,2004,54,101,2463,30,1,2,2004,1,,,,2005-10-31 11:59:21,2014-05-14 15:56:42,2,0,,0,,0,,
56706825010538,60264203010538,2004,54,101,2463,30,2,2,2004,1,0.0,3.9,1.1,2005-10-31 11:59:21,2014-05-14 15:56:42,2,1,,1,,1,,
56706835010538,60264203010538,2004,54,101,2463,30,3,2,2004,1,,,0.3,2005-10-31 11:59:21,2014-05-14 15:56:42,2,0,,0,,1,,
56706844010538,60264203010538,2004,54,101,2463,30,4,2,2004,1,0.3,2.0,0.2,2005-10-31 11:59:21,2014-05-14 15:56:42,2,1,,1,,1,,
56706817010538,60264203010538,2004,54,101,2463,150,1,2,2004,1,0.3,0.4,0.1,2005-10-31 11:59:21,2014-05-14 15:56:42,2,1,,1,,1,,
56706828010538,60264203010538,2004,54,101,2463,150,2,2,2004,1,,,,2005-10-31 11:59:21,2014-05-14 15:56:42,2,0,,0,,0,,
56706839010538,60264203010538,2004,54,101,2463,150,3,2,2004,1,0.9,1.6,0.2,2005-10-31 11:59:21,2014-05-14 15:56:42,2,1,,1,,1,,
56706847010538,60264203010538,2004,54,101,2463,150,4,2,2004,1,1.5,1.3,0.2,2005-10-31 11:59:21,2014-05-14 15:56:42,2,1,,1,,1,,
56706820010538,60264203010538,2004,54,101,2463,270,1,2,2004,1,,,,2005-10-31 11:59:21,2014-05-14 15:56:42,2,0,,0,,0,,
56706831010538,60264203010538,2004,54,101,2463,270,2,2,2004,1,0.9,2.4,0.2,2005-10-31 11:59:21,2014-05-14 15:56:42,2,1,,1,,1,,
56706841010538,60264203010538,2004,54,101,2463,270,3,2,2004,1,,,,2005-10-31 11:59:21,2014-05-14 15:56:42,2,0,,0,,0,,
56706851010538,60264203010538,2004,54,101,2463,270,4,2,2004,1,2.7,1.4,0.2,2005-10-31 11:59:21,2014-05-14 15:56:42,2,1,,1,,1,,
56708163010538,60264333010538,2004,54,103,380,30,1,2,2004,1,1.0,1.4,0.2,2005-10-31 11:59:21,2014-05-14 15:56:43,2,1,,1,,1,,
56708172010538,60264333010538,2004,54,103,380,30,2,2,2004,1,1.5,2.2,0.2,2005-10-31 11:59:21,2014-05-14 15:56:43,2,1,,1,,1,,
56708182010538,60264333010538,2004,54,103,380,30,3,2,2004,1,1.9,2.1,0.2,2005-10-31 11:59:21,2014-05-14 15:56:43,2,1,,1,,1,,
56708192010538,60264333010538,2004,54,103,380,30,4,2,2004,1,0.0,0.4,0.1,2005-10-31 11:59:22,2014-05-14 15:56:43,2,1,,1,,1,,
56708166010538,60264333010538,2004,54,103,380,150,1,2,2004,1,0.4,0.4,0.1,2005-10-31 11:59:21,2014-05-14 15:56:43,2,1,,1,,1,,
56708175010538,60264333010538,2004,54,103,380,150,2,2,2004,1,0.0,0.6,0.1,2005-10-31 11:59:21,2014-05-14 15:56:43,2,1,,1,,1,,
56708185010538,60264333010538,2004,54,103,380,150,3,2,2004,1,0.9,1.0,0.1,2005-10-31 11:59:21,2014-05-14 15:56:43,2,1,,1,,1,,
56708199010538,60264333010538,2004,54,103,380,150,4,2,2004,1,0.1,0.6,7.0,2005-10-31 11:59:22,2014-05-14 15:56:43,2,1,,1,,1,,
56708168010538,60264333010538,2004,54,103,380,270,1,2,2004,1,0.1,0.1,0.1,2005-10-31 11:59:21,2014-05-14 15:56:43,2,1,,1,,1,,
56708177010538,60264333010538,2004,54,103,380,270,2,2,2004,1,0.1,2.0,0.2,2005-10-31 11:59:21,2014-05-14 15:56:43,2,1,,1,,1,,
56708188010538,60264333010538,2004,54,103,380,270,3,2,2004,1,0.3,1.4,8.0,2005-10-31 11:59:21,2014-05-14 15:56:43,2,1,,1,,1,,
56708203010538,60264333010538,2004,54,103,380,270,4,2,2004,1,0.2,1.6,0.2,2005-10-31 11:59:22,2014-05-14 15:56:43,2,1,,1,,1,,
56708215010538,60286749010538,2004,54,105,1773,30,1,2,2004,1,0.0,1.5,1.5,2005-10-31 11:59:22,2014-05-14 15:56:43,2,1,,1,,1,,
56708224010538,60286749010538,2004,54,105,1773,30,2,2,2004,1,0.2,0.9,0.1,2005-10-31 11:59:22,2014-05-14 15:56:43,2,1,,1,,1,,
42802078020004,60286749010538,2004,54,105,1773,30,3,2,2004,2,,,,2012-06-06 07:13:26,2014-05-14 15:57:43,2,0,,0,,0,,
42802084020004,60286749010538,2004,54,105,1773,30,4,2,2004,2,,,,2012-06-06 07:13:26,2014-05-14 15:57:43,2,0,,0,,0,,
42802082020004,60286749010538,2004,54,105,1773,150,1,2,2004,2,,,,2012-06-06 07:13:26,2014-05-14 15:57:43,2,0,,0,,0,,
56708228010538,60286749010538,2004,54,105,1773,150,2,2,2004,1,1.9,3.0,0.5,2005-10-31 11:59:22,2014-05-14 15:56:43,2,1,,1,,1,,
42802080020004,60286749010538,2004,54,105,1773,150,3,2,2004,2,,,,2012-06-06 07:13:26,2014-05-14 15:57:43,2,0,,0,,0,,
42802079020004,60286749010538,2004,54,105,1773,150,4,2,2004,3,,,,2012-06-06 07:13:26,2014-05-14 15:57:43,2,0,,0,,0,,
56708220010538,60286749010538,2004,54,105,1773,270,1,2,2004,1,0.5,2.1,3.9,2005-10-31 11:59:22,2014-05-14 15:56:43,2,1,,1,,1,,
56708230010538,60286749010538,2004,54,105,1773,270,2,2,2004,1,1.1,1.6,11.0,2005-10-31 11:59:22,2014-05-14 15:56:43,2,1,,1,,1,,
42802081020004,60286749010538,2004,54,105,1773,270,3,2,2004,2,,,,2012-06-06 07:13:26,2014-05-14 15:57:43,2,0,,0,,0,,
42802083020004,60286749010538,2004,54,105,1773,270,4,2,2004,3,,,,2012-06-06 07:13:26,2014-05-14 15:57:43,2,0,,0,,0,,
56708255010538,60287197010538,2004,54,107,1633,30,1,2,2004,1,0.9,1.8,0.2,2005-10-31 11:59:22,2014-05-14 15:56:43,2,1,,1,,1,,
56708264010538,60287197010538,2004,54,107,1633,30,2,2,2004,1,0.7,1.4,0.2,2005-10-31 11:59:22,2014-05-14 15:56:43,2,1,,1,,1,,
56708275010538,60287197010538,2004,54,107,1633,30,3,2,2004,1,0.8,1.8,0.2,2005-10-31 11:59:22,2014-05-14 15:56:43,2,1,,1,,1,,
56708283010538,60287197010538,2004,54,107,1633,30,4,2,2004,1,0.6,2.1,0.2,2005-10-31 11:59:22,2014-05-14 15:56:43,2,1,,1,,1,,
56708258010538,60287197010538,2004,54,107,1633,150,1,2,2004,1,0.4,1.1,0.1,2005-10-31 11:59:22,2014-05-14 15:56:43,2,1,,1,,1,,
56708268010538,60287197010538,2004,54,107,1633,150,2,2,2004,1,0.6,1.1,0.1,2005-10-31 11:59:22,2014-05-14 15:56:43,2,1,,1,,1,,
56708278010538,60287197010538,2004,54,107,1633,150,3,2,2004,1,2.1,1.3,0.2,2005-10-31 11:59:22,2014-05-14 15:56:43,2,1,,1,,1,,
56708286010538,60287197010538,2004,54,107,1633,150,4,2,2004,1,0.0,0.7,0.1,2005-10-31 11:59:22,2014-05-14 15:56:43,2,1,,1,,1,,
56708260010538,60287197010538,2004,54,107,1633,270,1,2,2004,1,0.2,1.6,0.2,2005-10-31 11:59:22,2014-05-14 15:56:43,2,1,,1,,1,,
56708271010538,60287197010538,2004,54,107,1633,270,2,2,2004,1,0.9,1.8,0.2,2005-10-31 11:59:22,2014-05-14 15:56:43,2,1,,1,,1,,
56708280010538,60287197010538,2004,54,107,1633,270,3,2,2004,1,0.5,1.2,0.1,2005-10-31 11:59:22,2014-05-14 15:56:43,2,1,,1,,1,,
56708288010538,60287197010538,2004,54,107,1633,270,4,2,2004,1,0.0,0.7,0.1,2005-10-31 11:59:22,2014-05-14 15:56:43,2,1,,1,,1,,
62036531010538,66749541010538,2005,54,1,2429,30,1,2,2005,1,0.0,2.0,0.2,2006-05-03 10:42:49,2014-05-14 15:56:43,2,1,,1,,1,,
62036543010538,66749541010538,2005,54,1,2429,30,2,2,2005,1,0.0,2.1,0.3,2006-05-03 10:42:49,2014-05-14 15:56:43,2,1,,1,,1,,
62036553010538,66749541010538,2005,54,1,2429,30,3,2,2005,2,2.3,1.4,0.3,2006-05-03 10:42:49,2014-05-14 15:56:43,2,1,,1,,1,,
62036565010538,66749541010538,2005,54,1,2429,30,4,2,2005,1,0.0,1.5,0.2,2006-05-03 10:42:49,2014-05-14 15:56:43,2,1,,1,,1,,
62036536010538,66749541010538,2005,54,1,2429,150,1,2,2005,1,0.0,0.0,0.0,2006-05-03 10:42:49,2014-05-14 15:56:43,2,1,,1,,1,,
62036546010538,66749541010538,2005,54,1,2429,150,2,2,2005,1,0.0,1.2,0.2,2006-05-03 10:42:49,2014-05-14 15:56:43,2,1,,1,,1,,
62036557010538,66749541010538,2005,54,1,2429,150,3,2,2005,2,1.9,2.1,0.2,2006-05-03 10:42:49,2014-05-14 15:56:43,2,1,,1,,1,,
62036568010538,66749541010538,2005,54,1,2429,150,4,2,2005,1,0.0,0.2,0.2,2006-05-03 10:42:49,2014-05-14 15:56:43,2,1,,1,,1,,
62036539010538,66749541010538,2005,54,1,2429,270,1,2,2005,1,0.0,1.5,0.2,2006-05-03 10:42:49,2014-05-14 15:56:43,2,1,,1,,1,,
62036549010538,66749541010538,2005,54,1,2429,270,2,2,2005,1,0.0,0.3,0.1,2006-05-03 10:42:49,2014-05-14 15:56:43,2,1,,1,,1,,
62036562010538,66749541010538,2005,54,1,2429,270,3,2,2005,3,,,,2006-05-03 10:42:49,2014-05-14 15:56:43,2,0,,0,,0,,
62036570010538,66749541010538,2005,54,1,2429,270,4,2,2005,1,0.0,0.0,0.0,2006-05-03 10:42:49,2014-05-14 15:56:43,2,1,,1,,1,,
62035642010538,66750371010538,2005,54,5,2402,30,1,2,2005,1,0.1,1.3,0.2,2006-05-03 10:42:49,2014-05-14 15:56:43,2,1,,1,,1,,
62035652010538,66750371010538,2005,54,5,2402,30,2,2,2005,1,,,2.8,2006-05-03 10:42:49,2014-05-14 15:56:43,2,0,,0,,1,,
62035662010538,66750371010538,2005,54,5,2402,30,3,2,2005,1,0.9,2.5,0.3,2006-05-03 10:42:49,2014-05-14 15:56:43,2,1,,1,,1,,
62035670010538,66750371010538,2005,54,5,2402,30,4,2,2005,1,0.0,0.1,0.1,2006-05-03 10:42:49,2014-05-14 15:56:43,2,1,,1,,1,,
62035646010538,66750371010538,2005,54,5,2402,150,1,2,2005,1,0.3,4.9,0.5,2006-05-03 10:42:49,2014-05-14 15:56:43,2,1,,1,,1,,
62035656010538,66750371010538,2005,54,5,2402,150,2,2,2005,1,0.1,2.1,0.2,2006-05-03 10:42:49,2014-05-14 15:56:43,2,1,,1,,1,,
62035665010538,66750371010538,2005,54,5,2402,150,3,2,2005,1,0.8,1.7,0.2,2006-05-03 10:42:49,2014-05-14 15:56:43,2,1,,1,,1,,
62035674010538,66750371010538,2005,54,5,2402,150,4,2,2005,1,0.1,2.4,0.2,2006-05-03 10:42:49,2014-05-14 15:56:43,2,1,,1,,1,,
62035649010538,66750371010538,2005,54,5,2402,270,1,2,2005,1,0.1,2.3,0.4,2006-05-03 10:42:49,2014-05-14 15:56:43,2,1,,1,,1,,
62035659010538,66750371010538,2005,54,5,2402,270,2,2,2005,1,0.1,0.2,0.1,2006-05-03 10:42:49,2014-05-14 15:56:43,2,1,,1,,1,,
62035667010538,66750371010538,2005,54,5,2402,270,3,2,2005,1,0.1,1.9,0.4,2006-05-03 10:42:49,2014-05-14 15:56:43,2,1,,1,,1,,
62035677010538,66750371010538,2005,54,5,2402,270,4,2,2005,1,0.1,0.1,0.1,2006-05-03 10:42:49,2014-05-14 15:56:43,2,1,,1,,1,,
62035799010538,66751670010538,2005,54,13,454,30,1,2,2005,1,0.0,0.0,0.0,2006-05-03 10:42:49,2014-05-14 15:56:43,2,1,,1,,1,,
62035811010538,66751670010538,2005,54,13,454,30,2,2,2005,3,1.0,3.1,0.5,2006-05-03 10:42:49,2014-05-14 15:56:43,2,1,,1,,1,,
42802403020004,66751670010538,2005,54,13,454,30,3,2,2005,4,,,,2012-06-06 07:13:27,2014-05-14 15:57:41,2,0,,0,,0,,
62035820010538,66751670010538,2005,54,13,454,30,4,2,2005,1,0.2,0.5,0.1,2006-05-03 10:42:49,2014-05-14 15:56:43,2,1,,1,,1,,
62035802010538,66751670010538,2005,54,13,454,150,1,2,2005,1,0.0,0.4,0.1,2006-05-03 10:42:49,2014-05-14 15:56:43,2,1,,1,,1,,
42802402020004,66751670010538,2005,54,13,454,150,2,2,2005,2,,,,2012-06-06 07:13:27,2014-05-14 15:57:41,2,0,,0,,0,,
42802405020004,66751670010538,2005,54,13,454,150,3,2,2005,4,,,,2012-06-06 07:13:27,2014-05-14 15:57:41,2,0,,0,,0,,
62035823010538,66751670010538,2005,54,13,454,150,4,2,2005,1,0.1,0.9,0.2,2006-05-03 10:42:49,2014-05-14 15:56:43,2,1,,1,,1,,
62035807010538,66751670010538,2005,54,13,454,270,1,2,2005,1,0.1,1.6,0.2,2006-05-03 10:42:49,2014-05-14 15:56:43,2,1,,1,,1,,
42802404020004,66751670010538,2005,54,13,454,270,2,2,2005,4,,,,2012-06-06 07:13:27,2016-09-29 07:43:51,2,0,,0,,0,,
42802401020004,66751670010538,2005,54,13,454,270,3,2,2005,4,,,,2012-06-06 07:13:27,2014-05-14 15:57:41,2,0,,0,,0,,
62035825010538,66751670010538,2005,54,13,454,270,4,2,2005,1,0.3,1.5,0.9,2006-05-03 10:42:49,2014-05-14 15:56:43,2,1,,1,,1,,
62035762010538,66752082010538,2005,54,15,1378,30,1,2,2005,1,0.1,0.9,0.3,2006-05-03 10:42:50,2014-05-14 15:56:43,2,1,,1,,1,,
62035770010538,66752082010538,2005,54,15,1378,30,2,2,2005,1,0.1,0.1,0.8,2006-05-03 10:42:50,2014-05-14 15:56:43,2,1,,1,,1,,
62035780010538,66752082010538,2005,54,15,1378,30,3,2,2005,1,0.1,0.4,1.4,2006-05-03 10:42:50,2014-05-14 15:56:43,2,1,,1,,1,,
62035788010538,66752082010538,2005,54,15,1378,30,4,2,2005,2,0.1,0.1,0.9,2006-05-03 10:42:50,2014-05-14 15:56:43,2,1,,1,,1,,
62035765010538,66752082010538,2005,54,15,1378,150,1,2,2005,1,0.1,0.3,0.4,2006-05-03 10:42:50,2014-05-14 15:56:43,2,1,,1,,1,,
62035774010538,66752082010538,2005,54,15,1378,150,2,2,2005,1,0.3,1.4,0.2,2006-05-03 10:42:50,2014-05-14 15:56:43,2,1,,1,,1,,
62035783010538,66752082010538,2005,54,15,1378,150,3,2,2005,1,0.3,0.4,0.1,2006-05-03 10:42:50,2014-05-14 15:56:43,2,1,,1,,1,,
62035792010538,66752082010538,2005,54,15,1378,150,4,2,2005,2,0.1,2.3,2.3,2006-05-03 10:42:50,2014-05-14 15:56:43,2,1,,1,,1,,
62035767010538,66752082010538,2005,54,15,1378,270,1,2,2005,1,0.1,1.0,0.1,2006-05-03 10:42:50,2014-05-14 15:56:43,2,1,,1,,1,,
62035777010538,66752082010538,2005,54,15,1378,270,2,2,2005,1,0.1,0.8,0.1,2006-05-03 10:42:50,2014-05-14 15:56:43,2,1,,1,,1,,
62035785010538,66752082010538,2005,54,15,1378,270,3,2,2005,1,0.1,2.8,1.9,2006-05-03 10:42:50,2014-05-14 15:56:43,2,1,,1,,1,,
62035794010538,66752082010538,2005,54,15,1378,270,4,2,2005,2,0.1,0.4,0.1,2006-05-03 10:42:50,2014-05-14 15:56:43,2,1,,1,,1,,
62035461010538,66766488010538,2005,54,19,913,30,1,2,2005,1,0.2,0.2,0.1,2006-05-03 10:42:50,2014-05-14 15:56:43,2,1,,1,,1,,
62035470010538,66766488010538,2005,54,19,913,30,2,2,2005,1,0.5,0.4,0.1,2006-05-03 10:42:50,2014-05-14 15:56:43,2,1,,1,,1,,
62035485010538,66766488010538,2005,54,19,913,30,3,2,2005,1,1.0,0.8,0.1,2006-05-03 10:42:50,2014-05-14 15:56:43,2,1,,1,,1,,
62035493010538,66766488010538,2005,54,19,913,30,4,2,2005,1,0.5,0.3,0.1,2006-05-03 10:42:50,2014-05-14 15:56:43,2,1,,1,,1,,
62035464010538,66766488010538,2005,54,19,913,150,1,2,2005,1,0.8,1.2,0.1,2006-05-03 10:42:50,2014-05-14 15:56:43,2,1,,1,,1,,
62035476010538,66766488010538,2005,54,19,913,150,2,2,2005,1,3.2,1.0,0.3,2006-05-03 10:42:50,2014-05-14 15:56:43,2,1,,1,,1,,
62035488010538,66766488010538,2005,54,19,913,150,3,2,2005,1,1.0,0.5,0.1,2006-05-03 10:42:50,2014-05-14 15:56:43,2,1,,1,,1,,
62035496010538,66766488010538,2005,54,19,913,150,4,2,2005,1,1.2,0.5,0.1,2006-05-03 10:42:50,2014-05-14 15:56:43,2,1,,1,,1,,
62035467010538,66766488010538,2005,54,19,913,270,1,2,2005,1,0.4,0.3,0.1,2006-05-03 10:42:50,2014-05-14 15:56:43,2,1,,1,,1,,
62035480010538,66766488010538,2005,54,19,913,270,2,2,2005,1,0.5,1.0,0.1,2006-05-03 10:42:50,2014-05-14 15:56:43,2,1,,1,,1,,
42802258020004,66766488010538,2005,54,19,913,270,3,2,2005,2,,,,2012-06-06 07:13:27,2014-05-14 15:57:43,2,0,,0,,0,,
62035498010538,66766488010538,2005,54,19,913,270,4,2,2005,1,0.5,1.5,0.2,2006-05-03 10:42:50,2014-05-14 15:56:43,2,1,,1,,1,,
62036456010538,66755179010538,2005,54,23,2149,30,1,2,2005,1,0.7,0.3,0.1,2006-05-03 10:42:50,2014-05-14 15:56:43,2,1,,1,,1,,
62036466010538,66755179010538,2005,54,23,2149,30,2,2,2005,1,0.2,0.2,0.1,2006-05-03 10:42:50,2014-05-14 15:56:43,2,1,,1,,1,,
42802273020004,66755179010538,2005,54,23,2149,30,3,2,2005,2,,,,2012-06-06 07:13:27,2014-05-14 15:57:43,2,0,,0,,0,,
62036480010538,66755179010538,2005,54,23,2149,30,4,2,2005,1,0.5,0.2,0.5,2006-05-03 10:42:50,2014-05-14 15:56:43,2,1,,1,,1,,
42802272020004,66755179010538,2005,54,23,2149,150,1,2,2005,2,,,,2012-06-06 07:13:27,2014-05-14 15:57:43,2,0,,0,,0,,
62036469010538,66755179010538,2005,54,23,2149,150,2,2,2005,1,0.0,0.3,0.3,2006-05-03 10:42:50,2014-05-14 15:56:43,2,1,,1,,1,,
42802274020004,66755179010538,2005,54,23,2149,150,3,2,2005,2,,,,2012-06-06 07:13:27,2014-05-14 15:57:43,2,0,,0,,0,,
62036485010538,66755179010538,2005,54,23,2149,150,4,2,2005,1,0.9,1.8,1.9,2006-05-03 10:42:50,2014-05-14 15:56:43,2,1,,1,,1,,
62036462010538,66755179010538,2005,54,23,2149,270,1,2,2005,1,3.5,1.5,0.2,2006-05-03 10:42:50,2014-05-14 15:56:43,2,1,,1,,1,,
62036472010538,66755179010538,2005,54,23,2149,270,2,2,2005,1,0.1,0.2,0.2,2006-05-03 10:42:50,2014-05-14 15:56:43,2,1,,1,,1,,
42802271020004,66755179010538,2005,54,23,2149,270,3,2,2005,2,,,,2012-06-06 07:13:27,2014-05-14 15:57:43,2,0,,0,,0,,
62036487010538,66755179010538,2005,54,23,2149,270,4,2,2005,1,0.2,1.9,1.9,2006-05-03 10:42:50,2014-05-14 15:56:43,2,1,,1,,1,,
62036305010538,66757074010538,2005,54,27,602,30,1,2,2005,1,1.5,1.5,0.4,2006-05-03 11:21:59,2014-05-14 15:56:43,2,1,,1,,1,,
62036316010538,66757074010538,2005,54,27,602,30,2,2,2005,1,1.1,1.0,0.1,2006-05-03 11:21:59,2014-05-14 15:56:43,2,1,,1,,1,,
62036335010538,66757074010538,2005,54,27,602,30,3,2,2005,1,1.5,0.7,0.1,2006-05-03 11:21:59,2014-05-14 15:56:43,2,1,,1,,1,,
62036350010538,66757074010538,2005,54,27,602,30,4,2,2005,1,1.3,0.1,0.2,2006-05-03 11:21:59,2014-05-14 15:56:43,2,1,,1,,1,,
62036309010538,66757074010538,2005,54,27,602,150,1,2,2005,1,1.2,0.3,0.1,2006-05-03 11:21:59,2014-05-14 15:56:43,2,1,,1,,1,,
62036320010538,66757074010538,2005,54,27,602,150,2,2,2005,1,1.7,0.1,0.1,2006-05-03 11:21:59,2014-05-14 15:56:43,2,1,,1,,1,,
62036340010538,66757074010538,2005,54,27,602,150,3,2,2005,1,0.3,1.8,0.2,2006-05-03 11:21:59,2014-05-14 15:56:43,2,1,,1,,1,,
62036353010538,66757074010538,2005,54,27,602,150,4,2,2005,1,1.8,0.1,0.1,2006-05-03 11:21:59,2014-05-14 15:56:43,2,1,,1,,1,,
62036312010538,66757074010538,2005,54,27,602,270,1,2,2005,1,1.1,0.1,0.1,2006-05-03 11:21:59,2014-05-14 15:56:43,2,1,,1,,1,,
62036327010538,66757074010538,2005,54,27,602,270,2,2,2005,1,2.9,0.7,0.1,2006-05-03 11:21:59,2014-05-14 15:56:43,2,1,,1,,1,,
62036346010538,66757074010538,2005,54,27,602,270,3,2,2005,1,1.2,1.8,0.2,2006-05-03 11:21:59,2014-05-14 15:56:43,2,1,,1,,1,,
62036359010538,66757074010538,2005,54,27,602,270,4,2,2005,1,0.2,1.5,0.2,2006-05-03 11:21:59,2014-05-14 15:56:43,2,1,,1,,1,,
62036620010538,66758089010538,2005,54,33,830,30,1,2,2005,2,0.1,0.1,0.1,2006-05-03 10:42:50,2014-05-14 15:56:43,2,1,,1,,1,,
62036628010538,66758089010538,2005,54,33,830,30,2,2,2005,2,0.0,0.8,0.3,2006-05-03 10:42:50,2014-05-14 15:56:43,2,1,,1,,1,,
62036636010538,66758089010538,2005,54,33,830,30,3,2,2005,1,0.8,1.3,0.2,2006-05-03 10:42:50,2014-05-14 15:56:43,2,1,,1,,1,,
62036645010538,66758089010538,2005,54,33,830,30,4,2,2005,1,0.3,0.8,0.1,2006-05-03 10:42:50,2014-05-14 15:56:43,2,1,,1,,1,,
62036623010538,66758089010538,2005,54,33,830,150,1,2,2005,1,0.9,1.0,1.3,2006-05-03 10:42:50,2014-05-14 15:56:43,2,1,,1,,1,,
62036631010538,66758089010538,2005,54,33,830,150,2,2,2005,2,0.0,0.1,0.3,2006-05-03 10:42:50,2014-05-14 15:56:43,2,1,,1,,1,,
62036639010538,66758089010538,2005,54,33,830,150,3,2,2005,1,1.1,1.0,0.4,2006-05-03 10:42:50,2014-05-14 15:56:43,2,1,,1,,1,,
62036648010538,66758089010538,2005,54,33,830,150,4,2,2005,1,1.3,0.2,0.1,2006-05-03 10:42:50,2014-05-14 15:56:43,2,1,,1,,1,,
62036625010538,66758089010538,2005,54,33,830,270,1,2,2005,1,0.1,1.9,0.2,2006-05-03 10:42:50,2014-05-14 15:56:43,2,1,,1,,1,,
62036633010538,66758089010538,2005,54,33,830,270,2,2,2005,2,0.0,0.1,0.1,2006-05-03 10:42:50,2014-05-14 15:56:43,2,1,,1,,1,,
62036642010538,66758089010538,2005,54,33,830,270,3,2,2005,1,1.6,2.5,0.9,2006-05-03 10:42:50,2014-05-14 15:56:43,2,1,,1,,1,,
62036650010538,66758089010538,2005,54,33,830,270,4,2,2005,1,1.3,0.7,0.1,2006-05-03 10:42:50,2014-05-14 15:56:43,2,1,,1,,1,,
42802104020004,66758939010538,2005,54,35,1145,30,1,2,2005,1,,,,2012-06-06 07:13:26,2014-05-14 15:57:43,2,0,,0,,0,,
62035835010538,66758939010538,2005,54,35,1145,30,2,2,2005,2,1.0,3.1,0.7,2006-05-03 10:42:50,2014-05-14 15:56:43,2,1,,1,,1,,
42802103020004,66758939010538,2005,54,35,1145,30,3,2,2005,3,,,,2012-06-06 07:13:26,2014-05-14 15:57:43,2,0,,0,,0,,
42802101020004,66758939010538,2005,54,35,1145,30,4,2,2005,1,,,,2012-06-06 07:13:26,2014-05-14 15:57:43,2,0,,0,,0,,
42802099020004,66758939010538,2005,54,35,1145,150,1,2,2005,1,,,,2012-06-06 07:13:26,2014-05-14 15:57:43,2,0,,0,,0,,
62035839010538,66758939010538,2005,54,35,1145,150,2,2,2005,2,0.5,5.5,1.9,2006-05-03 10:42:50,2014-05-14 15:56:43,2,1,,1,,1,,
62035848010538,66758939010538,2005,54,35,1145,150,3,2,2005,2,0.0,0.0,1.8,2006-05-03 10:42:50,2014-05-14 15:56:43,2,1,,1,,1,,
42802100020004,66758939010538,2005,54,35,1145,150,4,2,2005,1,,,,2012-06-06 07:13:26,2014-05-14 15:57:43,2,0,,0,,0,,
42802102020004,66758939010538,2005,54,35,1145,270,1,2,2005,1,,,,2012-06-06 07:13:26,2014-05-14 15:57:43,2,0,,0,,0,,
62035842010538,66758939010538,2005,54,35,1145,270,2,2,2005,2,0.1,3.5,0.3,2006-05-03 10:42:50,2014-05-14 15:56:43,2,1,,1,,1,,
62035851010538,66758939010538,2005,54,35,1145,270,3,2,2005,2,0.0,0.9,0.1,2006-05-03 10:42:50,2014-05-14 15:56:43,2,1,,1,,1,,
62035858010538,66758939010538,2005,54,35,1145,270,4,2,2005,2,0.0,3.7,0.4,2006-05-03 10:42:50,2014-05-14 15:56:43,2,1,,1,,1,,
42802651020004,66769014010538,2005,54,37,544,30,1,2,2005,1,,,,2012-06-06 07:13:28,2014-05-14 15:57:41,2,0,,0,,0,,
42802643020004,66769014010538,2005,54,37,544,30,2,2,2005,1,,,,2012-06-06 07:13:28,2014-05-14 15:57:41,2,0,,0,,0,,
42802646020004,66769014010538,2005,54,37,544,30,3,2,2005,1,,,,2012-06-06 07:13:28,2014-05-14 15:57:41,2,0,,0,,0,,
42802642020004,66769014010538,2005,54,37,544,30,4,2,2005,1,,,,2012-06-06 07:13:28,2014-05-14 15:57:41,2,0,,0,,0,,
42802640020004,66769014010538,2005,54,37,544,150,1,2,2005,1,,,,2012-06-06 07:13:28,2014-05-14 15:57:41,2,0,,0,,0,,
42802645020004,66769014010538,2005,54,37,544,150,2,2,2005,1,,,,2012-06-06 07:13:28,2014-05-14 15:57:41,2,0,,0,,0,,
42802650020004,66769014010538,2005,54,37,544,150,3,2,2005,1,,,,2012-06-06 07:13:28,2014-05-14 15:57:41,2,0,,0,,0,,
42802644020004,66769014010538,2005,54,37,544,150,4,2,2005,1,,,,2012-06-06 07:13:28,2014-05-14 15:57:41,2,0,,0,,0,,
42802647020004,66769014010538,2005,54,37,544,270,1,2,2005,1,,,,2012-06-06 07:13:28,2014-05-14 15:57:41,2,0,,0,,0,,
42802649020004,66769014010538,2005,54,37,544,270,2,2,2005,1,,,,2012-06-06 07:13:28,2014-05-14 15:57:41,2,0,,0,,0,,
42802641020004,66769014010538,2005,54,37,544,270,3,2,2005,1,,,,2012-06-06 07:13:28,2014-05-14 15:57:41,2,0,,0,,0,,
42802648020004,66769014010538,2005,54,37,544,270,4,2,2005,1,,,,2012-06-06 07:13:28,2014-05-14 15:57:41,2,0,,0,,0,,
62035717010538,66735152010538,2005,54,39,2374,30,1,2,2005,1,0.3,2.0,0.5,2006-05-03 10:42:50,2014-05-14 15:56:43,2,1,,1,,1,,
62035728010538,66735152010538,2005,54,39,2374,30,2,2,2005,1,0.7,3.1,0.4,2006-05-03 10:42:50,2014-05-14 15:56:43,2,1,,1,,1,,
62035740010538,66735152010538,2005,54,39,2374,30,3,2,2005,1,2.0,1.8,0.6,2006-05-03 10:42:50,2014-05-14 15:56:43,2,1,,1,,1,,
62035751010538,66735152010538,2005,54,39,2374,30,4,2,2005,1,1.1,2.7,0.3,2006-05-03 10:42:50,2014-05-14 15:56:43,2,1,,1,,1,,
62035720010538,66735152010538,2005,54,39,2374,150,1,2,2005,1,0.9,1.9,0.4,2006-05-03 10:42:50,2014-05-14 15:56:43,2,1,,1,,1,,
62035732010538,66735152010538,2005,54,39,2374,150,2,2,2005,1,0.1,0.4,0.1,2006-05-03 10:42:50,2014-05-14 15:56:43,2,1,,1,,1,,
62035745010538,66735152010538,2005,54,39,2374,150,3,2,2005,1,0.1,0.9,0.1,2006-05-03 10:42:50,2014-05-14 15:56:43,2,1,,1,,1,,
62035754010538,66735152010538,2005,54,39,2374,150,4,2,2005,1,0.9,1.9,0.2,2006-05-03 10:42:50,2014-05-14 15:56:43,2,1,,1,,1,,
62035723010538,66735152010538,2005,54,39,2374,270,1,2,2005,1,0.7,2.5,1.9,2006-05-03 10:42:50,2014-05-14 15:56:43,2,1,,1,,1,,
62035736010538,66735152010538,2005,54,39,2374,270,2,2,2005,1,0.3,0.9,0.1,2006-05-03 10:42:50,2014-05-14 15:56:43,2,1,,1,,1,,
62035747010538,66735152010538,2005,54,39,2374,270,3,2,2005,1,0.3,1.4,0.2,2006-05-03 10:42:50,2014-05-14 15:56:43,2,1,,1,,1,,
62035756010538,66735152010538,2005,54,39,2374,270,4,2,2005,1,0.4,2.5,0.3,2006-05-03 10:42:50,2014-05-14 15:56:43,2,1,,1,,1,,
62035602010538,66735647010538,2005,54,41,2378,30,1,2,2005,1,1.1,0.8,3.1,2006-05-03 10:42:50,2014-05-14 15:56:43,2,1,,1,,1,,
42802574020004,66735647010538,2005,54,41,2378,30,2,2,2005,2,,,,2012-06-06 07:13:27,2014-05-14 15:57:41,2,0,,0,,0,,
62035617010538,66735647010538,2005,54,41,2378,30,3,2,2005,1,0.1,1.6,0.2,2006-05-03 10:42:50,2014-05-14 15:56:43,2,1,,1,,1,,
62035629010538,66735647010538,2005,54,41,2378,30,4,2,2005,1,1.1,1.6,0.3,2006-05-03 10:42:50,2014-05-14 15:56:43,2,1,,1,,1,,
62035605010538,66735647010538,2005,54,41,2378,150,1,2,2005,1,0.5,2.1,0.2,2006-05-03 10:42:50,2014-05-14 15:56:43,2,1,,1,,1,,
62035613010538,66735647010538,2005,54,41,2378,150,2,2,2005,1,1.5,3.2,1.1,2006-05-03 10:42:50,2014-05-14 15:56:43,2,1,,1,,1,,
62035622010538,66735647010538,2005,54,41,2378,150,3,2,2005,1,0.1,0.1,0.1,2006-05-03 10:42:50,2014-05-14 15:56:43,2,1,,1,,1,,
62035632010538,66735647010538,2005,54,41,2378,150,4,2,2005,1,1.9,1.8,0.3,2006-05-03 10:42:50,2014-05-14 15:56:43,2,1,,1,,1,,
62035607010538,66735647010538,2005,54,41,2378,270,1,2,2005,1,0.3,0.8,0.1,2006-05-03 10:42:50,2014-05-14 15:56:43,2,1,,1,,1,,
42802575020004,66735647010538,2005,54,41,2378,270,2,2,2005,2,,,,2012-06-06 07:13:27,2014-05-14 15:57:41,2,0,,0,,0,,
62035625010538,66735647010538,2005,54,41,2378,270,3,2,2005,1,0.1,2.1,0.2,2006-05-03 10:42:50,2014-05-14 15:56:43,2,1,,1,,1,,
62035635010538,66735647010538,2005,54,41,2378,270,4,2,2005,1,0.4,3.1,0.3,2006-05-03 10:42:50,2014-05-14 15:56:43,2,1,,1,,1,,
62035218010538,66738107010538,2005,54,47,1853,30,1,2,2005,1,1.5,2.1,0.5,2006-05-03 10:42:51,2014-05-14 15:56:43,2,1,,1,,1,,
62035228010538,66738107010538,2005,54,47,1853,30,2,2,2005,1,0.5,1.1,1.1,2006-05-03 10:42:51,2014-05-14 15:56:43,2,1,,1,,1,,
62035236010538,66738107010538,2005,54,47,1853,30,3,2,2005,1,1.3,1.8,0.8,2006-05-03 10:42:51,2014-05-14 15:56:43,2,1,,1,,1,,
62035247010538,66738107010538,2005,54,47,1853,30,4,2,2005,1,0.0,0.0,0.7,2006-05-03 10:42:51,2014-05-14 15:56:43,2,1,,1,,1,,
62035223010538,66738107010538,2005,54,47,1853,150,1,2,2005,1,0.6,1.2,0.1,2006-05-03 10:42:51,2014-05-14 15:56:43,2,1,,1,,1,,
62035231010538,66738107010538,2005,54,47,1853,150,2,2,2005,1,0.1,0.6,1.0,2006-05-03 10:42:51,2014-05-14 15:56:43,2,1,,1,,1,,
62035240010538,66738107010538,2005,54,47,1853,150,3,2,2005,1,0.0,0.0,0.1,2006-05-03 10:42:51,2014-05-14 15:56:43,2,1,,1,,1,,
62035255010538,66738107010538,2005,54,47,1853,150,4,2,2005,1,1.1,3.6,0.6,2006-05-03 10:42:51,2014-05-14 15:56:43,2,1,,1,,1,,
62035225010538,66738107010538,2005,54,47,1853,270,1,2,2005,1,0.7,1.3,0.2,2006-05-03 10:42:51,2014-05-14 15:56:43,2,1,,1,,1,,
62035233010538,66738107010538,2005,54,47,1853,270,2,2,2005,1,1.8,3.5,0.7,2006-05-03 10:42:51,2014-05-14 15:56:43,2,1,,1,,1,,
62035242010538,66738107010538,2005,54,47,1853,270,3,2,2005,1,1.7,1.5,0.2,2006-05-03 10:42:51,2014-05-14 15:56:43,2,1,,1,,1,,
62035257010538,66738107010538,2005,54,47,1853,270,4,2,2005,1,0.1,1.0,0.1,2006-05-03 10:42:51,2014-05-14 15:56:43,2,1,,1,,1,,
62035181010538,66737921010538,2005,54,47,2474,30,1,2,2005,1,1.8,0.8,0.3,2006-05-03 10:42:50,2014-05-14 15:56:43,2,1,,1,,1,,
62035190010538,66737921010538,2005,54,47,2474,30,2,2,2005,1,0.3,0.7,0.1,2006-05-03 10:42:50,2014-05-14 15:56:43,2,1,,1,,1,,
62035198010538,66737921010538,2005,54,47,2474,30,3,2,2005,1,0.0,0.0,0.0,2006-05-03 10:42:50,2014-05-14 15:56:43,2,1,,1,,1,,
62035206010538,66737921010538,2005,54,47,2474,30,4,2,2005,1,1.3,0.3,2.5,2006-05-03 10:42:50,2014-05-14 15:56:43,2,1,,1,,1,,
62035185010538,66737921010538,2005,54,47,2474,150,1,2,2005,1,0.3,0.5,0.1,2006-05-03 10:42:50,2014-05-14 15:56:43,2,1,,1,,1,,
62035193010538,66737921010538,2005,54,47,2474,150,2,2,2005,1,0.8,0.9,0.1,2006-05-03 10:42:50,2014-05-14 15:56:43,2,1,,1,,1,,
62035201010538,66737921010538,2005,54,47,2474,150,3,2,2005,1,0.1,1.7,0.5,2006-05-03 10:42:50,2014-05-14 15:56:43,2,1,,1,,1,,
62035209010538,66737921010538,2005,54,47,2474,150,4,2,2005,1,0.3,0.1,0.1,2006-05-03 10:42:50,2014-05-14 15:56:43,2,1,,1,,1,,
62035187010538,66737921010538,2005,54,47,2474,270,1,2,2005,1,0.1,2.3,0.3,2006-05-03 10:42:50,2014-05-14 15:56:43,2,1,,1,,1,,
62035195010538,66737921010538,2005,54,47,2474,270,2,2,2005,1,0.1,0.4,0.4,2006-05-03 10:42:50,2014-05-14 15:56:43,2,1,,1,,1,,
62035203010538,66737921010538,2005,54,47,2474,270,3,2,2005,1,1.9,2.7,0.7,2006-05-03 10:42:50,2014-05-14 15:56:43,2,1,,1,,1,,
62035211010538,66737921010538,2005,54,47,2474,270,4,2,2005,1,2.3,1.1,0.3,2006-05-03 10:42:50,2014-05-14 15:56:43,2,1,,1,,1,,
42802074020004,66738888010538,2005,54,51,1731,30,1,2,2005,1,,,,2012-06-06 07:13:26,2014-05-14 15:57:43,2,0,,0,,0,,
42802068020004,66738888010538,2005,54,51,1731,30,2,2,2005,1,,,,2012-06-06 07:13:26,2014-05-14 15:57:43,2,0,,0,,0,,
42802070020004,66738888010538,2005,54,51,1731,30,3,2,2005,1,,,,2012-06-06 07:13:26,2014-05-14 15:57:43,2,0,,0,,0,,
42802067020004,66738888010538,2005,54,51,1731,30,4,2,2005,1,,,,2012-06-06 07:13:26,2014-05-14 15:57:43,2,0,,0,,0,,
42802066020004,66738888010538,2005,54,51,1731,150,1,2,2005,1,,,,2012-06-06 07:13:26,2014-05-14 15:57:43,2,0,,0,,0,,
42802069020004,66738888010538,2005,54,51,1731,150,2,2,2005,1,,,,2012-06-06 07:13:26,2014-05-14 15:57:43,2,0,,0,,0,,
42802073020004,66738888010538,2005,54,51,1731,150,3,2,2005,1,,,,2012-06-06 07:13:26,2014-05-14 15:57:43,2,0,,0,,0,,
62036668010538,66738888010538,2005,54,51,1731,150,4,2,2005,2,0.1,1.4,0.2,2006-05-03 10:42:51,2014-05-14 15:56:43,2,1,,1,,1,,
42802071020004,66738888010538,2005,54,51,1731,270,1,2,2005,1,,,,2012-06-06 07:13:26,2014-05-14 15:57:43,2,0,,0,,0,,
42802072020004,66738888010538,2005,54,51,1731,270,2,2,2005,1,,,,2012-06-06 07:13:26,2014-05-14 15:57:43,2,0,,0,,0,,
42802065020004,66738888010538,2005,54,51,1731,270,3,2,2005,1,,,,2012-06-06 07:13:26,2014-05-14 15:57:43,2,0,,0,,0,,
62036671010538,66738888010538,2005,54,51,1731,270,4,2,2005,2,1.2,2.3,6.5,2006-05-03 10:42:51,2014-05-14 15:56:43,2,1,,1,,1,,
42802418020004,66739003010538,2005,54,53,532,30,1,2,2005,1,,,,2012-06-06 07:13:27,2014-05-14 15:57:41,2,0,,0,,0,,
42802409020004,66739003010538,2005,54,53,532,30,2,2,2005,1,,,,2012-06-06 07:13:27,2014-05-14 15:57:41,2,0,,0,,0,,
42802414020004,66739003010538,2005,54,53,532,30,3,2,2005,1,,,,2012-06-06 07:13:27,2014-05-14 15:57:41,2,0,,0,,0,,
42802410020004,66739003010538,2005,54,53,532,30,4,2,2005,1,,,,2012-06-06 07:13:27,2014-05-14 15:57:41,2,0,,0,,0,,
42802408020004,66739003010538,2005,54,53,532,150,1,2,2005,1,,,,2012-06-06 07:13:27,2014-05-14 15:57:41,2,0,,0,,0,,
42802412020004,66739003010538,2005,54,53,532,150,2,2,2005,1,,,,2012-06-06 07:13:27,2014-05-14 15:57:41,2,0,,0,,0,,
42802417020004,66739003010538,2005,54,53,532,150,3,2,2005,1,,,,2012-06-06 07:13:27,2014-05-14 15:57:41,2,0,,0,,0,,
42802411020004,66739003010538,2005,54,53,532,150,4,2,2005,1,,,,2012-06-06 07:13:27,2014-05-14 15:57:41,2,0,,0,,0,,
42802413020004,66739003010538,2005,54,53,532,270,1,2,2005,1,,,,2012-06-06 07:13:27,2014-05-14 15:57:41,2,0,,0,,0,,
42802415020004,66739003010538,2005,54,53,532,270,2,2,2005,1,,,,2012-06-06 07:13:27,2014-05-14 15:57:41,2,0,,0,,0,,
42802407020004,66739003010538,2005,54,53,532,270,3,2,2005,1,,,,2012-06-06 07:13:27,2014-05-14 15:57:41,2,0,,0,,0,,
42802416020004,66739003010538,2005,54,53,532,270,4,2,2005,1,,,,2012-06-06 07:13:27,2014-05-14 15:57:41,2,0,,0,,0,,
42802340020004,66740054010538,2005,54,55,737,30,1,2,2005,1,,,,2012-06-06 07:13:27,2014-05-14 15:57:41,2,0,,0,,0,,
42802334020004,66740054010538,2005,54,55,737,30,2,2,2005,1,,,,2012-06-06 07:13:27,2014-05-14 15:57:43,2,0,,0,,0,,
42802336020004,66740054010538,2005,54,55,737,30,3,2,2005,1,,,,2012-06-06 07:13:27,2014-05-14 15:57:43,2,0,,0,,0,,
62035271010538,66740054010538,2005,54,55,737,30,4,2,2005,2,0.0,0.3,0.1,2006-05-03 10:42:51,2014-05-14 15:56:43,2,1,,1,,1,,
42802332020004,66740054010538,2005,54,55,737,150,1,2,2005,1,,,,2012-06-06 07:13:27,2014-05-14 15:57:43,2,0,,0,,0,,
42802335020004,66740054010538,2005,54,55,737,150,2,2,2005,1,,,,2012-06-06 07:13:27,2014-05-14 15:57:43,2,0,,0,,0,,
42802339020004,66740054010538,2005,54,55,737,150,3,2,2005,1,,,,2012-06-06 07:13:27,2014-05-14 15:57:41,2,0,,0,,0,,
62035274010538,66740054010538,2005,54,55,737,150,4,2,2005,2,0.2,0.7,0.1,2006-05-03 10:42:51,2014-05-14 15:56:43,2,1,,1,,1,,
42802337020004,66740054010538,2005,54,55,737,270,1,2,2005,1,,,,2012-06-06 07:13:27,2014-05-14 15:57:43,2,0,,0,,0,,
42802338020004,66740054010538,2005,54,55,737,270,2,2,2005,1,,,,2012-06-06 07:13:27,2014-05-14 15:57:41,2,0,,0,,0,,
42802333020004,66740054010538,2005,54,55,737,270,3,2,2005,1,,,,2012-06-06 07:13:27,2014-05-14 15:57:43,2,0,,0,,0,,
62035276010538,66740054010538,2005,54,55,737,270,4,2,2005,2,2.9,0.9,0.4,2006-05-03 10:42:51,2014-05-14 15:56:43,2,1,,1,,1,,
62035309010538,66741059010538,2005,54,59,1096,30,1,2,2005,1,0.1,1.8,0.2,2006-05-03 10:42:51,2014-05-14 15:56:43,2,1,,1,,1,,
62035319010538,66741059010538,2005,54,59,1096,30,2,2,2005,1,0.2,1.6,0.2,2006-05-03 10:42:51,2014-05-14 15:56:43,2,1,,1,,1,,
62035330010538,66741059010538,2005,54,59,1096,30,3,2,2005,1,0.1,1.4,0.2,2006-05-03 10:42:51,2014-05-14 15:56:43,2,1,,1,,1,,
62035339010538,66741059010538,2005,54,59,1096,30,4,2,2005,1,0.0,5.0,0.5,2006-05-03 10:42:51,2014-05-14 15:56:43,2,1,,1,,1,,
62035312010538,66741059010538,2005,54,59,1096,150,1,2,2005,1,1.1,2.3,0.2,2006-05-03 10:42:51,2014-05-14 15:56:43,2,1,,1,,1,,
62035323010538,66741059010538,2005,54,59,1096,150,2,2,2005,1,1.5,2.5,0.3,2006-05-03 10:42:51,2014-05-14 15:56:43,2,1,,1,,1,,
62035333010538,66741059010538,2005,54,59,1096,150,3,2,2005,1,0.7,1.6,0.2,2006-05-03 10:42:51,2014-05-14 15:56:43,2,1,,1,,1,,
62035342010538,66741059010538,2005,54,59,1096,150,4,2,2005,1,1.3,6.1,0.6,2006-05-03 10:42:51,2014-05-14 15:56:43,2,1,,1,,1,,
62035315010538,66741059010538,2005,54,59,1096,270,1,2,2005,1,0.1,3.0,0.3,2006-05-03 10:42:51,2014-05-14 15:56:43,2,1,,1,,1,,
62035326010538,66741059010538,2005,54,59,1096,270,2,2,2005,1,0.6,2.8,0.3,2006-05-03 10:42:51,2014-05-14 15:56:43,2,1,,1,,1,,
62035335010538,66741059010538,2005,54,59,1096,270,3,2,2005,1,0.5,2.5,0.3,2006-05-03 10:42:51,2014-05-14 15:56:43,2,1,,1,,1,,
62035344010538,66741059010538,2005,54,59,1096,270,4,2,2005,1,0.3,2.4,0.2,2006-05-03 10:42:51,2014-05-14 15:56:43,2,1,,1,,1,,
42802189020004,66741920010538,2005,54,63,1793,30,1,2,2005,1,,,,2012-06-06 07:13:27,2014-05-14 15:57:43,2,0,,0,,0,,
42802182020004,66741920010538,2005,54,63,1793,30,2,2,2005,1,,,,2012-06-06 07:13:26,2014-05-14 15:57:43,2,0,,0,,0,,
42802184020004,66741920010538,2005,54,63,1793,30,3,2,2005,1,,,,2012-06-06 07:13:27,2014-05-14 15:57:43,2,0,,0,,0,,
42802180020004,66741920010538,2005,54,63,1793,30,4,2,2005,1,,,,2012-06-06 07:13:26,2014-05-14 15:57:43,2,0,,0,,0,,
42802178020004,66741920010538,2005,54,63,1793,150,1,2,2005,1,,,,2012-06-06 07:13:26,2014-05-14 15:57:43,2,0,,0,,0,,
42802183020004,66741920010538,2005,54,63,1793,150,2,2,2005,1,,,,2012-06-06 07:13:27,2014-05-14 15:57:43,2,0,,0,,0,,
42802188020004,66741920010538,2005,54,63,1793,150,3,2,2005,1,,,,2012-06-06 07:13:27,2014-05-14 15:57:43,2,0,,0,,0,,
42802181020004,66741920010538,2005,54,63,1793,150,4,2,2005,1,,,,2012-06-06 07:13:26,2014-05-14 15:57:43,2,0,,0,,0,,
42802185020004,66741920010538,2005,54,63,1793,270,1,2,2005,1,,,,2012-06-06 07:13:27,2014-05-14 15:57:43,2,0,,0,,0,,
42802187020004,66741920010538,2005,54,63,1793,270,2,2,2005,1,,,,2012-06-06 07:13:27,2014-05-14 15:57:43,2,0,,0,,0,,
42802179020004,66741920010538,2005,54,63,1793,270,3,2,2005,1,,,,2012-06-06 07:13:26,2014-05-14 15:57:43,2,0,,0,,0,,
42802186020004,66741920010538,2005,54,63,1793,270,4,2,2005,1,,,,2012-06-06 07:13:27,2014-05-14 15:57:43,2,0,,0,,0,,
62036364010538,66742166010538,2005,54,65,1431,30,1,2,2005,1,3.1,1.6,0.2,2006-05-03 10:42:51,2014-05-14 15:56:43,2,1,,1,,1,,
62036373010538,66742166010538,2005,54,65,1431,30,2,2,2005,1,1.5,1.9,0.2,2006-05-03 10:42:51,2014-05-14 15:56:43,2,1,,1,,1,,
62036383010538,66742166010538,2005,54,65,1431,30,3,2,2005,1,1.0,1.4,0.2,2006-05-03 10:42:51,2014-05-14 15:56:43,2,1,,1,,1,,
62036394010538,66742166010538,2005,54,65,1431,30,4,2,2005,1,1.5,0.6,0.1,2006-05-03 10:42:51,2014-05-14 15:56:43,2,1,,1,,1,,
62036368010538,66742166010538,2005,54,65,1431,150,1,2,2005,1,0.2,0.9,0.1,2006-05-03 10:42:51,2014-05-14 15:56:43,2,1,,1,,1,,
62036377010538,66742166010538,2005,54,65,1431,150,2,2,2005,1,3.7,0.8,0.1,2006-05-03 10:42:51,2014-05-14 15:56:43,2,1,,1,,1,,
62036387010538,66742166010538,2005,54,65,1431,150,3,2,2005,1,,,0.9,2006-05-03 10:42:51,2014-05-14 15:56:43,2,0,,0,,1,,
62036399010538,66742166010538,2005,54,65,1431,150,4,2,2005,1,0.9,1.8,0.2,2006-05-03 10:42:51,2014-05-14 15:56:43,2,1,,1,,1,,
62036370010538,66742166010538,2005,54,65,1431,270,1,2,2005,1,1.7,1.1,0.2,2006-05-03 10:42:51,2014-05-14 15:56:43,2,1,,1,,1,,
62036379010538,66742166010538,2005,54,65,1431,270,2,2,2005,1,1.3,0.7,0.1,2006-05-03 10:42:51,2014-05-14 15:56:43,2,1,,1,,1,,
62036390010538,66742166010538,2005,54,65,1431,270,3,2,2005,1,1.6,1.2,0.1,2006-05-03 10:42:51,2014-05-14 15:56:43,2,1,,1,,1,,
62036402010538,66742166010538,2005,54,65,1431,270,4,2,2005,1,1.2,2.2,0.3,2006-05-03 10:42:51,2014-05-14 15:56:43,2,1,,1,,1,,
62035504010538,66742943010538,2005,54,67,862,30,1,2,2005,1,1.0,1.9,0.2,2006-05-03 10:42:51,2014-05-14 15:56:43,2,1,,1,,1,,
62035514010538,66742943010538,2005,54,67,862,30,2,2,2005,1,0.3,1.2,0.1,2006-05-03 10:42:51,2014-05-14 15:56:43,2,1,,1,,1,,
62035525010538,66742943010538,2005,54,67,862,30,3,2,2005,1,0.4,1.5,0.4,2006-05-03 10:42:51,2014-05-14 15:56:43,2,1,,1,,1,,
62035536010538,66742943010538,2005,54,67,862,30,4,2,2005,1,0.1,0.3,0.1,2006-05-03 10:42:51,2014-05-14 15:56:43,2,1,,1,,1,,
62035507010538,66742943010538,2005,54,67,862,150,1,2,2005,1,0.6,0.9,0.2,2006-05-03 10:42:51,2014-05-14 15:56:43,2,1,,1,,1,,
62035518010538,66742943010538,2005,54,67,862,150,2,2,2005,1,2.1,1.0,0.1,2006-05-03 10:42:51,2014-05-14 15:56:43,2,1,,1,,1,,
62035531010538,66742943010538,2005,54,67,862,150,3,2,2005,1,1.1,1.0,0.7,2006-05-03 10:42:51,2014-05-14 15:56:43,2,1,,1,,1,,
62035539010538,66742943010538,2005,54,67,862,150,4,2,2005,1,0.7,0.6,0.1,2006-05-03 10:42:51,2014-05-14 15:56:43,2,1,,1,,1,,
62035511010538,66742943010538,2005,54,67,862,270,1,2,2005,1,0.6,0.4,0.1,2006-05-03 10:42:51,2014-05-14 15:56:43,2,1,,1,,1,,
62035521010538,66742943010538,2005,54,67,862,270,2,2,2005,1,0.5,0.8,0.2,2006-05-03 10:42:51,2014-05-14 15:56:43,2,1,,1,,1,,
62035533010538,66742943010538,2005,54,67,862,270,3,2,2005,1,2.0,1.0,0.1,2006-05-03 10:42:51,2014-05-14 15:56:43,2,1,,1,,1,,
62035541010538,66742943010538,2005,54,67,862,270,4,2,2005,1,0.1,0.2,0.1,2006-05-03 10:42:51,2014-05-14 15:56:43,2,1,,1,,1,,
62035426010538,66743702010538,2005,54,71,1818,30,1,2,2005,1,5.0,2.1,0.2,2006-05-03 10:42:51,2014-05-14 15:56:43,2,1,,1,,1,,
62035434010538,66743702010538,2005,54,71,1818,30,2,2,2005,1,1.1,2.4,0.2,2006-05-03 10:42:51,2014-05-14 15:56:43,2,1,,1,,1,,
62035442010538,66743702010538,2005,54,71,1818,30,3,2,2005,1,2.4,3.1,0.4,2006-05-03 10:42:51,2014-05-14 15:56:43,2,1,,1,,1,,
62035451010538,66743702010538,2005,54,71,1818,30,4,2,2005,1,2.4,2.1,0.3,2006-05-03 10:42:51,2014-05-14 15:56:43,2,1,,1,,1,,
62035429010538,66743702010538,2005,54,71,1818,150,1,2,2005,1,0.8,0.3,0.1,2006-05-03 10:42:51,2014-05-14 15:56:43,2,1,,1,,1,,
62035437010538,66743702010538,2005,54,71,1818,150,2,2,2005,1,1.2,1.9,0.2,2006-05-03 10:42:51,2014-05-14 15:56:43,2,1,,1,,1,,
62035445010538,66743702010538,2005,54,71,1818,150,3,2,2005,1,1.5,0.6,0.1,2006-05-03 10:42:51,2014-05-14 15:56:43,2,1,,1,,1,,
62035454010538,66743702010538,2005,54,71,1818,150,4,2,2005,1,0.3,0.4,0.2,2006-05-03 10:42:51,2014-05-14 15:56:43,2,1,,1,,1,,
62035431010538,66743702010538,2005,54,71,1818,270,1,2,2005,1,2.6,3.9,0.4,2006-05-03 10:42:51,2014-05-14 15:56:43,2,1,,1,,1,,
62035439010538,66743702010538,2005,54,71,1818,270,2,2,2005,1,2.3,2.6,0.8,2006-05-03 10:42:51,2014-05-14 15:56:43,2,1,,1,,1,,
62035448010538,66743702010538,2005,54,71,1818,270,3,2,2005,1,3.9,6.6,0.9,2006-05-03 10:42:51,2014-05-14 15:56:43,2,1,,1,,1,,
62035456010538,66743702010538,2005,54,71,1818,270,4,2,2005,1,1.6,2.6,2.6,2006-05-03 10:42:51,2014-05-14 15:56:43,2,1,,1,,1,,
62035386010538,66744079010538,2005,54,71,2100,30,1,2,2005,1,3.5,0.2,0.1,2006-05-03 10:42:57,2014-05-14 15:56:43,2,1,,1,,1,,
62035395010538,66744079010538,2005,54,71,2100,30,2,2,2005,1,1.3,1.5,0.2,2006-05-03 10:42:57,2014-05-14 15:56:43,2,1,,1,,1,,
62035405010538,66744079010538,2005,54,71,2100,30,3,2,2005,1,1.0,1.7,0.2,2006-05-03 10:42:57,2014-05-14 15:56:43,2,1,,1,,1,,
62035416010538,66744079010538,2005,54,71,2100,30,4,2,2005,1,1.5,1.5,0.2,2006-05-03 10:42:57,2014-05-14 15:56:43,2,1,,1,,1,,
62035390010538,66744079010538,2005,54,71,2100,150,1,2,2005,1,5.0,4.1,0.4,2006-05-03 10:42:57,2014-05-14 15:56:43,2,1,,1,,1,,
62035398010538,66744079010538,2005,54,71,2100,150,2,2,2005,1,3.4,0.2,0.1,2006-05-03 10:42:57,2014-05-14 15:56:43,2,1,,1,,1,,
62035411010538,66744079010538,2005,54,71,2100,150,3,2,2005,1,1.0,0.2,0.1,2006-05-03 10:42:57,2014-05-14 15:56:43,2,1,,1,,1,,
62035419010538,66744079010538,2005,54,71,2100,150,4,2,2005,1,1.3,0.7,0.1,2006-05-03 10:42:57,2014-05-14 15:56:43,2,1,,1,,1,,
62035392010538,66744079010538,2005,54,71,2100,270,1,2,2005,1,0.9,0.2,0.1,2006-05-03 10:42:57,2014-05-14 15:56:43,2,1,,1,,1,,
62035401010538,66744079010538,2005,54,71,2100,270,2,2,2005,1,1.5,0.1,0.1,2006-05-03 10:42:57,2014-05-14 15:56:43,2,1,,1,,1,,
62035413010538,66744079010538,2005,54,71,2100,270,3,2,2005,1,0.6,0.4,0.1,2006-05-03 10:42:57,2014-05-14 15:56:43,2,1,,1,,1,,
62035421010538,66744079010538,2005,54,71,2100,270,4,2,2005,1,0.8,0.8,0.1,2006-05-03 10:42:57,2014-05-14 15:56:43,2,1,,1,,1,,
42802127020004,66744711010538,2005,54,75,1654,30,1,2,2005,1,,,,2012-06-06 07:13:26,2014-05-14 15:57:43,2,0,,0,,0,,
42802120020004,66744711010538,2005,54,75,1654,30,2,2,2005,1,,,,2012-06-06 07:13:26,2014-05-14 15:57:43,2,0,,0,,0,,
42802124020004,66744711010538,2005,54,75,1654,30,3,2,2005,1,,,,2012-06-06 07:13:26,2014-05-14 15:57:43,2,0,,0,,0,,
42802121020004,66744711010538,2005,54,75,1654,30,4,2,2005,1,,,,2012-06-06 07:13:26,2014-05-14 15:57:43,2,0,,0,,0,,
42802118020004,66744711010538,2005,54,75,1654,150,1,2,2005,1,,,,2012-06-06 07:13:26,2014-05-14 15:57:43,2,0,,0,,0,,
42802122020004,66744711010538,2005,54,75,1654,150,2,2,2005,1,,,,2012-06-06 07:13:26,2014-05-14 15:57:43,2,0,,0,,0,,
42802128020004,66744711010538,2005,54,75,1654,150,3,2,2005,1,,,,2012-06-06 07:13:26,2014-05-14 15:57:43,2,0,,0,,0,,
42802119020004,66744711010538,2005,54,75,1654,150,4,2,2005,1,,,,2012-06-06 07:13:26,2014-05-14 15:57:43,2,0,,0,,0,,
42802123020004,66744711010538,2005,54,75,1654,270,1,2,2005,1,,,,2012-06-06 07:13:26,2014-05-14 15:57:43,2,0,,0,,0,,
42802125020004,66744711010538,2005,54,75,1654,270,2,2,2005,1,,,,2012-06-06 07:13:26,2014-05-14 15:57:43,2,0,,0,,0,,
42802117020004,66744711010538,2005,54,75,1654,270,3,2,2005,1,,,,2012-06-06 07:13:26,2014-05-14 15:57:43,2,0,,0,,0,,
42802126020004,66744711010538,2005,54,75,1654,270,4,2,2005,1,,,,2012-06-06 07:13:26,2014-05-14 15:57:43,2,0,,0,,0,,
62036492010538,66746381010538,2005,54,77,1835,30,1,2,2005,1,0.5,0.1,0.1,2006-05-03 10:42:58,2014-05-14 15:56:43,2,1,,1,,1,,
62036500010538,66746381010538,2005,54,77,1835,30,2,2,2005,1,1.0,0.5,0.1,2006-05-03 10:42:58,2014-05-14 15:56:43,2,1,,1,,1,,
62036508010538,66746381010538,2005,54,77,1835,30,3,2,2005,1,0.5,0.8,0.1,2006-05-03 10:42:58,2014-05-14 15:56:43,2,1,,1,,1,,
62036517010538,66746381010538,2005,54,77,1835,30,4,2,2005,2,0.7,1.8,0.2,2006-05-03 10:42:58,2014-05-14 15:56:43,2,1,,1,,1,,
62036495010538,66746381010538,2005,54,77,1835,150,1,2,2005,1,1.2,0.1,0.2,2006-05-03 10:42:58,2014-05-14 15:56:43,2,1,,1,,1,,
62036503010538,66746381010538,2005,54,77,1835,150,2,2,2005,1,0.1,0.6,0.1,2006-05-03 10:42:58,2014-05-14 15:56:43,2,1,,1,,1,,
62036511010538,66746381010538,2005,54,77,1835,150,3,2,2005,1,0.3,0.2,0.1,2006-05-03 10:42:58,2014-05-14 15:56:43,2,1,,1,,1,,
62036522010538,66746381010538,2005,54,77,1835,150,4,2,2005,2,1.0,0.1,0.1,2006-05-03 10:42:58,2014-05-14 15:56:43,2,1,,1,,1,,
62036497010538,66746381010538,2005,54,77,1835,270,1,2,2005,1,1.3,0.4,0.1,2006-05-03 10:42:58,2014-05-14 15:56:43,2,1,,1,,1,,
62036505010538,66746381010538,2005,54,77,1835,270,2,2,2005,1,0.6,0.5,0.1,2006-05-03 10:42:58,2014-05-14 15:56:43,2,1,,1,,1,,
62036513010538,66746381010538,2005,54,77,1835,270,3,2,2005,1,0.3,0.3,0.1,2006-05-03 10:42:58,2014-05-14 15:56:43,2,1,,1,,1,,
62036525010538,66746381010538,2005,54,77,1835,270,4,2,2005,2,0.5,0.2,0.1,2006-05-03 10:42:58,2014-05-14 15:56:43,2,1,,1,,1,,
62035682010538,66746758010538,2005,54,79,1640,30,1,2,2005,1,1.5,2.5,2.5,2006-05-03 10:42:58,2014-05-14 15:56:43,2,1,,1,,1,,
62035690010538,66746758010538,2005,54,79,1640,30,2,2,2005,1,0.2,0.1,3.7,2006-05-03 10:42:58,2014-05-14 15:56:43,2,1,,1,,1,,
62035698010538,66746758010538,2005,54,79,1640,30,3,2,2005,1,0.1,2.5,0.3,2006-05-03 10:42:58,2014-05-14 15:56:43,2,1,,1,,1,,
62035706010538,66746758010538,2005,54,79,1640,30,4,2,2005,1,0.1,4.3,0.4,2006-05-03 10:42:58,2014-05-14 15:56:43,2,1,,1,,1,,
62035685010538,66746758010538,2005,54,79,1640,150,1,2,2005,1,0.1,2.7,0.3,2006-05-03 10:42:58,2014-05-14 15:56:43,2,1,,1,,1,,
62035693010538,66746758010538,2005,54,79,1640,150,2,2,2005,1,1.1,1.9,0.2,2006-05-03 10:42:58,2014-05-14 15:56:43,2,1,,1,,1,,
62035701010538,66746758010538,2005,54,79,1640,150,3,2,2005,1,0.1,0.8,0.1,2006-05-03 10:42:58,2014-05-14 15:56:43,2,1,,1,,1,,
62035709010538,66746758010538,2005,54,79,1640,150,4,2,2005,1,0.1,2.5,0.3,2006-05-03 10:42:58,2014-05-14 15:56:43,2,1,,1,,1,,
62035687010538,66746758010538,2005,54,79,1640,270,1,2,2005,1,2.0,1.8,0.2,2006-05-03 10:42:58,2014-05-14 15:56:43,2,1,,1,,1,,
62035695010538,66746758010538,2005,54,79,1640,270,2,2,2005,1,0.1,2.1,0.2,2006-05-03 10:42:58,2014-05-14 15:56:43,2,1,,1,,1,,
62035703010538,66746758010538,2005,54,79,1640,270,3,2,2005,1,0.5,3.0,0.3,2006-05-03 10:42:58,2014-05-14 15:56:43,2,1,,1,,1,,
62035712010538,66746758010538,2005,54,79,1640,270,4,2,2005,1,1.6,2.0,0.2,2006-05-03 10:42:58,2014-05-14 15:56:43,2,1,,1,,1,,
42802463020004,66748168010538,2005,54,81,1604,30,1,2,2005,1,,,,2012-06-06 07:13:27,2014-05-14 15:57:41,2,0,,0,,0,,
42802457020004,66748168010538,2005,54,81,1604,30,2,2,2005,2,,,,2012-06-06 07:13:27,2014-05-14 15:57:41,2,0,,0,,0,,
42802460020004,66748168010538,2005,54,81,1604,30,3,2,2005,3,,,,2012-06-06 07:13:27,2014-05-14 15:57:41,2,0,,0,,0,,
42802456020004,66748168010538,2005,54,81,1604,30,4,2,2005,4,,,,2012-06-06 07:13:27,2014-05-14 15:57:41,2,0,,0,,0,,
42802455020004,66748168010538,2005,54,81,1604,150,1,2,2005,1,,,,2012-06-06 07:13:27,2014-05-14 15:57:41,2,0,,0,,0,,
42802458020004,66748168010538,2005,54,81,1604,150,2,2,2005,2,,,,2012-06-06 07:13:27,2014-05-14 15:57:41,2,0,,0,,0,,
42802462020004,66748168010538,2005,54,81,1604,150,3,2,2005,3,,,,2012-06-06 07:13:27,2014-05-14 15:57:41,2,0,,0,,0,,
62035293010538,66748168010538,2005,54,81,1604,150,4,2,2005,4,0.1,3.1,3.1,2006-05-03 10:42:58,2014-05-14 15:56:43,2,1,,1,,1,,
42802459020004,66748168010538,2005,54,81,1604,270,1,2,2005,1,,,,2012-06-06 07:13:27,2014-05-14 15:57:41,2,0,,0,,0,,
42802461020004,66748168010538,2005,54,81,1604,270,2,2,2005,2,,,,2012-06-06 07:13:27,2014-05-14 15:57:41,2,0,,0,,0,,
42802454020004,66748168010538,2005,54,81,1604,270,3,2,2005,3,,,,2012-06-06 07:13:27,2014-05-14 15:57:41,2,0,,0,,0,,
62035295010538,66748168010538,2005,54,81,1604,270,4,2,2005,4,0.0,1.3,1.3,2006-05-03 10:42:58,2014-05-14 15:56:43,2,1,,1,,1,,
42802115020004,66776134010538,2005,54,83,765,30,1,2,2005,1,,,,2012-06-06 07:13:26,2014-05-14 15:57:43,2,0,,0,,0,,
42802109020004,66776134010538,2005,54,83,765,30,2,2,2005,1,,,,2012-06-06 07:13:26,2014-05-14 15:57:43,2,0,,0,,0,,
42802111020004,66776134010538,2005,54,83,765,30,3,2,2005,1,,,,2012-06-06 07:13:26,2014-05-14 15:57:43,2,0,,0,,0,,
42802107020004,66776134010538,2005,54,83,765,30,4,2,2005,1,,,,2012-06-06 07:13:26,2014-05-14 15:57:43,2,0,,0,,0,,
42802106020004,66776134010538,2005,54,83,765,150,1,2,2005,1,,,,2012-06-06 07:13:26,2014-05-14 15:57:43,2,0,,0,,0,,
42802110020004,66776134010538,2005,54,83,765,150,2,2,2005,1,,,,2012-06-06 07:13:26,2014-05-14 15:57:43,2,0,,0,,0,,
42802116020004,66776134010538,2005,54,83,765,150,3,2,2005,1,,,,2012-06-06 07:13:26,2014-05-14 15:57:43,2,0,,0,,0,,
42802108020004,66776134010538,2005,54,83,765,150,4,2,2005,1,,,,2012-06-06 07:13:26,2014-05-14 15:57:43,2,0,,0,,0,,
42802112020004,66776134010538,2005,54,83,765,270,1,2,2005,1,,,,2012-06-06 07:13:26,2014-05-14 15:57:43,2,0,,0,,0,,
42802114020004,66776134010538,2005,54,83,765,270,2,2,2005,1,,,,2012-06-06 07:13:26,2014-05-14 15:57:43,2,0,,0,,0,,
42802105020004,66776134010538,2005,54,83,765,270,3,2,2005,1,,,,2012-06-06 07:13:26,2014-05-14 15:57:43,2,0,,0,,0,,
42802113020004,66776134010538,2005,54,83,765,270,4,2,2005,1,,,,2012-06-06 07:13:26,2014-05-14 15:57:43,2,0,,0,,0,,
62035545010538,66749280010538,2005,54,83,1282,30,1,2,2005,1,1.3,1.0,0.1,2006-05-03 10:42:58,2014-05-14 15:56:43,2,1,,1,,1,,
62035555010538,66749280010538,2005,54,83,1282,30,2,2,2005,1,0.5,0.1,0.1,2006-05-03 10:42:58,2014-05-14 15:56:43,2,1,,1,,1,,
62035569010538,66749280010538,2005,54,83,1282,30,3,2,2005,1,1.1,2.0,4.0,2006-05-03 10:42:58,2014-05-14 15:56:43,2,1,,1,,1,,
62035582010538,66749280010538,2005,54,83,1282,30,4,2,2005,1,0.1,1.1,0.1,2006-05-03 10:42:58,2014-05-14 15:56:43,2,1,,1,,1,,
62035549010538,66749280010538,2005,54,83,1282,150,1,2,2005,1,2.2,2.0,0.3,2006-05-03 10:42:58,2014-05-14 15:56:43,2,1,,1,,1,,
62035562010538,66749280010538,2005,54,83,1282,150,2,2,2005,1,0.7,0.5,1.5,2006-05-03 10:42:58,2014-05-14 15:56:43,2,1,,1,,1,,
62035574010538,66749280010538,2005,54,83,1282,150,3,2,2005,1,1.5,0.4,0.3,2006-05-03 10:42:58,2014-05-14 15:56:43,2,1,,1,,1,,
62035593010538,66749280010538,2005,54,83,1282,150,4,2,2005,1,0.2,1.1,0.1,2006-05-03 10:42:58,2014-05-14 15:56:43,2,1,,1,,1,,
62035552010538,66749280010538,2005,54,83,1282,270,1,2,2005,1,0.1,0.2,0.1,2006-05-03 10:42:58,2014-05-14 15:56:43,2,1,,1,,1,,
62035564010538,66749280010538,2005,54,83,1282,270,2,2,2005,1,1.5,1.5,0.2,2006-05-03 10:42:58,2014-05-14 15:56:43,2,1,,1,,1,,
62035578010538,66749280010538,2005,54,83,1282,270,3,2,2005,1,1.7,1.5,0.2,2006-05-03 10:42:58,2014-05-14 15:56:43,2,1,,1,,1,,
62035595010538,66749280010538,2005,54,83,1282,270,4,2,2005,1,0.0,0.8,0.1,2006-05-03 10:42:58,2014-05-14 15:56:43,2,1,,1,,1,,
62035134010538,66761066010538,2005,54,89,2113,30,1,2,2005,1,0.0,0.3,0.1,2006-05-03 11:27:32,2014-05-14 15:56:43,2,1,,1,,1,,
62035143010538,66761066010538,2005,54,89,2113,30,2,2,2005,1,1.9,2.3,0.5,2006-05-03 11:27:32,2014-05-14 15:56:43,2,1,,1,,1,,
62035155010538,66761066010538,2005,54,89,2113,30,3,2,2005,1,0.8,0.1,0.1,2006-05-03 11:27:32,2014-05-14 15:56:43,2,1,,1,,1,,
62035168010538,66761066010538,2005,54,89,2113,30,4,2,2005,1,3.5,0.3,0.3,2006-05-03 11:27:32,2014-05-14 15:56:43,2,1,,1,,1,,
62035138010538,66761066010538,2005,54,89,2113,150,1,2,2005,1,0.8,1.0,0.1,2006-05-03 11:27:32,2014-05-14 15:56:43,2,1,,1,,1,,
62035147010538,66761066010538,2005,54,89,2113,150,2,2,2005,1,,,,2006-05-03 11:27:32,2014-05-14 15:56:43,2,0,,0,,0,,
62035161010538,66761066010538,2005,54,89,2113,150,3,2,2005,1,1.5,1.4,0.2,2006-05-03 11:27:32,2014-05-14 15:56:43,2,1,,1,,1,,
62035171010538,66761066010538,2005,54,89,2113,150,4,2,2005,1,1.3,1.1,4.0,2006-05-03 11:27:32,2014-05-14 15:56:43,2,1,,1,,1,,
62035140010538,66761066010538,2005,54,89,2113,270,1,2,2005,1,2.8,1.6,0.2,2006-05-03 11:27:32,2014-05-14 15:56:43,2,1,,1,,1,,
62035152010538,66761066010538,2005,54,89,2113,270,2,2,2005,1,0.1,0.5,0.1,2006-05-03 11:27:32,2014-05-14 15:56:43,2,1,,1,,1,,
62035164010538,66761066010538,2005,54,89,2113,270,3,2,2005,1,0.0,0.6,0.1,2006-05-03 11:27:32,2014-05-14 15:56:43,2,1,,1,,1,,
62035173010538,66761066010538,2005,54,89,2113,270,4,2,2005,1,0.0,0.5,0.2,2006-05-03 11:27:32,2014-05-14 15:56:43,2,1,,1,,1,,
62036575010538,66762239010538,2005,54,95,1258,30,1,2,2005,1,0.1,0.9,0.2,2006-05-03 10:42:58,2014-05-14 15:56:43,2,1,,1,,1,,
62036584010538,66762239010538,2005,54,95,1258,30,2,2,2005,1,1.1,2.0,0.3,2006-05-03 10:42:58,2014-05-14 15:56:43,2,1,,1,,1,,
62036596010538,66762239010538,2005,54,95,1258,30,3,2,2005,1,1.5,1.3,0.2,2006-05-03 10:42:58,2014-05-14 15:56:43,2,1,,1,,1,,
62036608010538,66762239010538,2005,54,95,1258,30,4,2,2005,1,1.3,1.5,0.3,2006-05-03 10:42:58,2014-05-14 15:56:43,2,1,,1,,1,,
62036578010538,66762239010538,2005,54,95,1258,150,1,2,2005,1,0.3,1.3,0.4,2006-05-03 10:42:58,2014-05-14 15:56:43,2,1,,1,,1,,
62036587010538,66762239010538,2005,54,95,1258,150,2,2,2005,1,1.7,0.3,0.2,2006-05-03 10:42:58,2014-05-14 15:56:43,2,1,,1,,1,,
62036600010538,66762239010538,2005,54,95,1258,150,3,2,2005,1,0.5,0.5,1.3,2006-05-03 10:42:58,2014-05-14 15:56:43,2,1,,1,,1,,
62036611010538,66762239010538,2005,54,95,1258,150,4,2,2005,1,1.4,0.7,0.3,2006-05-03 10:42:58,2014-05-14 15:56:43,2,1,,1,,1,,
62036581010538,66762239010538,2005,54,95,1258,270,1,2,2005,1,0.9,2.6,0.4,2006-05-03 10:42:58,2014-05-14 15:56:43,2,1,,1,,1,,
62036590010538,66762239010538,2005,54,95,1258,270,2,2,2005,1,0.1,0.2,0.5,2006-05-03 10:42:58,2014-05-14 15:56:43,2,1,,1,,1,,
62036605010538,66762239010538,2005,54,95,1258,270,3,2,2005,1,0.7,0.4,1.4,2006-05-03 10:42:58,2014-05-14 15:56:43,2,1,,1,,1,,
62036614010538,66762239010538,2005,54,95,1258,270,4,2,2005,1,0.1,0.3,0.1,2006-05-03 10:42:58,2014-05-14 15:56:43,2,1,,1,,1,,
62035911010538,66763398010538,2005,54,99,1003,30,1,2,2005,1,0.9,3.4,0.3,2006-05-03 10:42:58,2014-05-14 15:56:43,2,1,,1,,1,,
62035919010538,66763398010538,2005,54,99,1003,30,2,2,2005,1,0.2,1.8,0.3,2006-05-03 10:42:58,2014-05-14 15:56:43,2,1,,1,,1,,
62035928010538,66763398010538,2005,54,99,1003,30,3,2,2005,1,0.1,1.2,0.2,2006-05-03 10:42:58,2014-05-14 15:56:43,2,1,,1,,1,,
62035936010538,66763398010538,2005,54,99,1003,30,4,2,2005,1,0.2,1.2,0.2,2006-05-03 10:42:58,2014-05-14 15:56:43,2,1,,1,,1,,
62035914010538,66763398010538,2005,54,99,1003,150,1,2,2005,1,0.3,2.5,0.3,2006-05-03 10:42:58,2014-05-14 15:56:43,2,1,,1,,1,,
62035922010538,66763398010538,2005,54,99,1003,150,2,2,2005,1,0.2,2.9,0.3,2006-05-03 10:42:58,2014-05-14 15:56:43,2,1,,1,,1,,
62035931010538,66763398010538,2005,54,99,1003,150,3,2,2005,1,0.1,0.1,0.2,2006-05-03 10:42:58,2014-05-14 15:56:43,2,1,,1,,1,,
62035939010538,66763398010538,2005,54,99,1003,150,4,2,2005,1,0.1,1.2,0.1,2006-05-03 10:42:58,2014-05-14 15:56:43,2,1,,1,,1,,
62035916010538,66763398010538,2005,54,99,1003,270,1,2,2005,1,0.1,0.6,0.1,2006-05-03 10:42:58,2014-05-14 15:56:43,2,1,,1,,1,,
62035924010538,66763398010538,2005,54,99,1003,270,2,2,2005,1,0.1,0.1,0.1,2006-05-03 10:42:58,2014-05-14 15:56:43,2,1,,1,,1,,
62035933010538,66763398010538,2005,54,99,1003,270,3,2,2005,1,0.1,2.1,0.2,2006-05-03 10:42:58,2014-05-14 15:56:43,2,1,,1,,1,,
62035941010538,66763398010538,2005,54,99,1003,270,4,2,2005,1,0.1,2.5,0.3,2006-05-03 10:42:58,2014-05-14 15:56:43,2,1,,1,,1,,
42802440020004,66764829010538,2005,54,107,762,30,1,2,2005,1,,,,2012-06-06 07:13:27,2014-05-14 15:57:41,2,0,,0,,0,,
62036679010538,66764829010538,2005,54,107,762,30,2,2,2005,2,0.1,1.5,5.7,2006-05-03 10:42:58,2014-05-14 15:56:43,2,1,,1,,1,,
42802438020004,66764829010538,2005,54,107,762,30,3,2,2005,1,,,,2012-06-06 07:13:27,2014-05-14 15:57:41,2,0,,0,,0,,
42802436020004,66764829010538,2005,54,107,762,30,4,2,2005,1,,,,2012-06-06 07:13:27,2014-05-14 15:57:41,2,0,,0,,0,,
42802433020004,66764829010538,2005,54,107,762,150,1,2,2005,1,,,,2012-06-06 07:13:27,2014-05-14 15:57:41,2,0,,0,,0,,
62036683010538,66764829010538,2005,54,107,762,150,2,2,2005,2,0.1,1.8,3.5,2006-05-03 10:42:58,2014-05-14 15:56:43,2,1,,1,,1,,
42802441020004,66764829010538,2005,54,107,762,150,3,2,2005,1,,,,2012-06-06 07:13:27,2014-05-14 15:57:41,2,0,,0,,0,,
42802435020004,66764829010538,2005,54,107,762,150,4,2,2005,1,,,,2012-06-06 07:13:27,2014-05-14 15:57:41,2,0,,0,,0,,
42802437020004,66764829010538,2005,54,107,762,270,1,2,2005,1,,,,2012-06-06 07:13:27,2014-05-14 15:57:41,2,0,,0,,0,,
62036685010538,66764829010538,2005,54,107,762,270,2,2,2005,2,,,,2006-05-03 10:42:58,2014-05-14 15:56:43,2,0,,0,,0,,
42802434020004,66764829010538,2005,54,107,762,270,3,2,2005,1,,,,2012-06-06 07:13:27,2014-05-14 15:57:41,2,0,,0,,0,,
42802439020004,66764829010538,2005,54,107,762,270,4,2,2005,1,,,,2012-06-06 07:13:27,2014-05-14 15:57:41,2,0,,0,,0,,
71354057010538,75121668010538,2006,54,7,1364,30,1,2,2006,1,0.1,0.2,0.1,2007-10-02 09:58:11,2014-05-14 15:56:42,2,1,,1,,1,,
71354067010538,75121668010538,2006,54,7,1364,30,2,2,2006,1,0.2,0.7,0.1,2007-10-02 09:58:11,2014-05-14 15:56:42,2,1,,1,,1,,
71354076010538,75121668010538,2006,54,7,1364,30,3,2,2006,1,0.6,2.1,0.3,2007-10-02 09:58:11,2014-05-14 15:56:42,2,1,,1,,1,,
71354084010538,75121668010538,2006,54,7,1364,30,4,2,2006,2,0.4,0.2,0.1,2007-10-02 09:58:11,2014-05-14 15:56:42,2,1,,1,,1,,
71354062010538,75121668010538,2006,54,7,1364,150,1,2,2006,1,0.3,0.4,0.1,2007-10-02 09:58:11,2014-05-14 15:56:42,2,1,,1,,1,,
71354071010538,75121668010538,2006,54,7,1364,150,2,2,2006,1,0.1,0.5,0.1,2007-10-02 09:58:11,2014-05-14 15:56:42,2,1,,1,,1,,
71354079010538,75121668010538,2006,54,7,1364,150,3,2,2006,1,0.7,1.4,0.2,2007-10-02 09:58:11,2014-05-14 15:56:42,2,1,,1,,1,,
71354087010538,75121668010538,2006,54,7,1364,150,4,2,2006,2,0.0,0.0,0.0,2007-10-02 09:58:11,2014-05-14 15:56:42,2,1,,1,,1,,
71354064010538,75121668010538,2006,54,7,1364,270,1,2,2006,1,0.3,1.1,0.1,2007-10-02 09:58:11,2014-05-14 15:56:42,2,1,,1,,1,,
71354073010538,75121668010538,2006,54,7,1364,270,2,2,2006,1,0.3,0.9,1.5,2007-10-02 09:58:11,2014-05-14 15:56:42,2,1,,1,,1,,
71354081010538,75121668010538,2006,54,7,1364,270,3,2,2006,1,0.8,2.1,0.2,2007-10-02 09:58:11,2014-05-14 15:56:42,2,1,,1,,1,,
71354090010538,75121668010538,2006,54,7,1364,270,4,2,2006,2,0.1,0.8,0.1,2007-10-02 09:58:11,2014-05-14 15:56:42,2,1,,1,,1,,
71354908010538,75124707010538,2006,54,17,2157,30,1,2,2006,1,0.4,0.3,0.3,2007-10-02 09:58:11,2014-05-14 15:56:42,2,1,,1,,1,,
42802625020004,75124707010538,2006,54,17,2157,30,2,2,2006,2,,,,2012-06-06 07:13:28,2014-05-14 15:57:41,2,0,,0,,0,,
71354919010538,75124707010538,2006,54,17,2157,30,3,2,2006,1,0.2,0.4,0.1,2007-10-02 09:58:11,2014-05-14 15:56:42,2,1,,1,,1,,
71354927010538,75124707010538,2006,54,17,2157,30,4,2,2006,1,0.2,0.0,0.0,2007-10-02 09:58:11,2014-05-14 15:56:42,2,1,,1,,1,,
71354911010538,75124707010538,2006,54,17,2157,150,1,2,2006,1,0.2,0.0,0.1,2007-10-02 09:58:11,2014-05-14 15:56:42,2,1,,1,,1,,
42802627020004,75124707010538,2006,54,17,2157,150,2,2,2006,2,,,,2012-06-06 07:13:28,2014-05-14 15:57:41,2,0,,0,,0,,
71354922010538,75124707010538,2006,54,17,2157,150,3,2,2006,1,0.2,0.8,0.2,2007-10-02 09:58:11,2014-05-14 15:56:42,2,1,,1,,1,,
71354934010538,75124707010538,2006,54,17,2157,150,4,2,2006,1,0.2,0.3,1.4,2007-10-02 09:58:11,2014-05-14 15:56:42,2,1,,1,,1,,
71354913010538,75124707010538,2006,54,17,2157,270,1,2,2006,1,0.3,0.2,0.1,2007-10-02 09:58:11,2014-05-14 15:56:42,2,1,,1,,1,,
42802626020004,75124707010538,2006,54,17,2157,270,2,2,2006,2,,,,2012-06-06 07:13:28,2014-05-14 15:57:41,2,0,,0,,0,,
71354924010538,75124707010538,2006,54,17,2157,270,3,2,2006,1,0.3,0.1,0.1,2007-10-02 09:58:11,2014-05-14 15:56:42,2,1,,1,,1,,
71354939010538,75124707010538,2006,54,17,2157,270,4,2,2006,3,0.4,1.6,1.7,2007-10-02 09:58:11,2014-05-14 15:56:42,2,1,,1,,1,,
42802629020004,75130058010538,2006,54,25,390,30,1,2,2006,1,,,,2012-06-06 07:13:28,2014-05-14 15:57:41,2,0,,0,,0,,
42802628020004,75130058010538,2006,54,25,390,30,2,2,2006,1,,,,2012-06-06 07:13:28,2014-05-14 15:57:41,2,0,,0,,0,,
42802634020004,75130058010538,2006,54,25,390,30,3,2,2006,1,,,,2012-06-06 07:13:28,2014-05-14 15:57:41,2,0,,0,,0,,
42802638020004,75130058010538,2006,54,25,390,30,4,2,2006,1,,,,2012-06-06 07:13:28,2014-05-14 15:57:41,2,0,,0,,0,,
42802633020004,75130058010538,2006,54,25,390,150,1,2,2006,1,,,,2012-06-06 07:13:28,2014-05-14 15:57:41,2,0,,0,,0,,
42802632020004,75130058010538,2006,54,25,390,150,2,2,2006,1,,,,2012-06-06 07:13:28,2014-05-14 15:57:41,2,0,,0,,0,,
42802636020004,75130058010538,2006,54,25,390,150,3,2,2006,1,,,,2012-06-06 07:13:28,2014-05-14 15:57:41,2,0,,0,,0,,
42802631020004,75130058010538,2006,54,25,390,150,4,2,2006,1,,,,2012-06-06 07:13:28,2014-05-14 15:57:41,2,0,,0,,0,,
42802637020004,75130058010538,2006,54,25,390,270,1,2,2006,1,,,,2012-06-06 07:13:28,2014-05-14 15:57:41,2,0,,0,,0,,
42802630020004,75130058010538,2006,54,25,390,270,2,2,2006,1,,,,2012-06-06 07:13:28,2014-05-14 15:57:41,2,0,,0,,0,,
42802635020004,75130058010538,2006,54,25,390,270,3,2,2006,1,,,,2012-06-06 07:13:28,2014-05-14 15:57:41,2,0,,0,,0,,
42802639020004,75130058010538,2006,54,25,390,270,4,2,2006,1,,,,2012-06-06 07:13:28,2014-05-14 15:57:41,2,0,,0,,0,,
71354538010538,75131953010538,2006,54,27,48,30,1,2,2006,1,0.0,0.3,0.1,2007-10-02 09:58:12,2014-05-14 15:56:42,2,1,,1,,1,,
71354548010538,75131953010538,2006,54,27,48,30,2,2,2006,1,0.0,1.3,1.8,2007-10-02 09:58:12,2014-05-14 15:56:42,2,1,,1,,1,,
71354556010538,75131953010538,2006,54,27,48,30,3,2,2006,1,0.0,0.8,1.8,2007-10-02 09:58:12,2014-05-14 15:56:42,2,1,,1,,1,,
71354564010538,75131953010538,2006,54,27,48,30,4,2,2006,1,0.0,2.3,0.2,2007-10-02 09:58:12,2014-05-14 15:56:42,2,1,,1,,1,,
71354541010538,75131953010538,2006,54,27,48,150,1,2,2006,1,0.3,0.8,0.1,2007-10-02 09:58:12,2014-05-14 15:56:42,2,1,,1,,1,,
71354551010538,75131953010538,2006,54,27,48,150,2,2,2006,1,0.0,0.4,0.1,2007-10-02 09:58:12,2014-05-14 15:56:42,2,1,,1,,1,,
71354559010538,75131953010538,2006,54,27,48,150,3,2,2006,1,0.0,0.1,0.1,2007-10-02 09:58:12,2014-05-14 15:56:42,2,1,,1,,1,,
71354567010538,75131953010538,2006,54,27,48,150,4,2,2006,1,0.0,0.3,0.1,2007-10-02 09:58:12,2014-05-14 15:56:42,2,1,,1,,1,,
71354543010538,75131953010538,2006,54,27,48,270,1,2,2006,1,0.0,0.3,0.1,2007-10-02 09:58:12,2014-05-14 15:56:42,2,1,,1,,1,,
71354553010538,75131953010538,2006,54,27,48,270,2,2,2006,1,0.0,1.5,0.2,2007-10-02 09:58:12,2014-05-14 15:56:42,2,1,,1,,1,,
71354561010538,75131953010538,2006,54,27,48,270,3,2,2006,1,0.0,1.0,0.1,2007-10-02 09:58:12,2014-05-14 15:56:42,2,1,,1,,1,,
71354571010538,75131953010538,2006,54,27,48,270,4,2,2006,1,0.0,3.8,0.4,2007-10-02 09:58:12,2014-05-14 15:56:42,2,1,,1,,1,,
71353805010538,75132886010538,2006,54,31,2446,30,1,2,2006,1,0.3,0.8,0.1,2007-10-02 09:58:12,2014-05-14 15:56:39,2,1,,1,,1,,
71353818010538,75132886010538,2006,54,31,2446,30,2,2,2006,1,0.1,1.7,0.3,2007-10-02 09:58:12,2014-05-14 15:56:39,2,1,,1,,1,,
71353826010538,75132886010538,2006,54,31,2446,30,3,2,2006,1,0.9,0.5,0.9,2007-10-02 09:58:12,2014-05-14 15:56:39,2,1,,1,,1,,
71353835010538,75132886010538,2006,54,31,2446,30,4,2,2006,1,0.5,0.6,0.1,2007-10-02 09:58:12,2014-05-14 15:56:39,2,1,,1,,1,,
71353811010538,75132886010538,2006,54,31,2446,150,1,2,2006,1,2.7,0.8,0.1,2007-10-02 09:58:12,2014-05-14 15:56:39,2,1,,1,,1,,
71353821010538,75132886010538,2006,54,31,2446,150,2,2,2006,1,0.2,1.7,0.2,2007-10-02 09:58:12,2014-05-14 15:56:39,2,1,,1,,1,,
71353829010538,75132886010538,2006,54,31,2446,150,3,2,2006,1,0.0,0.2,0.1,2007-10-02 09:58:12,2014-05-14 15:56:39,2,1,,1,,1,,
71353838010538,75132886010538,2006,54,31,2446,150,4,2,2006,1,0.0,0.1,0.1,2007-10-02 09:58:12,2014-05-14 15:56:39,2,1,,1,,1,,
71353813010538,75132886010538,2006,54,31,2446,270,1,2,2006,1,0.3,0.2,0.1,2007-10-02 09:58:12,2014-05-14 15:56:39,2,1,,1,,1,,
71353823010538,75132886010538,2006,54,31,2446,270,2,2,2006,1,0.1,2.7,0.3,2007-10-02 09:58:12,2014-05-14 15:56:39,2,1,,1,,1,,
71353832010538,75132886010538,2006,54,31,2446,270,3,2,2006,1,0.0,0.1,0.1,2007-10-02 09:58:12,2014-05-14 15:56:39,2,1,,1,,1,,
71353841010538,75132886010538,2006,54,31,2446,270,4,2,2006,1,,,,2007-10-02 09:58:12,2014-05-14 15:56:39,2,0,,0,,0,,
71354860010538,75134104010538,2006,54,33,3590,30,1,2,2006,1,1.9,2.1,4.5,2007-10-02 09:58:12,2014-05-14 15:56:42,2,1,,1,,1,,
71354871010538,75134104010538,2006,54,33,3590,30,2,2,2006,1,0.2,0.3,0.1,2007-10-02 09:58:12,2014-05-14 15:56:42,2,1,,1,,1,,
71354881010538,75134104010538,2006,54,33,3590,30,3,2,2006,1,0.2,1.0,0.1,2007-10-02 09:58:12,2014-05-14 15:56:42,2,1,,1,,1,,
71354894010538,75134104010538,2006,54,33,3590,30,4,2,2006,1,0.5,2.1,0.2,2007-10-02 09:58:12,2014-05-14 15:56:42,2,1,,1,,1,,
71354865010538,75134104010538,2006,54,33,3590,150,1,2,2006,1,0.3,0.9,0.1,2007-10-02 09:58:12,2014-05-14 15:56:42,2,1,,1,,1,,
71354874010538,75134104010538,2006,54,33,3590,150,2,2,2006,1,0.2,0.3,0.1,2007-10-02 09:58:12,2014-05-14 15:56:42,2,1,,1,,1,,
71354885010538,75134104010538,2006,54,33,3590,150,3,2,2006,1,0.2,1.6,0.2,2007-10-02 09:58:12,2014-05-14 15:56:42,2,1,,1,,1,,
71354900010538,75134104010538,2006,54,33,3590,150,4,2,2006,1,0.5,2.2,0.2,2007-10-02 09:58:12,2014-05-14 15:56:42,2,1,,1,,1,,
71354867010538,75134104010538,2006,54,33,3590,270,1,2,2006,1,0.5,2.3,0.2,2007-10-02 09:58:12,2014-05-14 15:56:42,2,1,,1,,1,,
71354876010538,75134104010538,2006,54,33,3590,270,2,2,2006,1,0.2,1.5,0.2,2007-10-02 09:58:12,2014-05-14 15:56:42,2,1,,1,,1,,
71354888010538,75134104010538,2006,54,33,3590,270,3,2,2006,1,0.2,1.5,0.2,2007-10-02 09:58:12,2014-05-14 15:56:42,2,1,,1,,1,,
71354902010538,75134104010538,2006,54,33,3590,270,4,2,2006,1,0.3,2.0,0.2,2007-10-02 09:58:12,2014-05-14 15:56:42,2,1,,1,,1,,
71355006010538,75135141010538,2006,54,35,759,30,1,2,2006,1,0.0,0.0,0.3,2007-10-02 09:58:12,2014-05-14 15:56:42,2,1,,1,,1,,
71355018010538,75135141010538,2006,54,35,759,30,2,2,2006,1,0.0,0.4,0.1,2007-10-02 09:58:12,2014-05-14 15:56:42,2,1,,1,,1,,
71355028010538,75135141010538,2006,54,35,759,30,3,2,2006,1,0.1,0.4,0.1,2007-10-02 09:58:12,2014-05-14 15:56:42,2,1,,1,,1,,
71355040010538,75135141010538,2006,54,35,759,30,4,2,2006,1,0.0,0.1,4.0,2007-10-02 09:58:12,2014-05-14 15:56:42,2,1,,1,,1,,
71355013010538,75135141010538,2006,54,35,759,150,1,2,2006,1,0.2,1.6,1.7,2007-10-02 09:58:12,2014-05-14 15:56:42,2,1,,1,,1,,
71355020010538,75135141010538,2006,54,35,759,150,2,2,2006,1,0.0,0.5,0.2,2007-10-02 09:58:12,2014-05-14 15:56:42,2,1,,1,,1,,
71355032010538,75135141010538,2006,54,35,759,150,3,2,2006,1,0.0,0.1,0.8,2007-10-02 09:58:12,2014-05-14 15:56:42,2,1,,1,,1,,
71355047010538,75135141010538,2006,54,35,759,150,4,2,2006,1,0.0,0.3,0.1,2007-10-02 09:58:12,2014-05-14 15:56:42,2,1,,1,,1,,
71355015010538,75135141010538,2006,54,35,759,270,1,2,2006,1,0.0,0.1,0.1,2007-10-02 09:58:12,2014-05-14 15:56:42,2,1,,1,,1,,
71355024010538,75135141010538,2006,54,35,759,270,2,2,2006,1,0.0,0.0,5.0,2007-10-02 09:58:12,2014-05-14 15:56:42,2,1,,1,,1,,
71355034010538,75135141010538,2006,54,35,759,270,3,2,2006,1,0.0,1.5,0.2,2007-10-02 09:58:12,2014-05-14 15:56:42,2,1,,1,,1,,
71355050010538,75135141010538,2006,54,35,759,270,4,2,2006,1,0.0,0.2,0.5,2007-10-02 09:58:12,2014-05-14 15:56:42,2,1,,1,,1,,
42802526020004,75134754010538,2006,54,35,1488,30,1,2,2006,1,,,,2012-06-06 07:13:27,2014-05-14 15:57:41,2,0,,0,,0,,
42802527020004,75134754010538,2006,54,35,1488,30,2,2,2006,1,,,,2012-06-06 07:13:27,2014-05-14 15:57:41,2,0,,0,,0,,
42802529020004,75134754010538,2006,54,35,1488,30,3,2,2006,1,,,,2012-06-06 07:13:27,2014-05-14 15:57:41,2,0,,0,,0,,
71354205010538,75134754010538,2006,54,35,1488,30,4,2,2006,2,0.0,0.1,0.8,2007-10-02 09:58:12,2014-05-14 15:56:42,2,1,,1,,1,,
42802530020004,75134754010538,2006,54,35,1488,150,1,2,2006,1,,,,2012-06-06 07:13:27,2014-05-14 15:57:41,2,0,,0,,0,,
42802531020004,75134754010538,2006,54,35,1488,150,2,2,2006,1,,,,2012-06-06 07:13:27,2014-05-14 15:57:41,2,0,,0,,0,,
42802532020004,75134754010538,2006,54,35,1488,150,3,2,2006,1,,,,2012-06-06 07:13:27,2014-05-14 15:57:41,2,0,,0,,0,,
71354208010538,75134754010538,2006,54,35,1488,150,4,2,2006,2,0.0,1.0,0.3,2007-10-02 09:58:12,2014-05-14 15:56:42,2,1,,1,,1,,
42802534020004,75134754010538,2006,54,35,1488,270,1,2,2006,1,,,,2012-06-06 07:13:27,2014-05-14 15:57:41,2,0,,0,,0,,
42802528020004,75134754010538,2006,54,35,1488,270,2,2,2006,1,,,,2012-06-06 07:13:27,2014-05-14 15:57:41,2,0,,0,,0,,
42802533020004,75134754010538,2006,54,35,1488,270,3,2,2006,1,,,,2012-06-06 07:13:27,2014-05-14 15:57:41,2,0,,0,,0,,
71354210010538,75134754010538,2006,54,35,1488,270,4,2,2006,2,5.0,0.9,0.8,2007-10-02 09:58:12,2014-05-14 15:56:42,2,1,,1,,1,,
42802088020004,75135285010538,2006,54,37,2289,30,1,2,2006,1,,,,2012-06-06 07:13:26,2014-05-14 15:57:43,2,0,,0,,0,,
42802087020004,75135285010538,2006,54,37,2289,30,2,2,2006,1,,,,2012-06-06 07:13:26,2014-05-14 15:57:43,2,0,,0,,0,,
42802091020004,75135285010538,2006,54,37,2289,30,3,2,2006,1,,,,2012-06-06 07:13:26,2014-05-14 15:57:43,2,0,,0,,0,,
42802094020004,75135285010538,2006,54,37,2289,30,4,2,2006,1,,,,2012-06-06 07:13:26,2014-05-14 15:57:43,2,0,,0,,0,,
42802090020004,75135285010538,2006,54,37,2289,150,1,2,2006,1,,,,2012-06-06 07:13:26,2014-05-14 15:57:43,2,0,,0,,0,,
42802093020004,75135285010538,2006,54,37,2289,150,2,2,2006,1,,,,2012-06-06 07:13:26,2014-05-14 15:57:43,2,0,,0,,0,,
42802096020004,75135285010538,2006,54,37,2289,150,3,2,2006,1,,,,2012-06-06 07:13:26,2014-05-14 15:57:43,2,0,,0,,0,,
42802092020004,75135285010538,2006,54,37,2289,150,4,2,2006,1,,,,2012-06-06 07:13:26,2014-05-14 15:57:43,2,0,,0,,0,,
42802097020004,75135285010538,2006,54,37,2289,270,1,2,2006,1,,,,2012-06-06 07:13:26,2014-05-14 15:57:43,2,0,,0,,0,,
42802089020004,75135285010538,2006,54,37,2289,270,2,2,2006,1,,,,2012-06-06 07:13:26,2014-05-14 15:57:43,2,0,,0,,0,,
42802095020004,75135285010538,2006,54,37,2289,270,3,2,2006,1,,,,2012-06-06 07:13:26,2014-05-14 15:57:43,2,0,,0,,0,,
42802098020004,75135285010538,2006,54,37,2289,270,4,2,2006,1,,,,2012-06-06 07:13:26,2014-05-14 15:57:43,2,0,,0,,0,,
71354095010538,75136732010538,2006,54,39,1127,30,1,2,2006,1,1.5,0.4,0.2,2007-10-02 09:58:12,2014-05-14 15:56:42,2,1,,1,,1,,
71354107010538,75136732010538,2006,54,39,1127,30,2,2,2006,1,0.0,0.8,0.5,2007-10-02 09:58:12,2014-05-14 15:56:42,2,1,,1,,1,,
42802215020004,75136732010538,2006,54,39,1127,30,3,2,2006,2,,,,2012-06-06 07:13:27,2014-05-14 15:57:43,2,0,,0,,0,,
71354120010538,75136732010538,2006,54,39,1127,30,4,2,2006,1,2.8,1.2,0.8,2007-10-02 09:58:12,2014-05-14 15:56:42,2,1,,1,,1,,
71354098010538,75136732010538,2006,54,39,1127,150,1,2,2006,1,2.5,1.5,0.5,2007-10-02 09:58:12,2014-05-14 15:56:42,2,1,,1,,1,,
71354110010538,75136732010538,2006,54,39,1127,150,2,2,2006,1,0.0,0.1,0.5,2007-10-02 09:58:12,2014-05-14 15:56:42,2,1,,1,,1,,
42802216020004,75136732010538,2006,54,39,1127,150,3,2,2006,2,,,,2012-06-06 07:13:27,2014-05-14 15:57:43,2,0,,0,,0,,
71354124010538,75136732010538,2006,54,39,1127,150,4,2,2006,1,1.2,1.2,0.2,2007-10-02 09:58:12,2014-05-14 15:56:42,2,1,,1,,1,,
71354104010538,75136732010538,2006,54,39,1127,270,1,2,2006,1,0.5,0.3,0.7,2007-10-02 09:58:12,2014-05-14 15:56:42,2,1,,1,,1,,
71354114010538,75136732010538,2006,54,39,1127,270,2,2,2006,1,0.9,0.3,0.1,2007-10-02 09:58:12,2014-05-14 15:56:42,2,1,,1,,1,,
42802217020004,75136732010538,2006,54,39,1127,270,3,2,2006,2,,,,2012-06-06 07:13:27,2014-05-14 15:57:43,2,0,,0,,0,,
71354127010538,75136732010538,2006,54,39,1127,270,4,2,2006,1,1.3,0.7,0.9,2007-10-02 09:58:12,2014-05-14 15:56:42,2,1,,1,,1,,
71354215010538,75137924010538,2006,54,43,2281,30,1,2,2006,1,0.1,0.5,0.1,2007-10-02 09:58:12,2014-05-14 15:56:42,2,1,,1,,1,,
71354223010538,75137924010538,2006,54,43,2281,30,2,2,2006,1,1.4,2.0,0.2,2007-10-02 09:58:12,2014-05-14 15:56:42,2,1,,1,,1,,
71354236010538,75137924010538,2006,54,43,2281,30,3,2,2006,1,0.3,3.0,0.9,2007-10-02 09:58:12,2014-05-14 15:56:42,2,1,,1,,1,,
71354244010538,75137924010538,2006,54,43,2281,30,4,2,2006,1,0.0,0.2,0.1,2007-10-02 09:58:12,2014-05-14 15:56:42,2,1,,1,,1,,
71354218010538,75137924010538,2006,54,43,2281,150,1,2,2006,1,0.2,1.9,0.2,2007-10-02 09:58:12,2014-05-14 15:56:42,2,1,,1,,1,,
71354227010538,75137924010538,2006,54,43,2281,150,2,2,2006,1,0.0,1.5,0.2,2007-10-02 09:58:12,2014-05-14 15:56:42,2,1,,1,,1,,
71354239010538,75137924010538,2006,54,43,2281,150,3,2,2006,1,0.3,1.2,0.1,2007-10-02 09:58:12,2014-05-14 15:56:42,2,1,,1,,1,,
71354247010538,75137924010538,2006,54,43,2281,150,4,2,2006,1,0.0,0.7,0.1,2007-10-02 09:58:12,2014-05-14 15:56:42,2,1,,1,,1,,
71354220010538,75137924010538,2006,54,43,2281,270,1,2,2006,1,0.1,2.1,0.2,2007-10-02 09:58:12,2014-05-14 15:56:42,2,1,,1,,1,,
71354233010538,75137924010538,2006,54,43,2281,270,2,2,2006,1,0.2,2.6,0.3,2007-10-02 09:58:12,2014-05-14 15:56:42,2,1,,1,,1,,
71354241010538,75137924010538,2006,54,43,2281,270,3,2,2006,1,0.4,0.9,0.1,2007-10-02 09:58:12,2014-05-14 15:56:42,2,1,,1,,1,,
71354249010538,75137924010538,2006,54,43,2281,270,4,2,2006,1,1.4,1.2,0.1,2007-10-02 09:58:12,2014-05-14 15:56:42,2,1,,1,,1,,
71355828010538,75140955010538,2006,54,51,944,30,1,2,2006,1,0.5,1.5,2.7,2007-10-02 09:58:13,2014-05-14 15:56:42,2,1,,1,,1,,
71355839010538,75140955010538,2006,54,51,944,30,2,2,2006,1,0.3,0.6,0.1,2007-10-02 09:58:13,2014-05-14 15:56:42,2,1,,1,,1,,
71355854010538,75140955010538,2006,54,51,944,30,3,2,2006,1,0.7,2.4,1.6,2007-10-02 09:58:13,2014-05-14 15:56:42,2,1,,1,,1,,
71355864010538,75140955010538,2006,54,51,944,30,4,2,2006,1,0.1,0.1,0.1,2007-10-02 09:58:13,2014-05-14 15:56:42,2,1,,1,,1,,
71355832010538,75140955010538,2006,54,51,944,150,1,2,2006,1,0.8,2.2,0.3,2007-10-02 09:58:13,2014-05-14 15:56:42,2,1,,1,,1,,
71355843010538,75140955010538,2006,54,51,944,150,2,2,2006,1,1.0,2.2,3.2,2007-10-02 09:58:13,2014-05-14 15:56:42,2,1,,1,,1,,
71355857010538,75140955010538,2006,54,51,944,150,3,2,2006,1,1.0,0.8,0.1,2007-10-02 09:58:13,2014-05-14 15:56:42,2,1,,1,,1,,
71355868010538,75140955010538,2006,54,51,944,150,4,2,2006,1,0.1,0.1,0.2,2007-10-02 09:58:13,2014-05-14 15:56:42,2,1,,1,,1,,
71355836010538,75140955010538,2006,54,51,944,270,1,2,2006,1,0.9,0.5,0.1,2007-10-02 09:58:13,2014-05-14 15:56:42,2,1,,1,,1,,
71355845010538,75140955010538,2006,54,51,944,270,2,2,2006,1,0.3,1.0,0.1,2007-10-02 09:58:13,2014-05-14 15:56:42,2,1,,1,,1,,
71355861010538,75140955010538,2006,54,51,944,270,3,2,2006,1,0.7,1.3,0.2,2007-10-02 09:58:13,2014-05-14 15:56:42,2,1,,1,,1,,
71355870010538,75140955010538,2006,54,51,944,270,4,2,2006,1,0.3,0.5,0.1,2007-10-02 09:58:13,2014-05-14 15:56:42,2,1,,1,,1,,
71353459010538,75142567010538,2006,54,55,2287,30,1,2,2006,1,0.0,0.2,0.1,2007-10-02 09:58:13,2014-05-14 15:56:43,2,1,,1,,1,,
71353467010538,75142567010538,2006,54,55,2287,30,2,2,2006,1,0.1,0.6,0.1,2007-10-02 09:58:13,2014-05-14 15:56:43,2,1,,1,,1,,
71353476010538,75142567010538,2006,54,55,2287,30,3,2,2006,1,0.0,1.2,0.2,2007-10-02 09:58:13,2014-05-14 15:56:39,2,1,,1,,1,,
71353486010538,75142567010538,2006,54,55,2287,30,4,2,2006,1,0.0,0.0,1.9,2007-10-02 09:58:13,2014-05-14 15:56:39,2,1,,1,,1,,
71353462010538,75142567010538,2006,54,55,2287,150,1,2,2006,1,0.0,0.4,0.1,2007-10-02 09:58:13,2014-05-14 15:56:43,2,1,,1,,1,,
71353470010538,75142567010538,2006,54,55,2287,150,2,2,2006,1,0.0,1.3,0.2,2007-10-02 09:58:13,2014-05-14 15:56:39,2,1,,1,,1,,
71353480010538,75142567010538,2006,54,55,2287,150,3,2,2006,2,0.0,0.0,0.1,2007-10-02 09:58:13,2014-05-14 15:56:39,2,1,,1,,1,,
71353489010538,75142567010538,2006,54,55,2287,150,4,2,2006,1,0.2,1.1,0.3,2007-10-02 09:58:13,2014-05-14 15:56:39,2,1,,1,,1,,
71353464010538,75142567010538,2006,54,55,2287,270,1,2,2006,1,0.0,1.3,0.2,2007-10-02 09:58:13,2014-05-14 15:56:43,2,1,,1,,1,,
71353472010538,75142567010538,2006,54,55,2287,270,2,2,2006,1,0.2,1.1,0.6,2007-10-02 09:58:13,2014-05-14 15:56:39,2,1,,1,,1,,
71353483010538,75142567010538,2006,54,55,2287,270,3,2,2006,1,0.0,1.1,0.3,2007-10-02 09:58:13,2014-05-14 15:56:39,2,1,,1,,1,,
71353491010538,75142567010538,2006,54,55,2287,270,4,2,2006,1,0.0,1.0,0.2,2007-10-02 09:58:13,2014-05-14 15:56:39,2,1,,1,,1,,
71354638010538,75143129010538,2006,54,57,102,30,1,2,2006,1,1.0,1.3,0.2,2007-10-02 09:58:13,2014-05-14 15:56:42,2,1,,1,,1,,
71354649010538,75143129010538,2006,54,57,102,30,2,2,2006,2,,,,2007-10-02 09:58:13,2014-05-14 15:56:42,2,0,,0,,0,,
71354658010538,75143129010538,2006,54,57,102,30,3,2,2006,1,2.6,6.0,0.5,2007-10-02 09:58:13,2014-05-14 15:56:42,2,1,,1,,1,,
71354669010538,75143129010538,2006,54,57,102,30,4,2,2006,1,1.5,2.4,0.2,2007-10-02 09:58:13,2014-05-14 15:56:42,2,1,,1,,1,,
71354642010538,75143129010538,2006,54,57,102,150,1,2,2006,1,0.5,2.5,0.6,2007-10-02 09:58:13,2014-05-14 15:56:42,2,1,,1,,1,,
71354652010538,75143129010538,2006,54,57,102,150,2,2,2006,1,1.2,0.5,0.1,2007-10-02 09:58:13,2014-05-14 15:56:42,2,1,,1,,1,,
71354661010538,75143129010538,2006,54,57,102,150,3,2,2006,1,1.2,0.1,0.1,2007-10-02 09:58:13,2014-05-14 15:56:42,2,1,,1,,1,,
71354673010538,75143129010538,2006,54,57,102,150,4,2,2006,1,1.0,3.0,0.3,2007-10-02 09:58:13,2014-05-14 15:56:42,2,1,,1,,1,,
71354645010538,75143129010538,2006,54,57,102,270,1,2,2006,1,,,,2007-10-02 09:58:13,2014-05-14 15:56:42,2,0,,0,,0,,
71354655010538,75143129010538,2006,54,57,102,270,2,2,2006,2,,,,2007-10-02 09:58:13,2014-05-14 15:56:42,2,0,,0,,0,,
71354666010538,75143129010538,2006,54,57,102,270,3,2,2006,1,0.1,0.5,0.1,2007-10-02 09:58:13,2014-05-14 15:56:42,2,1,,1,,1,,
71354677010538,75143129010538,2006,54,57,102,270,4,2,2006,1,0.7,2.1,0.2,2007-10-02 09:58:13,2014-05-14 15:56:42,2,1,,1,,1,,
42802658020004,75143103010538,2006,54,57,1837,30,1,2,2006,1,,,,2012-06-06 07:13:28,2014-05-14 15:57:41,2,0,,0,,0,,
42802657020004,75143103010538,2006,54,57,1837,30,2,2,2006,1,,,,2012-06-06 07:13:28,2014-05-14 15:57:41,2,0,,0,,0,,
42802661020004,75143103010538,2006,54,57,1837,30,3,2,2006,1,,,,2012-06-06 07:13:28,2014-05-14 15:57:41,2,0,,0,,0,,
42802665020004,75143103010538,2006,54,57,1837,30,4,2,2006,1,,,,2012-06-06 07:13:28,2014-05-14 15:57:41,2,0,,0,,0,,
42802663020004,75143103010538,2006,54,57,1837,150,1,2,2006,1,,,,2012-06-06 07:13:28,2014-05-14 15:57:41,2,0,,0,,0,,
42802660020004,75143103010538,2006,54,57,1837,150,2,2,2006,1,,,,2012-06-06 07:13:28,2014-05-14 15:57:41,2,0,,0,,0,,
42802667020004,75143103010538,2006,54,57,1837,150,3,2,2006,1,,,,2012-06-06 07:13:28,2014-05-14 15:57:41,2,0,,0,,0,,
42802662020004,75143103010538,2006,54,57,1837,150,4,2,2006,1,,,,2012-06-06 07:13:28,2014-05-14 15:57:41,2,0,,0,,0,,
42802664020004,75143103010538,2006,54,57,1837,270,1,2,2006,1,,,,2012-06-06 07:13:28,2014-05-14 15:57:41,2,0,,0,,0,,
42802659020004,75143103010538,2006,54,57,1837,270,2,2,2006,1,,,,2012-06-06 07:13:28,2014-05-14 15:57:41,2,0,,0,,0,,
42802666020004,75143103010538,2006,54,57,1837,270,3,2,2006,1,,,,2012-06-06 07:13:28,2014-05-14 15:57:41,2,0,,0,,0,,
42802668020004,75143103010538,2006,54,57,1837,270,4,2,2006,1,,,,2012-06-06 07:13:28,2014-05-14 15:57:41,2,0,,0,,0,,
42802539020004,75144346010538,2006,54,61,997,30,1,2,2006,1,,,,2012-06-06 07:13:27,2014-05-14 15:57:41,2,0,,0,,0,,
42802538020004,75144346010538,2006,54,61,997,30,2,2,2006,1,,,,2012-06-06 07:13:27,2014-05-14 15:57:41,2,0,,0,,0,,
42802541020004,75144346010538,2006,54,61,997,30,3,2,2006,1,,,,2012-06-06 07:13:27,2014-05-14 15:57:41,2,0,,0,,0,,
42802548020004,75144346010538,2006,54,61,997,30,4,2,2006,1,,,,2012-06-06 07:13:27,2014-05-14 15:57:41,2,0,,0,,0,,
42802544020004,75144346010538,2006,54,61,997,150,1,2,2006,1,,,,2012-06-06 07:13:27,2014-05-14 15:57:41,2,0,,0,,0,,
42802542020004,75144346010538,2006,54,61,997,150,2,2,2006,1,,,,2012-06-06 07:13:27,2014-05-14 15:57:41,2,0,,0,,0,,
42802547020004,75144346010538,2006,54,61,997,150,3,2,2006,1,,,,2012-06-06 07:13:27,2014-05-14 15:57:41,2,0,,0,,0,,
42802543020004,75144346010538,2006,54,61,997,150,4,2,2006,1,,,,2012-06-06 07:13:27,2014-05-14 15:57:41,2,0,,0,,0,,
42802546020004,75144346010538,2006,54,61,997,270,1,2,2006,1,,,,2012-06-06 07:13:27,2014-05-14 15:57:41,2,0,,0,,0,,
42802540020004,75144346010538,2006,54,61,997,270,2,2,2006,1,,,,2012-06-06 07:13:27,2014-05-14 15:57:41,2,0,,0,,0,,
42802545020004,75144346010538,2006,54,61,997,270,3,2,2006,1,,,,2012-06-06 07:13:27,2014-05-14 15:57:41,2,0,,0,,0,,
42802549020004,75144346010538,2006,54,61,997,270,4,2,2006,1,,,,2012-06-06 07:13:27,2014-05-14 15:57:41,2,0,,0,,0,,
42802276020004,75144850010538,2006,54,63,173,30,1,2,2006,1,,,,2012-06-06 07:13:27,2014-05-14 15:57:43,2,0,,0,,0,,
42802275020004,75144850010538,2006,54,63,173,30,2,2,2006,1,,,,2012-06-06 07:13:27,2014-05-14 15:57:43,2,0,,0,,0,,
42802281020004,75144850010538,2006,54,63,173,30,3,2,2006,1,,,,2012-06-06 07:13:27,2014-05-14 15:57:43,2,0,,0,,0,,
42802283020004,75144850010538,2006,54,63,173,30,4,2,2006,1,,,,2012-06-06 07:13:27,2014-05-14 15:57:43,2,0,,0,,0,,
42802278020004,75144850010538,2006,54,63,173,150,1,2,2006,1,,,,2012-06-06 07:13:27,2014-05-14 15:57:43,2,0,,0,,0,,
42802279020004,75144850010538,2006,54,63,173,150,2,2,2006,1,,,,2012-06-06 07:13:27,2014-05-14 15:57:43,2,0,,0,,0,,
42802284020004,75144850010538,2006,54,63,173,150,3,2,2006,1,,,,2012-06-06 07:13:27,2014-05-14 15:57:43,2,0,,0,,0,,
42802280020004,75144850010538,2006,54,63,173,150,4,2,2006,1,,,,2012-06-06 07:13:27,2014-05-14 15:57:43,2,0,,0,,0,,
42802285020004,75144850010538,2006,54,63,173,270,1,2,2006,1,,,,2012-06-06 07:13:27,2014-05-14 15:57:43,2,0,,0,,0,,
42802277020004,75144850010538,2006,54,63,173,270,2,2,2006,1,,,,2012-06-06 07:13:27,2014-05-14 15:57:43,2,0,,0,,0,,
42802282020004,75144850010538,2006,54,63,173,270,3,2,2006,1,,,,2012-06-06 07:13:27,2014-05-14 15:57:43,2,0,,0,,0,,
42802286020004,75144850010538,2006,54,63,173,270,4,2,2006,1,,,,2012-06-06 07:13:27,2014-05-14 15:57:43,2,0,,0,,0,,
42802130020004,75146842010538,2006,54,67,1680,30,1,2,2006,1,,,,2012-06-06 07:13:26,2014-05-14 15:57:43,2,0,,0,,0,,
42802129020004,75146842010538,2006,54,67,1680,30,2,2,2006,1,,,,2012-06-06 07:13:26,2014-05-14 15:57:43,2,0,,0,,0,,
42802133020004,75146842010538,2006,54,67,1680,30,3,2,2006,1,,,,2012-06-06 07:13:26,2014-05-14 15:57:43,2,0,,0,,0,,
42802137020004,75146842010538,2006,54,67,1680,30,4,2,2006,1,,,,2012-06-06 07:13:26,2014-05-14 15:57:43,2,0,,0,,0,,
42802135020004,75146842010538,2006,54,67,1680,150,1,2,2006,1,,,,2012-06-06 07:13:26,2014-05-14 15:57:43,2,0,,0,,0,,
42802132020004,75146842010538,2006,54,67,1680,150,2,2,2006,1,,,,2012-06-06 07:13:26,2014-05-14 15:57:43,2,0,,0,,0,,
42802138020004,75146842010538,2006,54,67,1680,150,3,2,2006,1,,,,2012-06-06 07:13:26,2014-05-14 15:57:43,2,0,,0,,0,,
42802134020004,75146842010538,2006,54,67,1680,150,4,2,2006,1,,,,2012-06-06 07:13:26,2014-05-14 15:57:43,2,0,,0,,0,,
42802139020004,75146842010538,2006,54,67,1680,270,1,2,2006,1,,,,2012-06-06 07:13:26,2014-05-14 15:57:43,2,0,,0,,0,,
42802131020004,75146842010538,2006,54,67,1680,270,2,2,2006,1,,,,2012-06-06 07:13:26,2014-05-14 15:57:43,2,0,,0,,0,,
42802136020004,75146842010538,2006,54,67,1680,270,3,2,2006,1,,,,2012-06-06 07:13:26,2014-05-14 15:57:43,2,0,,0,,0,,
42802140020004,75146842010538,2006,54,67,1680,270,4,2,2006,1,,,,2012-06-06 07:13:26,2014-05-14 15:57:43,2,0,,0,,0,,
71353845010538,75098222010538,2006,54,71,822,30,1,2,2006,1,4.7,1.7,0.2,2007-10-02 09:58:13,2014-05-14 15:56:39,2,1,,1,,1,,
71353853010538,75098222010538,2006,54,71,822,30,2,2,2006,1,,,,2007-10-02 09:58:13,2014-05-14 15:56:39,2,0,,0,,0,,
71353861010538,75098222010538,2006,54,71,822,30,3,2,2006,2,6.6,5.5,0.7,2007-10-02 09:58:13,2014-05-14 15:56:39,2,1,,1,,1,,
71353870010538,75098222010538,2006,54,71,822,30,4,2,2006,1,,,0.6,2007-10-02 09:58:13,2014-05-14 15:56:39,2,0,,0,,1,,
71353848010538,75098222010538,2006,54,71,822,150,1,2,2006,1,0.0,2.4,0.2,2007-10-02 09:58:13,2014-05-14 15:56:39,2,1,,1,,1,,
71353856010538,75098222010538,2006,54,71,822,150,2,2,2006,1,0.5,2.5,0.3,2007-10-02 09:58:13,2014-05-14 15:56:39,2,1,,1,,1,,
71353864010538,75098222010538,2006,54,71,822,150,3,2,2006,2,0.0,4.0,0.4,2007-10-02 09:58:13,2014-05-14 15:56:39,2,1,,1,,1,,
71353873010538,75098222010538,2006,54,71,822,150,4,2,2006,1,0.4,4.6,0.4,2007-10-02 09:58:13,2014-05-14 15:56:39,2,1,,1,,1,,
71353850010538,75098222010538,2006,54,71,822,270,1,2,2006,1,0.0,0.7,0.2,2007-10-02 09:58:13,2014-05-14 15:56:39,2,1,,1,,1,,
71353858010538,75098222010538,2006,54,71,822,270,2,2,2006,1,2.1,0.5,0.7,2007-10-02 09:58:13,2014-05-14 15:56:39,2,1,,1,,1,,
71353866010538,75098222010538,2006,54,71,822,270,3,2,2006,2,0.0,2.5,0.3,2007-10-02 09:58:13,2014-05-14 15:56:39,2,1,,1,,1,,
71353875010538,75098222010538,2006,54,71,822,270,4,2,2006,1,0.2,4.1,0.4,2007-10-02 09:58:13,2014-05-14 15:56:39,2,1,,1,,1,,
71353973010538,75100930010538,2006,54,75,202,30,1,2,2006,1,1.1,1.3,0.3,2007-10-02 09:58:13,2014-05-14 15:56:39,2,1,,1,,1,,
71353983010538,75100930010538,2006,54,75,202,30,2,2,2006,1,0.6,1.2,0.2,2007-10-02 09:58:13,2014-05-14 15:56:39,2,1,,1,,1,,
71353995010538,75100930010538,2006,54,75,202,30,3,2,2006,1,0.1,1.0,0.2,2007-10-02 09:58:13,2014-05-14 15:56:39,2,1,,1,,1,,
71354004010538,75100930010538,2006,54,75,202,30,4,2,2006,1,1.2,1.8,4.1,2007-10-02 09:58:13,2014-05-14 15:56:39,2,1,,1,,1,,
71353977010538,75100930010538,2006,54,75,202,150,1,2,2006,1,2.8,2.7,0.4,2007-10-02 09:58:13,2014-05-14 15:56:39,2,1,,1,,1,,
71353987010538,75100930010538,2006,54,75,202,150,2,2,2006,1,0.4,0.9,0.1,2007-10-02 09:58:13,2014-05-14 15:56:39,2,1,,1,,1,,
71353998010538,75100930010538,2006,54,75,202,150,3,2,2006,1,0.3,0.9,0.1,2007-10-02 09:58:13,2014-05-14 15:56:39,2,1,,1,,1,,
71354008010538,75100930010538,2006,54,75,202,150,4,2,2006,1,0.9,2.1,0.2,2007-10-02 09:58:13,2014-05-14 15:56:39,2,1,,1,,1,,
71353980010538,75100930010538,2006,54,75,202,270,1,2,2006,1,0.1,1.1,0.1,2007-10-02 09:58:13,2014-05-14 15:56:39,2,1,,1,,1,,
71353992010538,75100930010538,2006,54,75,202,270,2,2,2006,1,0.5,1.3,0.2,2007-10-02 09:58:13,2014-05-14 15:56:39,2,1,,1,,1,,
71354000010538,75100930010538,2006,54,75,202,270,3,2,2006,1,1.3,1.4,0.2,2007-10-02 09:58:13,2014-05-14 15:56:39,2,1,,1,,1,,
71354012010538,75100930010538,2006,54,75,202,270,4,2,2006,1,0.1,0.1,0.1,2007-10-02 09:58:13,2014-05-14 15:56:39,2,1,,1,,1,,
71354735010538,75102010010538,2006,54,77,363,30,1,2,2006,1,1.8,0.9,0.1,2007-10-02 09:58:13,2014-05-14 15:56:42,2,1,,1,,1,,
71354744010538,75102010010538,2006,54,77,363,30,2,2,2006,1,2.2,0.6,0.1,2007-10-02 09:58:13,2014-05-14 15:56:42,2,1,,1,,1,,
71354756010538,75102010010538,2006,54,77,363,30,3,2,2006,1,1.5,0.4,0.1,2007-10-02 09:58:13,2014-05-14 15:56:42,2,1,,1,,1,,
71354764010538,75102010010538,2006,54,77,363,30,4,2,2006,1,2.2,0.2,0.3,2007-10-02 09:58:13,2014-05-14 15:56:42,2,1,,1,,1,,
71354738010538,75102010010538,2006,54,77,363,150,1,2,2006,1,2.8,1.3,1.7,2007-10-02 09:58:13,2014-05-14 15:56:42,2,1,,1,,1,,
71354750010538,75102010010538,2006,54,77,363,150,2,2,2006,1,1.5,0.6,0.1,2007-10-02 09:58:13,2014-05-14 15:56:42,2,1,,1,,1,,
71354759010538,75102010010538,2006,54,77,363,150,3,2,2006,1,0.2,0.4,0.2,2007-10-02 09:58:13,2014-05-14 15:56:42,2,1,,1,,1,,
71354769010538,75102010010538,2006,54,77,363,150,4,2,2006,1,0.7,0.6,0.4,2007-10-02 09:58:13,2014-05-14 15:56:42,2,1,,1,,1,,
71354740010538,75102010010538,2006,54,77,363,270,1,2,2006,1,3.9,1.8,0.9,2007-10-02 09:58:13,2014-05-14 15:56:42,2,1,,1,,1,,
71354753010538,75102010010538,2006,54,77,363,270,2,2,2006,1,1.2,0.6,1.2,2007-10-02 09:58:13,2014-05-14 15:56:42,2,1,,1,,1,,
71354761010538,75102010010538,2006,54,77,363,270,3,2,2006,1,3.6,1.1,0.3,2007-10-02 09:58:13,2014-05-14 15:56:42,2,1,,1,,1,,
71354772010538,75102010010538,2006,54,77,363,270,4,2,2006,1,2.2,1.0,1.0,2007-10-02 09:58:13,2014-05-14 15:56:42,2,1,,1,,1,,
42802466020004,164909100010661,2006,54,79,337,30,1,2,2006,1,,,,2012-06-06 07:13:27,2014-05-14 15:57:41,2,0,,0,,0,,
42802465020004,164909100010661,2006,54,79,337,30,2,2,2006,1,,,,2012-06-06 07:13:27,2014-05-14 15:57:41,2,0,,0,,0,,
42802468020004,164909100010661,2006,54,79,337,30,3,2,2006,1,,,,2012-06-06 07:13:27,2014-05-14 15:57:41,2,0,,0,,0,,
42802473020004,164909100010661,2006,54,79,337,30,4,2,2006,1,,,,2012-06-06 07:13:27,2014-05-14 15:57:41,2,0,,0,,0,,
42802469020004,164909100010661,2006,54,79,337,150,1,2,2006,1,,,,2012-06-06 07:13:27,2014-05-14 15:57:41,2,0,,0,,0,,
42802471020004,164909100010661,2006,54,79,337,150,2,2,2006,1,,,,2012-06-06 07:13:27,2014-05-14 15:57:41,2,0,,0,,0,,
42802474020004,164909100010661,2006,54,79,337,150,3,2,2006,1,,,,2012-06-06 07:13:27,2014-05-14 15:57:41,2,0,,0,,0,,
42802470020004,164909100010661,2006,54,79,337,150,4,2,2006,1,,,,2012-06-06 07:13:27,2014-05-14 15:57:41,2,0,,0,,0,,
42802475020004,164909100010661,2006,54,79,337,270,1,2,2006,1,,,,2012-06-06 07:13:27,2014-05-14 15:57:41,2,0,,0,,0,,
42802467020004,164909100010661,2006,54,79,337,270,2,2,2006,1,,,,2012-06-06 07:13:27,2014-05-14 15:57:41,2,0,,0,,0,,
42802472020004,164909100010661,2006,54,79,337,270,3,2,2006,1,,,,2012-06-06 07:13:27,2014-05-14 15:57:41,2,0,,0,,0,,
42802476020004,164909100010661,2006,54,79,337,270,4,2,2006,1,,,,2012-06-06 07:13:27,2014-05-14 15:57:41,2,0,,0,,0,,
71353585010538,75102844010538,2006,54,81,1197,30,1,2,2006,1,0.6,0.4,1.6,2007-10-02 09:58:13,2014-05-14 15:56:39,2,1,,1,,1,,
71353601010538,75102844010538,2006,54,81,1197,30,2,2,2006,1,0.0,1.2,1.9,2007-10-02 09:58:13,2014-05-14 15:56:39,2,1,,1,,1,,
71353611010538,75102844010538,2006,54,81,1197,30,3,2,2006,1,0.1,1.0,0.6,2007-10-02 09:58:13,2014-05-14 15:56:39,2,1,,1,,1,,
71353629010538,75102844010538,2006,54,81,1197,30,4,2,2006,1,0.2,0.9,0.1,2007-10-02 09:58:13,2014-05-14 15:56:39,2,1,,1,,1,,
71353592010538,75102844010538,2006,54,81,1197,150,1,2,2006,1,0.2,1.9,0.2,2007-10-02 09:58:13,2014-05-14 15:56:39,2,1,,1,,1,,
71353604010538,75102844010538,2006,54,81,1197,150,2,2,2006,1,0.0,0.0,0.0,2007-10-02 09:58:13,2014-05-14 15:56:39,2,1,,1,,1,,
71353615010538,75102844010538,2006,54,81,1197,150,3,2,2006,1,0.0,0.3,0.1,2007-10-02 09:58:13,2014-05-14 15:56:39,2,1,,1,,1,,
71353639010538,75102844010538,2006,54,81,1197,150,4,2,2006,1,0.1,1.1,1.7,2007-10-02 09:58:13,2014-05-14 15:56:39,2,1,,1,,1,,
71353596010538,75102844010538,2006,54,81,1197,270,1,2,2006,1,1.6,2.0,2.2,2007-10-02 09:58:13,2014-05-14 15:56:39,2,1,,1,,1,,
71353606010538,75102844010538,2006,54,81,1197,270,2,2,2006,1,0.1,0.3,0.1,2007-10-02 09:58:13,2014-05-14 15:56:39,2,1,,1,,1,,
71353622010538,75102844010538,2006,54,81,1197,270,3,2,2006,1,0.0,0.8,3.7,2007-10-02 09:58:13,2014-05-14 15:56:39,2,1,,1,,1,,
71353643010538,75102844010538,2006,54,81,1197,270,4,2,2006,1,0.0,0.1,1.0,2007-10-02 09:58:13,2014-05-14 15:56:39,2,1,,1,,1,,
71353537010538,75147797010538,2006,54,81,1666,30,1,2,2006,1,0.1,2.5,0.3,2007-10-02 09:58:14,2014-05-14 15:56:39,2,1,,1,,1,,
71353547010538,75147797010538,2006,54,81,1666,30,2,2,2006,1,0.3,3.4,0.3,2007-10-02 09:58:14,2014-05-14 15:56:39,2,1,,1,,1,,
71353561010538,75147797010538,2006,54,81,1666,30,3,2,2006,1,1.1,1.3,0.2,2007-10-02 09:58:14,2014-05-14 15:56:39,2,1,,1,,1,,
71353573010538,75147797010538,2006,54,81,1666,30,4,2,2006,1,3.0,2.5,0.9,2007-10-02 09:58:14,2014-05-14 15:56:39,2,1,,1,,1,,
71353540010538,75147797010538,2006,54,81,1666,150,1,2,2006,1,0.5,3.0,0.3,2007-10-02 09:58:14,2014-05-14 15:56:39,2,1,,1,,1,,
71353552010538,75147797010538,2006,54,81,1666,150,2,2,2006,1,3.7,4.8,0.5,2007-10-02 09:58:14,2014-05-14 15:56:39,2,1,,1,,1,,
71353565010538,75147797010538,2006,54,81,1666,150,3,2,2006,2,0.0,0.0,0.0,2007-10-02 09:58:14,2014-05-14 15:56:39,2,1,,1,,1,,
42802213020004,75147797010538,2006,54,81,1666,150,4,2,2006,2,,,,2012-06-06 07:13:27,2014-05-14 15:57:43,2,0,,0,,0,,
71353542010538,75147797010538,2006,54,81,1666,270,1,2,2006,1,0.8,1.4,0.3,2007-10-02 09:58:14,2014-05-14 15:56:39,2,1,,1,,1,,
71353558010538,75147797010538,2006,54,81,1666,270,2,2,2006,1,0.5,1.9,4.0,2007-10-02 09:58:14,2014-05-14 15:56:39,2,1,,1,,1,,
71353568010538,75147797010538,2006,54,81,1666,270,3,2,2006,1,0.0,0.3,0.1,2007-10-02 09:58:14,2014-05-14 15:56:39,2,1,,1,,1,,
42802214020004,75147797010538,2006,54,81,1666,270,4,2,2006,2,,,,2012-06-06 07:13:27,2014-05-14 15:57:43,2,0,,0,,0,,
71353930010538,75106606010538,2006,54,83,1083,30,1,2,2006,1,0.7,1.3,0.2,2007-10-02 09:58:14,2014-05-14 15:56:39,2,1,,1,,1,,
71353938010538,75106606010538,2006,54,83,1083,30,2,2,2006,1,0.9,1.1,0.2,2007-10-02 09:58:14,2014-05-14 15:56:39,2,1,,1,,1,,
71353948010538,75106606010538,2006,54,83,1083,30,3,2,2006,1,2.2,2.7,0.5,2007-10-02 09:58:14,2014-05-14 15:56:39,2,1,,1,,1,,
71353959010538,75106606010538,2006,54,83,1083,30,4,2,2006,1,2.2,2.0,1.7,2007-10-02 09:58:14,2014-05-14 15:56:39,2,1,,1,,1,,
71353933010538,75106606010538,2006,54,83,1083,150,1,2,2006,1,0.8,2.2,0.3,2007-10-02 09:58:14,2014-05-14 15:56:39,2,1,,1,,1,,
71353942010538,75106606010538,2006,54,83,1083,150,2,2,2006,1,1.9,2.1,0.3,2007-10-02 09:58:14,2014-05-14 15:56:39,2,1,,1,,1,,
71353952010538,75106606010538,2006,54,83,1083,150,3,2,2006,1,3.6,3.9,0.7,2007-10-02 09:58:14,2014-05-14 15:56:39,2,1,,1,,1,,
71353963010538,75106606010538,2006,54,83,1083,150,4,2,2006,1,2.9,0.9,0.3,2007-10-02 09:58:14,2014-05-14 15:56:39,2,1,,1,,1,,
71353935010538,75106606010538,2006,54,83,1083,270,1,2,2006,1,0.0,0.4,0.1,2007-10-02 09:58:14,2014-05-14 15:56:39,2,1,,1,,1,,
71353944010538,75106606010538,2006,54,83,1083,270,2,2,2006,1,3.0,2.5,0.4,2007-10-02 09:58:14,2014-05-14 15:56:39,2,1,,1,,1,,
71353954010538,75106606010538,2006,54,83,1083,270,3,2,2006,1,0.9,2.7,0.4,2007-10-02 09:58:14,2014-05-14 15:56:39,2,1,,1,,1,,
71353965010538,75106606010538,2006,54,83,1083,270,4,2,2006,1,1.8,3.7,0.4,2007-10-02 09:58:14,2014-05-14 15:56:39,2,1,,1,,1,,
71353882010538,75105865010538,2006,54,83,3587,30,1,2,2006,1,0.2,1.2,0.1,2007-10-02 09:58:14,2014-05-14 15:56:39,2,1,,1,,1,,
71353895010538,75105865010538,2006,54,83,3587,30,2,2,2006,1,1.5,0.8,0.1,2007-10-02 09:58:14,2014-05-14 15:56:39,2,1,,1,,1,,
71353906010538,75105865010538,2006,54,83,3587,30,3,2,2006,1,,,,2007-10-02 09:58:14,2014-05-14 15:56:39,2,0,,0,,0,,
71353918010538,75105865010538,2006,54,83,3587,30,4,2,2006,1,0.0,0.5,0.1,2007-10-02 09:58:14,2014-05-14 15:56:39,2,1,,1,,1,,
71353885010538,75105865010538,2006,54,83,3587,150,1,2,2006,1,0.3,0.7,0.1,2007-10-02 09:58:14,2014-05-14 15:56:39,2,1,,1,,1,,
71353899010538,75105865010538,2006,54,83,3587,150,2,2,2006,1,0.8,0.6,0.1,2007-10-02 09:58:14,2014-05-14 15:56:39,2,1,,1,,1,,
71353911010538,75105865010538,2006,54,83,3587,150,3,2,2006,1,,,,2007-10-02 09:58:14,2014-05-14 15:56:39,2,0,,0,,0,,
71353921010538,75105865010538,2006,54,83,3587,150,4,2,2006,1,1.9,0.9,0.4,2007-10-02 09:58:14,2014-05-14 15:56:39,2,1,,1,,1,,
71353889010538,75105865010538,2006,54,83,3587,270,1,2,2006,1,3.1,1.8,0.2,2007-10-02 09:58:14,2014-05-14 15:56:39,2,1,,1,,1,,
71353903010538,75105865010538,2006,54,83,3587,270,2,2,2006,1,2.0,1.2,0.1,2007-10-02 09:58:14,2014-05-14 15:56:39,2,1,,1,,1,,
71353913010538,75105865010538,2006,54,83,3587,270,3,2,2006,1,1.5,1.1,0.1,2007-10-02 09:58:14,2014-05-14 15:56:39,2,1,,1,,1,,
71353924010538,75105865010538,2006,54,83,3587,270,4,2,2006,1,1.3,1.5,0.2,2007-10-02 09:58:14,2014-05-14 15:56:39,2,1,,1,,1,,
71354815010538,75107954010538,2006,54,85,347,30,1,2,2006,1,0.2,0.5,0.1,2007-10-02 09:58:14,2014-05-14 15:56:42,2,1,,1,,1,,
71354828010538,75107954010538,2006,54,85,347,30,2,2,2006,1,1.8,0.6,0.1,2007-10-02 09:58:14,2014-05-14 15:56:42,2,1,,1,,1,,
71354838010538,75107954010538,2006,54,85,347,30,3,2,2006,1,1.1,0.9,0.2,2007-10-02 09:58:14,2014-05-14 15:56:42,2,1,,1,,1,,
71354847010538,75107954010538,2006,54,85,347,30,4,2,2006,1,0.2,0.6,0.5,2007-10-02 09:58:14,2014-05-14 15:56:42,2,1,,1,,1,,
71354819010538,75107954010538,2006,54,85,347,150,1,2,2006,1,0.1,0.6,0.1,2007-10-02 09:58:14,2014-05-14 15:56:42,2,1,,1,,1,,
71354831010538,75107954010538,2006,54,85,347,150,2,2,2006,1,0.8,0.6,1.9,2007-10-02 09:58:14,2014-05-14 15:56:42,2,1,,1,,1,,
71354842010538,75107954010538,2006,54,85,347,150,3,2,2006,1,0.1,0.6,0.1,2007-10-02 09:58:14,2014-05-14 15:56:42,2,1,,1,,1,,
71354850010538,75107954010538,2006,54,85,347,150,4,2,2006,1,0.1,0.6,0.1,2007-10-02 09:58:14,2014-05-14 15:56:42,2,1,,1,,1,,
71354822010538,75107954010538,2006,54,85,347,270,1,2,2006,1,0.1,1.1,0.1,2007-10-02 09:58:14,2014-05-14 15:56:42,2,1,,1,,1,,
71354835010538,75107954010538,2006,54,85,347,270,2,2,2006,1,0.4,1.7,0.4,2007-10-02 09:58:14,2014-05-14 15:56:42,2,1,,1,,1,,
71354844010538,75107954010538,2006,54,85,347,270,3,2,2006,1,0.1,1.1,0.1,2007-10-02 09:58:14,2014-05-14 15:56:42,2,1,,1,,1,,
71354854010538,75107954010538,2006,54,85,347,270,4,2,2006,1,0.2,0.6,0.3,2007-10-02 09:58:14,2014-05-14 15:56:42,2,1,,1,,1,,
71354165010538,75108864010538,2006,54,87,2346,30,1,2,2006,1,0.2,0.8,0.1,2007-10-02 09:58:14,2014-05-14 15:56:42,2,1,,1,,1,,
71354173010538,75108864010538,2006,54,87,2346,30,2,2,2006,1,0.1,1.2,0.5,2007-10-02 09:58:14,2014-05-14 15:56:42,2,1,,1,,1,,
71354181010538,75108864010538,2006,54,87,2346,30,3,2,2006,1,0.1,0.4,0.1,2007-10-02 09:58:14,2014-05-14 15:56:42,2,1,,1,,1,,
71354189010538,75108864010538,2006,54,87,2346,30,4,2,2006,1,1.0,1.2,0.1,2007-10-02 09:58:14,2014-05-14 15:56:42,2,1,,1,,1,,
71354168010538,75108864010538,2006,54,87,2346,150,1,2,2006,1,0.1,0.8,1.8,2007-10-02 09:58:14,2014-05-14 15:56:42,2,1,,1,,1,,
71354176010538,75108864010538,2006,54,87,2346,150,2,2,2006,1,0.1,1.5,0.3,2007-10-02 09:58:14,2014-05-14 15:56:42,2,1,,1,,1,,
71354184010538,75108864010538,2006,54,87,2346,150,3,2,2006,2,0.1,0.8,12.0,2007-10-02 09:58:14,2014-05-14 15:56:42,2,1,,1,,1,,
42802205020004,75108864010538,2006,54,87,2346,150,4,2,2006,3,,,,2012-06-06 07:13:27,2014-05-14 15:57:43,2,0,,0,,0,,
71354170010538,75108864010538,2006,54,87,2346,270,1,2,2006,1,0.1,0.5,0.3,2007-10-02 09:58:14,2014-05-14 15:56:42,2,1,,1,,1,,
71354178010538,75108864010538,2006,54,87,2346,270,2,2,2006,1,0.0,1.5,0.5,2007-10-02 09:58:14,2014-05-14 15:56:42,2,1,,1,,1,,
71354186010538,75108864010538,2006,54,87,2346,270,3,2,2006,1,0.3,0.4,0.3,2007-10-02 09:58:14,2014-05-14 15:56:42,2,1,,1,,1,,
71354193010538,75108864010538,2006,54,87,2346,270,4,2,2006,1,0.3,0.4,0.3,2007-10-02 09:58:14,2014-05-14 15:56:42,2,1,,1,,1,,
71354599010538,75110337010538,2006,54,93,1199,30,1,2,2006,1,0.1,0.1,0.1,2007-10-02 09:58:14,2014-05-14 15:56:42,2,1,,1,,1,,
71354609010538,75110337010538,2006,54,93,1199,30,2,2,2006,1,0.1,0.2,0.1,2007-10-02 09:58:14,2014-05-14 15:56:42,2,1,,1,,1,,
71354619010538,75110337010538,2006,54,93,1199,30,3,2,2006,1,2.5,1.0,0.1,2007-10-02 09:58:14,2014-05-14 15:56:42,2,1,,1,,1,,
71354627010538,75110337010538,2006,54,93,1199,30,4,2,2006,1,0.1,0.1,0.5,2007-10-02 09:58:14,2014-05-14 15:56:42,2,1,,1,,1,,
71354604010538,75110337010538,2006,54,93,1199,150,1,2,2006,1,0.2,0.5,0.1,2007-10-02 09:58:14,2014-05-14 15:56:42,2,1,,1,,1,,
71354612010538,75110337010538,2006,54,93,1199,150,2,2,2006,1,0.0,0.1,0.1,2007-10-02 09:58:14,2014-05-14 15:56:42,2,1,,1,,1,,
71354622010538,75110337010538,2006,54,93,1199,150,3,2,2006,1,0.0,0.2,0.1,2007-10-02 09:58:14,2014-05-14 15:56:42,2,1,,1,,1,,
71354630010538,75110337010538,2006,54,93,1199,150,4,2,2006,1,2.1,0.2,0.1,2007-10-02 09:58:14,2014-05-14 15:56:42,2,1,,1,,1,,
71354606010538,75110337010538,2006,54,93,1199,270,1,2,2006,1,0.1,0.5,0.1,2007-10-02 09:58:14,2014-05-14 15:56:42,2,1,,1,,1,,
71354615010538,75110337010538,2006,54,93,1199,270,2,2,2006,1,1.0,1.9,0.4,2007-10-02 09:58:14,2014-05-14 15:56:42,2,1,,1,,1,,
71354624010538,75110337010538,2006,54,93,1199,270,3,2,2006,1,0.0,0.1,0.1,2007-10-02 09:58:14,2014-05-14 15:56:42,2,1,,1,,1,,
71354632010538,75110337010538,2006,54,93,1199,270,4,2,2006,1,0.5,0.3,0.1,2007-10-02 09:58:14,2014-05-14 15:56:42,2,1,,1,,1,,
71354253010538,75111584010538,2006,54,99,2210,30,1,2,2006,1,0.0,0.1,0.1,2007-10-02 09:58:14,2014-05-14 15:56:42,2,1,,1,,1,,
71354261010538,75111584010538,2006,54,99,2210,30,2,2,2006,1,0.3,1.0,0.2,2007-10-02 09:58:14,2014-05-14 15:56:42,2,1,,1,,1,,
71354269010538,75111584010538,2006,54,99,2210,30,3,2,2006,1,0.1,3.1,0.5,2007-10-02 09:58:14,2014-05-14 15:56:42,2,1,,1,,1,,
71354277010538,75111584010538,2006,54,99,2210,30,4,2,2006,1,0.5,0.6,6.6,2007-10-02 09:58:14,2014-05-14 15:56:42,2,1,,1,,1,,
71354256010538,75111584010538,2006,54,99,2210,150,1,2,2006,1,0.6,1.6,0.6,2007-10-02 09:58:14,2014-05-14 15:56:42,2,1,,1,,1,,
71354264010538,75111584010538,2006,54,99,2210,150,2,2,2006,1,0.3,0.5,0.1,2007-10-02 09:58:14,2014-05-14 15:56:42,2,1,,1,,1,,
71354272010538,75111584010538,2006,54,99,2210,150,3,2,2006,1,0.5,0.4,0.1,2007-10-02 09:58:14,2014-05-14 15:56:42,2,1,,1,,1,,
71354280010538,75111584010538,2006,54,99,2210,150,4,2,2006,1,1.8,5.7,7.5,2007-10-02 09:58:14,2014-05-14 15:56:42,2,1,,1,,1,,
71354258010538,75111584010538,2006,54,99,2210,270,1,2,2006,1,0.0,0.2,0.1,2007-10-02 09:58:14,2014-05-14 15:56:42,2,1,,1,,1,,
71354266010538,75111584010538,2006,54,99,2210,270,2,2,2006,1,0.4,0.4,0.6,2007-10-02 09:58:14,2014-05-14 15:56:42,2,1,,1,,1,,
71354274010538,75111584010538,2006,54,99,2210,270,3,2,2006,1,0.1,0.6,0.1,2007-10-02 09:58:14,2014-05-14 15:56:42,2,1,,1,,1,,
71354282010538,75111584010538,2006,54,99,2210,270,4,2,2006,1,0.1,0.3,0.1,2007-10-02 09:58:14,2014-05-14 15:56:42,2,1,,1,,1,,
71354017010538,75147910010538,2006,54,101,2253,30,1,2,2006,1,0.7,1.4,0.2,2007-10-02 09:58:14,2014-05-14 15:56:39,2,1,,1,,1,,
71354029010538,75147910010538,2006,54,101,2253,30,2,2,2006,1,1.4,1.9,0.4,2007-10-02 09:58:14,2014-05-14 15:56:39,2,1,,1,,1,,
71354038010538,75147910010538,2006,54,101,2253,30,3,2,2006,1,0.4,1.8,1.4,2007-10-02 09:58:14,2014-05-14 15:56:39,2,1,,1,,1,,
71354048010538,75147910010538,2006,54,101,2253,30,4,2,2006,1,1.2,1.6,0.3,2007-10-02 09:58:14,2014-05-14 15:56:40,2,1,,1,,1,,
71354023010538,75147910010538,2006,54,101,2253,150,1,2,2006,1,1.1,3.4,0.4,2007-10-02 09:58:14,2014-05-14 15:56:39,2,1,,1,,1,,
71354033010538,75147910010538,2006,54,101,2253,150,2,2,2006,1,1.4,1.9,1.6,2007-10-02 09:58:14,2014-05-14 15:56:39,2,1,,1,,1,,
71354041010538,75147910010538,2006,54,101,2253,150,3,2,2006,1,1.1,1.8,2.4,2007-10-02 09:58:14,2014-05-14 15:56:40,2,1,,1,,1,,
71354051010538,75147910010538,2006,54,101,2253,150,4,2,2006,1,0.3,1.1,0.2,2007-10-02 09:58:14,2014-05-14 15:56:40,2,1,,1,,1,,
71354026010538,75147910010538,2006,54,101,2253,270,1,2,2006,1,1.9,3.4,0.4,2007-10-02 09:58:14,2014-05-14 15:56:39,2,1,,1,,1,,
71354035010538,75147910010538,2006,54,101,2253,270,2,2,2006,1,0.1,1.9,1.6,2007-10-02 09:58:14,2014-05-14 15:56:39,2,1,,1,,1,,
71354043010538,75147910010538,2006,54,101,2253,270,3,2,2006,1,2.1,1.9,0.6,2007-10-02 09:58:14,2014-05-14 15:56:40,2,1,,1,,1,,
71354053010538,75147910010538,2006,54,101,2253,270,4,2,2006,1,0.2,0.8,0.1,2007-10-02 09:58:14,2014-05-14 15:56:40,2,1,,1,,1,,
71354945010538,75115064010538,2006,54,103,1046,30,1,2,2006,1,0.1,0.6,0.1,2007-10-02 09:58:15,2014-05-14 15:56:42,2,1,,1,,1,,
71354957010538,75115064010538,2006,54,103,1046,30,2,2,2006,1,0.0,0.1,0.3,2007-10-02 09:58:15,2014-05-14 15:56:42,2,1,,1,,1,,
71354969010538,75115064010538,2006,54,103,1046,30,3,2,2006,1,0.0,0.8,0.9,2007-10-02 09:58:15,2014-05-14 15:56:42,2,1,,1,,1,,
71354981010538,75115064010538,2006,54,103,1046,30,4,2,2006,1,0.1,1.0,0.3,2007-10-02 09:58:15,2014-05-14 15:56:42,2,1,,1,,1,,
71354948010538,75115064010538,2006,54,103,1046,150,1,2,2006,1,0.0,0.4,3.0,2007-10-02 09:58:15,2014-05-14 15:56:42,2,1,,1,,1,,
71354961010538,75115064010538,2006,54,103,1046,150,2,2,2006,1,0.0,0.1,0.2,2007-10-02 09:58:15,2014-05-14 15:56:42,2,1,,1,,1,,
71354973010538,75115064010538,2006,54,103,1046,150,3,2,2006,1,0.0,0.1,0.2,2007-10-02 09:58:15,2014-05-14 15:56:42,2,1,,1,,1,,
71354985010538,75115064010538,2006,54,103,1046,150,4,2,2006,1,0.0,0.1,0.2,2007-10-02 09:58:15,2014-05-14 15:56:42,2,1,,1,,1,,
71354950010538,75115064010538,2006,54,103,1046,270,1,2,2006,1,0.0,0.3,1.2,2007-10-02 09:58:15,2014-05-14 15:56:42,2,1,,1,,1,,
71354964010538,75115064010538,2006,54,103,1046,270,2,2,2006,1,0.0,0.1,0.1,2007-10-02 09:58:15,2014-05-14 15:56:42,2,1,,1,,1,,
71354978010538,75115064010538,2006,54,103,1046,270,3,2,2006,1,0.0,0.3,0.4,2007-10-02 09:58:15,2014-05-14 15:56:42,2,1,,1,,1,,
71354987010538,75115064010538,2006,54,103,1046,270,4,2,2006,1,0.2,1.4,0.5,2007-10-02 09:58:15,2014-05-14 15:56:42,2,1,,1,,1,,
71353496010538,75118154010538,2006,54,109,2439,30,1,2,2006,1,0.3,0.4,0.1,2007-10-02 09:58:15,2014-05-14 15:56:39,2,1,,1,,1,,
71353505010538,75118154010538,2006,54,109,2439,30,2,2,2006,1,0.1,0.8,0.2,2007-10-02 09:58:15,2014-05-14 15:56:39,2,1,,1,,1,,
71353517010538,75118154010538,2006,54,109,2439,30,3,2,2006,1,0.3,0.4,0.1,2007-10-02 09:58:15,2014-05-14 15:56:39,2,1,,1,,1,,
71353525010538,75118154010538,2006,54,109,2439,30,4,2,2006,1,0.1,0.0,0.0,2007-10-02 09:58:15,2014-05-14 15:56:39,2,1,,1,,1,,
71353500010538,75118154010538,2006,54,109,2439,150,1,2,2006,1,0.9,0.4,0.3,2007-10-02 09:58:15,2014-05-14 15:56:39,2,1,,1,,1,,
71353509010538,75118154010538,2006,54,109,2439,150,2,2,2006,1,0.9,1.1,0.4,2007-10-02 09:58:15,2014-05-14 15:56:39,2,1,,1,,1,,
71353519010538,75118154010538,2006,54,109,2439,150,3,2,2006,1,0.3,1.1,0.4,2007-10-02 09:58:15,2014-05-14 15:56:39,2,1,,1,,1,,
71353528010538,75118154010538,2006,54,109,2439,150,4,2,2006,1,0.1,0.4,0.1,2007-10-02 09:58:15,2014-05-14 15:56:39,2,1,,1,,1,,
71353502010538,75118154010538,2006,54,109,2439,270,1,2,2006,1,0.1,0.3,0.5,2007-10-02 09:58:15,2014-05-14 15:56:39,2,1,,1,,1,,
71353511010538,75118154010538,2006,54,109,2439,270,2,2,2006,1,0.0,0.0,0.0,2007-10-02 09:58:15,2014-05-14 15:56:39,2,1,,1,,1,,
71353521010538,75118154010538,2006,54,109,2439,270,3,2,2006,1,0.0,0.0,0.0,2007-10-02 09:58:15,2014-05-14 15:56:39,2,1,,1,,1,,
71353531010538,75118154010538,2006,54,109,2439,270,4,2,2006,2,,,,2007-10-02 09:58:15,2014-05-14 15:56:39,2,0,,0,,0,,
175059380010661,122560886010661,2007,54,11,1711,30,1,2,2007,1,0.0,0.3,0.9,2008-12-29 08:54:12,2014-05-14 15:56:42,2,1,,1,,1,,
175059383010661,122560886010661,2007,54,11,1711,30,2,2,2007,1,0.1,0.5,0.1,2008-12-29 08:54:12,2014-05-14 15:56:42,2,1,,1,,1,,
175059386010661,122560886010661,2007,54,11,1711,30,3,2,2007,2,,,,2008-12-29 08:54:12,2014-05-14 15:56:42,2,0,,0,,0,,
175059389010661,122560886010661,2007,54,11,1711,30,4,2,2007,3,0.0,4.9,0.5,2008-12-29 08:54:12,2014-05-14 15:56:42,2,1,,1,,1,,
175059381010661,122560886010661,2007,54,11,1711,150,1,2,2007,1,0.0,0.3,0.4,2008-12-29 08:54:12,2014-05-14 15:56:42,2,1,,1,,1,,
175059384010661,122560886010661,2007,54,11,1711,150,2,2,2007,1,0.0,0.2,0.1,2008-12-29 08:54:12,2014-05-14 15:56:42,2,1,,1,,1,,
175059387010661,122560886010661,2007,54,11,1711,150,3,2,2007,2,,,,2008-12-29 08:54:12,2014-05-14 15:56:42,2,0,,0,,0,,
175059390010661,122560886010661,2007,54,11,1711,150,4,2,2007,3,0.0,2.1,4.3,2008-12-29 08:54:12,2014-05-14 15:56:42,2,1,,1,,1,,
175059382010661,122560886010661,2007,54,11,1711,270,1,2,2007,1,0.1,0.4,0.4,2008-12-29 08:54:12,2014-05-14 15:56:42,2,1,,1,,1,,
175059385010661,122560886010661,2007,54,11,1711,270,2,2,2007,1,0.2,0.5,0.9,2008-12-29 08:54:12,2014-05-14 15:56:42,2,1,,1,,1,,
175059388010661,122560886010661,2007,54,11,1711,270,3,2,2007,2,,,,2008-12-29 08:54:12,2014-05-14 15:56:42,2,0,,0,,0,,
175059391010661,122560886010661,2007,54,11,1711,270,4,2,2007,3,0.0,1.7,3.6,2008-12-29 08:54:12,2014-05-14 15:56:42,2,1,,1,,1,,
175059525010661,122560562010661,2007,54,13,1984,30,1,2,2007,1,0.1,0.2,0.1,2008-12-29 08:54:12,2014-05-14 15:56:42,2,1,,1,,1,,
175059528010661,122560562010661,2007,54,13,1984,30,2,2,2007,1,0.0,0.2,0.2,2008-12-29 08:54:12,2014-05-14 15:56:43,2,1,,1,,1,,
175059531010661,122560562010661,2007,54,13,1984,30,3,2,2007,1,0.2,1.3,0.2,2008-12-29 08:54:12,2014-05-14 15:56:43,2,1,,1,,1,,
175059534010661,122560562010661,2007,54,13,1984,30,4,2,2007,1,0.2,0.1,0.1,2008-12-29 08:54:12,2014-05-14 15:56:43,2,1,,1,,1,,
175059526010661,122560562010661,2007,54,13,1984,150,1,2,2007,1,0.0,0.7,0.2,2008-12-29 08:54:12,2014-05-14 15:56:42,2,1,,1,,1,,
175059529010661,122560562010661,2007,54,13,1984,150,2,2,2007,1,0.1,0.4,0.1,2008-12-29 08:54:12,2014-05-14 15:56:43,2,1,,1,,1,,
175059532010661,122560562010661,2007,54,13,1984,150,3,2,2007,1,0.3,1.0,0.1,2008-12-29 08:54:12,2014-05-14 15:56:43,2,1,,1,,1,,
175059535010661,122560562010661,2007,54,13,1984,150,4,2,2007,1,0.3,0.1,0.1,2008-12-29 08:54:12,2014-05-14 15:56:43,2,1,,1,,1,,
175059527010661,122560562010661,2007,54,13,1984,270,1,2,2007,1,0.1,0.3,0.1,2008-12-29 08:54:12,2014-05-14 15:56:42,2,1,,1,,1,,
175059530010661,122560562010661,2007,54,13,1984,270,2,2,2007,1,0.3,0.7,1.1,2008-12-29 08:54:12,2014-05-14 15:56:43,2,1,,1,,1,,
175059533010661,122560562010661,2007,54,13,1984,270,3,2,2007,1,0.5,1.7,0.4,2008-12-29 08:54:12,2014-05-14 15:56:43,2,1,,1,,1,,
175059536010661,122560562010661,2007,54,13,1984,270,4,2,2007,1,0.0,0.2,0.1,2008-12-29 08:54:12,2014-05-14 15:56:43,2,1,,1,,1,,
175059712010661,122560452010661,2007,54,15,1739,30,1,2,2007,1,0.7,0.6,0.2,2008-12-29 08:54:12,2014-05-14 15:56:43,2,1,,1,,1,,
175059715010661,122560452010661,2007,54,15,1739,30,2,2,2007,1,0.6,1.1,0.8,2008-12-29 08:54:12,2014-05-14 15:56:43,2,1,,1,,1,,
175059718010661,122560452010661,2007,54,15,1739,30,3,2,2007,1,0.9,0.1,0.1,2008-12-29 08:54:12,2014-05-14 15:56:43,2,1,,1,,1,,
175059721010661,122560452010661,2007,54,15,1739,30,4,2,2007,1,3.0,1.2,0.2,2008-12-29 08:54:12,2014-05-14 15:56:43,2,1,,1,,1,,
175059713010661,122560452010661,2007,54,15,1739,150,1,2,2007,1,2.7,0.9,0.1,2008-12-29 08:54:12,2014-05-14 15:56:43,2,1,,1,,1,,
175059716010661,122560452010661,2007,54,15,1739,150,2,2,2007,1,1.2,1.0,0.5,2008-12-29 08:54:12,2014-05-14 15:56:43,2,1,,1,,1,,
175059719010661,122560452010661,2007,54,15,1739,150,3,2,2007,1,0.7,0.1,0.1,2008-12-29 08:54:12,2014-05-14 15:56:43,2,1,,1,,1,,
175059722010661,122560452010661,2007,54,15,1739,150,4,2,2007,1,0.9,0.2,0.2,2008-12-29 08:54:12,2014-05-14 15:56:43,2,1,,1,,1,,
175059714010661,122560452010661,2007,54,15,1739,270,1,2,2007,1,1.6,0.7,0.1,2008-12-29 08:54:12,2014-05-14 15:56:43,2,1,,1,,1,,
175059717010661,122560452010661,2007,54,15,1739,270,2,2,2007,1,1.9,1.4,1.2,2008-12-29 08:54:12,2014-05-14 15:56:43,2,1,,1,,1,,
175059720010661,122560452010661,2007,54,15,1739,270,3,2,2007,1,1.7,0.2,0.1,2008-12-29 08:54:12,2014-05-14 15:56:43,2,1,,1,,1,,
175059723010661,122560452010661,2007,54,15,1739,270,4,2,2007,1,0.3,0.1,0.1,2008-12-29 08:54:12,2014-05-14 15:56:43,2,1,,1,,1,,
175059805010661,122560400010661,2007,54,17,1836,30,1,2,2007,1,0.6,0.9,0.2,2008-12-29 08:54:12,2014-05-14 15:56:43,2,1,,1,,1,,
175059808010661,122560400010661,2007,54,17,1836,30,2,2,2007,1,0.4,0.6,0.3,2008-12-29 08:54:12,2014-05-14 15:56:43,2,1,,1,,1,,
175059811010661,122560400010661,2007,54,17,1836,30,3,2,2007,1,0.0,0.1,0.1,2008-12-29 08:54:12,2014-05-14 15:56:43,2,1,,1,,1,,
175059814010661,122560400010661,2007,54,17,1836,30,4,2,2007,1,0.0,0.1,0.1,2008-12-29 08:54:12,2014-05-14 15:56:43,2,1,,1,,1,,
175059806010661,122560400010661,2007,54,17,1836,150,1,2,2007,1,0.0,0.5,0.2,2008-12-29 08:54:12,2014-05-14 15:56:43,2,1,,1,,1,,
175059809010661,122560400010661,2007,54,17,1836,150,2,2,2007,1,0.0,0.1,0.1,2008-12-29 08:54:12,2014-05-14 15:56:43,2,1,,1,,1,,
175059812010661,122560400010661,2007,54,17,1836,150,3,2,2007,1,0.8,0.9,0.3,2008-12-29 08:54:12,2014-05-14 15:56:43,2,1,,1,,1,,
175059815010661,122560400010661,2007,54,17,1836,150,4,2,2007,1,1.2,1.9,0.3,2008-12-29 08:54:12,2014-05-14 15:56:43,2,1,,1,,1,,
175059807010661,122560400010661,2007,54,17,1836,270,1,2,2007,1,0.0,0.1,0.3,2008-12-29 08:54:12,2014-05-14 15:56:43,2,1,,1,,1,,
175059810010661,122560400010661,2007,54,17,1836,270,2,2,2007,1,1.1,0.9,0.2,2008-12-29 08:54:12,2014-05-14 15:56:43,2,1,,1,,1,,
175059813010661,122560400010661,2007,54,17,1836,270,3,2,2007,1,0.4,0.9,0.1,2008-12-29 08:54:12,2014-05-14 15:56:43,2,1,,1,,1,,
175059816010661,122560400010661,2007,54,17,1836,270,4,2,2007,1,0.3,0.4,0.4,2008-12-29 08:54:12,2014-05-14 15:56:43,2,1,,1,,1,,
175060056010661,122560472010661,2007,54,19,361,30,1,2,2007,1,0.1,0.5,0.1,2008-12-29 08:54:12,2014-05-14 15:56:43,2,1,,1,,1,,
175060059010661,122560472010661,2007,54,19,361,30,2,2,2007,2,0.0,0.2,0.3,2008-12-29 08:54:12,2014-05-14 15:56:43,2,1,,1,,1,,
175060062010661,122560472010661,2007,54,19,361,30,3,2,2007,2,0.0,0.1,0.1,2008-12-29 08:54:12,2014-05-14 15:56:43,2,1,,1,,1,,
175060065010661,122560472010661,2007,54,19,361,30,4,2,2007,1,0.1,0.3,0.1,2008-12-29 08:54:12,2014-05-14 15:56:43,2,1,,1,,1,,
175060057010661,122560472010661,2007,54,19,361,150,1,2,2007,1,0.4,0.2,0.1,2008-12-29 08:54:12,2014-05-14 15:56:43,2,1,,1,,1,,
175060060010661,122560472010661,2007,54,19,361,150,2,2,2007,2,0.1,0.8,0.1,2008-12-29 08:54:12,2014-05-14 15:56:43,2,1,,1,,1,,
175060063010661,122560472010661,2007,54,19,361,150,3,2,2007,2,0.0,0.2,0.1,2008-12-29 08:54:12,2014-05-14 15:56:43,2,1,,1,,1,,
175060066010661,122560472010661,2007,54,19,361,150,4,2,2007,1,0.3,1.2,0.1,2008-12-29 08:54:12,2014-05-14 15:56:43,2,1,,1,,1,,
175060058010661,122560472010661,2007,54,19,361,270,1,2,2007,1,0.3,1.0,1.0,2008-12-29 08:54:12,2014-05-14 15:56:43,2,1,,1,,1,,
175060061010661,122560472010661,2007,54,19,361,270,2,2,2007,2,0.1,0.5,0.4,2008-12-29 08:54:12,2014-05-14 15:56:43,2,1,,1,,1,,
175060064010661,122560472010661,2007,54,19,361,270,3,2,2007,2,0.0,0.5,0.4,2008-12-29 08:54:12,2014-05-14 15:56:43,2,1,,1,,1,,
175060067010661,122560472010661,2007,54,19,361,270,4,2,2007,1,0.4,2.1,0.2,2008-12-29 08:54:12,2014-05-14 15:56:43,2,1,,1,,1,,
175060229010661,122560424010661,2007,54,21,1777,30,1,2,2007,1,0.6,0.7,0.5,2008-12-29 08:54:12,2014-05-14 15:56:43,2,1,,1,,1,,
175060232010661,122560424010661,2007,54,21,1777,30,2,2,2007,1,0.6,0.5,0.1,2008-12-29 08:54:12,2014-05-14 15:56:43,2,1,,1,,1,,
175060235010661,122560424010661,2007,54,21,1777,30,3,2,2007,1,0.0,0.1,0.1,2008-12-29 08:54:12,2014-05-14 15:56:43,2,1,,1,,1,,
175060238010661,122560424010661,2007,54,21,1777,30,4,2,2007,1,0.0,0.1,0.1,2008-12-29 08:54:12,2014-05-14 15:56:43,2,1,,1,,1,,
175060230010661,122560424010661,2007,54,21,1777,150,1,2,2007,1,0.0,0.0,0.0,2008-12-29 08:54:12,2014-05-14 15:56:43,2,1,,1,,1,,
175060233010661,122560424010661,2007,54,21,1777,150,2,2,2007,1,0.1,0.1,0.2,2008-12-29 08:54:12,2014-05-14 15:56:43,2,1,,1,,1,,
175060236010661,122560424010661,2007,54,21,1777,150,3,2,2007,1,0.0,0.0,0.1,2008-12-29 08:54:12,2014-05-14 15:56:43,2,1,,1,,1,,
175060239010661,122560424010661,2007,54,21,1777,150,4,2,2007,1,0.0,0.4,0.1,2008-12-29 08:54:12,2014-05-14 15:56:43,2,1,,1,,1,,
175060231010661,122560424010661,2007,54,21,1777,270,1,2,2007,1,0.1,0.2,0.1,2008-12-29 08:54:12,2014-05-14 15:56:43,2,1,,1,,1,,
175060234010661,122560424010661,2007,54,21,1777,270,2,2,2007,1,1.5,1.2,0.1,2008-12-29 08:54:12,2014-05-14 15:56:43,2,1,,1,,1,,
175060237010661,122560424010661,2007,54,21,1777,270,3,2,2007,1,0.0,0.6,0.4,2008-12-29 08:54:12,2014-05-14 15:56:43,2,1,,1,,1,,
175060240010661,122560424010661,2007,54,21,1777,270,4,2,2007,1,0.2,0.4,0.1,2008-12-29 08:54:12,2014-05-14 15:56:43,2,1,,1,,1,,
42802586020004,122560922010661,2007,54,23,1064,30,1,2,2007,1,,,,2012-06-06 07:13:27,2014-05-14 15:57:41,2,0,,0,,0,,
42802583020004,122560922010661,2007,54,23,1064,30,2,2,2007,1,,,,2012-06-06 07:13:27,2014-05-14 15:57:41,2,0,,0,,0,,
42802584020004,122560922010661,2007,54,23,1064,30,3,2,2007,1,,,,2012-06-06 07:13:27,2014-05-14 15:57:41,2,0,,0,,0,,
42802581020004,122560922010661,2007,54,23,1064,30,4,2,2007,1,,,,2012-06-06 07:13:27,2014-05-14 15:57:41,2,0,,0,,0,,
42802576020004,122560922010661,2007,54,23,1064,150,1,2,2007,1,,,,2012-06-06 07:13:27,2014-05-14 15:57:41,2,0,,0,,0,,
42802577020004,122560922010661,2007,54,23,1064,150,2,2,2007,1,,,,2012-06-06 07:13:27,2014-05-14 15:57:41,2,0,,0,,0,,
42802582020004,122560922010661,2007,54,23,1064,150,3,2,2007,1,,,,2012-06-06 07:13:27,2014-05-14 15:57:41,2,0,,0,,0,,
42802578020004,122560922010661,2007,54,23,1064,150,4,2,2007,1,,,,2012-06-06 07:13:27,2014-05-14 15:57:41,2,0,,0,,0,,
42802579020004,122560922010661,2007,54,23,1064,270,1,2,2007,1,,,,2012-06-06 07:13:27,2014-05-14 15:57:41,2,0,,0,,0,,
42802585020004,122560922010661,2007,54,23,1064,270,2,2,2007,1,,,,2012-06-06 07:13:27,2014-05-14 15:57:41,2,0,,0,,0,,
42802587020004,122560922010661,2007,54,23,1064,270,3,2,2007,1,,,,2012-06-06 07:13:27,2014-05-14 15:57:41,2,0,,0,,0,,
42802580020004,122560922010661,2007,54,23,1064,270,4,2,2007,1,,,,2012-06-06 07:13:27,2014-05-14 15:57:41,2,0,,0,,0,,
175060399010661,122560220010661,2007,54,25,677,30,1,2,2007,1,2.0,0.5,0.4,2008-12-29 08:54:12,2014-05-14 15:56:43,2,1,,1,,1,,
175060402010661,122560220010661,2007,54,25,677,30,2,2,2007,1,1.0,4.4,1.9,2008-12-29 08:54:12,2014-05-14 15:56:43,2,1,,1,,1,,
175060403010661,122560220010661,2007,54,25,677,30,3,2,2007,1,1.3,0.9,0.2,2008-12-29 08:54:12,2014-05-14 15:56:43,2,1,,1,,1,,
175060406010661,122560220010661,2007,54,25,677,30,4,2,2007,1,0.4,1.2,0.2,2008-12-29 08:54:12,2014-05-14 15:56:43,2,1,,1,,1,,
175060400010661,122560220010661,2007,54,25,677,150,1,2,2007,1,0.8,1.8,0.2,2008-12-29 08:54:12,2014-05-14 15:56:43,2,1,,1,,1,,
42802431020004,122560220010661,2007,54,25,677,150,2,2,2007,2,,,,2012-06-06 07:13:27,2014-05-14 15:57:41,2,0,,0,,0,,
175060404010661,122560220010661,2007,54,25,677,150,3,2,2007,1,1.2,2.4,0.3,2008-12-29 08:54:12,2014-05-14 15:56:43,2,1,,1,,1,,
175060407010661,122560220010661,2007,54,25,677,150,4,2,2007,1,0.4,0.8,0.1,2008-12-29 08:54:12,2014-05-14 15:56:43,2,1,,1,,1,,
175060401010661,122560220010661,2007,54,25,677,270,1,2,2007,1,1.7,0.5,0.2,2008-12-29 08:54:12,2014-05-14 15:56:43,2,1,,1,,1,,
42802432020004,122560220010661,2007,54,25,677,270,2,2,2007,2,,,,2012-06-06 07:13:27,2014-05-14 15:57:41,2,0,,0,,0,,
175060405010661,122560220010661,2007,54,25,677,270,3,2,2007,1,1.4,1.2,0.2,2008-12-29 08:54:12,2014-05-14 15:56:43,2,1,,1,,1,,
175060408010661,122560220010661,2007,54,25,677,270,4,2,2007,1,0.3,1.8,0.2,2008-12-29 08:54:12,2014-05-14 15:56:43,2,1,,1,,1,,
42802228020004,122559848010661,2007,54,31,1534,30,1,2,2007,1,,,,2012-06-06 07:13:27,2014-05-14 15:57:43,2,0,,0,,0,,
42802226020004,122559848010661,2007,54,31,1534,30,2,2,2007,1,,,,2012-06-06 07:13:27,2014-05-14 15:57:43,2,0,,0,,0,,
42802227020004,122559848010661,2007,54,31,1534,30,3,2,2007,1,,,,2012-06-06 07:13:27,2014-05-14 15:57:43,2,0,,0,,0,,
42802224020004,122559848010661,2007,54,31,1534,30,4,2,2007,1,,,,2012-06-06 07:13:27,2014-05-14 15:57:43,2,0,,0,,0,,
42802218020004,122559848010661,2007,54,31,1534,150,1,2,2007,1,,,,2012-06-06 07:13:27,2014-05-14 15:57:43,2,0,,0,,0,,
42802219020004,122559848010661,2007,54,31,1534,150,2,2,2007,1,,,,2012-06-06 07:13:27,2014-05-14 15:57:43,2,0,,0,,0,,
42802222020004,122559848010661,2007,54,31,1534,150,3,2,2007,1,,,,2012-06-06 07:13:27,2014-05-14 15:57:43,2,0,,0,,0,,
42802221020004,122559848010661,2007,54,31,1534,150,4,2,2007,1,,,,2012-06-06 07:13:27,2014-05-14 15:57:43,2,0,,0,,0,,
42802220020004,122559848010661,2007,54,31,1534,270,1,2,2007,1,,,,2012-06-06 07:13:27,2014-05-14 15:57:43,2,0,,0,,0,,
42802225020004,122559848010661,2007,54,31,1534,270,2,2,2007,1,,,,2012-06-06 07:13:27,2014-05-14 15:57:43,2,0,,0,,0,,
42802229020004,122559848010661,2007,54,31,1534,270,3,2,2007,1,,,,2012-06-06 07:13:27,2014-05-14 15:57:43,2,0,,0,,0,,
42802223020004,122559848010661,2007,54,31,1534,270,4,2,2007,1,,,,2012-06-06 07:13:27,2014-05-14 15:57:43,2,0,,0,,0,,
175060522010661,122560712010661,2007,54,39,2504,30,1,2,2007,1,,,,2008-12-29 08:54:12,2014-05-14 15:56:43,2,0,,0,,0,,
175060525010661,122560712010661,2007,54,39,2504,30,2,2,2007,1,,,,2008-12-29 08:54:12,2014-05-14 15:56:43,2,0,,0,,0,,
175060528010661,122560712010661,2007,54,39,2504,30,3,2,2007,2,,,,2008-12-29 08:54:12,2014-05-14 15:56:43,2,0,,0,,0,,
175060531010661,122560712010661,2007,54,39,2504,30,4,2,2007,1,,,,2008-12-29 08:54:12,2014-05-14 15:56:43,2,0,,0,,0,,
175060523010661,122560712010661,2007,54,39,2504,150,1,2,2007,1,,,,2008-12-29 08:54:12,2014-05-14 15:56:43,2,0,,0,,0,,
175060526010661,122560712010661,2007,54,39,2504,150,2,2,2007,1,,,,2008-12-29 08:54:12,2014-05-14 15:56:43,2,0,,0,,0,,
175060529010661,122560712010661,2007,54,39,2504,150,3,2,2007,2,0.1,0.1,0.2,2008-12-29 08:54:12,2014-05-14 15:56:43,2,1,,1,,1,,
175060532010661,122560712010661,2007,54,39,2504,150,4,2,2007,1,,,,2008-12-29 08:54:12,2014-05-14 15:56:43,2,0,,0,,0,,
175060524010661,122560712010661,2007,54,39,2504,270,1,2,2007,1,,,,2008-12-29 08:54:12,2014-05-14 15:56:43,2,0,,0,,0,,
175060527010661,122560712010661,2007,54,39,2504,270,2,2,2007,1,,,,2008-12-29 08:54:12,2014-05-14 15:56:43,2,0,,0,,0,,
175060530010661,122560712010661,2007,54,39,2504,270,3,2,2007,1,,,,2008-12-29 08:54:12,2014-05-14 15:56:43,2,0,,0,,0,,
175060533010661,122560712010661,2007,54,39,2504,270,4,2,2007,1,,,,2008-12-29 08:54:12,2014-05-14 15:56:43,2,0,,0,,0,,
175060592010661,122561056010661,2007,54,45,284,30,1,2,2007,1,0.0,1.6,0.3,2008-12-29 08:54:12,2014-05-14 15:56:43,2,1,,1,,1,,
175060595010661,122561056010661,2007,54,45,284,30,2,2,2007,1,0.7,1.6,0.2,2008-12-29 08:54:12,2014-05-14 15:56:43,2,1,,1,,1,,
175060598010661,122561056010661,2007,54,45,284,30,3,2,2007,1,0.0,0.1,0.1,2008-12-29 08:54:12,2014-05-14 15:56:43,2,1,,1,,1,,
175060601010661,122561056010661,2007,54,45,284,30,4,2,2007,1,0.0,0.0,0.2,2008-12-29 08:54:12,2014-05-14 15:56:43,2,1,,1,,1,,
175060593010661,122561056010661,2007,54,45,284,150,1,2,2007,1,0.0,0.7,0.2,2008-12-29 08:54:12,2014-05-14 15:56:43,2,1,,1,,1,,
175060596010661,122561056010661,2007,54,45,284,150,2,2,2007,1,0.0,0.1,0.1,2008-12-29 08:54:12,2014-05-14 15:56:43,2,1,,1,,1,,
175060599010661,122561056010661,2007,54,45,284,150,3,2,2007,1,0.0,0.0,0.1,2008-12-29 08:54:12,2014-05-14 15:56:43,2,1,,1,,1,,
175060602010661,122561056010661,2007,54,45,284,150,4,2,2007,1,0.1,0.4,0.2,2008-12-29 08:54:12,2014-05-14 15:56:43,2,1,,1,,1,,
175060594010661,122561056010661,2007,54,45,284,270,1,2,2007,1,0.0,0.0,0.2,2008-12-29 08:54:12,2014-05-14 15:56:43,2,1,,1,,1,,
175060597010661,122561056010661,2007,54,45,284,270,2,2,2007,1,0.1,0.9,0.3,2008-12-29 08:54:12,2014-05-14 15:56:43,2,1,,1,,1,,
175060600010661,122561056010661,2007,54,45,284,270,3,2,2007,1,0.0,0.1,0.1,2008-12-29 08:54:12,2014-05-14 15:56:43,2,1,,1,,1,,
175060603010661,122561056010661,2007,54,45,284,270,4,2,2007,1,1.1,0.3,1.2,2008-12-29 08:54:12,2014-05-14 15:56:43,2,1,,1,,1,,
175060734010661,122560278010661,2007,54,49,1524,30,1,2,2007,1,0.1,0.1,1.2,2008-12-29 08:54:12,2014-05-14 15:56:43,2,1,,1,,1,,
175060737010661,122560278010661,2007,54,49,1524,30,2,2,2007,2,,,,2008-12-29 08:54:12,2014-05-14 15:56:43,2,0,,0,,0,,
175060740010661,122560278010661,2007,54,49,1524,30,3,2,2007,1,0.0,0.0,0.3,2008-12-29 08:54:12,2014-05-14 15:56:43,2,1,,1,,1,,
175060743010661,122560278010661,2007,54,49,1524,30,4,2,2007,2,,,,2008-12-29 08:54:12,2014-05-14 15:56:43,2,0,,0,,0,,
175060735010661,122560278010661,2007,54,49,1524,150,1,2,2007,1,0.1,0.1,6.0,2008-12-29 08:54:12,2014-05-14 15:56:43,2,1,,1,,1,,
175060738010661,122560278010661,2007,54,49,1524,150,2,2,2007,2,,,,2008-12-29 08:54:12,2014-05-14 15:56:43,2,0,,0,,0,,
175060741010661,122560278010661,2007,54,49,1524,150,3,2,2007,1,0.0,0.1,0.1,2008-12-29 08:54:12,2014-05-14 15:56:43,2,1,,1,,1,,
175060744010661,122560278010661,2007,54,49,1524,150,4,2,2007,2,,,,2008-12-29 08:54:12,2014-05-14 15:56:43,2,0,,0,,0,,
175060736010661,122560278010661,2007,54,49,1524,270,1,2,2007,2,,,,2008-12-29 08:54:12,2014-05-14 15:56:43,2,0,,0,,0,,
175060739010661,122560278010661,2007,54,49,1524,270,2,2,2007,1,0.3,1.9,0.2,2008-12-29 08:54:12,2014-05-14 15:56:43,2,1,,1,,1,,
175060742010661,122560278010661,2007,54,49,1524,270,3,2,2007,1,0.1,0.2,4.4,2008-12-29 08:54:12,2014-05-14 15:56:43,2,1,,1,,1,,
175060745010661,122560278010661,2007,54,49,1524,270,4,2,2007,1,0.3,0.5,2.0,2008-12-29 08:54:12,2014-05-14 15:56:43,2,1,,1,,1,,
175060898010661,122561064010661,2007,54,51,785,30,1,2,2007,1,0.4,1.0,5.0,2008-12-29 08:54:12,2014-05-14 15:56:43,2,1,,1,,1,,
175060901010661,122561064010661,2007,54,51,785,30,2,2,2007,1,0.1,1.2,0.1,2008-12-29 08:54:12,2014-05-14 15:56:43,2,1,,1,,1,,
175060904010661,122561064010661,2007,54,51,785,30,3,2,2007,1,0.1,0.3,0.8,2008-12-29 08:54:12,2014-05-14 15:56:43,2,1,,1,,1,,
42802653020004,122561064010661,2007,54,51,785,30,4,2,2007,2,,,,2012-06-06 07:13:28,2014-05-14 15:57:41,2,0,,0,,0,,
175060899010661,122561064010661,2007,54,51,785,150,1,2,2007,1,0.3,0.7,1.0,2008-12-29 08:54:12,2014-05-14 15:56:43,2,1,,1,,1,,
175060902010661,122561064010661,2007,54,51,785,150,2,2,2007,1,0.2,1.3,0.2,2008-12-29 08:54:12,2014-05-14 15:56:43,2,1,,1,,1,,
175060905010661,122561064010661,2007,54,51,785,150,3,2,2007,1,0.1,0.3,0.1,2008-12-29 08:54:12,2014-05-14 15:56:43,2,1,,1,,1,,
175060907010661,122561064010661,2007,54,51,785,150,4,2,2007,1,0.1,0.5,0.1,2008-12-29 08:54:12,2014-05-14 15:56:43,2,1,,1,,1,,
175060900010661,122561064010661,2007,54,51,785,270,1,2,2007,1,0.2,1.4,1.0,2008-12-29 08:54:12,2014-05-14 15:56:43,2,1,,1,,1,,
175060903010661,122561064010661,2007,54,51,785,270,2,2,2007,1,0.3,1.2,0.1,2008-12-29 08:54:12,2014-05-14 15:56:43,2,1,,1,,1,,
175060906010661,122561064010661,2007,54,51,785,270,3,2,2007,1,0.1,0.2,0.1,2008-12-29 08:54:12,2014-05-14 15:56:43,2,1,,1,,1,,
42802652020004,122561064010661,2007,54,51,785,270,4,2,2007,2,,,,2012-06-06 07:13:28,2014-05-14 15:57:41,2,0,,0,,0,,
175061025010661,122560862010661,2007,54,53,1601,30,1,2,2007,1,0.6,1.7,0.9,2008-12-29 08:54:12,2014-05-14 15:56:43,2,1,,1,,1,,
175061028010661,122560862010661,2007,54,53,1601,30,2,2,2007,1,1.2,1.4,0.5,2008-12-29 08:54:12,2014-05-14 15:56:43,2,1,,1,,1,,
175061031010661,122560862010661,2007,54,53,1601,30,3,2,2007,1,0.1,0.2,0.1,2008-12-29 08:54:12,2014-05-14 15:56:39,2,1,,1,,1,,
175061034010661,122560862010661,2007,54,53,1601,30,4,2,2007,1,0.1,0.1,0.7,2008-12-29 08:54:12,2014-05-14 15:56:39,2,1,,1,,1,,
175061026010661,122560862010661,2007,54,53,1601,150,1,2,2007,1,0.2,1.1,0.4,2008-12-29 08:54:12,2014-05-14 15:56:43,2,1,,1,,1,,
175061029010661,122560862010661,2007,54,53,1601,150,2,2,2007,1,0.6,2.7,0.9,2008-12-29 08:54:12,2014-05-14 15:56:43,2,1,,1,,1,,
175061032010661,122560862010661,2007,54,53,1601,150,3,2,2007,1,,,0.7,2008-12-29 08:54:12,2014-05-14 15:56:39,2,0,,0,,1,,
175061035010661,122560862010661,2007,54,53,1601,150,4,2,2007,1,0.2,0.3,0.1,2008-12-29 08:54:12,2014-05-14 15:56:39,2,1,,1,,1,,
175061027010661,122560862010661,2007,54,53,1601,270,1,2,2007,1,0.1,0.5,0.1,2008-12-29 08:54:12,2014-05-14 15:56:43,2,1,,1,,1,,
175061030010661,122560862010661,2007,54,53,1601,270,2,2,2007,1,0.5,1.7,0.9,2008-12-29 08:54:12,2014-05-14 15:56:39,2,1,,1,,1,,
175061033010661,122560862010661,2007,54,53,1601,270,3,2,2007,1,0.3,3.3,1.2,2008-12-29 08:54:12,2014-05-14 15:56:39,2,1,,1,,1,,
175061036010661,122560862010661,2007,54,53,1601,270,4,2,2007,1,,,,2008-12-29 08:54:12,2014-05-14 15:56:39,2,0,,0,,0,,
175061163010661,122560344010661,2007,54,67,2125,30,1,2,2007,1,0.8,0.7,0.9,2008-12-29 08:54:12,2014-05-14 15:56:39,2,1,,1,,1,,
175061166010661,122560344010661,2007,54,67,2125,30,2,2,2007,1,1.1,0.7,0.4,2008-12-29 08:54:12,2014-05-14 15:56:39,2,1,,1,,1,,
175061169010661,122560344010661,2007,54,67,2125,30,3,2,2007,1,1.6,0.9,0.8,2008-12-29 08:54:12,2014-05-14 15:56:39,2,1,,1,,1,,
175061172010661,122560344010661,2007,54,67,2125,30,4,2,2007,1,1.7,0.4,0.1,2008-12-29 08:54:12,2014-05-14 15:56:39,2,1,,1,,1,,
175061164010661,122560344010661,2007,54,67,2125,150,1,2,2007,1,0.3,0.9,0.2,2008-12-29 08:54:12,2014-05-14 15:56:39,2,1,,1,,1,,
175061167010661,122560344010661,2007,54,67,2125,150,2,2,2007,1,1.9,0.7,1.5,2008-12-29 08:54:12,2014-05-14 15:56:39,2,1,,1,,1,,
175061170010661,122560344010661,2007,54,67,2125,150,3,2,2007,1,0.1,0.3,0.1,2008-12-29 08:54:12,2014-05-14 15:56:39,2,1,,1,,1,,
175061173010661,122560344010661,2007,54,67,2125,150,4,2,2007,1,0.6,1.6,0.3,2008-12-29 08:54:12,2014-05-14 15:56:39,2,1,,1,,1,,
175061165010661,122560344010661,2007,54,67,2125,270,1,2,2007,1,,,,2008-12-29 08:54:12,2014-05-14 15:56:39,2,0,,0,,0,,
175061168010661,122560344010661,2007,54,67,2125,270,2,2,2007,1,0.3,0.6,0.2,2008-12-29 08:54:12,2014-05-14 15:56:39,2,1,,1,,1,,
175061171010661,122560344010661,2007,54,67,2125,270,3,2,2007,1,0.2,0.3,0.1,2008-12-29 08:54:12,2014-05-14 15:56:39,2,1,,1,,1,,
175061174010661,122560344010661,2007,54,67,2125,270,4,2,2007,1,2.2,0.7,0.1,2008-12-29 08:54:12,2014-05-14 15:56:39,2,1,,1,,1,,
175061268010661,122559864010661,2007,54,71,525,30,1,2,2007,1,0.7,0.9,0.2,2008-12-29 08:54:12,2014-05-14 15:56:39,2,1,,1,,1,,
175061271010661,122559864010661,2007,54,71,525,30,2,2,2007,1,0.3,0.2,0.1,2008-12-29 08:54:12,2014-05-14 15:56:39,2,1,,1,,1,,
175061274010661,122559864010661,2007,54,71,525,30,3,2,2007,1,0.2,0.3,0.3,2008-12-29 08:54:12,2014-05-14 15:56:39,2,1,,1,,1,,
175061277010661,122559864010661,2007,54,71,525,30,4,2,2007,1,0.2,1.5,0.3,2008-12-29 08:54:12,2014-05-14 15:56:39,2,1,,1,,1,,
175061269010661,122559864010661,2007,54,71,525,150,1,2,2007,1,0.9,0.5,0.1,2008-12-29 08:54:12,2014-05-14 15:56:39,2,1,,1,,1,,
175061272010661,122559864010661,2007,54,71,525,150,2,2,2007,1,0.8,0.7,0.4,2008-12-29 08:54:12,2014-05-14 15:56:39,2,1,,1,,1,,
175061275010661,122559864010661,2007,54,71,525,150,3,2,2007,1,1.5,0.9,0.8,2008-12-29 08:54:12,2014-05-14 15:56:39,2,1,,1,,1,,
175061278010661,122559864010661,2007,54,71,525,150,4,2,2007,1,0.1,0.3,0.1,2008-12-29 08:54:12,2014-05-14 15:56:39,2,1,,1,,1,,
175061270010661,122559864010661,2007,54,71,525,270,1,2,2007,1,0.4,1.5,0.2,2008-12-29 08:54:12,2014-05-14 15:56:39,2,1,,1,,1,,
175061273010661,122559864010661,2007,54,71,525,270,2,2,2007,1,0.1,3.0,1.0,2008-12-29 08:54:12,2014-05-14 15:56:39,2,1,,1,,1,,
175061276010661,122559864010661,2007,54,71,525,270,3,2,2007,1,,,,2008-12-29 08:54:12,2014-05-14 15:56:39,2,0,,0,,0,,
175061279010661,122559864010661,2007,54,71,525,270,4,2,2007,1,0.4,0.6,0.1,2008-12-29 08:54:12,2014-05-14 15:56:39,2,1,,1,,1,,
42802164020004,122559960010661,2007,54,75,1943,30,1,2,2007,1,,,,2012-06-06 07:13:26,2014-05-14 15:57:43,2,0,,0,,0,,
42802163020004,122559960010661,2007,54,75,1943,30,2,2,2007,1,,,,2012-06-06 07:13:26,2014-05-14 15:57:43,2,0,,0,,0,,
42802161020004,122559960010661,2007,54,75,1943,30,3,2,2007,1,,,,2012-06-06 07:13:26,2014-05-14 15:57:43,2,0,,0,,0,,
42802160020004,122559960010661,2007,54,75,1943,30,4,2,2007,1,,,,2012-06-06 07:13:26,2014-05-14 15:57:43,2,0,,0,,0,,
42802154020004,122559960010661,2007,54,75,1943,150,1,2,2007,2,,,,2012-06-06 07:13:26,2016-09-29 07:43:54,2,0,,0,,0,,
42802157020004,122559960010661,2007,54,75,1943,150,2,2,2007,1,,,,2012-06-06 07:13:26,2014-05-14 15:57:43,2,0,,0,,0,,
42802158020004,122559960010661,2007,54,75,1943,150,3,2,2007,1,,,,2012-06-06 07:13:26,2014-05-14 15:57:43,2,0,,0,,0,,
42802156020004,122559960010661,2007,54,75,1943,150,4,2,2007,1,,,,2012-06-06 07:13:26,2014-05-14 15:57:43,2,0,,0,,0,,
42802155020004,122559960010661,2007,54,75,1943,270,1,2,2007,1,,,,2012-06-06 07:13:26,2014-05-14 15:57:43,2,0,,0,,0,,
42802162020004,122559960010661,2007,54,75,1943,270,2,2,2007,1,,,,2012-06-06 07:13:26,2014-05-14 15:57:43,2,0,,0,,0,,
42802165020004,122559960010661,2007,54,75,1943,270,3,2,2007,1,,,,2012-06-06 07:13:26,2014-05-14 15:57:43,2,0,,0,,0,,
42802159020004,122559960010661,2007,54,75,1943,270,4,2,2007,1,,,,2012-06-06 07:13:26,2014-05-14 15:57:43,2,0,,0,,0,,
175062967010661,122559940010661,2007,54,75,2500,30,1,2,2007,1,0.2,0.4,0.1,2008-12-29 08:54:12,2014-05-14 15:56:39,2,1,,1,,1,,
175062970010661,122559940010661,2007,54,75,2500,30,2,2,2007,1,0.9,1.0,0.1,2008-12-29 08:54:12,2014-05-14 15:56:39,2,1,,1,,1,,
175062973010661,122559940010661,2007,54,75,2500,30,3,2,2007,1,0.5,0.6,0.2,2008-12-29 08:54:12,2014-05-14 15:56:39,2,1,,1,,1,,
175062976010661,122559940010661,2007,54,75,2500,30,4,2,2007,1,0.6,1.0,0.1,2008-12-29 08:54:12,2014-05-14 15:56:39,2,1,,1,,1,,
175062968010661,122559940010661,2007,54,75,2500,150,1,2,2007,1,,,,2008-12-29 08:54:12,2014-05-14 15:56:39,2,0,,0,,0,,
175062971010661,122559940010661,2007,54,75,2500,150,2,2,2007,1,0.6,0.8,0.2,2008-12-29 08:54:12,2014-05-14 15:56:39,2,1,,1,,1,,
175062974010661,122559940010661,2007,54,75,2500,150,3,2,2007,1,0.9,0.7,0.1,2008-12-29 08:54:12,2014-05-14 15:56:39,2,1,,1,,1,,
175062977010661,122559940010661,2007,54,75,2500,150,4,2,2007,1,0.5,0.8,0.1,2008-12-29 08:54:12,2014-05-14 15:56:39,2,1,,1,,1,,
175062969010661,122559940010661,2007,54,75,2500,270,1,2,2007,1,0.6,0.9,0.1,2008-12-29 08:54:12,2014-05-14 15:56:39,2,1,,1,,1,,
175062972010661,122559940010661,2007,54,75,2500,270,2,2,2007,1,0.9,1.0,0.1,2008-12-29 08:54:12,2014-05-14 15:56:39,2,1,,1,,1,,
175062975010661,122559940010661,2007,54,75,2500,270,3,2,2007,1,0.8,1.1,0.1,2008-12-29 08:54:12,2014-05-14 15:56:39,2,1,,1,,1,,
175062978010661,122559940010661,2007,54,75,2500,270,4,2,2007,1,0.3,0.9,0.1,2008-12-29 08:54:12,2014-05-14 15:56:39,2,1,,1,,1,,
175061373010661,122560808010661,2007,54,79,879,30,1,2,2007,1,0.1,0.7,1.4,2008-12-29 08:54:12,2014-05-14 15:56:39,2,1,,1,,1,,
175061376010661,122560808010661,2007,54,79,879,30,2,2,2007,1,0.1,1.8,0.2,2008-12-29 08:54:12,2014-05-14 15:56:39,2,1,,1,,1,,
175061379010661,122560808010661,2007,54,79,879,30,3,2,2007,1,,,0.9,2008-12-29 08:54:12,2014-05-14 15:56:39,2,0,,0,,1,,
175061382010661,122560808010661,2007,54,79,879,30,4,2,2007,1,0.1,0.4,0.4,2008-12-29 08:54:12,2014-05-14 15:56:39,2,1,,1,,1,,
175061374010661,122560808010661,2007,54,79,879,150,1,2,2007,1,0.1,0.5,0.6,2008-12-29 08:54:12,2014-05-14 15:56:39,2,1,,1,,1,,
175061377010661,122560808010661,2007,54,79,879,150,2,2,2007,1,0.1,0.2,0.1,2008-12-29 08:54:12,2014-05-14 15:56:39,2,1,,1,,1,,
175061380010661,122560808010661,2007,54,79,879,150,3,2,2007,1,0.0,0.2,0.1,2008-12-29 08:54:12,2014-05-14 15:56:39,2,1,,1,,1,,
175061383010661,122560808010661,2007,54,79,879,150,4,2,2007,1,0.1,1.4,0.3,2008-12-29 08:54:12,2014-05-14 15:56:39,2,1,,1,,1,,
175061375010661,122560808010661,2007,54,79,879,270,1,2,2007,1,0.3,0.9,0.2,2008-12-29 08:54:12,2014-05-14 15:56:39,2,1,,1,,1,,
175061378010661,122560808010661,2007,54,79,879,270,2,2,2007,1,0.0,0.1,0.1,2008-12-29 08:54:12,2014-05-14 15:56:39,2,1,,1,,1,,
175061381010661,122560808010661,2007,54,79,879,270,3,2,2007,1,0.1,0.6,0.1,2008-12-29 08:54:12,2014-05-14 15:56:39,2,1,,1,,1,,
175061384010661,122560808010661,2007,54,79,879,270,4,2,2007,1,0.1,0.3,0.6,2008-12-29 08:54:12,2014-05-14 15:56:39,2,1,,1,,1,,
175061547010661,122560048010661,2007,54,83,112,30,1,2,2007,1,0.0,0.0,0.5,2008-12-29 08:54:12,2014-05-14 15:56:39,2,1,,1,,1,,
175061550010661,122560048010661,2007,54,83,112,30,2,2,2007,1,0.0,0.0,0.8,2008-12-29 08:54:12,2014-05-14 15:56:39,2,1,,1,,1,,
175061553010661,122560048010661,2007,54,83,112,30,3,2,2007,1,0.0,0.0,0.4,2008-12-29 08:54:12,2014-05-14 15:56:39,2,1,,1,,1,,
42802375020004,122560048010661,2007,54,83,112,30,4,2,2007,2,,,,2012-06-06 07:13:27,2014-05-14 15:57:41,2,0,,0,,0,,
175061548010661,122560048010661,2007,54,83,112,150,1,2,2007,1,,,2.0,2008-12-29 08:54:12,2014-05-14 15:56:39,2,0,,0,,1,,
175061551010661,122560048010661,2007,54,83,112,150,2,2,2007,1,0.0,0.0,0.1,2008-12-29 08:54:12,2014-05-14 15:56:39,2,1,,1,,1,,
175061554010661,122560048010661,2007,54,83,112,150,3,2,2007,1,,,0.6,2008-12-29 08:54:12,2014-05-14 15:56:39,2,0,,0,,1,,
42802374020004,122560048010661,2007,54,83,112,150,4,2,2007,2,,,,2012-06-06 07:13:27,2014-05-14 15:57:41,2,0,,0,,0,,
175061549010661,122560048010661,2007,54,83,112,270,1,2,2007,1,0.0,0.0,0.2,2008-12-29 08:54:12,2014-05-14 15:56:39,2,1,,1,,1,,
175061552010661,122560048010661,2007,54,83,112,270,2,2,2007,1,0.0,0.0,0.1,2008-12-29 08:54:12,2014-05-14 15:56:39,2,1,,1,,1,,
175061555010661,122560048010661,2007,54,83,112,270,3,2,2007,1,0.1,0.1,0.5,2008-12-29 08:54:12,2014-05-14 15:56:39,2,1,,1,,1,,
42802376020004,122560048010661,2007,54,83,112,270,4,2,2007,2,,,,2012-06-06 07:13:27,2014-05-14 15:57:41,2,0,,0,,0,,
175061660010661,122560652010661,2007,54,85,240,30,1,2,2007,1,0.1,0.4,0.1,2008-12-29 08:54:12,2014-05-14 15:56:39,2,1,,1,,1,,
175061663010661,122560652010661,2007,54,85,240,30,2,2,2007,1,0.0,0.3,0.2,2008-12-29 08:54:12,2014-05-14 15:56:39,2,1,,1,,1,,
175061666010661,122560652010661,2007,54,85,240,30,3,2,2007,1,0.3,0.8,0.1,2008-12-29 08:54:12,2014-05-14 15:56:39,2,1,,1,,1,,
175061669010661,122560652010661,2007,54,85,240,30,4,2,2007,1,0.2,0.8,0.2,2008-12-29 08:54:12,2014-05-14 15:56:39,2,1,,1,,1,,
175061661010661,122560652010661,2007,54,85,240,150,1,2,2007,1,0.2,1.4,0.2,2008-12-29 08:54:12,2014-05-14 15:56:39,2,1,,1,,1,,
175061664010661,122560652010661,2007,54,85,240,150,2,2,2007,1,0.1,0.6,0.1,2008-12-29 08:54:12,2014-05-14 15:56:39,2,1,,1,,1,,
175061667010661,122560652010661,2007,54,85,240,150,3,2,2007,1,0.0,0.1,0.1,2008-12-29 08:54:12,2014-05-14 15:56:39,2,1,,1,,1,,
175061670010661,122560652010661,2007,54,85,240,150,4,2,2007,1,0.3,3.5,0.9,2008-12-29 08:54:12,2014-05-14 15:56:39,2,1,,1,,1,,
175061662010661,122560652010661,2007,54,85,240,270,1,2,2007,1,0.0,0.1,0.1,2008-12-29 08:54:12,2014-05-14 15:56:39,2,1,,1,,1,,
175061665010661,122560652010661,2007,54,85,240,270,2,2,2007,1,0.0,0.3,0.2,2008-12-29 08:54:12,2014-05-14 15:56:39,2,1,,1,,1,,
175061668010661,122560652010661,2007,54,85,240,270,3,2,2007,1,,,,2008-12-29 08:54:12,2014-05-14 15:56:39,2,0,,0,,0,,
175061671010661,122560652010661,2007,54,85,240,270,4,2,2007,1,0.1,0.3,0.1,2008-12-29 08:54:12,2014-05-14 15:56:39,2,1,,1,,1,,
175061825010661,122560682010661,2007,54,87,275,30,1,2,2007,1,0.2,3.2,1.8,2008-12-29 08:54:12,2014-05-14 15:56:39,2,1,,1,,1,,
175061828010661,122560682010661,2007,54,87,275,30,2,2,2007,1,0.1,1.5,0.2,2008-12-29 08:54:12,2014-05-14 15:56:39,2,1,,1,,1,,
175061831010661,122560682010661,2007,54,87,275,30,3,2,2007,1,,,,2008-12-29 08:54:12,2014-05-14 15:56:39,2,0,,0,,0,,
175061834010661,122560682010661,2007,54,87,275,30,4,2,2007,1,0.1,0.1,0.1,2008-12-29 08:54:12,2014-05-14 15:56:39,2,1,,1,,1,,
175061826010661,122560682010661,2007,54,87,275,150,1,2,2007,1,0.0,0.1,0.3,2008-12-29 08:54:12,2014-05-14 15:56:39,2,1,,1,,1,,
175061829010661,122560682010661,2007,54,87,275,150,2,2,2007,1,0.0,0.1,0.2,2008-12-29 08:54:12,2014-05-14 15:56:39,2,1,,1,,1,,
175061832010661,122560682010661,2007,54,87,275,150,3,2,2007,1,0.1,0.1,0.1,2008-12-29 08:54:12,2014-05-14 15:56:39,2,1,,1,,1,,
175061835010661,122560682010661,2007,54,87,275,150,4,2,2007,1,0.1,0.8,0.1,2008-12-29 08:54:12,2014-05-14 15:56:39,2,1,,1,,1,,
175061827010661,122560682010661,2007,54,87,275,270,1,2,2007,1,0.1,0.8,0.8,2008-12-29 08:54:12,2014-05-14 15:56:39,2,1,,1,,1,,
175061830010661,122560682010661,2007,54,87,275,270,2,2,2007,1,0.2,1.8,2.3,2008-12-29 08:54:12,2014-05-14 15:56:39,2,1,,1,,1,,
175061833010661,122560682010661,2007,54,87,275,270,3,2,2007,1,,,,2008-12-29 08:54:12,2014-05-14 15:56:39,2,0,,0,,0,,
175061836010661,122560682010661,2007,54,87,275,270,4,2,2007,1,0.1,0.5,0.1,2008-12-29 08:54:12,2014-05-14 15:56:39,2,1,,1,,1,,
175062174010661,122560248010661,2007,54,89,2204,30,1,2,2007,1,0.2,0.7,0.1,2008-12-29 08:54:12,2014-05-14 15:56:39,2,1,,1,,1,,
175062177010661,122560248010661,2007,54,89,2204,30,2,2,2007,1,0.3,1.6,0.2,2008-12-29 08:54:12,2014-05-14 15:56:39,2,1,,1,,1,,
175062180010661,122560248010661,2007,54,89,2204,30,3,2,2007,1,0.3,0.5,0.1,2008-12-29 08:54:12,2014-05-14 15:56:39,2,1,,1,,1,,
175062183010661,122560248010661,2007,54,89,2204,30,4,2,2007,1,0.6,1.5,0.2,2008-12-29 08:54:12,2014-05-14 15:56:39,2,1,,1,,1,,
175062175010661,122560248010661,2007,54,89,2204,150,1,2,2007,1,0.3,0.6,0.2,2008-12-29 08:54:12,2014-05-14 15:56:39,2,1,,1,,1,,
175062178010661,122560248010661,2007,54,89,2204,150,2,2,2007,1,0.0,1.5,0.2,2008-12-29 08:54:12,2014-05-14 15:56:39,2,1,,1,,1,,
175062181010661,122560248010661,2007,54,89,2204,150,3,2,2007,1,0.2,1.5,0.2,2008-12-29 08:54:12,2014-05-14 15:56:39,2,1,,1,,1,,
175062184010661,122560248010661,2007,54,89,2204,150,4,2,2007,1,0.1,0.4,0.7,2008-12-29 08:54:12,2014-05-14 15:56:39,2,1,,1,,1,,
175062176010661,122560248010661,2007,54,89,2204,270,1,2,2007,1,0.4,0.8,0.1,2008-12-29 08:54:12,2014-05-14 15:56:39,2,1,,1,,1,,
175062179010661,122560248010661,2007,54,89,2204,270,2,2,2007,1,0.1,0.8,0.1,2008-12-29 08:54:12,2014-05-14 15:56:39,2,1,,1,,1,,
175062182010661,122560248010661,2007,54,89,2204,270,3,2,2007,1,0.4,0.8,0.1,2008-12-29 08:54:12,2014-05-14 15:56:39,2,1,,1,,1,,
175062185010661,122560248010661,2007,54,89,2204,270,4,2,2007,1,0.1,1.1,0.2,2008-12-29 08:54:12,2014-05-14 15:56:39,2,1,,1,,1,,
42802623020004,122560134010661,2007,54,91,1952,30,1,2,2007,1,,,,2012-06-06 07:13:28,2014-05-14 15:57:41,2,0,,0,,0,,
42802622020004,122560134010661,2007,54,91,1952,30,2,2,2007,1,,,,2012-06-06 07:13:28,2014-05-14 15:57:41,2,0,,0,,0,,
42802620020004,122560134010661,2007,54,91,1952,30,3,2,2007,1,,,,2012-06-06 07:13:28,2014-05-14 15:57:41,2,0,,0,,0,,
42802619020004,122560134010661,2007,54,91,1952,30,4,2,2007,1,,,,2012-06-06 07:13:28,2014-05-14 15:57:41,2,0,,0,,0,,
42802613020004,122560134010661,2007,54,91,1952,150,1,2,2007,1,,,,2012-06-06 07:13:28,2014-05-14 15:57:41,2,0,,0,,0,,
42802615020004,122560134010661,2007,54,91,1952,150,2,2,2007,1,,,,2012-06-06 07:13:28,2014-05-14 15:57:41,2,0,,0,,0,,
42802618020004,122560134010661,2007,54,91,1952,150,3,2,2007,1,,,,2012-06-06 07:13:28,2014-05-14 15:57:41,2,0,,0,,0,,
42802614020004,122560134010661,2007,54,91,1952,150,4,2,2007,1,,,,2012-06-06 07:13:28,2014-05-14 15:57:41,2,0,,0,,0,,
42802616020004,122560134010661,2007,54,91,1952,270,1,2,2007,1,,,,2012-06-06 07:13:28,2014-05-14 15:57:41,2,0,,0,,0,,
42802621020004,122560134010661,2007,54,91,1952,270,2,2,2007,1,,,,2012-06-06 07:13:28,2014-05-14 15:57:41,2,0,,0,,0,,
42802624020004,122560134010661,2007,54,91,1952,270,3,2,2007,1,,,,2012-06-06 07:13:28,2014-05-14 15:57:41,2,0,,0,,0,,
42802617020004,122560134010661,2007,54,91,1952,270,4,2,2007,1,,,,2012-06-06 07:13:28,2014-05-14 15:57:41,2,0,,0,,0,,
175063006010661,122559922010661,2007,54,93,857,30,1,2,2007,1,0.6,0.8,0.1,2008-12-29 08:54:12,2014-05-14 15:56:39,2,1,,1,,1,,
175063009010661,122559922010661,2007,54,93,857,30,2,2,2007,1,,,,2008-12-29 08:54:12,2014-05-14 15:56:39,2,0,,0,,0,,
175063012010661,122559922010661,2007,54,93,857,30,3,2,2007,1,2.5,1.0,0.1,2008-12-29 08:54:12,2014-05-14 15:56:39,2,1,,1,,1,,
175063015010661,122559922010661,2007,54,93,857,30,4,2,2007,1,1.1,0.4,0.1,2008-12-29 08:54:12,2014-05-14 15:56:39,2,1,,1,,1,,
175063007010661,122559922010661,2007,54,93,857,150,1,2,2007,1,0.6,0.4,0.1,2008-12-29 08:54:12,2014-05-14 15:56:39,2,1,,1,,1,,
175063010010661,122559922010661,2007,54,93,857,150,2,2,2007,1,1.1,0.2,0.1,2008-12-29 08:54:12,2014-05-14 15:56:39,2,1,,1,,1,,
175063013010661,122559922010661,2007,54,93,857,150,3,2,2007,1,1.1,0.4,0.1,2008-12-29 08:54:12,2014-05-14 15:56:39,2,1,,1,,1,,
175063016010661,122559922010661,2007,54,93,857,150,4,2,2007,1,3.0,1.5,0.9,2008-12-29 08:54:12,2014-05-14 15:56:39,2,1,,1,,1,,
175063008010661,122559922010661,2007,54,93,857,270,1,2,2007,1,,,,2008-12-29 08:54:12,2014-05-14 15:56:39,2,0,,0,,0,,
175063011010661,122559922010661,2007,54,93,857,270,2,2,2007,1,0.6,0.1,0.1,2008-12-29 08:54:12,2014-05-14 15:56:39,2,1,,1,,1,,
175063014010661,122559922010661,2007,54,93,857,270,3,2,2007,1,0.5,0.4,0.1,2008-12-29 08:54:12,2014-05-14 15:56:39,2,1,,1,,1,,
175063017010661,122559922010661,2007,54,93,857,270,4,2,2007,1,0.9,0.8,0.1,2008-12-29 08:54:12,2014-05-14 15:56:39,2,1,,1,,1,,
175062326010661,122560160010661,2007,54,97,2408,30,1,2,2007,1,,,,2008-12-29 08:54:12,2014-05-14 15:56:42,2,0,,0,,0,,
175062329010661,122560160010661,2007,54,97,2408,30,2,2,2007,2,0.2,1.0,0.1,2008-12-29 08:54:12,2014-05-14 15:56:42,2,1,,1,,1,,
175062330010661,122560160010661,2007,54,97,2408,30,3,2,2007,2,0.4,1.5,0.2,2008-12-29 08:54:12,2014-05-14 15:56:42,2,1,,1,,1,,
175062333010661,122560160010661,2007,54,97,2408,30,4,2,2007,2,3.0,1.2,0.1,2008-12-29 08:54:12,2014-05-14 15:56:42,2,1,,1,,1,,
175062327010661,122560160010661,2007,54,97,2408,150,1,2,2007,1,,,,2008-12-29 08:54:12,2014-05-14 15:56:42,2,0,,0,,0,,
42802085020004,122560160010661,2007,54,97,2408,150,2,2,2007,1,,,,2012-06-06 07:13:26,2014-05-14 15:57:43,2,0,,0,,0,,
175062331010661,122560160010661,2007,54,97,2408,150,3,2,2007,2,1.2,3.0,0.3,2008-12-29 08:54:12,2014-05-14 15:56:42,2,1,,1,,1,,
175062334010661,122560160010661,2007,54,97,2408,150,4,2,2007,2,0.5,0.5,0.1,2008-12-29 08:54:12,2014-05-14 15:56:42,2,1,,1,,1,,
175062328010661,122560160010661,2007,54,97,2408,270,1,2,2007,1,,,,2008-12-29 08:54:12,2014-05-14 15:56:42,2,0,,0,,0,,
42802086020004,122560160010661,2007,54,97,2408,270,2,2,2007,1,,,,2012-06-06 07:13:26,2014-05-14 15:57:43,2,0,,0,,0,,
175062332010661,122560160010661,2007,54,97,2408,270,3,2,2007,2,0.3,0.8,0.7,2008-12-29 08:54:12,2014-05-14 15:56:42,2,1,,1,,1,,
175062335010661,122560160010661,2007,54,97,2408,270,4,2,2007,2,1.0,3.5,0.8,2008-12-29 08:54:12,2014-05-14 15:56:42,2,1,,1,,1,,
175062491010661,122560194010661,2007,54,101,696,30,1,2,2007,1,0.3,0.1,0.1,2008-12-29 08:54:12,2014-05-14 15:56:42,2,1,,1,,1,,
175062494010661,122560194010661,2007,54,101,696,30,2,2,2007,1,1.5,0.8,0.3,2008-12-29 08:54:12,2014-05-14 15:56:42,2,1,,1,,1,,
175062497010661,122560194010661,2007,54,101,696,30,3,2,2007,1,0.0,0.0,0.1,2008-12-29 08:54:12,2014-05-14 15:56:42,2,1,,1,,1,,
42802358020004,122560194010661,2007,54,101,696,30,4,2,2007,2,,,,2012-06-06 07:13:27,2014-05-14 15:57:41,2,0,,0,,0,,
175062492010661,122560194010661,2007,54,101,696,150,1,2,2007,1,0.1,0.0,0.1,2008-12-29 08:54:12,2014-05-14 15:56:42,2,1,,1,,1,,
175062495010661,122560194010661,2007,54,101,696,150,2,2,2007,1,0.8,1.0,0.1,2008-12-29 08:54:12,2014-05-14 15:56:42,2,1,,1,,1,,
175062498010661,122560194010661,2007,54,101,696,150,3,2,2007,1,0.9,0.6,0.2,2008-12-29 08:54:12,2014-05-14 15:56:42,2,1,,1,,1,,
42802356020004,122560194010661,2007,54,101,696,150,4,2,2007,2,,,,2012-06-06 07:13:27,2014-05-14 15:57:41,2,0,,0,,0,,
175062493010661,122560194010661,2007,54,101,696,270,1,2,2007,1,0.0,0.0,0.1,2008-12-29 08:54:12,2014-05-14 15:56:42,2,1,,1,,1,,
175062496010661,122560194010661,2007,54,101,696,270,2,2,2007,1,0.1,0.0,0.1,2008-12-29 08:54:12,2014-05-14 15:56:42,2,1,,1,,1,,
175062499010661,122560194010661,2007,54,101,696,270,3,2,2007,1,0.0,0.3,0.3,2008-12-29 08:54:12,2014-05-14 15:56:42,2,1,,1,,1,,
42802357020004,122560194010661,2007,54,101,696,270,4,2,2007,2,,,,2012-06-06 07:13:27,2014-05-14 15:57:41,2,0,,0,,0,,
175062623010661,122560978010661,2007,54,109,250,30,1,2,2007,1,0.3,1.2,0.1,2008-12-29 08:54:12,2014-05-14 15:56:42,2,1,,1,,1,,
175062626010661,122560978010661,2007,54,109,250,30,2,2,2007,1,0.8,0.9,0.2,2008-12-29 08:54:12,2014-05-14 15:56:42,2,1,,1,,1,,
175062629010661,122560978010661,2007,54,109,250,30,3,2,2007,1,,,1.5,2008-12-29 08:54:12,2014-05-14 15:56:42,2,0,,0,,1,,
175062632010661,122560978010661,2007,54,109,250,30,4,2,2007,1,0.0,0.0,0.1,2008-12-29 08:54:12,2014-05-14 15:56:42,2,1,,1,,1,,
175062624010661,122560978010661,2007,54,109,250,150,1,2,2007,1,0.0,0.4,0.1,2008-12-29 08:54:12,2014-05-14 15:56:42,2,1,,1,,1,,
175062627010661,122560978010661,2007,54,109,250,150,2,2,2007,1,0.0,0.0,0.2,2008-12-29 08:54:12,2014-05-14 15:56:42,2,1,,1,,1,,
175062630010661,122560978010661,2007,54,109,250,150,3,2,2007,1,0.5,0.8,0.1,2008-12-29 08:54:12,2014-05-14 15:56:42,2,1,,1,,1,,
175062633010661,122560978010661,2007,54,109,250,150,4,2,2007,1,0.0,0.0,0.9,2008-12-29 08:54:12,2014-05-14 15:56:42,2,1,,1,,1,,
175062625010661,122560978010661,2007,54,109,250,270,1,2,2007,1,0.5,0.8,0.1,2008-12-29 08:54:12,2014-05-14 15:56:42,2,1,,1,,1,,
175062628010661,122560978010661,2007,54,109,250,270,2,2,2007,1,0.6,0.4,0.9,2008-12-29 08:54:12,2014-05-14 15:56:42,2,1,,1,,1,,
175062631010661,122560978010661,2007,54,109,250,270,3,2,2007,1,0.0,0.2,0.1,2008-12-29 08:54:12,2014-05-14 15:56:42,2,1,,1,,1,,
175062634010661,122560978010661,2007,54,109,250,270,4,2,2007,1,0.8,1.0,0.1,2008-12-29 08:54:12,2014-05-14 15:56:42,2,1,,1,,1,,
175062794010661,122560500010661,2007,54,109,379,30,1,2,2007,1,1.0,0.5,0.1,2008-12-29 08:54:12,2014-05-14 15:56:42,2,1,,1,,1,,
175062797010661,122560500010661,2007,54,109,379,30,2,2,2007,2,0.1,3.3,0.3,2008-12-29 08:54:12,2014-05-14 15:56:42,2,1,,1,,1,,
175062800010661,122560500010661,2007,54,109,379,30,3,2,2007,1,0.5,2.8,0.4,2008-12-29 08:54:12,2014-05-14 15:56:42,2,1,,1,,1,,
175062803010661,122560500010661,2007,54,109,379,30,4,2,2007,2,0.5,2.0,0.3,2008-12-29 08:54:12,2014-05-14 15:56:42,2,1,,1,,1,,
175062795010661,122560500010661,2007,54,109,379,150,1,2,2007,1,0.3,2.0,0.2,2008-12-29 08:54:12,2014-05-14 15:56:42,2,1,,1,,1,,
175062798010661,122560500010661,2007,54,109,379,150,2,2,2007,2,0.0,1.0,0.3,2008-12-29 08:54:12,2014-05-14 15:56:42,2,1,,1,,1,,
175062801010661,122560500010661,2007,54,109,379,150,3,2,2007,1,0.1,2.2,0.2,2008-12-29 08:54:12,2014-05-14 15:56:42,2,1,,1,,1,,
175062804010661,122560500010661,2007,54,109,379,150,4,2,2007,2,0.0,1.0,0.2,2008-12-29 08:54:12,2014-05-14 15:56:42,2,1,,1,,1,,
175062796010661,122560500010661,2007,54,109,379,270,1,2,2007,2,0.0,2.0,0.2,2008-12-29 08:54:12,2014-05-14 15:56:42,2,1,,1,,1,,
175062799010661,122560500010661,2007,54,109,379,270,2,2,2007,2,0.0,5.0,1.2,2008-12-29 08:54:12,2014-05-14 15:56:42,2,1,,1,,1,,
175062802010661,122560500010661,2007,54,109,379,270,3,2,2007,1,0.0,1.2,0.1,2008-12-29 08:54:12,2014-05-14 15:56:42,2,1,,1,,1,,
175062805010661,122560500010661,2007,54,109,379,270,4,2,2007,2,,,,2008-12-29 08:54:12,2014-05-14 15:56:42,2,0,,0,,0,,
216495143010661,171000245010661,2008,54,1,2226,30,1,2,2008,1,1.5,3.0,0.3,2009-10-06 13:34:45,2014-05-14 15:56:47,2,1,,1,,1,,
216495146010661,171000245010661,2008,54,1,2226,30,2,2,2008,1,0.5,2.0,0.2,2009-10-06 13:34:45,2014-05-14 15:56:47,2,1,,1,,1,,
216495149010661,171000245010661,2008,54,1,2226,30,3,2,2008,1,0.0,3.5,0.3,2009-10-06 13:34:45,2014-05-14 15:56:47,2,1,,1,,1,,
216495152010661,171000245010661,2008,54,1,2226,30,4,2,2008,1,0.0,2.0,0.2,2009-10-06 13:34:45,2014-05-14 15:56:47,2,1,,1,,1,,
216495144010661,171000245010661,2008,54,1,2226,150,1,2,2008,1,1.5,3.0,0.3,2009-10-06 13:34:45,2014-05-14 15:56:47,2,1,,1,,1,,
216495147010661,171000245010661,2008,54,1,2226,150,2,2,2008,1,0.5,2.0,0.2,2009-10-06 13:34:45,2014-05-14 15:56:47,2,1,,1,,1,,
216495150010661,171000245010661,2008,54,1,2226,150,3,2,2008,1,0.0,3.5,0.3,2009-10-06 13:34:45,2014-05-14 15:56:47,2,1,,1,,1,,
216495153010661,171000245010661,2008,54,1,2226,150,4,2,2008,1,0.0,2.0,0.2,2009-10-06 13:34:45,2014-05-14 15:56:47,2,1,,1,,1,,
216495145010661,171000245010661,2008,54,1,2226,270,1,2,2008,1,0.1,0.5,0.1,2009-10-06 13:34:45,2014-05-14 15:56:47,2,1,,1,,1,,
216495148010661,171000245010661,2008,54,1,2226,270,2,2,2008,1,0.5,1.5,0.1,2009-10-06 13:34:45,2014-05-14 15:56:47,2,1,,1,,1,,
216495151010661,171000245010661,2008,54,1,2226,270,3,2,2008,1,0.5,1.5,0.1,2009-10-06 13:34:45,2014-05-14 15:56:47,2,1,,1,,1,,
216495154010661,171000245010661,2008,54,1,2226,270,4,2,2008,1,1.5,3.5,0.3,2009-10-06 13:34:45,2014-05-14 15:56:47,2,1,,1,,1,,
42802263020004,171001126010661,2008,54,5,421,30,1,2,2008,1,,,,2012-06-06 07:13:27,2014-05-14 15:57:43,2,0,,0,,0,,
42802266020004,171001126010661,2008,54,5,421,30,2,2,2008,1,,,,2012-06-06 07:13:27,2014-05-14 15:57:43,2,0,,0,,0,,
42802261020004,171001126010661,2008,54,5,421,30,3,2,2008,1,,,,2012-06-06 07:13:27,2014-05-14 15:57:43,2,0,,0,,0,,
42802262020004,171001126010661,2008,54,5,421,30,4,2,2008,1,,,,2012-06-06 07:13:27,2014-05-14 15:57:43,2,0,,0,,0,,
42802259020004,171001126010661,2008,54,5,421,150,1,2,2008,1,,,,2012-06-06 07:13:27,2014-05-14 15:57:43,2,0,,0,,0,,
42802265020004,171001126010661,2008,54,5,421,150,2,2,2008,1,,,,2012-06-06 07:13:27,2014-05-14 15:57:43,2,0,,0,,0,,
42802269020004,171001126010661,2008,54,5,421,150,3,2,2008,1,,,,2012-06-06 07:13:27,2014-05-14 15:57:43,2,0,,0,,0,,
42802268020004,171001126010661,2008,54,5,421,150,4,2,2008,1,,,,2012-06-06 07:13:27,2014-05-14 15:57:43,2,0,,0,,0,,
42802264020004,171001126010661,2008,54,5,421,270,1,2,2008,1,,,,2012-06-06 07:13:27,2014-05-14 15:57:43,2,0,,0,,0,,
42802270020004,171001126010661,2008,54,5,421,270,2,2,2008,1,,,,2012-06-06 07:13:27,2014-05-14 15:57:43,2,0,,0,,0,,
42802260020004,171001126010661,2008,54,5,421,270,3,2,2008,1,,,,2012-06-06 07:13:27,2014-05-14 15:57:43,2,0,,0,,0,,
42802267020004,171001126010661,2008,54,5,421,270,4,2,2008,1,,,,2012-06-06 07:13:27,2014-05-14 15:57:43,2,0,,0,,0,,
216495763010661,171000270010661,2008,54,7,1131,30,1,2,2008,1,0.1,1.4,0.1,2009-10-06 13:34:45,2014-05-14 15:56:47,2,1,,1,,1,,
216495766010661,171000270010661,2008,54,7,1131,30,2,2,2008,1,0.0,0.8,0.1,2009-10-06 13:34:45,2014-05-14 15:56:47,2,1,,1,,1,,
216495769010661,171000270010661,2008,54,7,1131,30,3,2,2008,1,0.1,0.2,0.1,2009-10-06 13:34:45,2014-05-14 15:56:47,2,1,,1,,1,,
216495772010661,171000270010661,2008,54,7,1131,30,4,2,2008,1,0.0,1.1,0.6,2009-10-06 13:34:45,2014-05-14 15:56:47,2,1,,1,,1,,
216495764010661,171000270010661,2008,54,7,1131,150,1,2,2008,1,0.3,0.8,0.1,2009-10-06 13:34:45,2014-05-14 15:56:47,2,1,,1,,1,,
216495767010661,171000270010661,2008,54,7,1131,150,2,2,2008,1,0.0,1.7,0.3,2009-10-06 13:34:45,2014-05-14 15:56:47,2,1,,1,,1,,
216495770010661,171000270010661,2008,54,7,1131,150,3,2,2008,1,0.2,0.7,0.4,2009-10-06 13:34:45,2014-05-14 15:56:47,2,1,,1,,1,,
216495773010661,171000270010661,2008,54,7,1131,150,4,2,2008,1,0.0,0.5,0.1,2009-10-06 13:34:45,2014-05-14 15:56:47,2,1,,1,,1,,
216495765010661,171000270010661,2008,54,7,1131,270,1,2,2008,1,0.2,1.0,0.1,2009-10-06 13:34:45,2014-05-14 15:56:47,2,1,,1,,1,,
216495768010661,171000270010661,2008,54,7,1131,270,2,2,2008,1,0.0,2.1,0.2,2009-10-06 13:34:45,2014-05-14 15:56:47,2,1,,1,,1,,
216495771010661,171000270010661,2008,54,7,1131,270,3,2,2008,1,0.0,0.3,0.1,2009-10-06 13:34:45,2014-05-14 15:56:47,2,1,,1,,1,,
216495774010661,171000270010661,2008,54,7,1131,270,4,2,2008,1,0.0,0.5,0.1,2009-10-06 13:34:45,2014-05-14 15:56:47,2,1,,1,,1,,
216495970010661,171001051010661,2008,54,15,1484,30,1,2,2008,1,0.7,1.6,0.1,2009-10-06 13:34:45,2014-05-14 15:56:47,2,1,,1,,1,,
216495973010661,171001051010661,2008,54,15,1484,30,2,2,2008,1,0.8,1.4,1.1,2009-10-06 13:34:45,2014-05-14 15:56:47,2,1,,1,,1,,
216495976010661,171001051010661,2008,54,15,1484,30,3,2,2008,2,,,,2009-10-06 13:34:45,2014-05-14 15:56:47,2,0,,0,,0,,
216495979010661,171001051010661,2008,54,15,1484,30,4,2,2008,1,0.3,0.8,0.1,2009-10-06 13:34:45,2014-05-14 15:56:47,2,1,,1,,1,,
216495971010661,171001051010661,2008,54,15,1484,150,1,2,2008,1,0.2,1.1,0.2,2009-10-06 13:34:45,2014-05-14 15:56:47,2,1,,1,,1,,
216495974010661,171001051010661,2008,54,15,1484,150,2,2,2008,1,1.1,1.3,0.1,2009-10-06 13:34:45,2014-05-14 15:56:47,2,1,,1,,1,,
216495977010661,171001051010661,2008,54,15,1484,150,3,2,2008,2,,,,2009-10-06 13:34:45,2014-05-14 15:56:47,2,0,,0,,0,,
216495980010661,171001051010661,2008,54,15,1484,150,4,2,2008,1,0.1,0.6,0.2,2009-10-06 13:34:45,2014-05-14 15:56:47,2,1,,1,,1,,
216495972010661,171001051010661,2008,54,15,1484,270,1,2,2008,1,0.3,0.7,0.1,2009-10-06 13:34:45,2014-05-14 15:56:47,2,1,,1,,1,,
216495975010661,171001051010661,2008,54,15,1484,270,2,2,2008,1,0.2,1.3,0.1,2009-10-06 13:34:45,2014-05-14 15:56:47,2,1,,1,,1,,
216495978010661,171001051010661,2008,54,15,1484,270,3,2,2008,2,,,,2009-10-06 13:34:45,2014-05-14 15:56:47,2,0,,0,,0,,
216495981010661,171001051010661,2008,54,15,1484,270,4,2,2008,1,0.1,0.5,0.1,2009-10-06 13:34:45,2014-05-14 15:56:47,2,1,,1,,1,,
216497709010661,171001223010661,2008,54,19,442,30,1,2,2008,1,0.2,1.3,0.1,2009-10-06 13:34:45,2014-05-14 15:56:47,2,1,,1,,1,,
216497712010661,171001223010661,2008,54,19,442,30,2,2,2008,1,0.2,1.1,0.1,2009-10-06 13:34:45,2014-05-14 15:56:47,2,1,,1,,1,,
216497715010661,171001223010661,2008,54,19,442,30,3,2,2008,1,0.5,1.2,0.3,2009-10-06 13:34:45,2014-05-14 15:56:47,2,1,,1,,1,,
216497718010661,171001223010661,2008,54,19,442,30,4,2,2008,1,0.1,0.8,0.2,2009-10-06 13:34:45,2014-05-14 15:56:47,2,1,,1,,1,,
216497710010661,171001223010661,2008,54,19,442,150,1,2,2008,1,0.1,1.0,0.1,2009-10-06 13:34:45,2014-05-14 15:56:47,2,1,,1,,1,,
216497713010661,171001223010661,2008,54,19,442,150,2,2,2008,1,0.3,1.4,0.1,2009-10-06 13:34:45,2014-05-14 15:56:47,2,1,,1,,1,,
216497716010661,171001223010661,2008,54,19,442,150,3,2,2008,1,0.0,0.7,0.1,2009-10-06 13:34:45,2014-05-14 15:56:47,2,1,,1,,1,,
216497719010661,171001223010661,2008,54,19,442,150,4,2,2008,1,0.0,0.5,0.1,2009-10-06 13:34:45,2014-05-14 15:56:47,2,1,,1,,1,,
216497711010661,171001223010661,2008,54,19,442,270,1,2,2008,1,0.0,1.5,0.1,2009-10-06 13:34:45,2014-05-14 15:56:47,2,1,,1,,1,,
216497714010661,171001223010661,2008,54,19,442,270,2,2,2008,1,0.5,0.9,0.1,2009-10-06 13:34:45,2014-05-14 15:56:47,2,1,,1,,1,,
216497717010661,171001223010661,2008,54,19,442,270,3,2,2008,1,0.2,0.5,0.1,2009-10-06 13:34:45,2014-05-14 15:56:47,2,1,,1,,1,,
216497720010661,171001223010661,2008,54,19,442,270,4,2,2008,1,0.1,1.2,0.1,2009-10-06 13:34:45,2014-05-14 15:56:47,2,1,,1,,1,,
42802555020004,171000301010661,2008,54,21,543,30,1,2,2008,1,,,,2012-06-06 07:13:27,2014-05-14 15:57:41,2,0,,0,,0,,
42802557020004,171000301010661,2008,54,21,543,30,2,2,2008,1,,,,2012-06-06 07:13:27,2014-05-14 15:57:41,2,0,,0,,0,,
42802551020004,171000301010661,2008,54,21,543,30,3,2,2008,1,,,,2012-06-06 07:13:27,2014-05-14 15:57:41,2,0,,0,,0,,
42802554020004,171000301010661,2008,54,21,543,30,4,2,2008,1,,,,2012-06-06 07:13:27,2014-05-14 15:57:41,2,0,,0,,0,,
42802550020004,171000301010661,2008,54,21,543,150,1,2,2008,1,,,,2012-06-06 07:13:27,2014-05-14 15:57:41,2,0,,0,,0,,
42802556020004,171000301010661,2008,54,21,543,150,2,2,2008,1,,,,2012-06-06 07:13:27,2014-05-14 15:57:41,2,0,,0,,0,,
42802561020004,171000301010661,2008,54,21,543,150,3,2,2008,1,,,,2012-06-06 07:13:27,2014-05-14 15:57:41,2,0,,0,,0,,
42802559020004,171000301010661,2008,54,21,543,150,4,2,2008,1,,,,2012-06-06 07:13:27,2014-05-14 15:57:41,2,0,,0,,0,,
42802553020004,171000301010661,2008,54,21,543,270,1,2,2008,1,,,,2012-06-06 07:13:27,2014-05-14 15:57:41,2,0,,0,,0,,
42802560020004,171000301010661,2008,54,21,543,270,2,2,2008,1,,,,2012-06-06 07:13:27,2014-05-14 15:57:41,2,0,,0,,0,,
42802552020004,171000301010661,2008,54,21,543,270,3,2,2008,1,,,,2012-06-06 07:13:27,2014-05-14 15:57:41,2,0,,0,,0,,
42802558020004,171000301010661,2008,54,21,543,270,4,2,2008,1,,,,2012-06-06 07:13:27,2014-05-14 15:57:41,2,0,,0,,0,,
216495403010661,171000314010661,2008,54,25,286,30,1,2,2008,1,1.1,0.3,0.1,2009-10-06 13:34:45,2014-05-14 15:56:47,2,1,,1,,1,,
216495406010661,171000314010661,2008,54,25,286,30,2,2,2008,1,0.1,0.7,0.1,2009-10-06 13:34:45,2014-05-14 15:56:47,2,1,,1,,1,,
216495409010661,171000314010661,2008,54,25,286,30,3,2,2008,1,1.2,1.2,0.1,2009-10-06 13:34:45,2014-05-14 15:56:47,2,1,,1,,1,,
216495412010661,171000314010661,2008,54,25,286,30,4,2,2008,1,2.2,1.5,0.1,2009-10-06 13:34:45,2014-05-14 15:56:47,2,1,,1,,1,,
216495404010661,171000314010661,2008,54,25,286,150,1,2,2008,1,0.1,0.5,0.1,2009-10-06 13:34:45,2014-05-14 15:56:47,2,1,,1,,1,,
216495407010661,171000314010661,2008,54,25,286,150,2,2,2008,1,0.0,0.0,0.0,2009-10-06 13:34:45,2014-05-14 15:56:47,2,1,,1,,1,,
216495410010661,171000314010661,2008,54,25,286,150,3,2,2008,1,0.1,0.7,0.1,2009-10-06 13:34:45,2014-05-14 15:56:47,2,1,,1,,1,,
216495413010661,171000314010661,2008,54,25,286,150,4,2,2008,1,1.2,3.2,0.3,2009-10-06 13:34:45,2014-05-14 15:56:47,2,1,,1,,1,,
216495405010661,171000314010661,2008,54,25,286,270,1,2,2008,1,1.2,0.4,0.1,2009-10-06 13:34:45,2014-05-14 15:56:47,2,1,,1,,1,,
216495408010661,171000314010661,2008,54,25,286,270,2,2,2008,1,0.1,0.5,0.1,2009-10-06 13:34:45,2014-05-14 15:56:47,2,1,,1,,1,,
216495411010661,171000314010661,2008,54,25,286,270,3,2,2008,1,0.1,1.0,0.1,2009-10-06 13:34:45,2014-05-14 15:56:47,2,1,,1,,1,,
216495414010661,171000314010661,2008,54,25,286,270,4,2,2008,1,0.9,1.0,0.1,2009-10-06 13:34:45,2014-05-14 15:56:47,2,1,,1,,1,,
216494430010661,171000326010661,2008,54,27,188,30,1,2,2008,1,0.0,2.5,0.3,2009-10-06 13:34:45,2014-05-14 15:56:47,2,1,,1,,1,,
216494433010661,171000326010661,2008,54,27,188,30,2,2,2008,1,0.0,1.5,0.1,2009-10-06 13:34:45,2014-05-14 15:56:47,2,1,,1,,1,,
216494436010661,171000326010661,2008,54,27,188,30,3,2,2008,1,1.2,2.0,0.2,2009-10-06 13:34:45,2014-05-14 15:56:47,2,1,,1,,1,,
216494439010661,171000326010661,2008,54,27,188,30,4,2,2008,1,0.0,1.2,0.1,2009-10-06 13:34:45,2014-05-14 15:56:47,2,1,,1,,1,,
216494431010661,171000326010661,2008,54,27,188,150,1,2,2008,1,0.0,0.1,0.1,2009-10-06 13:34:45,2014-05-14 15:56:47,2,1,,1,,1,,
216494434010661,171000326010661,2008,54,27,188,150,2,2,2008,1,0.0,1.7,0.1,2009-10-06 13:34:45,2014-05-14 15:56:47,2,1,,1,,1,,
216494437010661,171000326010661,2008,54,27,188,150,3,2,2008,1,1.7,6.0,0.7,2009-10-06 13:34:45,2014-05-14 15:56:47,2,1,,1,,1,,
216494440010661,171000326010661,2008,54,27,188,150,4,2,2008,1,0.0,0.1,0.1,2009-10-06 13:34:45,2014-05-14 15:56:47,2,1,,1,,1,,
216494432010661,171000326010661,2008,54,27,188,270,1,2,2008,1,0.0,0.1,0.1,2009-10-06 13:34:45,2014-05-14 15:56:47,2,1,,1,,1,,
216494435010661,171000326010661,2008,54,27,188,270,2,2,2008,1,0.1,2.5,0.2,2009-10-06 13:34:45,2014-05-14 15:56:47,2,1,,1,,1,,
216494438010661,171000326010661,2008,54,27,188,270,3,2,2008,1,1.5,2.1,0.2,2009-10-06 13:34:45,2014-05-14 15:56:47,2,1,,1,,1,,
216494441010661,171000326010661,2008,54,27,188,270,4,2,2008,1,0.0,1.9,0.2,2009-10-06 13:34:45,2014-05-14 15:56:47,2,1,,1,,1,,
216494677010661,171000334010661,2008,54,27,1658,30,1,2,2008,1,0.1,0.7,0.1,2009-10-06 13:34:45,2014-05-14 15:56:47,2,1,,1,,1,,
216494680010661,171000334010661,2008,54,27,1658,30,2,2,2008,1,0.1,1.7,0.1,2009-10-06 13:34:45,2014-05-14 15:56:47,2,1,,1,,1,,
216494683010661,171000334010661,2008,54,27,1658,30,3,2,2008,1,0.0,0.1,0.1,2009-10-06 13:34:45,2014-05-14 15:56:47,2,1,,1,,1,,
216494686010661,171000334010661,2008,54,27,1658,30,4,2,2008,1,0.3,1.1,0.2,2009-10-06 13:34:45,2014-05-14 15:56:47,2,1,,1,,1,,
216494678010661,171000334010661,2008,54,27,1658,150,1,2,2008,1,0.1,0.1,0.2,2009-10-06 13:34:45,2014-05-14 15:56:47,2,1,,1,,1,,
216494681010661,171000334010661,2008,54,27,1658,150,2,2,2008,1,0.0,0.1,0.1,2009-10-06 13:34:45,2014-05-14 15:56:47,2,1,,1,,1,,
216494684010661,171000334010661,2008,54,27,1658,150,3,2,2008,1,0.0,0.1,0.1,2009-10-06 13:34:45,2014-05-14 15:56:47,2,1,,1,,1,,
216494687010661,171000334010661,2008,54,27,1658,150,4,2,2008,1,1.3,0.2,0.1,2009-10-06 13:34:45,2014-05-14 15:56:46,2,1,,1,,1,,
216494679010661,171000334010661,2008,54,27,1658,270,1,2,2008,1,0.1,0.7,0.1,2009-10-06 13:34:45,2014-05-14 15:56:47,2,1,,1,,1,,
216494682010661,171000334010661,2008,54,27,1658,270,2,2,2008,1,0.0,1.8,0.2,2009-10-06 13:34:45,2014-05-14 15:56:47,2,1,,1,,1,,
216494685010661,171000334010661,2008,54,27,1658,270,3,2,2008,1,0.1,0.1,0.1,2009-10-06 13:34:45,2014-05-14 15:56:47,2,1,,1,,1,,
216494688010661,171000334010661,2008,54,27,1658,270,4,2,2008,1,0.0,0.1,0.1,2009-10-06 13:34:45,2014-05-14 15:56:46,2,1,,1,,1,,
216496932010661,171001056010661,2008,54,29,2007,30,1,2,2008,1,0.0,0.2,0.1,2009-10-06 13:34:45,2014-05-14 15:56:46,2,1,,1,,1,,
216496935010661,171001056010661,2008,54,29,2007,30,2,2,2008,1,1.0,0.5,0.5,2009-10-06 13:34:45,2014-05-14 15:56:46,2,1,,1,,1,,
216496938010661,171001056010661,2008,54,29,2007,30,3,2,2008,1,0.0,1.0,0.1,2009-10-06 13:34:45,2014-05-14 15:56:46,2,1,,1,,1,,
216496941010661,171001056010661,2008,54,29,2007,30,4,2,2008,1,0.0,0.0,0.9,2009-10-06 13:34:45,2014-05-14 15:56:46,2,1,,1,,1,,
216496933010661,171001056010661,2008,54,29,2007,150,1,2,2008,1,0.0,0.2,0.1,2009-10-06 13:34:45,2014-05-14 15:56:46,2,1,,1,,1,,
216496936010661,171001056010661,2008,54,29,2007,150,2,2,2008,1,0.0,2.5,0.5,2009-10-06 13:34:45,2014-05-14 15:56:46,2,1,,1,,1,,
216496939010661,171001056010661,2008,54,29,2007,150,3,2,2008,1,0.0,1.0,0.1,2009-10-06 13:34:45,2014-05-14 15:56:46,2,1,,1,,1,,
216496942010661,171001056010661,2008,54,29,2007,150,4,2,2008,1,0.0,3.5,0.3,2009-10-06 13:34:45,2014-05-14 15:56:46,2,1,,1,,1,,
216496934010661,171001056010661,2008,54,29,2007,270,1,2,2008,1,0.1,3.0,0.3,2009-10-06 13:34:45,2014-05-14 15:56:46,2,1,,1,,1,,
216496937010661,171001056010661,2008,54,29,2007,270,2,2,2008,1,0.1,4.0,0.3,2009-10-06 13:34:45,2014-05-14 15:56:46,2,1,,1,,1,,
216496940010661,171001056010661,2008,54,29,2007,270,3,2,2008,1,0.0,1.5,0.1,2009-10-06 13:34:45,2014-05-14 15:56:46,2,1,,1,,1,,
216496943010661,171001056010661,2008,54,29,2007,270,4,2,2008,1,0.0,1.0,0.1,2009-10-06 13:34:45,2014-05-14 15:56:46,2,1,,1,,1,,
216494577010661,171000341010661,2008,54,31,608,30,1,2,2008,1,1.0,3.0,0.3,2009-10-06 13:34:45,2014-05-14 15:56:46,2,1,,1,,1,,
216494580010661,171000341010661,2008,54,31,608,30,2,2,2008,1,1.0,2.0,0.2,2009-10-06 13:34:45,2014-05-14 15:56:46,2,1,,1,,1,,
216494583010661,171000341010661,2008,54,31,608,30,3,2,2008,1,1.0,2.0,0.2,2009-10-06 13:34:45,2014-05-14 15:56:46,2,1,,1,,1,,
216494586010661,171000341010661,2008,54,31,608,30,4,2,2008,1,1.5,1.0,0.1,2009-10-06 13:34:45,2014-05-14 15:56:46,2,1,,1,,1,,
216494578010661,171000341010661,2008,54,31,608,150,1,2,2008,1,1.0,3.0,0.3,2009-10-06 13:34:45,2014-05-14 15:56:46,2,1,,1,,1,,
216494581010661,171000341010661,2008,54,31,608,150,2,2,2008,1,0.1,1.5,0.1,2009-10-06 13:34:45,2014-05-14 15:56:46,2,1,,1,,1,,
216494584010661,171000341010661,2008,54,31,608,150,3,2,2008,1,2.0,4.0,3.0,2009-10-06 13:34:45,2014-05-14 15:56:46,2,1,,1,,1,,
216494587010661,171000341010661,2008,54,31,608,150,4,2,2008,1,1.5,1.0,0.1,2009-10-06 13:34:45,2014-05-14 15:56:46,2,1,,1,,1,,
216494579010661,171000341010661,2008,54,31,608,270,1,2,2008,1,0.5,2.5,0.2,2009-10-06 13:34:45,2014-05-14 15:56:46,2,1,,1,,1,,
216494582010661,171000341010661,2008,54,31,608,270,2,2,2008,1,1.5,1.5,0.1,2009-10-06 13:34:45,2014-05-14 15:56:46,2,1,,1,,1,,
216494585010661,171000341010661,2008,54,31,608,270,3,2,2008,1,1.0,0.5,0.1,2009-10-06 13:34:45,2014-05-14 15:56:46,2,1,,1,,1,,
216494588010661,171000341010661,2008,54,31,608,270,4,2,2008,1,1.0,1.0,0.1,2009-10-06 13:34:45,2014-05-14 15:56:46,2,1,,1,,1,,
42802321020004,171000350010661,2008,54,33,968,30,1,2,2008,1,,,,2012-06-06 07:13:27,2014-05-14 15:57:43,2,0,,0,,0,,
42802328020004,171000350010661,2008,54,33,968,30,2,2,2008,1,,,,2012-06-06 07:13:27,2014-05-14 15:57:43,2,0,,0,,0,,
42802325020004,171000350010661,2008,54,33,968,30,3,2,2008,1,,,,2012-06-06 07:13:27,2014-05-14 15:57:43,2,0,,0,,0,,
42802323020004,171000350010661,2008,54,33,968,30,4,2,2008,1,,,,2012-06-06 07:13:27,2014-05-14 15:57:43,2,0,,0,,0,,
42802320020004,171000350010661,2008,54,33,968,150,1,2,2008,1,,,,2012-06-06 07:13:27,2014-05-14 15:57:43,2,0,,0,,0,,
42802326020004,171000350010661,2008,54,33,968,150,2,2,2008,1,,,,2012-06-06 07:13:27,2014-05-14 15:57:43,2,0,,0,,0,,
42802331020004,171000350010661,2008,54,33,968,150,3,2,2008,1,,,,2012-06-06 07:13:27,2014-05-14 15:57:43,2,0,,0,,0,,
42802329020004,171000350010661,2008,54,33,968,150,4,2,2008,1,,,,2012-06-06 07:13:27,2014-05-14 15:57:43,2,0,,0,,0,,
42802324020004,171000350010661,2008,54,33,968,270,1,2,2008,1,,,,2012-06-06 07:13:27,2014-05-14 15:57:43,2,0,,0,,0,,
42802330020004,171000350010661,2008,54,33,968,270,2,2,2008,1,,,,2012-06-06 07:13:27,2014-05-14 15:57:43,2,0,,0,,0,,
42802322020004,171000350010661,2008,54,33,968,270,3,2,2008,1,,,,2012-06-06 07:13:27,2014-05-14 15:57:43,2,0,,0,,0,,
42802327020004,171000350010661,2008,54,33,968,270,4,2,2008,1,,,,2012-06-06 07:13:27,2014-05-14 15:57:43,2,0,,0,,0,,
216497446010661,171000359010661,2008,54,35,893,30,1,2,2008,1,0.0,0.6,0.1,2009-10-06 13:34:45,2014-05-14 15:56:46,2,1,,1,,1,,
216497449010661,171000359010661,2008,54,35,893,30,2,2,2008,1,0.0,1.5,0.1,2009-10-06 13:34:45,2014-05-14 15:56:46,2,1,,1,,1,,
216497452010661,171000359010661,2008,54,35,893,30,3,2,2008,1,0.0,0.2,2.4,2009-10-06 13:34:45,2014-05-14 15:56:46,2,1,,1,,1,,
216497455010661,171000359010661,2008,54,35,893,30,4,2,2008,1,0.0,0.2,0.1,2009-10-06 13:34:45,2014-05-14 15:56:46,2,1,,1,,1,,
216497447010661,171000359010661,2008,54,35,893,150,1,2,2008,1,0.0,0.1,0.1,2009-10-06 13:34:45,2014-05-14 15:56:46,2,1,,1,,1,,
216497450010661,171000359010661,2008,54,35,893,150,2,2,2008,1,0.0,0.6,0.1,2009-10-06 13:34:45,2014-05-14 15:56:46,2,1,,1,,1,,
216497453010661,171000359010661,2008,54,35,893,150,3,2,2008,1,0.0,1.5,0.1,2009-10-06 13:34:45,2014-05-14 15:56:46,2,1,,1,,1,,
216497456010661,171000359010661,2008,54,35,893,150,4,2,2008,1,0.0,0.1,0.1,2009-10-06 13:34:45,2014-05-14 15:56:46,2,1,,1,,1,,
216497448010661,171000359010661,2008,54,35,893,270,1,2,2008,1,0.0,0.1,0.1,2009-10-06 13:34:45,2014-05-14 15:56:46,2,1,,1,,1,,
216497451010661,171000359010661,2008,54,35,893,270,2,2,2008,1,0.0,1.0,0.5,2009-10-06 13:34:45,2014-05-14 15:56:46,2,1,,1,,1,,
216497454010661,171000359010661,2008,54,35,893,270,3,2,2008,1,0.1,0.5,0.4,2009-10-06 13:34:45,2014-05-14 15:56:46,2,1,,1,,1,,
216497457010661,171000359010661,2008,54,35,893,270,4,2,2008,1,0.0,0.2,0.3,2009-10-06 13:34:45,2014-05-14 15:56:46,2,1,,1,,1,,
42802232020004,171000366010661,2008,54,37,222,30,1,2,2008,1,,,,2012-06-06 07:13:27,2014-05-14 15:57:43,2,0,,0,,0,,
42802236020004,171000366010661,2008,54,37,222,30,2,2,2008,1,,,,2012-06-06 07:13:27,2014-05-14 15:57:43,2,0,,0,,0,,
216494348010661,171000366010661,2008,54,37,222,30,3,2,2008,2,0.0,0.5,0.1,2009-10-06 13:34:45,2014-05-14 15:56:46,2,1,,1,,1,,
42802231020004,171000366010661,2008,54,37,222,30,4,2,2008,1,,,,2012-06-06 07:13:27,2014-05-14 15:57:43,2,0,,0,,0,,
42802230020004,171000366010661,2008,54,37,222,150,1,2,2008,1,,,,2012-06-06 07:13:27,2014-05-14 15:57:43,2,0,,0,,0,,
42802234020004,171000366010661,2008,54,37,222,150,2,2,2008,1,,,,2012-06-06 07:13:27,2014-05-14 15:57:43,2,0,,0,,0,,
216494349010661,171000366010661,2008,54,37,222,150,3,2,2008,2,0.0,0.3,0.1,2009-10-06 13:34:45,2014-05-14 15:56:46,2,1,,1,,1,,
42802237020004,171000366010661,2008,54,37,222,150,4,2,2008,1,,,,2012-06-06 07:13:27,2014-05-14 15:57:43,2,0,,0,,0,,
42802233020004,171000366010661,2008,54,37,222,270,1,2,2008,1,,,,2012-06-06 07:13:27,2014-05-14 15:57:43,2,0,,0,,0,,
42802238020004,171000366010661,2008,54,37,222,270,2,2,2008,1,,,,2012-06-06 07:13:27,2014-05-14 15:57:43,2,0,,0,,0,,
216494350010661,171000366010661,2008,54,37,222,270,3,2,2008,2,0.2,0.4,0.1,2009-10-06 13:34:45,2014-05-14 15:56:46,2,1,,1,,1,,
42802235020004,171000366010661,2008,54,37,222,270,4,2,2008,1,,,,2012-06-06 07:13:27,2014-05-14 15:57:43,2,0,,0,,0,,
216497336010661,171000381010661,2008,54,39,1428,30,1,2,2008,1,,,,2009-10-06 13:34:45,2014-05-14 15:56:46,2,0,,0,,0,,
216497339010661,171000381010661,2008,54,39,1428,30,2,2,2008,1,,,,2009-10-06 13:34:45,2014-05-14 15:56:46,2,0,,0,,0,,
216497342010661,171000381010661,2008,54,39,1428,30,3,2,2008,2,,,,2009-10-06 13:34:45,2014-05-14 15:56:46,2,0,,0,,0,,
216497345010661,171000381010661,2008,54,39,1428,30,4,2,2008,3,0.0,1.0,0.1,2009-10-06 13:34:45,2014-05-14 15:56:46,2,1,,1,,1,,
216497337010661,171000381010661,2008,54,39,1428,150,1,2,2008,1,,,,2009-10-06 13:34:45,2014-05-14 15:56:46,2,0,,0,,0,,
216497340010661,171000381010661,2008,54,39,1428,150,2,2,2008,1,,,,2009-10-06 13:34:45,2014-05-14 15:56:46,2,0,,0,,0,,
216497343010661,171000381010661,2008,54,39,1428,150,3,2,2008,2,,,,2009-10-06 13:34:45,2014-05-14 15:56:46,2,0,,0,,0,,
216497346010661,171000381010661,2008,54,39,1428,150,4,2,2008,1,,,,2009-10-06 13:34:45,2014-05-14 15:56:46,2,0,,0,,0,,
216497338010661,171000381010661,2008,54,39,1428,270,1,2,2008,1,,,,2009-10-06 13:34:45,2014-05-14 15:56:46,2,0,,0,,0,,
216497341010661,171000381010661,2008,54,39,1428,270,2,2,2008,1,,,,2009-10-06 13:34:45,2014-05-14 15:56:46,2,0,,0,,0,,
216497344010661,171000381010661,2008,54,39,1428,270,3,2,2008,2,,,,2009-10-06 13:34:45,2014-05-14 15:56:46,2,0,,0,,0,,
216497347010661,171000381010661,2008,54,39,1428,270,4,2,2008,3,0.0,0.1,0.1,2009-10-06 13:34:45,2014-05-14 15:56:46,2,1,,1,,1,,
216497558010661,171001062010661,2008,54,43,794,30,1,2,2008,1,0.1,3.5,0.3,2009-10-06 13:34:45,2014-05-14 15:56:46,2,1,,1,,1,,
216497561010661,171001062010661,2008,54,43,794,30,2,2,2008,1,0.5,2.5,0.2,2009-10-06 13:34:45,2014-05-14 15:56:46,2,1,,1,,1,,
216497564010661,171001062010661,2008,54,43,794,30,3,2,2008,1,1.5,4.5,0.5,2009-10-06 13:34:45,2014-05-14 15:56:46,2,1,,1,,1,,
216497567010661,171001062010661,2008,54,43,794,30,4,2,2008,1,1.0,2.5,0.2,2009-10-06 13:34:45,2014-05-14 15:56:46,2,1,,1,,1,,
216497559010661,171001062010661,2008,54,43,794,150,1,2,2008,1,2.0,6.5,0.5,2009-10-06 13:34:45,2014-05-14 15:56:46,2,1,,1,,1,,
216497562010661,171001062010661,2008,54,43,794,150,2,2,2008,1,0.0,6.0,0.5,2009-10-06 13:34:45,2014-05-14 15:56:46,2,1,,1,,1,,
216497565010661,171001062010661,2008,54,43,794,150,3,2,2008,1,0.5,3.5,0.3,2009-10-06 13:34:45,2014-05-14 15:56:46,2,1,,1,,1,,
216497568010661,171001062010661,2008,54,43,794,150,4,2,2008,1,0.0,6.0,0.5,2009-10-06 13:34:45,2014-05-14 15:56:46,2,1,,1,,1,,
216497560010661,171001062010661,2008,54,43,794,270,1,2,2008,1,0.1,3.5,0.3,2009-10-06 13:34:45,2014-05-14 15:56:46,2,1,,1,,1,,
216497563010661,171001062010661,2008,54,43,794,270,2,2,2008,1,0.5,2.5,0.2,2009-10-06 13:34:45,2014-05-14 15:56:46,2,1,,1,,1,,
216497566010661,171001062010661,2008,54,43,794,270,3,2,2008,1,0.1,6.5,0.5,2009-10-06 13:34:45,2014-05-14 15:56:46,2,1,,1,,1,,
216497569010661,171001062010661,2008,54,43,794,270,4,2,2008,1,0.1,0.0,0.0,2009-10-06 13:34:45,2014-05-14 15:56:46,2,1,,1,,1,,
42802443020004,171000993010661,2008,54,45,263,30,1,2,2008,1,,,,2012-06-06 07:13:27,2014-05-14 15:57:41,2,0,,0,,0,,
42802450020004,171000993010661,2008,54,45,263,30,2,2,2008,1,,,,2012-06-06 07:13:27,2014-05-14 15:57:41,2,0,,0,,0,,
42802447020004,171000993010661,2008,54,45,263,30,3,2,2008,1,,,,2012-06-06 07:13:27,2014-05-14 15:57:41,2,0,,0,,0,,
42802445020004,171000993010661,2008,54,45,263,30,4,2,2008,1,,,,2012-06-06 07:13:27,2014-05-14 15:57:41,2,0,,0,,0,,
42802442020004,171000993010661,2008,54,45,263,150,1,2,2008,1,,,,2012-06-06 07:13:27,2014-05-14 15:57:41,2,0,,0,,0,,
42802448020004,171000993010661,2008,54,45,263,150,2,2,2008,1,,,,2012-06-06 07:13:27,2014-05-14 15:57:41,2,0,,0,,0,,
42802452020004,171000993010661,2008,54,45,263,150,3,2,2008,1,,,,2012-06-06 07:13:27,2014-05-14 15:57:41,2,0,,0,,0,,
42802451020004,171000993010661,2008,54,45,263,150,4,2,2008,1,,,,2012-06-06 07:13:27,2014-05-14 15:57:41,2,0,,0,,0,,
42802446020004,171000993010661,2008,54,45,263,270,1,2,2008,1,,,,2012-06-06 07:13:27,2014-05-14 15:57:41,2,0,,0,,0,,
42802453020004,171000993010661,2008,54,45,263,270,2,2,2008,1,,,,2012-06-06 07:13:27,2014-05-14 15:57:41,2,0,,0,,0,,
42802444020004,171000993010661,2008,54,45,263,270,3,2,2008,1,,,,2012-06-06 07:13:27,2014-05-14 15:57:41,2,0,,0,,0,,
42802449020004,171000993010661,2008,54,45,263,270,4,2,2008,1,,,,2012-06-06 07:13:27,2014-05-14 15:57:41,2,0,,0,,0,,
216496604010661,171001139010661,2008,54,47,1914,30,1,2,2008,1,,,,2009-10-06 13:34:45,2014-05-14 15:56:46,2,0,,0,,0,,
216496610010661,171001139010661,2008,54,47,1914,30,2,2,2008,1,,,,2009-10-06 13:34:45,2014-05-14 15:56:46,2,0,,0,,0,,
216496615010661,171001139010661,2008,54,47,1914,30,3,2,2008,2,0.2,1.5,0.1,2009-10-06 13:34:45,2014-05-14 15:56:46,2,1,,1,,1,,
216496620010661,171001139010661,2008,54,47,1914,30,4,2,2008,2,0.1,1.7,0.2,2009-10-06 13:34:45,2014-05-14 15:56:46,2,1,,1,,1,,
216496606010661,171001139010661,2008,54,47,1914,150,1,2,2008,1,,,,2009-10-06 13:34:45,2014-05-14 15:56:46,2,0,,0,,0,,
216496611010661,171001139010661,2008,54,47,1914,150,2,2,2008,1,,,,2009-10-06 13:34:45,2014-05-14 15:56:46,2,0,,0,,0,,
216496617010661,171001139010661,2008,54,47,1914,150,3,2,2008,2,0.7,1.5,0.4,2009-10-06 13:34:45,2014-05-14 15:56:46,2,1,,1,,1,,
216496622010661,171001139010661,2008,54,47,1914,150,4,2,2008,2,0.0,1.5,0.1,2009-10-06 13:34:45,2014-05-14 15:56:46,2,1,,1,,1,,
216496608010661,171001139010661,2008,54,47,1914,270,1,2,2008,1,,,,2009-10-06 13:34:45,2014-05-14 15:56:46,2,0,,0,,0,,
216496613010661,171001139010661,2008,54,47,1914,270,2,2,2008,1,,,,2009-10-06 13:34:45,2014-05-14 15:56:46,2,0,,0,,0,,
216496619010661,171001139010661,2008,54,47,1914,270,3,2,2008,3,,,,2009-10-06 13:34:45,2014-05-14 15:56:46,2,0,,0,,0,,
216496623010661,171001139010661,2008,54,47,1914,270,4,2,2008,2,0.2,2.0,0.2,2009-10-06 13:34:45,2014-05-14 15:56:46,2,1,,1,,1,,
42802565020004,171000452010661,2008,54,61,1158,30,1,2,2008,1,,,,2012-06-06 07:13:27,2014-05-14 15:57:41,2,0,,0,,0,,
42802569020004,171000452010661,2008,54,61,1158,30,2,2,2008,1,,,,2012-06-06 07:13:27,2014-05-14 15:57:41,2,0,,0,,0,,
42802566020004,171000452010661,2008,54,61,1158,30,3,2,2008,1,,,,2012-06-06 07:13:27,2014-05-14 15:57:41,2,0,,0,,0,,
42802563020004,171000452010661,2008,54,61,1158,30,4,2,2008,1,,,,2012-06-06 07:13:27,2014-05-14 15:57:41,2,0,,0,,0,,
42802562020004,171000452010661,2008,54,61,1158,150,1,2,2008,1,,,,2012-06-06 07:13:27,2014-05-14 15:57:41,2,0,,0,,0,,
42802568020004,171000452010661,2008,54,61,1158,150,2,2,2008,1,,,,2012-06-06 07:13:27,2014-05-14 15:57:41,2,0,,0,,0,,
42802573020004,171000452010661,2008,54,61,1158,150,3,2,2008,1,,,,2012-06-06 07:13:27,2014-05-14 15:57:41,2,0,,0,,0,,
42802571020004,171000452010661,2008,54,61,1158,150,4,2,2008,1,,,,2012-06-06 07:13:27,2014-05-14 15:57:41,2,0,,0,,0,,
42802564020004,171000452010661,2008,54,61,1158,270,1,2,2008,1,,,,2012-06-06 07:13:27,2014-05-14 15:57:41,2,0,,0,,0,,
42802572020004,171000452010661,2008,54,61,1158,270,2,2,2008,1,,,,2012-06-06 07:13:27,2014-05-14 15:57:41,2,0,,0,,0,,
42802567020004,171000452010661,2008,54,61,1158,270,3,2,2008,1,,,,2012-06-06 07:13:27,2014-05-14 15:57:41,2,0,,0,,0,,
42802570020004,171000452010661,2008,54,61,1158,270,4,2,2008,1,,,,2012-06-06 07:13:27,2014-05-14 15:57:41,2,0,,0,,0,,
216495616010661,171000473010661,2008,54,67,1365,30,1,2,2008,1,0.1,0.1,0.6,2009-10-06 13:34:45,2014-05-14 15:56:46,2,1,,1,,1,,
216495619010661,171000473010661,2008,54,67,1365,30,2,2,2008,1,0.2,0.7,0.6,2009-10-06 13:34:46,2014-05-14 15:56:46,2,1,,1,,1,,
216495622010661,171000473010661,2008,54,67,1365,30,3,2,2008,1,0.3,0.3,0.1,2009-10-06 13:34:46,2014-05-14 15:56:46,2,1,,1,,1,,
216495625010661,171000473010661,2008,54,67,1365,30,4,2,2008,1,0.7,0.2,0.1,2009-10-06 13:34:46,2014-05-14 15:56:46,2,1,,1,,1,,
216495617010661,171000473010661,2008,54,67,1365,150,1,2,2008,1,0.1,0.1,0.1,2009-10-06 13:34:46,2014-05-14 15:56:46,2,1,,1,,1,,
216495620010661,171000473010661,2008,54,67,1365,150,2,2,2008,1,0.2,0.4,0.1,2009-10-06 13:34:46,2014-05-14 15:56:46,2,1,,1,,1,,
216495623010661,171000473010661,2008,54,67,1365,150,3,2,2008,1,0.2,0.1,0.2,2009-10-06 13:34:46,2014-05-14 15:56:46,2,1,,1,,1,,
216495626010661,171000473010661,2008,54,67,1365,150,4,2,2008,1,1.5,0.5,0.2,2009-10-06 13:34:46,2014-05-14 15:56:46,2,1,,1,,1,,
216495618010661,171000473010661,2008,54,67,1365,270,1,2,2008,1,0.5,3.5,2.7,2009-10-06 13:34:46,2014-05-14 15:56:46,2,1,,1,,1,,
216495621010661,171000473010661,2008,54,67,1365,270,2,2,2008,1,0.5,0.3,2.1,2009-10-06 13:34:46,2014-05-14 15:56:46,2,1,,1,,1,,
216495624010661,171000473010661,2008,54,67,1365,270,3,2,2008,1,0.7,0.2,0.5,2009-10-06 13:34:46,2014-05-14 15:56:46,2,1,,1,,1,,
216495627010661,171000473010661,2008,54,67,1365,270,4,2,2008,1,0.0,0.0,0.3,2009-10-06 13:34:46,2014-05-14 15:56:46,2,1,,1,,1,,
216496194010661,171000476010661,2008,54,69,354,30,1,2,2008,1,0.1,0.2,0.1,2009-10-06 13:34:46,2014-05-14 15:56:46,2,1,,1,,1,,
216496197010661,171000476010661,2008,54,69,354,30,2,2,2008,1,0.1,0.1,0.1,2009-10-06 13:34:46,2014-05-14 15:56:46,2,1,,1,,1,,
216496200010661,171000476010661,2008,54,69,354,30,3,2,2008,1,0.1,0.2,0.4,2009-10-06 13:34:46,2014-05-14 15:56:46,2,1,,1,,1,,
216496203010661,171000476010661,2008,54,69,354,30,4,2,2008,2,,,,2009-10-06 13:34:46,2014-05-14 15:56:46,2,0,,0,,0,,
216496195010661,171000476010661,2008,54,69,354,150,1,2,2008,1,0.2,0.1,0.1,2009-10-06 13:34:46,2014-05-14 15:56:46,2,1,,1,,1,,
216496198010661,171000476010661,2008,54,69,354,150,2,2,2008,1,0.6,0.3,0.5,2009-10-06 13:34:46,2014-05-14 15:56:46,2,1,,1,,1,,
216496201010661,171000476010661,2008,54,69,354,150,3,2,2008,1,0.2,0.2,0.1,2009-10-06 13:34:46,2014-05-14 15:56:46,2,1,,1,,1,,
216496204010661,171000476010661,2008,54,69,354,150,4,2,2008,2,,,,2009-10-06 13:34:46,2014-05-14 15:56:46,2,0,,0,,0,,
216496196010661,171000476010661,2008,54,69,354,270,1,2,2008,1,0.1,0.7,0.1,2009-10-06 13:34:46,2014-05-14 15:56:46,2,1,,1,,1,,
216496199010661,171000476010661,2008,54,69,354,270,2,2,2008,1,0.2,0.1,0.1,2009-10-06 13:34:46,2014-05-14 15:56:46,2,1,,1,,1,,
216496202010661,171000476010661,2008,54,69,354,270,3,2,2008,1,0.1,0.2,0.1,2009-10-06 13:34:46,2014-05-14 15:56:46,2,1,,1,,1,,
216496205010661,171000476010661,2008,54,69,354,270,4,2,2008,2,,,,2009-10-06 13:34:46,2014-05-14 15:56:46,2,0,,0,,0,,
42802390020004,171001205010661,2008,54,71,1630,30,1,2,2008,1,,,,2012-06-06 07:13:27,2014-05-14 15:57:41,2,0,,0,,0,,
42802396020004,171001205010661,2008,54,71,1630,30,2,2,2008,1,,,,2012-06-06 07:13:27,2014-05-14 15:57:41,2,0,,0,,0,,
42802393020004,171001205010661,2008,54,71,1630,30,3,2,2008,1,,,,2012-06-06 07:13:27,2014-05-14 15:57:41,2,0,,0,,0,,
42802394020004,171001205010661,2008,54,71,1630,30,4,2,2008,1,,,,2012-06-06 07:13:27,2014-05-14 15:57:41,2,0,,0,,0,,
42802389020004,171001205010661,2008,54,71,1630,150,1,2,2008,1,,,,2012-06-06 07:13:27,2014-05-14 15:57:41,2,0,,0,,0,,
42802395020004,171001205010661,2008,54,71,1630,150,2,2,2008,1,,,,2012-06-06 07:13:27,2014-05-14 15:57:41,2,0,,0,,0,,
42802399020004,171001205010661,2008,54,71,1630,150,3,2,2008,1,,,,2012-06-06 07:13:27,2014-05-14 15:57:41,2,0,,0,,0,,
42802398020004,171001205010661,2008,54,71,1630,150,4,2,2008,1,,,,2012-06-06 07:13:27,2014-05-14 15:57:41,2,0,,0,,0,,
42802392020004,171001205010661,2008,54,71,1630,270,1,2,2008,1,,,,2012-06-06 07:13:27,2014-05-14 15:57:41,2,0,,0,,0,,
42802400020004,171001205010661,2008,54,71,1630,270,2,2,2008,1,,,,2012-06-06 07:13:27,2014-05-14 15:57:41,2,0,,0,,0,,
42802391020004,171001205010661,2008,54,71,1630,270,3,2,2008,1,,,,2012-06-06 07:13:27,2014-05-14 15:57:41,2,0,,0,,0,,
42802397020004,171001205010661,2008,54,71,1630,270,4,2,2008,1,,,,2012-06-06 07:13:27,2014-05-14 15:57:41,2,0,,0,,0,,
216494980010661,171000487010661,2008,54,75,1110,30,1,2,2008,1,0.1,3.0,0.3,2009-10-06 13:34:46,2014-05-14 15:56:46,2,1,,1,,1,,
216494983010661,171000487010661,2008,54,75,1110,30,2,2,2008,1,1.0,3.5,0.3,2009-10-06 13:34:46,2014-05-14 15:56:46,2,1,,1,,1,,
216494986010661,171000487010661,2008,54,75,1110,30,3,2,2008,1,2.0,2.0,0.2,2009-10-06 13:34:46,2014-05-14 15:56:46,2,1,,1,,1,,
216494989010661,171000487010661,2008,54,75,1110,30,4,2,2008,1,0.5,2.0,0.2,2009-10-06 13:34:46,2014-05-14 15:56:46,2,1,,1,,1,,
216494981010661,171000487010661,2008,54,75,1110,150,1,2,2008,1,0.0,2.5,0.2,2009-10-06 13:34:46,2014-05-14 15:56:46,2,1,,1,,1,,
216494984010661,171000487010661,2008,54,75,1110,150,2,2,2008,1,1.0,3.5,0.3,2009-10-06 13:34:46,2014-05-14 15:56:46,2,1,,1,,1,,
216494987010661,171000487010661,2008,54,75,1110,150,3,2,2008,1,2.0,2.0,0.2,2009-10-06 13:34:46,2014-05-14 15:56:46,2,1,,1,,1,,
216494990010661,171000487010661,2008,54,75,1110,150,4,2,2008,1,,,,2009-10-06 13:34:46,2014-05-14 15:56:46,2,0,,0,,0,,
216494982010661,171000487010661,2008,54,75,1110,270,1,2,2008,1,0.5,6.5,0.5,2009-10-06 13:34:46,2014-05-14 15:56:46,2,1,,1,,1,,
216494985010661,171000487010661,2008,54,75,1110,270,2,2,2008,1,0.1,2.5,0.2,2009-10-06 13:34:46,2014-05-14 15:56:46,2,1,,1,,1,,
216494988010661,171000487010661,2008,54,75,1110,270,3,2,2008,1,2.0,2.5,0.2,2009-10-06 13:34:46,2014-05-14 15:56:46,2,1,,1,,1,,
216494991010661,171000487010661,2008,54,75,1110,270,4,2,2008,1,1.0,3.0,0.3,2009-10-06 13:34:46,2014-05-14 15:56:46,2,1,,1,,1,,
216494907010661,171000614010661,2008,54,83,214,30,1,2,2008,1,3.0,1.5,0.1,2009-10-06 13:34:46,2014-05-14 15:56:46,2,1,,1,,1,,
216494910010661,171000614010661,2008,54,83,214,30,2,2,2008,1,3.5,2.0,0.2,2009-10-06 13:34:46,2014-05-14 15:56:46,2,1,,1,,1,,
216494913010661,171000614010661,2008,54,83,214,30,3,2,2008,1,2.2,2.0,0.2,2009-10-06 13:34:46,2014-05-14 15:56:46,2,1,,1,,1,,
216494916010661,171000614010661,2008,54,83,214,30,4,2,2008,1,1.2,0.5,0.1,2009-10-06 13:34:46,2014-05-14 15:56:46,2,1,,1,,1,,
216494908010661,171000614010661,2008,54,83,214,150,1,2,2008,1,2.5,1.7,0.2,2009-10-06 13:34:46,2014-05-14 15:56:46,2,1,,1,,1,,
216494911010661,171000614010661,2008,54,83,214,150,2,2,2008,1,5.0,1.8,0.2,2009-10-06 13:34:46,2014-05-14 15:56:46,2,1,,1,,1,,
216494914010661,171000614010661,2008,54,83,214,150,3,2,2008,1,2.2,2.0,0.2,2009-10-06 13:34:46,2014-05-14 15:56:46,2,1,,1,,1,,
216494917010661,171000614010661,2008,54,83,214,150,4,2,2008,1,4.3,0.5,0.1,2009-10-06 13:34:46,2014-05-14 15:56:46,2,1,,1,,1,,
216494909010661,171000614010661,2008,54,83,214,270,1,2,2008,1,1.3,1.5,0.1,2009-10-06 13:34:46,2014-05-14 15:56:46,2,1,,1,,1,,
216494912010661,171000614010661,2008,54,83,214,270,2,2,2008,1,3.5,2.0,0.2,2009-10-06 13:34:46,2014-05-14 15:56:46,2,1,,1,,1,,
216494915010661,171000614010661,2008,54,83,214,270,3,2,2008,1,1.5,1.0,0.1,2009-10-06 13:34:46,2014-05-14 15:56:46,2,1,,1,,1,,
216494918010661,171000614010661,2008,54,83,214,270,4,2,2008,1,3.0,2.0,0.2,2009-10-06 13:34:46,2014-05-14 15:56:46,2,1,,1,,1,,
216496358010661,171000537010661,2008,54,87,744,30,1,2,2008,1,0.8,2.2,0.4,2009-10-06 13:34:46,2014-05-14 15:56:46,2,1,,1,,1,,
216496361010661,171000537010661,2008,54,87,744,30,2,2,2008,1,0.0,0.2,0.1,2009-10-06 13:34:46,2014-05-14 15:56:46,2,1,,1,,1,,
216496365010661,171000537010661,2008,54,87,744,30,3,2,2008,1,0.0,0.2,0.1,2009-10-06 13:34:46,2014-05-14 15:56:46,2,1,,1,,1,,
216496371010661,171000537010661,2008,54,87,744,30,4,2,2008,1,0.1,0.7,0.1,2009-10-06 13:34:46,2014-05-14 15:56:46,2,1,,1,,1,,
216496359010661,171000537010661,2008,54,87,744,150,1,2,2008,1,0.0,0.1,0.1,2009-10-06 13:34:46,2014-05-14 15:56:46,2,1,,1,,1,,
216496362010661,171000537010661,2008,54,87,744,150,2,2,2008,1,0.0,1.5,0.1,2009-10-06 13:34:46,2014-05-14 15:56:46,2,1,,1,,1,,
216496367010661,171000537010661,2008,54,87,744,150,3,2,2008,1,0.1,2.1,0.2,2009-10-06 13:34:46,2014-05-14 15:56:46,2,1,,1,,1,,
216496372010661,171000537010661,2008,54,87,744,150,4,2,2008,2,,,,2009-10-06 13:34:46,2014-05-14 15:56:46,2,0,,0,,0,,
216496360010661,171000537010661,2008,54,87,744,270,1,2,2008,1,0.1,1.2,0.3,2009-10-06 13:34:46,2014-05-14 15:56:46,2,1,,1,,1,,
216496363010661,171000537010661,2008,54,87,744,270,2,2,2008,1,0.0,0.7,0.1,2009-10-06 13:34:46,2014-05-14 15:56:46,2,1,,1,,1,,
216496369010661,171000537010661,2008,54,87,744,270,3,2,2008,1,0.1,0.7,0.3,2009-10-06 13:34:46,2014-05-14 15:56:46,2,1,,1,,1,,
216496373010661,171000537010661,2008,54,87,744,270,4,2,2008,1,0.1,0.1,0.1,2009-10-06 13:34:46,2014-05-14 15:56:46,2,1,,1,,1,,
42802480020004,171000544010661,2008,54,89,2159,30,1,2,2008,1,,,,2012-06-06 07:13:27,2014-05-14 15:57:41,2,0,,0,,0,,
42802485020004,171000544010661,2008,54,89,2159,30,2,2,2008,1,,,,2012-06-06 07:13:27,2014-05-14 15:57:41,2,0,,0,,0,,
42802481020004,171000544010661,2008,54,89,2159,30,3,2,2008,1,,,,2012-06-06 07:13:27,2014-05-14 15:57:41,2,0,,0,,0,,
42802478020004,171000544010661,2008,54,89,2159,30,4,2,2008,1,,,,2012-06-06 07:13:27,2014-05-14 15:57:41,2,0,,0,,0,,
42802477020004,171000544010661,2008,54,89,2159,150,1,2,2008,1,,,,2012-06-06 07:13:27,2014-05-14 15:57:41,2,0,,0,,0,,
42802483020004,171000544010661,2008,54,89,2159,150,2,2,2008,1,,,,2012-06-06 07:13:27,2014-05-14 15:57:41,2,0,,0,,0,,
42802487020004,171000544010661,2008,54,89,2159,150,3,2,2008,1,,,,2012-06-06 07:13:27,2014-05-14 15:57:41,2,0,,0,,0,,
42802486020004,171000544010661,2008,54,89,2159,150,4,2,2008,1,,,,2012-06-06 07:13:27,2014-05-14 15:57:41,2,0,,0,,0,,
42802482020004,171000544010661,2008,54,89,2159,270,1,2,2008,1,,,,2012-06-06 07:13:27,2014-05-14 15:57:41,2,0,,0,,0,,
42802488020004,171000544010661,2008,54,89,2159,270,2,2,2008,1,,,,2012-06-06 07:13:27,2014-05-14 15:57:41,2,0,,0,,0,,
42802479020004,171000544010661,2008,54,89,2159,270,3,2,2008,1,,,,2012-06-06 07:13:27,2014-05-14 15:57:41,2,0,,0,,0,,
42802484020004,171000544010661,2008,54,89,2159,270,4,2,2008,1,,,,2012-06-06 07:13:27,2014-05-14 15:57:41,2,0,,0,,0,,
216494807010661,171000619010661,2008,54,93,218,30,1,2,2008,1,2.6,0.8,0.1,2009-10-06 13:34:46,2014-05-14 15:56:46,2,1,,1,,1,,
216494810010661,171000619010661,2008,54,93,218,30,2,2,2008,1,4.4,3.1,0.3,2009-10-06 13:34:46,2014-05-14 15:56:46,2,1,,1,,1,,
216494813010661,171000619010661,2008,54,93,218,30,3,2,2008,1,1.0,1.8,0.7,2009-10-06 13:34:46,2014-05-14 15:56:46,2,1,,1,,1,,
216494816010661,171000619010661,2008,54,93,218,30,4,2,2008,1,1.7,1.5,0.2,2009-10-06 13:34:46,2014-05-14 15:56:46,2,1,,1,,1,,
216494808010661,171000619010661,2008,54,93,218,150,1,2,2008,1,2.0,0.5,0.3,2009-10-06 13:34:46,2014-05-14 15:56:46,2,1,,1,,1,,
216494811010661,171000619010661,2008,54,93,218,150,2,2,2008,1,1.0,0.5,0.3,2009-10-06 13:34:46,2014-05-14 15:56:46,2,1,,1,,1,,
216494814010661,171000619010661,2008,54,93,218,150,3,2,2008,1,4.2,2.7,1.1,2009-10-06 13:34:46,2014-05-14 15:56:46,2,1,,1,,1,,
216494817010661,171000619010661,2008,54,93,218,150,4,2,2008,1,0.1,0.5,0.1,2009-10-06 13:34:46,2014-05-14 15:56:46,2,1,,1,,1,,
216494809010661,171000619010661,2008,54,93,218,270,1,2,2008,1,1.5,1.2,0.1,2009-10-06 13:34:46,2014-05-14 15:56:46,2,1,,1,,1,,
216494812010661,171000619010661,2008,54,93,218,270,2,2,2008,1,1.1,1.2,0.1,2009-10-06 13:34:46,2014-05-14 15:56:46,2,1,,1,,1,,
216494815010661,171000619010661,2008,54,93,218,270,3,2,2008,1,2.2,0.8,0.4,2009-10-06 13:34:46,2014-05-14 15:56:46,2,1,,1,,1,,
216494818010661,171000619010661,2008,54,93,218,270,4,2,2008,1,0.1,0.1,0.1,2009-10-06 13:34:46,2014-05-14 15:56:46,2,1,,1,,1,,
42802169020004,171000554010661,2008,54,95,808,30,1,2,2008,1,,,,2012-06-06 07:13:26,2014-05-14 15:57:43,2,0,,0,,0,,
42802174020004,171000554010661,2008,54,95,808,30,2,2,2008,1,,,,2012-06-06 07:13:26,2014-05-14 15:57:43,2,0,,0,,0,,
42802168020004,171000554010661,2008,54,95,808,30,3,2,2008,1,,,,2012-06-06 07:13:26,2014-05-14 15:57:43,2,0,,0,,0,,
42802170020004,171000554010661,2008,54,95,808,30,4,2,2008,1,,,,2012-06-06 07:13:26,2014-05-14 15:57:43,2,0,,0,,0,,
42802166020004,171000554010661,2008,54,95,808,150,1,2,2008,1,,,,2012-06-06 07:13:26,2014-05-14 15:57:43,2,0,,0,,0,,
42802172020004,171000554010661,2008,54,95,808,150,2,2,2008,1,,,,2012-06-06 07:13:26,2014-05-14 15:57:43,2,0,,0,,0,,
42802177020004,171000554010661,2008,54,95,808,150,3,2,2008,1,,,,2012-06-06 07:13:26,2014-05-14 15:57:43,2,0,,0,,0,,
42802175020004,171000554010661,2008,54,95,808,150,4,2,2008,1,,,,2012-06-06 07:13:26,2014-05-14 15:57:43,2,0,,0,,0,,
42802171020004,171000554010661,2008,54,95,808,270,1,2,2008,1,,,,2012-06-06 07:13:26,2014-05-14 15:57:43,2,0,,0,,0,,
42802176020004,171000554010661,2008,54,95,808,270,2,2,2008,1,,,,2012-06-06 07:13:26,2014-05-14 15:57:43,2,0,,0,,0,,
42802167020004,171000554010661,2008,54,95,808,270,3,2,2008,1,,,,2012-06-06 07:13:26,2014-05-14 15:57:43,2,0,,0,,0,,
42802173020004,171000554010661,2008,54,95,808,270,4,2,2008,1,,,,2012-06-06 07:13:26,2014-05-14 15:57:43,2,0,,0,,0,,
42802055020004,171000561010661,2008,54,97,1920,30,1,2,2008,1,,,,2012-06-06 07:13:26,2014-05-14 15:57:43,2,0,,0,,0,,
42802060020004,171000561010661,2008,54,97,1920,30,2,2,2008,1,,,,2012-06-06 07:13:26,2014-05-14 15:57:43,2,0,,0,,0,,
42802057020004,171000561010661,2008,54,97,1920,30,3,2,2008,1,,,,2012-06-06 07:13:26,2014-05-14 15:57:43,2,0,,0,,0,,
42802054020004,171000561010661,2008,54,97,1920,30,4,2,2008,1,,,,2012-06-06 07:13:26,2014-05-14 15:57:43,2,0,,0,,0,,
42802053020004,171000561010661,2008,54,97,1920,150,1,2,2008,1,,,,2012-06-06 07:13:26,2014-05-14 15:57:43,2,0,,0,,0,,
42802059020004,171000561010661,2008,54,97,1920,150,2,2,2008,1,,,,2012-06-06 07:13:26,2014-05-14 15:57:43,2,0,,0,,0,,
42802063020004,171000561010661,2008,54,97,1920,150,3,2,2008,1,,,,2012-06-06 07:13:26,2014-05-14 15:57:43,2,0,,0,,0,,
42802062020004,171000561010661,2008,54,97,1920,150,4,2,2008,1,,,,2012-06-06 07:13:26,2014-05-14 15:57:43,2,0,,0,,0,,
42802058020004,171000561010661,2008,54,97,1920,270,1,2,2008,1,,,,2012-06-06 07:13:26,2014-05-14 15:57:43,2,0,,0,,0,,
42802064020004,171000561010661,2008,54,97,1920,270,2,2,2008,1,,,,2012-06-06 07:13:26,2014-05-14 15:57:43,2,0,,0,,0,,
42802056020004,171000561010661,2008,54,97,1920,270,3,2,2008,1,,,,2012-06-06 07:13:26,2014-05-14 15:57:43,2,0,,0,,0,,
42802061020004,171000561010661,2008,54,97,1920,270,4,2,2008,1,,,,2012-06-06 07:13:26,2014-05-14 15:57:43,2,0,,0,,0,,
216495329010661,171000624010661,2008,54,101,1753,30,1,2,2008,1,2.6,0.9,0.4,2009-10-06 13:34:46,2014-05-14 15:56:46,2,1,,1,,1,,
216495332010661,171000624010661,2008,54,101,1753,30,2,2,2008,1,1.5,0.6,0.1,2009-10-06 13:34:46,2014-05-14 15:56:46,2,1,,1,,1,,
216495335010661,171000624010661,2008,54,101,1753,30,3,2,2008,1,,,0.3,2009-10-06 13:34:46,2014-05-14 15:56:46,2,0,,0,,1,,
216495338010661,171000624010661,2008,54,101,1753,30,4,2,2008,1,3.8,1.2,0.1,2009-10-06 13:34:46,2014-05-14 15:56:46,2,1,,1,,1,,
216495330010661,171000624010661,2008,54,101,1753,150,1,2,2008,1,0.4,0.5,0.1,2009-10-06 13:34:46,2014-05-14 15:56:46,2,1,,1,,1,,
216495333010661,171000624010661,2008,54,101,1753,150,2,2,2008,1,3.1,2.2,0.2,2009-10-06 13:34:46,2014-05-14 15:56:46,2,1,,1,,1,,
216495336010661,171000624010661,2008,54,101,1753,150,3,2,2008,1,4.0,1.1,0.2,2009-10-06 13:34:46,2014-05-14 15:56:46,2,1,,1,,1,,
216495339010661,171000624010661,2008,54,101,1753,150,4,2,2008,1,4.7,1.1,0.1,2009-10-06 13:34:46,2014-05-14 15:56:46,2,1,,1,,1,,
216495331010661,171000624010661,2008,54,101,1753,270,1,2,2008,1,2.8,0.9,0.1,2009-10-06 13:34:46,2014-05-14 15:56:46,2,1,,1,,1,,
216495334010661,171000624010661,2008,54,101,1753,270,2,2,2008,1,1.0,0.9,1.1,2009-10-06 13:34:46,2014-05-14 15:56:46,2,1,,1,,1,,
216495337010661,171000624010661,2008,54,101,1753,270,3,2,2008,1,3.2,1.1,0.1,2009-10-06 13:34:46,2014-05-14 15:56:46,2,1,,1,,1,,
216495340010661,171000624010661,2008,54,101,1753,270,4,2,2008,1,4.5,1.2,0.6,2009-10-06 13:34:46,2014-05-14 15:56:47,2,1,,1,,1,,
216497154010661,171000585010661,2008,54,107,934,30,1,2,2008,1,0.1,3.5,0.5,2009-10-06 13:34:46,2014-05-14 15:56:47,2,1,,1,,1,,
216497157010661,171000585010661,2008,54,107,934,30,2,2,2008,1,0.1,4.5,0.6,2009-10-06 13:34:46,2014-05-14 15:56:47,2,1,,1,,1,,
216497160010661,171000585010661,2008,54,107,934,30,3,2,2008,1,0.1,2.7,4.0,2009-10-06 13:34:46,2014-05-14 15:56:47,2,1,,1,,1,,
216497163010661,171000585010661,2008,54,107,934,30,4,2,2008,2,0.5,14.0,1.3,2009-10-06 13:34:46,2014-05-14 15:56:47,2,1,,1,,1,,
216497155010661,171000585010661,2008,54,107,934,150,1,2,2008,1,1.5,2.7,13.0,2009-10-06 13:34:46,2014-05-14 15:56:47,2,1,,1,,1,,
216497158010661,171000585010661,2008,54,107,934,150,2,2,2008,1,0.7,1.5,0.1,2009-10-06 13:34:46,2014-05-14 15:56:47,2,1,,1,,1,,
216497161010661,171000585010661,2008,54,107,934,150,3,2,2008,1,0.1,2.7,0.5,2009-10-06 13:34:46,2014-05-14 15:56:47,2,1,,1,,1,,
216497164010661,171000585010661,2008,54,107,934,150,4,2,2008,2,1.0,3.0,0.3,2009-10-06 13:34:46,2014-05-14 15:56:47,2,1,,1,,1,,
216497156010661,171000585010661,2008,54,107,934,270,1,2,2008,1,0.6,2.0,0.7,2009-10-06 13:34:46,2014-05-14 15:56:47,2,1,,1,,1,,
216497159010661,171000585010661,2008,54,107,934,270,2,2,2008,1,0.1,2.0,0.8,2009-10-06 13:34:46,2014-05-14 15:56:47,2,1,,1,,1,,
216497162010661,171000585010661,2008,54,107,934,270,3,2,2008,1,0.5,10.0,1.1,2009-10-06 13:34:46,2014-05-14 15:56:47,2,1,,1,,1,,
216497165010661,171000585010661,2008,54,107,934,270,4,2,2008,2,1.5,3.0,0.3,2009-10-06 13:34:46,2014-05-14 15:56:46,2,1,,1,,1,,
216517462010661,171000596010661,2008,54,109,1029,30,1,2,2008,1,,,,2009-10-07 07:40:14,2014-05-14 15:56:46,2,0,,0,,0,,
216517465010661,171000596010661,2008,54,109,1029,30,2,2,2008,2,0.1,1.2,0.1,2009-10-07 07:40:14,2014-05-14 15:56:46,2,1,,1,,1,,
216517468010661,171000596010661,2008,54,109,1029,30,3,2,2008,1,,,,2009-10-07 07:40:14,2014-05-14 15:56:46,2,0,,0,,0,,
216517471010661,171000596010661,2008,54,109,1029,30,4,2,2008,1,,,,2009-10-07 07:40:14,2014-05-14 15:56:46,2,0,,0,,0,,
216517463010661,171000596010661,2008,54,109,1029,150,1,2,2008,1,,,,2009-10-07 07:40:14,2014-05-14 15:56:46,2,0,,0,,0,,
216517466010661,171000596010661,2008,54,109,1029,150,2,2,2008,1,,,,2009-10-07 07:40:14,2014-05-14 15:56:46,2,0,,0,,0,,
216517469010661,171000596010661,2008,54,109,1029,150,3,2,2008,1,,,,2009-10-07 07:40:14,2014-05-14 15:56:46,2,0,,0,,0,,
216517472010661,171000596010661,2008,54,109,1029,150,4,2,2008,1,,,,2009-10-07 07:40:14,2014-05-14 15:56:46,2,0,,0,,0,,
216517464010661,171000596010661,2008,54,109,1029,270,1,2,2008,1,,,,2009-10-07 07:40:14,2014-05-14 15:56:46,2,0,,0,,0,,
216517467010661,171000596010661,2008,54,109,1029,270,2,2,2008,2,0.1,2.4,0.3,2009-10-07 07:40:14,2014-05-14 15:56:46,2,1,,1,,1,,
216517470010661,171000596010661,2008,54,109,1029,270,3,2,2008,1,,,,2009-10-07 07:40:14,2014-05-14 15:56:46,2,0,,0,,0,,
216517473010661,171000596010661,2008,54,109,1029,270,4,2,2008,1,,,,2009-10-07 07:40:14,2014-05-14 15:56:46,2,0,,0,,0,,
225051196010661,145007461010661,2009,54,1,1932,30,1,2,2009,1,0.1,0.7,0.2,2010-08-17 07:49:40,2014-05-14 15:56:50,2,1,,1,,1,,
225051199010661,145007461010661,2009,54,1,1932,30,2,2,2009,1,0.0,0.6,0.3,2010-08-17 07:49:40,2014-05-14 15:56:50,2,1,,1,,1,,
225051202010661,145007461010661,2009,54,1,1932,30,3,2,2009,1,0.1,0.4,4.1,2010-08-17 07:49:40,2014-05-14 15:56:50,2,1,,1,,1,,
225051205010661,145007461010661,2009,54,1,1932,30,4,2,2009,1,0.1,1.2,0.4,2010-08-17 07:49:40,2014-05-14 15:56:50,2,1,,1,,1,,
225051197010661,145007461010661,2009,54,1,1932,150,1,2,2009,1,0.0,0.4,0.1,2010-08-17 07:49:40,2014-05-14 15:56:50,2,1,,1,,1,,
225051200010661,145007461010661,2009,54,1,1932,150,2,2,2009,1,0.0,0.4,3.1,2010-08-17 07:49:40,2014-05-14 15:56:50,2,1,,1,,1,,
225051203010661,145007461010661,2009,54,1,1932,150,3,2,2009,1,0.0,0.2,0.1,2010-08-17 07:49:40,2014-05-14 15:56:50,2,1,,1,,1,,
225051206010661,145007461010661,2009,54,1,1932,150,4,2,2009,1,,,,2010-08-17 07:49:40,2014-05-14 15:56:50,2,0,,0,,0,,
225051198010661,145007461010661,2009,54,1,1932,270,1,2,2009,1,0.9,0.1,0.1,2010-08-17 07:49:40,2014-05-14 15:56:50,2,1,,1,,1,,
225051201010661,145007461010661,2009,54,1,1932,270,2,2,2009,1,0.1,0.3,0.1,2010-08-17 07:49:40,2014-05-14 15:56:50,2,1,,1,,1,,
225051204010661,145007461010661,2009,54,1,1932,270,3,2,2009,1,0.1,0.4,1.9,2010-08-17 07:49:40,2014-05-14 15:56:50,2,1,,1,,1,,
225051207010661,145007461010661,2009,54,1,1932,270,4,2,2009,1,0.1,0.9,2.3,2010-08-17 07:49:40,2014-05-14 15:56:50,2,1,,1,,1,,
42802304020004,145007169010661,2009,54,3,610,30,1,2,2009,1,,,,2012-06-06 07:13:27,2014-05-14 15:57:43,2,0,,0,,0,,
42802296020004,145007169010661,2009,54,3,610,30,2,2,2009,1,,,,2012-06-06 07:13:27,2014-05-14 15:57:43,2,0,,0,,0,,
42802297020004,145007169010661,2009,54,3,610,30,3,2,2009,1,,,,2012-06-06 07:13:27,2014-05-14 15:57:43,2,0,,0,,0,,
42802306020004,145007169010661,2009,54,3,610,30,4,2,2009,1,,,,2012-06-06 07:13:27,2014-05-14 15:57:43,2,0,,0,,0,,
42802302020004,145007169010661,2009,54,3,610,150,1,2,2009,1,,,,2012-06-06 07:13:27,2014-05-14 15:57:43,2,0,,0,,0,,
42802299020004,145007169010661,2009,54,3,610,150,2,2,2009,1,,,,2012-06-06 07:13:27,2014-05-14 15:57:43,2,0,,0,,0,,
42802298020004,145007169010661,2009,54,3,610,150,3,2,2009,1,,,,2012-06-06 07:13:27,2014-05-14 15:57:43,2,0,,0,,0,,
42802305020004,145007169010661,2009,54,3,610,150,4,2,2009,1,,,,2012-06-06 07:13:27,2014-05-14 15:57:43,2,0,,0,,0,,
42802307020004,145007169010661,2009,54,3,610,270,1,2,2009,1,,,,2012-06-06 07:13:27,2014-05-14 15:57:43,2,0,,0,,0,,
42802300020004,145007169010661,2009,54,3,610,270,2,2,2009,1,,,,2012-06-06 07:13:27,2014-05-14 15:57:43,2,0,,0,,0,,
42802303020004,145007169010661,2009,54,3,610,270,3,2,2009,1,,,,2012-06-06 07:13:27,2014-05-14 15:57:43,2,0,,0,,0,,
42802301020004,145007169010661,2009,54,3,610,270,4,2,2009,1,,,,2012-06-06 07:13:27,2014-05-14 15:57:43,2,0,,0,,0,,
225069143010661,145008085010661,2009,54,5,1861,30,1,2,2009,1,0.0,0.6,0.1,2010-08-17 07:49:40,2014-05-14 15:56:50,2,1,,1,,1,,
225069146010661,145008085010661,2009,54,5,1861,30,2,2,2009,1,0.2,2.6,0.5,2010-08-17 07:49:40,2014-05-14 15:56:50,2,1,,1,,1,,
42802655020004,145008085010661,2009,54,5,1861,30,3,2,2009,2,,,,2012-06-06 07:13:28,2014-05-14 15:57:41,2,0,,0,,0,,
225069149010661,145008085010661,2009,54,5,1861,30,4,2,2009,1,0.0,0.5,0.2,2010-08-17 07:49:40,2014-05-14 15:56:50,2,1,,1,,1,,
225069144010661,145008085010661,2009,54,5,1861,150,1,2,2009,1,0.1,0.2,0.1,2010-08-17 07:49:40,2014-05-14 15:56:50,2,1,,1,,1,,
225069147010661,145008085010661,2009,54,5,1861,150,2,2,2009,1,0.1,0.1,0.2,2010-08-17 07:49:40,2014-05-14 15:56:50,2,1,,1,,1,,
42802654020004,145008085010661,2009,54,5,1861,150,3,2,2009,2,,,,2012-06-06 07:13:28,2014-05-14 15:57:41,2,0,,0,,0,,
225069150010661,145008085010661,2009,54,5,1861,150,4,2,2009,1,0.1,2.3,0.3,2010-08-17 07:49:40,2014-05-14 15:56:50,2,1,,1,,1,,
225069145010661,145008085010661,2009,54,5,1861,270,1,2,2009,1,0.6,5.1,0.6,2010-08-17 07:49:40,2014-05-14 15:56:50,2,1,,1,,1,,
225069148010661,145008085010661,2009,54,5,1861,270,2,2,2009,1,0.1,0.4,0.2,2010-08-17 07:49:40,2014-05-14 15:56:50,2,1,,1,,1,,
42802656020004,145008085010661,2009,54,5,1861,270,3,2,2009,2,,,,2012-06-06 07:13:28,2014-05-14 15:57:41,2,0,,0,,0,,
225069151010661,145008085010661,2009,54,5,1861,270,4,2,2009,1,,,0.4,2010-08-17 07:49:40,2014-05-14 15:56:50,2,0,,0,,1,,
225052586010661,145007681010661,2009,54,7,1499,30,1,2,2009,1,0.0,0.1,4.9,2010-08-17 07:49:41,2014-05-14 15:56:50,2,1,,1,,1,,
225052589010661,145007681010661,2009,54,7,1499,30,2,2,2009,1,0.0,0.1,0.1,2010-08-17 07:49:41,2014-05-14 15:56:50,2,1,,1,,1,,
225052592010661,145007681010661,2009,54,7,1499,30,3,2,2009,1,0.0,0.1,0.1,2010-08-17 07:49:41,2014-05-14 15:56:50,2,1,,1,,1,,
225052595010661,145007681010661,2009,54,7,1499,30,4,2,2009,1,0.0,0.3,0.2,2010-08-17 07:49:41,2014-05-14 15:56:50,2,1,,1,,1,,
225052587010661,145007681010661,2009,54,7,1499,150,1,2,2009,1,0.0,0.1,4.1,2010-08-17 07:49:41,2014-05-14 15:56:50,2,1,,1,,1,,
225052590010661,145007681010661,2009,54,7,1499,150,2,2,2009,1,0.0,0.1,0.1,2010-08-17 07:49:41,2014-05-14 15:56:50,2,1,,1,,1,,
225052593010661,145007681010661,2009,54,7,1499,150,3,2,2009,1,0.0,0.2,0.1,2010-08-17 07:49:41,2014-05-14 15:56:50,2,1,,1,,1,,
225052596010661,145007681010661,2009,54,7,1499,150,4,2,2009,1,0.0,0.1,0.1,2010-08-17 07:49:41,2014-05-14 15:56:50,2,1,,1,,1,,
225052588010661,145007681010661,2009,54,7,1499,270,1,2,2009,1,0.0,0.1,2.7,2010-08-17 07:49:41,2014-05-14 15:56:50,2,1,,1,,1,,
225052591010661,145007681010661,2009,54,7,1499,270,2,2,2009,1,0.0,0.1,0.1,2010-08-17 07:49:41,2014-05-14 15:56:50,2,1,,1,,1,,
225052594010661,145007681010661,2009,54,7,1499,270,3,2,2009,1,0.0,0.1,0.1,2010-08-17 07:49:41,2014-05-14 15:56:50,2,1,,1,,1,,
225052597010661,145007681010661,2009,54,7,1499,270,4,2,2009,1,0.0,0.1,0.3,2010-08-17 07:49:41,2014-05-14 15:56:50,2,1,,1,,1,,
225052400010661,145007553010661,2009,54,7,1744,30,1,2,2009,1,0.1,1.6,0.1,2010-08-17 07:49:41,2014-05-14 15:56:50,2,1,,1,,1,,
225052403010661,145007553010661,2009,54,7,1744,30,2,2,2009,1,0.1,0.6,0.1,2010-08-17 07:49:41,2014-05-14 15:56:50,2,1,,1,,1,,
225052406010661,145007553010661,2009,54,7,1744,30,3,2,2009,1,0.7,1.1,0.1,2010-08-17 07:49:41,2014-05-14 15:56:50,2,1,,1,,1,,
225052409010661,145007553010661,2009,54,7,1744,30,4,2,2009,1,0.0,0.1,0.1,2010-08-17 07:49:41,2014-05-14 15:56:50,2,1,,1,,1,,
225052401010661,145007553010661,2009,54,7,1744,150,1,2,2009,1,0.0,0.4,0.1,2010-08-17 07:49:41,2014-05-14 15:56:50,2,1,,1,,1,,
225052404010661,145007553010661,2009,54,7,1744,150,2,2,2009,1,0.1,0.3,0.1,2010-08-17 07:49:41,2014-05-14 15:56:50,2,1,,1,,1,,
225052407010661,145007553010661,2009,54,7,1744,150,3,2,2009,1,0.1,0.9,0.2,2010-08-17 07:49:41,2014-05-14 15:56:50,2,1,,1,,1,,
225052410010661,145007553010661,2009,54,7,1744,150,4,2,2009,1,0.0,0.2,0.1,2010-08-17 07:49:41,2014-05-14 15:56:50,2,1,,1,,1,,
225052402010661,145007553010661,2009,54,7,1744,270,1,2,2009,1,,,1.3,2010-08-17 07:49:41,2014-05-14 15:56:50,2,0,,0,,1,,
225052405010661,145007553010661,2009,54,7,1744,270,2,2,2009,1,0.0,0.0,0.1,2010-08-17 07:49:41,2014-05-14 15:56:50,2,1,,1,,1,,
225052408010661,145007553010661,2009,54,7,1744,270,3,2,2009,1,0.0,2.1,0.3,2010-08-17 07:49:41,2014-05-14 15:56:50,2,1,,1,,1,,
225052411010661,145007553010661,2009,54,7,1744,270,4,2,2009,1,0.1,0.7,0.8,2010-08-17 07:49:41,2014-05-14 15:56:50,2,1,,1,,1,,
225082824010661,145007991010661,2009,54,11,797,30,1,2,2009,1,0.1,0.5,11.1,2010-08-17 07:49:41,2014-05-14 15:56:50,2,1,,1,,1,,
225082827010661,145007991010661,2009,54,11,797,30,2,2,2009,1,0.2,0.3,0.1,2010-08-17 07:49:41,2014-05-14 15:56:50,2,1,,1,,1,,
225082830010661,145007991010661,2009,54,11,797,30,3,2,2009,1,0.0,0.2,0.2,2010-08-17 07:49:41,2014-05-14 15:56:51,2,1,,1,,1,,
42802537020004,145007991010661,2009,54,11,797,30,4,2,2009,2,,,,2012-06-06 07:13:27,2014-05-14 15:57:41,2,0,,0,,0,,
225082825010661,145007991010661,2009,54,11,797,150,1,2,2009,1,0.2,0.3,1.2,2010-08-17 07:49:41,2014-05-14 15:56:50,2,1,,1,,1,,
225082828010661,145007991010661,2009,54,11,797,150,2,2,2009,1,0.3,0.7,0.4,2010-08-17 07:49:41,2014-05-14 15:56:50,2,1,,1,,1,,
225082831010661,145007991010661,2009,54,11,797,150,3,2,2009,1,0.0,0.1,0.1,2010-08-17 07:49:41,2014-05-14 15:56:51,2,1,,1,,1,,
42802536020004,145007991010661,2009,54,11,797,150,4,2,2009,2,,,,2012-06-06 07:13:27,2014-05-14 15:57:41,2,0,,0,,0,,
225082826010661,145007991010661,2009,54,11,797,270,1,2,2009,1,,,,2010-08-17 07:49:41,2014-05-14 15:56:50,2,0,,0,,0,,
225082829010661,145007991010661,2009,54,11,797,270,2,2,2009,1,0.1,0.3,0.1,2010-08-17 07:49:41,2014-05-14 15:56:51,2,1,,1,,1,,
225082832010661,145007991010661,2009,54,11,797,270,3,2,2009,1,0.0,0.1,0.1,2010-08-17 07:49:41,2014-05-14 15:56:51,2,1,,1,,1,,
42802535020004,145007991010661,2009,54,11,797,270,4,2,2009,2,,,,2012-06-06 07:13:27,2014-05-14 15:57:41,2,0,,0,,0,,
225083703010661,145007655010661,2009,54,17,1054,30,1,2,2009,1,0.0,0.2,0.2,2010-08-17 07:49:41,2014-05-14 15:56:51,2,1,,1,,1,,
225083706010661,145007655010661,2009,54,17,1054,30,2,2,2009,1,,,,2010-08-17 07:49:41,2014-05-14 15:56:51,2,0,,0,,0,,
225083709010661,145007655010661,2009,54,17,1054,30,3,2,2009,1,0.1,0.5,0.6,2010-08-17 07:49:41,2014-05-14 15:56:51,2,1,,1,,1,,
225083712010661,145007655010661,2009,54,17,1054,30,4,2,2009,1,0.2,0.4,0.2,2010-08-17 07:49:41,2014-05-14 15:56:51,2,1,,1,,1,,
225083704010661,145007655010661,2009,54,17,1054,150,1,2,2009,1,0.1,0.6,0.1,2010-08-17 07:49:41,2014-05-14 15:56:51,2,1,,1,,1,,
225083707010661,145007655010661,2009,54,17,1054,150,2,2,2009,1,0.0,0.7,0.6,2010-08-17 07:49:41,2014-05-14 15:56:51,2,1,,1,,1,,
225083710010661,145007655010661,2009,54,17,1054,150,3,2,2009,1,0.3,0.7,0.1,2010-08-17 07:49:41,2014-05-14 15:56:51,2,1,,1,,1,,
225083713010661,145007655010661,2009,54,17,1054,150,4,2,2009,1,0.0,0.1,0.1,2010-08-17 07:49:41,2014-05-14 15:56:51,2,1,,1,,1,,
225083705010661,145007655010661,2009,54,17,1054,270,1,2,2009,1,0.1,1.2,0.2,2010-08-17 07:49:41,2014-05-14 15:56:51,2,1,,1,,1,,
225083708010661,145007655010661,2009,54,17,1054,270,2,2,2009,1,0.0,0.1,0.1,2010-08-17 07:49:41,2014-05-14 15:56:51,2,1,,1,,1,,
225083711010661,145007655010661,2009,54,17,1054,270,3,2,2009,1,0.2,0.5,0.1,2010-08-17 07:49:41,2014-05-14 15:56:51,2,1,,1,,1,,
225083714010661,145007655010661,2009,54,17,1054,270,4,2,2009,1,0.0,0.1,0.3,2010-08-17 07:49:41,2014-05-14 15:56:51,2,1,,1,,1,,
225072731010661,145007489010661,2009,54,25,2197,30,1,2,2009,1,0.3,0.5,0.2,2010-08-17 07:49:41,2014-05-14 15:56:51,2,1,,1,,1,,
225072734010661,145007489010661,2009,54,25,2197,30,2,2,2009,1,0.1,0.8,0.1,2010-08-17 07:49:41,2014-05-14 15:56:51,2,1,,1,,1,,
225072737010661,145007489010661,2009,54,25,2197,30,3,2,2009,1,0.0,0.1,7.9,2010-08-17 07:49:41,2014-05-14 15:56:51,2,1,,1,,1,,
225072740010661,145007489010661,2009,54,25,2197,30,4,2,2009,1,0.0,0.1,0.2,2010-08-17 07:49:41,2014-05-14 15:56:51,2,1,,1,,1,,
225072732010661,145007489010661,2009,54,25,2197,150,1,2,2009,1,0.6,0.3,0.1,2010-08-17 07:49:41,2014-05-14 15:56:51,2,1,,1,,1,,
225072735010661,145007489010661,2009,54,25,2197,150,2,2,2009,1,,,0.1,2010-08-17 07:49:41,2014-05-14 15:56:51,2,0,,0,,1,,
225072738010661,145007489010661,2009,54,25,2197,150,3,2,2009,1,0.1,1.1,0.5,2010-08-17 07:49:41,2014-05-14 15:56:51,2,1,,1,,1,,
225072741010661,145007489010661,2009,54,25,2197,150,4,2,2009,1,0.2,0.3,0.1,2010-08-17 07:49:41,2014-05-14 15:56:51,2,1,,1,,1,,
225072733010661,145007489010661,2009,54,25,2197,270,1,2,2009,1,0.6,0.7,0.1,2010-08-17 07:49:41,2014-05-14 15:56:51,2,1,,1,,1,,
225072736010661,145007489010661,2009,54,25,2197,270,2,2,2009,1,0.1,0.4,0.1,2010-08-17 07:49:41,2014-05-14 15:56:51,2,1,,1,,1,,
225072739010661,145007489010661,2009,54,25,2197,270,3,2,2009,1,0.0,0.1,0.1,2010-08-17 07:49:41,2014-05-14 15:56:51,2,1,,1,,1,,
225072742010661,145007489010661,2009,54,25,2197,270,4,2,2009,1,,,,2010-08-17 07:49:41,2014-05-14 15:56:51,2,0,,0,,0,,
225071873010661,145008167010661,2009,54,25,2331,30,1,2,2009,1,0.0,0.1,1.2,2010-08-17 07:49:41,2014-05-14 15:56:51,2,1,,1,,1,,
42802464020004,145008167010661,2009,54,25,2331,30,2,2,2009,1,,,,2012-06-06 07:13:27,2014-05-14 15:57:41,2,0,,0,,0,,
225071878010661,145008167010661,2009,54,25,2331,30,3,2,2009,1,0.0,0.1,0.1,2010-08-17 07:49:41,2014-05-14 15:56:51,2,1,,1,,1,,
225071881010661,145008167010661,2009,54,25,2331,30,4,2,2009,1,0.3,1.4,0.1,2010-08-17 07:49:41,2014-05-14 15:56:51,2,1,,1,,1,,
225071874010661,145008167010661,2009,54,25,2331,150,1,2,2009,1,0.0,0.0,0.1,2010-08-17 07:49:41,2014-05-14 15:56:51,2,1,,1,,1,,
225071876010661,145008167010661,2009,54,25,2331,150,2,2,2009,1,0.0,0.1,0.1,2010-08-17 07:49:41,2014-05-14 15:56:51,2,1,,1,,1,,
225071879010661,145008167010661,2009,54,25,2331,150,3,2,2009,1,0.0,0.1,2.1,2010-08-17 07:49:41,2014-05-14 15:56:51,2,1,,1,,1,,
225071882010661,145008167010661,2009,54,25,2331,150,4,2,2009,1,,,0.1,2010-08-17 07:49:41,2014-05-14 15:56:51,2,0,,0,,1,,
225071875010661,145008167010661,2009,54,25,2331,270,1,2,2009,1,0.1,0.5,0.1,2010-08-17 07:49:41,2014-05-14 15:56:51,2,1,,1,,1,,
225071877010661,145008167010661,2009,54,25,2331,270,2,2,2009,1,0.1,0.1,1.9,2010-08-17 07:49:41,2014-05-14 15:56:51,2,1,,1,,1,,
225071880010661,145008167010661,2009,54,25,2331,270,3,2,2009,1,0.1,0.5,0.2,2010-08-17 07:49:41,2014-05-14 15:56:51,2,1,,1,,1,,
225071883010661,145008167010661,2009,54,25,2331,270,4,2,2009,1,0.0,0.1,0.7,2010-08-17 07:49:41,2014-05-14 15:56:51,2,1,,1,,1,,
42802316020004,145007203010661,2009,54,27,1214,30,1,2,2009,1,,,,2012-06-06 07:13:27,2014-05-14 15:57:43,2,0,,0,,0,,
42802310020004,145007203010661,2009,54,27,1214,30,2,2,2009,1,,,,2012-06-06 07:13:27,2014-05-14 15:57:43,2,0,,0,,0,,
42802309020004,145007203010661,2009,54,27,1214,30,3,2,2009,1,,,,2012-06-06 07:13:27,2014-05-14 15:57:43,2,0,,0,,0,,
42802317020004,145007203010661,2009,54,27,1214,30,4,2,2009,1,,,,2012-06-06 07:13:27,2014-05-14 15:57:43,2,0,,0,,0,,
42802314020004,145007203010661,2009,54,27,1214,150,1,2,2009,1,,,,2012-06-06 07:13:27,2014-05-14 15:57:43,2,0,,0,,0,,
42802311020004,145007203010661,2009,54,27,1214,150,2,2,2009,1,,,,2012-06-06 07:13:27,2014-05-14 15:57:43,2,0,,0,,0,,
42802308020004,145007203010661,2009,54,27,1214,150,3,2,2009,1,,,,2012-06-06 07:13:27,2014-05-14 15:57:43,2,0,,0,,0,,
42802319020004,145007203010661,2009,54,27,1214,150,4,2,2009,1,,,,2012-06-06 07:13:27,2014-05-14 15:57:43,2,0,,0,,0,,
42802318020004,145007203010661,2009,54,27,1214,270,1,2,2009,1,,,,2012-06-06 07:13:27,2014-05-14 15:57:43,2,0,,0,,0,,
42802312020004,145007203010661,2009,54,27,1214,270,2,2,2009,1,,,,2012-06-06 07:13:27,2014-05-14 15:57:43,2,0,,0,,0,,
42802315020004,145007203010661,2009,54,27,1214,270,3,2,2009,1,,,,2012-06-06 07:13:27,2014-05-14 15:57:43,2,0,,0,,0,,
42802313020004,145007203010661,2009,54,27,1214,270,4,2,2009,1,,,,2012-06-06 07:13:27,2014-05-14 15:57:43,2,0,,0,,0,,
225055268010661,145007189010661,2009,54,31,598,30,1,2,2009,1,0.3,1.8,0.2,2010-08-17 07:49:41,2014-05-14 15:56:51,2,1,,1,,1,,
225055271010661,145007189010661,2009,54,31,598,30,2,2,2009,1,0.2,0.4,0.1,2010-08-17 07:49:41,2014-05-14 15:56:51,2,1,,1,,1,,
225055274010661,145007189010661,2009,54,31,598,30,3,2,2009,1,,,,2010-08-17 07:49:41,2014-05-14 15:56:51,2,0,,0,,0,,
225055277010661,145007189010661,2009,54,31,598,30,4,2,2009,1,0.1,0.4,0.1,2010-08-17 07:49:41,2014-05-14 15:56:51,2,1,,1,,1,,
225055269010661,145007189010661,2009,54,31,598,150,1,2,2009,1,0.2,3.0,0.4,2010-08-17 07:49:41,2014-05-14 15:56:51,2,1,,1,,1,,
225055272010661,145007189010661,2009,54,31,598,150,2,2,2009,1,3.3,1.8,0.2,2010-08-17 07:49:41,2014-05-14 15:56:51,2,1,,1,,1,,
225055275010661,145007189010661,2009,54,31,598,150,3,2,2009,1,0.7,0.8,0.1,2010-08-17 07:49:41,2014-05-14 15:56:51,2,1,,1,,1,,
225055278010661,145007189010661,2009,54,31,598,150,4,2,2009,1,0.3,0.2,0.2,2010-08-17 07:49:41,2014-05-14 15:56:51,2,1,,1,,1,,
225055270010661,145007189010661,2009,54,31,598,270,1,2,2009,1,,,17.7,2010-08-17 07:49:41,2014-05-14 15:56:51,2,0,,0,,1,,
225055273010661,145007189010661,2009,54,31,598,270,2,2,2009,1,0.4,5.5,5.5,2010-08-17 07:49:41,2014-05-14 15:56:51,2,1,,1,,1,,
225055276010661,145007189010661,2009,54,31,598,270,3,2,2009,1,0.2,0.5,0.1,2010-08-17 07:49:41,2014-05-14 15:56:51,2,1,,1,,1,,
225055279010661,145007189010661,2009,54,31,598,270,4,2,2009,1,0.2,1.3,0.3,2010-08-17 07:49:41,2014-05-14 15:56:51,2,1,,1,,1,,
225054671010661,145007229010661,2009,54,31,2183,30,1,2,2009,1,0.1,0.7,0.1,2010-08-17 07:49:41,2014-05-14 15:56:51,2,1,,1,,1,,
225054674010661,145007229010661,2009,54,31,2183,30,2,2,2009,2,2.1,0.9,0.8,2010-08-17 07:49:41,2014-05-14 15:56:51,2,1,,1,,1,,
225054677010661,145007229010661,2009,54,31,2183,30,3,2,2009,1,0.9,1.1,0.2,2010-08-17 07:49:41,2014-05-14 15:56:51,2,1,,1,,1,,
225054680010661,145007229010661,2009,54,31,2183,30,4,2,2009,1,,,0.5,2010-08-17 07:49:41,2014-05-14 15:56:51,2,0,,0,,1,,
225054672010661,145007229010661,2009,54,31,2183,150,1,2,2009,1,0.1,1.3,0.1,2010-08-17 07:49:41,2014-05-14 15:56:51,2,1,,1,,1,,
225054675010661,145007229010661,2009,54,31,2183,150,2,2,2009,2,,,0.1,2010-08-17 07:49:41,2014-05-14 15:56:51,2,0,,0,,1,,
225054678010661,145007229010661,2009,54,31,2183,150,3,2,2009,1,0.3,2.9,0.6,2010-08-17 07:49:41,2014-05-14 15:56:51,2,1,,1,,1,,
225054681010661,145007229010661,2009,54,31,2183,150,4,2,2009,1,0.1,1.1,0.5,2010-08-17 07:49:41,2014-05-14 15:56:51,2,1,,1,,1,,
225054673010661,145007229010661,2009,54,31,2183,270,1,2,2009,1,0.3,0.8,0.1,2010-08-17 07:49:41,2014-05-14 15:56:51,2,1,,1,,1,,
225054676010661,145007229010661,2009,54,31,2183,270,2,2,2009,2,,,0.1,2010-08-17 07:49:41,2014-05-14 15:56:51,2,0,,0,,1,,
225054679010661,145007229010661,2009,54,31,2183,270,3,2,2009,1,0.1,0.9,0.1,2010-08-17 07:49:41,2014-05-14 15:56:51,2,1,,1,,1,,
225054682010661,145007229010661,2009,54,31,2183,270,4,2,2009,1,0.2,2.7,0.2,2010-08-17 07:49:41,2014-05-14 15:56:51,2,1,,1,,1,,
226241640010661,145007883010661,2009,54,39,649,30,1,2,2009,1,0.1,0.5,0.3,2010-08-17 07:49:41,2014-05-14 15:56:51,2,1,,1,,1,,
226241643010661,145007883010661,2009,54,39,649,30,2,2,2009,2,,,0.3,2010-08-17 07:49:41,2014-05-14 15:56:51,2,0,,0,,1,,
226241646010661,145007883010661,2009,54,39,649,30,3,2,2009,1,0.7,1.2,0.2,2010-08-17 07:49:41,2014-05-14 15:56:51,2,1,,1,,1,,
226241649010661,145007883010661,2009,54,39,649,30,4,2,2009,1,0.0,0.8,0.1,2010-08-17 07:49:41,2014-05-14 15:56:51,2,1,,1,,1,,
226241641010661,145007883010661,2009,54,39,649,150,1,2,2009,1,0.0,0.5,0.1,2010-08-17 07:49:41,2014-05-14 15:56:51,2,1,,1,,1,,
226241644010661,145007883010661,2009,54,39,649,150,2,2,2009,2,0.1,1.9,0.3,2010-08-17 07:49:41,2014-05-14 15:56:51,2,1,,1,,1,,
226241647010661,145007883010661,2009,54,39,649,150,3,2,2009,1,,,0.1,2010-08-17 07:49:41,2014-05-14 15:56:51,2,0,,0,,1,,
226241650010661,145007883010661,2009,54,39,649,150,4,2,2009,1,0.0,0.1,0.1,2010-08-17 07:49:41,2014-05-14 15:56:51,2,1,,1,,1,,
226241642010661,145007883010661,2009,54,39,649,270,1,2,2009,1,0.0,0.1,0.1,2010-08-17 07:49:41,2014-05-14 15:56:51,2,1,,1,,1,,
226241645010661,145007883010661,2009,54,39,649,270,2,2,2009,2,0.0,0.8,0.2,2010-08-17 07:49:41,2014-05-14 15:56:51,2,1,,1,,1,,
226241648010661,145007883010661,2009,54,39,649,270,3,2,2009,1,0.1,0.8,0.1,2010-08-17 07:49:41,2014-05-14 15:56:51,2,1,,1,,1,,
226241651010661,145007883010661,2009,54,39,649,270,4,2,2009,1,0.4,1.1,0.3,2010-08-17 07:49:41,2014-05-14 15:56:51,2,1,,1,,1,,
225074268010661,145007811010661,2009,54,39,1369,30,1,2,2009,1,0.0,0.4,0.1,2010-08-17 07:49:41,2014-05-14 15:56:51,2,1,,1,,1,,
225074271010661,145007811010661,2009,54,39,1369,30,2,2,2009,1,0.0,1.1,0.1,2010-08-17 07:49:41,2014-05-14 15:56:51,2,1,,1,,1,,
225074274010661,145007811010661,2009,54,39,1369,30,3,2,2009,1,,,,2010-08-17 07:49:41,2014-05-14 15:56:51,2,0,,0,,0,,
225074277010661,145007811010661,2009,54,39,1369,30,4,2,2009,1,0.1,0.2,0.2,2010-08-17 07:49:41,2014-05-14 15:56:51,2,1,,1,,1,,
225074269010661,145007811010661,2009,54,39,1369,150,1,2,2009,1,0.0,0.1,0.1,2010-08-17 07:49:41,2014-05-14 15:56:51,2,1,,1,,1,,
225074272010661,145007811010661,2009,54,39,1369,150,2,2,2009,1,0.0,0.3,1.1,2010-08-17 07:49:41,2014-05-14 15:56:51,2,1,,1,,1,,
225074275010661,145007811010661,2009,54,39,1369,150,3,2,2009,1,0.0,0.4,0.1,2010-08-17 07:49:41,2014-05-14 15:56:51,2,1,,1,,1,,
225074278010661,145007811010661,2009,54,39,1369,150,4,2,2009,1,0.4,2.2,0.4,2010-08-17 07:49:41,2014-05-14 15:56:51,2,1,,1,,1,,
225074270010661,145007811010661,2009,54,39,1369,270,1,2,2009,1,,,,2010-08-17 07:49:41,2014-05-14 15:56:51,2,0,,0,,0,,
225074273010661,145007811010661,2009,54,39,1369,270,2,2,2009,1,0.3,0.4,0.1,2010-08-17 07:49:41,2014-05-14 15:56:51,2,1,,1,,1,,
225074276010661,145007811010661,2009,54,39,1369,270,3,2,2009,1,,,,2010-08-17 07:49:41,2014-05-14 15:56:51,2,0,,0,,0,,
225074279010661,145007811010661,2009,54,39,1369,270,4,2,2009,1,0.1,2.2,0.2,2010-08-17 07:49:41,2014-05-14 15:56:51,2,1,,1,,1,,
225075588010661,145007927010661,2009,54,45,534,30,1,2,2009,1,0.2,2.5,1.4,2010-08-17 07:49:41,2014-05-14 15:56:51,2,1,,1,,1,,
225075591010661,145007927010661,2009,54,45,534,30,2,2,2009,1,,,3.4,2010-08-17 07:49:41,2014-05-14 15:56:51,2,0,,0,,1,,
225075594010661,145007927010661,2009,54,45,534,30,3,2,2009,1,0.0,1.3,0.1,2010-08-17 07:49:41,2014-05-14 15:56:51,2,1,,1,,1,,
225075597010661,145007927010661,2009,54,45,534,30,4,2,2009,1,0.0,0.1,0.1,2010-08-17 07:49:41,2014-05-14 15:56:51,2,1,,1,,1,,
225075589010661,145007927010661,2009,54,45,534,150,1,2,2009,1,0.9,1.1,0.1,2010-08-17 07:49:41,2014-05-14 15:56:51,2,1,,1,,1,,
225075592010661,145007927010661,2009,54,45,534,150,2,2,2009,1,0.0,0.1,0.1,2010-08-17 07:49:41,2014-05-14 15:56:51,2,1,,1,,1,,
225075595010661,145007927010661,2009,54,45,534,150,3,2,2009,1,0.1,0.4,0.4,2010-08-17 07:49:41,2014-05-14 15:56:51,2,1,,1,,1,,
225075598010661,145007927010661,2009,54,45,534,150,4,2,2009,1,0.6,1.3,0.3,2010-08-17 07:49:41,2014-05-14 15:56:51,2,1,,1,,1,,
225075590010661,145007927010661,2009,54,45,534,270,1,2,2009,1,0.6,0.9,0.1,2010-08-17 07:49:41,2014-05-14 15:56:51,2,1,,1,,1,,
225075593010661,145007927010661,2009,54,45,534,270,2,2,2009,1,0.5,0.7,0.9,2010-08-17 07:49:41,2014-05-14 15:56:51,2,1,,1,,1,,
225075596010661,145007927010661,2009,54,45,534,270,3,2,2009,1,0.0,0.1,0.2,2010-08-17 07:49:41,2014-05-14 15:56:51,2,1,,1,,1,,
225075599010661,145007927010661,2009,54,45,534,270,4,2,2009,1,0.0,0.1,0.1,2010-08-17 07:49:41,2014-05-14 15:56:51,2,1,,1,,1,,
225076484010661,145007747010661,2009,54,47,437,30,1,2,2009,1,0.3,0.3,0.1,2010-08-17 07:49:42,2014-05-14 15:56:51,2,1,,1,,1,,
225076487010661,145007747010661,2009,54,47,437,30,2,2,2009,1,2.8,1.7,0.6,2010-08-17 07:49:42,2014-05-14 15:56:51,2,1,,1,,1,,
225076490010661,145007747010661,2009,54,47,437,30,3,2,2009,1,0.4,1.1,0.3,2010-08-17 07:49:42,2014-05-14 15:56:51,2,1,,1,,1,,
225076493010661,145007747010661,2009,54,47,437,30,4,2,2009,1,,,0.4,2010-08-17 07:49:42,2014-05-14 15:56:51,2,0,,0,,1,,
225076485010661,145007747010661,2009,54,47,437,150,1,2,2009,1,0.3,0.9,0.2,2010-08-17 07:49:42,2014-05-14 15:56:51,2,1,,1,,1,,
225076488010661,145007747010661,2009,54,47,437,150,2,2,2009,1,0.4,1.1,0.1,2010-08-17 07:49:42,2014-05-14 15:56:51,2,1,,1,,1,,
225076491010661,145007747010661,2009,54,47,437,150,3,2,2009,1,1.0,2.1,0.5,2010-08-17 07:49:42,2014-05-14 15:56:51,2,1,,1,,1,,
225076494010661,145007747010661,2009,54,47,437,150,4,2,2009,1,0.9,0.7,0.3,2010-08-17 07:49:42,2014-05-14 15:56:51,2,1,,1,,1,,
225076486010661,145007747010661,2009,54,47,437,270,1,2,2009,1,0.4,2.7,0.5,2010-08-17 07:49:42,2014-05-14 15:56:51,2,1,,1,,1,,
225076489010661,145007747010661,2009,54,47,437,270,2,2,2009,1,0.9,1.4,0.2,2010-08-17 07:49:42,2014-05-14 15:56:51,2,1,,1,,1,,
225076492010661,145007747010661,2009,54,47,437,270,3,2,2009,1,0.1,1.2,0.2,2010-08-17 07:49:42,2014-05-14 15:56:51,2,1,,1,,1,,
225076495010661,145007747010661,2009,54,47,437,270,4,2,2009,1,0.1,0.3,0.1,2010-08-17 07:49:42,2014-05-14 15:56:51,2,1,,1,,1,,
225076769010661,145007619010661,2009,54,55,961,30,1,2,2009,1,0.2,2.3,0.2,2010-08-17 07:49:42,2014-05-14 15:56:51,2,1,,1,,1,,
225076772010661,145007619010661,2009,54,55,961,30,2,2,2009,1,0.6,2.1,0.3,2010-08-17 07:49:42,2014-05-14 15:56:48,2,1,,1,,1,,
225076775010661,145007619010661,2009,54,55,961,30,3,2,2009,1,0.1,1.2,0.2,2010-08-17 07:49:42,2014-05-14 15:56:48,2,1,,1,,1,,
225076778010661,145007619010661,2009,54,55,961,30,4,2,2009,1,0.2,1.3,1.8,2010-08-17 07:49:42,2014-05-14 15:56:48,2,1,,1,,1,,
225076770010661,145007619010661,2009,54,55,961,150,1,2,2009,1,0.0,0.0,0.6,2010-08-17 07:49:42,2014-05-14 15:56:51,2,1,,1,,1,,
225076773010661,145007619010661,2009,54,55,961,150,2,2,2009,1,0.2,2.4,7.5,2010-08-17 07:49:42,2014-05-14 15:56:48,2,1,,1,,1,,
225076776010661,145007619010661,2009,54,55,961,150,3,2,2009,1,0.0,0.0,0.2,2010-08-17 07:49:42,2014-05-14 15:56:48,2,1,,1,,1,,
225076779010661,145007619010661,2009,54,55,961,150,4,2,2009,1,0.2,1.1,0.2,2010-08-17 07:49:42,2014-05-14 15:56:48,2,1,,1,,1,,
225076771010661,145007619010661,2009,54,55,961,270,1,2,2009,1,0.0,0.1,0.1,2010-08-17 07:49:42,2014-05-14 15:56:51,2,1,,1,,1,,
225076774010661,145007619010661,2009,54,55,961,270,2,2,2009,1,0.1,0.2,0.5,2010-08-17 07:49:42,2014-05-14 15:56:48,2,1,,1,,1,,
225076777010661,145007619010661,2009,54,55,961,270,3,2,2009,1,0.1,0.9,0.2,2010-08-17 07:49:42,2014-05-14 15:56:48,2,1,,1,,1,,
225076780010661,145007619010661,2009,54,55,961,270,4,2,2009,1,0.0,1.1,0.1,2010-08-17 07:49:42,2014-05-14 15:56:48,2,1,,1,,1,,
225077462010661,145007503010661,2009,54,55,2278,30,1,2,2009,1,0.3,1.2,0.1,2010-08-17 07:49:42,2014-05-14 15:56:48,2,1,,1,,1,,
225077465010661,145007503010661,2009,54,55,2278,30,2,2,2009,1,0.0,0.0,0.1,2010-08-17 07:49:42,2014-05-14 15:56:48,2,1,,1,,1,,
225077468010661,145007503010661,2009,54,55,2278,30,3,2,2009,1,0.1,0.4,0.2,2010-08-17 07:49:42,2014-05-14 15:56:48,2,1,,1,,1,,
225077471010661,145007503010661,2009,54,55,2278,30,4,2,2009,1,0.0,0.0,0.1,2010-08-17 07:49:42,2014-05-14 15:56:48,2,1,,1,,1,,
225077463010661,145007503010661,2009,54,55,2278,150,1,2,2009,1,0.1,0.1,0.2,2010-08-17 07:49:42,2014-05-14 15:56:48,2,1,,1,,1,,
225077466010661,145007503010661,2009,54,55,2278,150,2,2,2009,1,0.0,0.6,0.1,2010-08-17 07:49:42,2014-05-14 15:56:48,2,1,,1,,1,,
225077469010661,145007503010661,2009,54,55,2278,150,3,2,2009,1,0.0,0.1,0.1,2010-08-17 07:49:42,2014-05-14 15:56:48,2,1,,1,,1,,
225077472010661,145007503010661,2009,54,55,2278,150,4,2,2009,1,0.0,0.1,0.2,2010-08-17 07:49:42,2014-05-14 15:56:48,2,1,,1,,1,,
225077464010661,145007503010661,2009,54,55,2278,270,1,2,2009,1,0.0,0.1,0.1,2010-08-17 07:49:42,2014-05-14 15:56:48,2,1,,1,,1,,
225077467010661,145007503010661,2009,54,55,2278,270,2,2,2009,1,0.0,0.0,0.1,2010-08-17 07:49:42,2014-05-14 15:56:48,2,1,,1,,1,,
225077470010661,145007503010661,2009,54,55,2278,270,3,2,2009,1,0.1,1.3,0.1,2010-08-17 07:49:42,2014-05-14 15:56:48,2,1,,1,,1,,
225077473010661,145007503010661,2009,54,55,2278,270,4,2,2009,1,0.0,0.1,0.1,2010-08-17 07:49:42,2014-05-14 15:56:48,2,1,,1,,1,,
225078366010661,145008093010661,2009,54,59,257,30,1,2,2009,1,0.5,0.8,1.2,2010-08-17 07:49:42,2014-05-14 15:56:48,2,1,,1,,1,,
225078369010661,145008093010661,2009,54,59,257,30,2,2,2009,1,0.0,0.6,1.2,2010-08-17 07:49:42,2014-05-14 15:56:48,2,1,,1,,1,,
225078372010661,145008093010661,2009,54,59,257,30,3,2,2009,1,0.9,1.6,0.2,2010-08-17 07:49:42,2014-05-14 15:56:48,2,1,,1,,1,,
225078375010661,145008093010661,2009,54,59,257,30,4,2,2009,2,0.1,2.2,0.2,2010-08-17 07:49:42,2014-05-14 15:56:48,2,1,,1,,1,,
225078367010661,145008093010661,2009,54,59,257,150,1,2,2009,1,2.7,1.9,0.9,2010-08-17 07:49:42,2014-05-14 15:56:48,2,1,,1,,1,,
225078370010661,145008093010661,2009,54,59,257,150,2,2,2009,1,1.4,2.3,0.6,2010-08-17 07:49:42,2014-05-14 15:56:48,2,1,,1,,1,,
225078373010661,145008093010661,2009,54,59,257,150,3,2,2009,1,0.7,2.1,0.4,2010-08-17 07:49:42,2014-05-14 15:56:48,2,1,,1,,1,,
225078376010661,145008093010661,2009,54,59,257,150,4,2,2009,2,0.5,0.6,0.1,2010-08-17 07:49:42,2014-05-14 15:56:48,2,1,,1,,1,,
225078368010661,145008093010661,2009,54,59,257,270,1,2,2009,1,0.4,3.6,0.3,2010-08-17 07:49:42,2014-05-14 15:56:48,2,1,,1,,1,,
225078371010661,145008093010661,2009,54,59,257,270,2,2,2009,1,0.3,0.7,0.1,2010-08-17 07:49:42,2014-05-14 15:56:48,2,1,,1,,1,,
225078374010661,145008093010661,2009,54,59,257,270,3,2,2009,1,0.8,2.1,1.2,2010-08-17 07:49:42,2014-05-14 15:56:48,2,1,,1,,1,,
225078377010661,145008093010661,2009,54,59,257,270,4,2,2009,2,0.7,0.8,0.1,2010-08-17 07:49:42,2014-05-14 15:56:48,2,1,,1,,1,,
225088366010661,145007449010661,2009,54,61,2189,30,1,2,2009,1,0.3,0.6,0.3,2010-08-17 07:49:42,2014-05-14 15:56:48,2,1,,1,,1,,
225088369010661,145007449010661,2009,54,61,2189,30,2,2,2009,1,1.1,0.3,0.4,2010-08-17 07:49:42,2014-05-14 15:56:48,2,1,,1,,1,,
225088372010661,145007449010661,2009,54,61,2189,30,3,2,2009,1,0.9,0.4,0.1,2010-08-17 07:49:42,2014-05-14 15:56:48,2,1,,1,,1,,
225088375010661,145007449010661,2009,54,61,2189,30,4,2,2009,1,0.3,1.1,1.1,2010-08-17 07:49:42,2014-05-14 15:56:48,2,1,,1,,1,,
225088367010661,145007449010661,2009,54,61,2189,150,1,2,2009,1,0.3,0.4,0.1,2010-08-17 07:49:42,2014-05-14 15:56:48,2,1,,1,,1,,
225088370010661,145007449010661,2009,54,61,2189,150,2,2,2009,1,2.4,0.3,2.3,2010-08-17 07:49:42,2014-05-14 15:56:48,2,1,,1,,1,,
225088373010661,145007449010661,2009,54,61,2189,150,3,2,2009,1,0.1,0.3,0.1,2010-08-17 07:49:42,2014-05-14 15:56:48,2,1,,1,,1,,
225088376010661,145007449010661,2009,54,61,2189,150,4,2,2009,1,0.1,0.8,0.6,2010-08-17 07:49:42,2014-05-14 15:56:48,2,1,,1,,1,,
225088368010661,145007449010661,2009,54,61,2189,270,1,2,2009,1,0.1,0.6,2.5,2010-08-17 07:49:42,2014-05-14 15:56:48,2,1,,1,,1,,
225088371010661,145007449010661,2009,54,61,2189,270,2,2,2009,1,,,0.1,2010-08-17 07:49:42,2014-05-14 15:56:48,2,0,,0,,1,,
225088374010661,145007449010661,2009,54,61,2189,270,3,2,2009,1,,,,2010-08-17 07:49:42,2014-05-14 15:56:48,2,0,,0,,0,,
225088377010661,145007449010661,2009,54,61,2189,270,4,2,2009,1,4.1,4.9,1.9,2010-08-17 07:49:42,2014-05-14 15:56:48,2,1,,1,,1,,
226241074010661,145007171010661,2009,54,65,623,30,1,2,2009,1,1.1,0.8,0.1,2010-08-17 07:49:42,2014-05-14 15:56:48,2,1,,1,,1,,
226241076010661,145007171010661,2009,54,65,623,30,2,2,2009,1,0.0,0.1,0.1,2010-08-17 07:49:42,2014-05-14 15:56:48,2,1,,1,,1,,
226241079010661,145007171010661,2009,54,65,623,30,3,2,2009,3,0.1,0.2,0.1,2010-08-17 07:49:42,2014-05-14 15:56:48,2,1,,1,,1,,
226241082010661,145007171010661,2009,54,65,623,30,4,2,2009,1,0.1,1.9,0.4,2010-08-17 07:49:42,2014-05-14 15:56:48,2,1,,1,,1,,
42802406020004,145007171010661,2009,54,65,623,150,1,2,2009,2,,,,2012-06-06 07:13:27,2014-05-14 15:57:41,2,0,,0,,0,,
226241077010661,145007171010661,2009,54,65,623,150,2,2,2009,1,0.1,0.3,0.1,2010-08-17 07:49:42,2014-05-14 15:56:48,2,1,,1,,1,,
226241080010661,145007171010661,2009,54,65,623,150,3,2,2009,3,0.9,0.8,0.2,2010-08-17 07:49:42,2014-05-14 15:56:48,2,1,,1,,1,,
226241083010661,145007171010661,2009,54,65,623,150,4,2,2009,1,0.4,0.9,0.3,2010-08-17 07:49:42,2014-05-14 15:56:48,2,1,,1,,1,,
226241075010661,145007171010661,2009,54,65,623,270,1,2,2009,1,0.6,0.7,0.3,2010-08-17 07:49:42,2014-05-14 15:56:48,2,1,,1,,1,,
226241078010661,145007171010661,2009,54,65,623,270,2,2,2009,1,0.0,0.1,0.1,2010-08-17 07:49:42,2014-05-14 15:56:48,2,1,,1,,1,,
226241081010661,145007171010661,2009,54,65,623,270,3,2,2009,3,0.1,0.0,0.0,2010-08-17 07:49:42,2014-05-14 15:56:48,2,1,,1,,1,,
226241084010661,145007171010661,2009,54,65,623,270,4,2,2009,1,0.0,0.1,0.5,2010-08-17 07:49:42,2014-05-14 15:56:48,2,1,,1,,1,,
225079909010661,145007703010661,2009,54,67,2152,30,1,2,2009,1,,,,2010-08-17 07:49:42,2014-05-14 15:56:48,2,0,,0,,0,,
225079912010661,145007703010661,2009,54,67,2152,30,2,2,2009,1,,,,2010-08-17 07:49:42,2014-05-14 15:56:48,2,0,,0,,0,,
225079915010661,145007703010661,2009,54,67,2152,30,3,2,2009,2,0.0,0.1,0.1,2010-08-17 07:49:42,2014-05-14 15:56:48,2,1,,1,,1,,
225079918010661,145007703010661,2009,54,67,2152,30,4,2,2009,1,0.1,1.1,0.1,2010-08-17 07:49:42,2014-05-14 15:56:48,2,1,,1,,1,,
225079910010661,145007703010661,2009,54,67,2152,150,1,2,2009,1,0.0,0.3,0.1,2010-08-17 07:49:42,2014-05-14 15:56:48,2,1,,1,,1,,
225079913010661,145007703010661,2009,54,67,2152,150,2,2,2009,1,,,1.1,2010-08-17 07:49:42,2014-05-14 15:56:48,2,0,,0,,1,,
225079916010661,145007703010661,2009,54,67,2152,150,3,2,2009,2,0.0,0.0,0.0,2010-08-17 07:49:42,2014-05-14 15:56:48,2,1,,1,,1,,
225079919010661,145007703010661,2009,54,67,2152,150,4,2,2009,1,0.7,0.1,0.2,2010-08-17 07:49:42,2014-05-14 15:56:48,2,1,,1,,1,,
225079911010661,145007703010661,2009,54,67,2152,270,1,2,2009,1,0.0,0.2,0.2,2010-08-17 07:49:42,2014-05-14 15:56:48,2,1,,1,,1,,
225079914010661,145007703010661,2009,54,67,2152,270,2,2,2009,1,0.0,0.1,0.1,2010-08-17 07:49:42,2014-05-14 15:56:48,2,1,,1,,1,,
225079917010661,145007703010661,2009,54,67,2152,270,3,2,2009,2,0.0,0.1,0.1,2010-08-17 07:49:42,2014-05-14 15:56:48,2,1,,1,,1,,
225079920010661,145007703010661,2009,54,67,2152,270,4,2,2009,1,0.3,1.1,0.2,2010-08-17 07:49:42,2014-05-14 15:56:48,2,1,,1,,1,,
225060242010661,145007335010661,2009,54,75,1492,30,1,2,2009,1,0.4,0.4,0.2,2010-08-17 07:49:42,2014-05-14 15:56:48,2,1,,1,,1,,
225060245010661,145007335010661,2009,54,75,1492,30,2,2,2009,1,0.3,0.7,0.2,2010-08-17 07:49:42,2014-05-14 15:56:48,2,1,,1,,1,,
225060248010661,145007335010661,2009,54,75,1492,30,3,2,2009,1,3.3,0.2,0.3,2010-08-17 07:49:42,2014-05-14 15:56:48,2,1,,1,,1,,
225060251010661,145007335010661,2009,54,75,1492,30,4,2,2009,1,0.3,0.3,0.2,2010-08-17 07:49:42,2014-05-14 15:56:48,2,1,,1,,1,,
225060243010661,145007335010661,2009,54,75,1492,150,1,2,2009,1,0.2,0.6,0.4,2010-08-17 07:49:42,2014-05-14 15:56:48,2,1,,1,,1,,
225060246010661,145007335010661,2009,54,75,1492,150,2,2,2009,1,0.1,0.3,0.1,2010-08-17 07:49:42,2014-05-14 15:56:48,2,1,,1,,1,,
225060249010661,145007335010661,2009,54,75,1492,150,3,2,2009,1,0.3,0.1,0.2,2010-08-17 07:49:42,2014-05-14 15:56:48,2,1,,1,,1,,
225060252010661,145007335010661,2009,54,75,1492,150,4,2,2009,1,0.1,0.3,0.1,2010-08-17 07:49:42,2014-05-14 15:56:48,2,1,,1,,1,,
225060244010661,145007335010661,2009,54,75,1492,270,1,2,2009,1,0.1,0.4,0.3,2010-08-17 07:49:42,2014-05-14 15:56:48,2,1,,1,,1,,
225060247010661,145007335010661,2009,54,75,1492,270,2,2,2009,1,0.1,0.3,0.1,2010-08-17 07:49:42,2014-05-14 15:56:48,2,1,,1,,1,,
225060250010661,145007335010661,2009,54,75,1492,270,3,2,2009,1,0.3,0.3,0.2,2010-08-17 07:49:42,2014-05-14 15:56:48,2,1,,1,,1,,
225060253010661,145007335010661,2009,54,75,1492,270,4,2,2009,1,0.1,0.2,0.1,2010-08-17 07:49:42,2014-05-14 15:56:48,2,1,,1,,1,,
225061637010661,145008043010661,2009,54,77,1290,30,1,2,2009,1,0.0,1.3,0.1,2010-08-17 07:49:42,2014-05-14 15:56:48,2,1,,1,,1,,
225061640010661,145008043010661,2009,54,77,1290,30,2,2,2009,1,0.9,0.2,0.3,2010-08-17 07:49:42,2014-05-14 15:56:48,2,1,,1,,1,,
225061643010661,145008043010661,2009,54,77,1290,30,3,2,2009,1,0.6,0.1,0.2,2010-08-17 07:49:42,2014-05-14 15:56:48,2,1,,1,,1,,
225061646010661,145008043010661,2009,54,77,1290,30,4,2,2009,1,0.6,0.2,1.6,2010-08-17 07:49:42,2014-05-14 15:56:48,2,1,,1,,1,,
225061638010661,145008043010661,2009,54,77,1290,150,1,2,2009,1,0.4,0.2,0.3,2010-08-17 07:49:42,2014-05-14 15:56:48,2,1,,1,,1,,
225061641010661,145008043010661,2009,54,77,1290,150,2,2,2009,1,0.2,0.3,1.3,2010-08-17 07:49:42,2014-05-14 15:56:48,2,1,,1,,1,,
225061644010661,145008043010661,2009,54,77,1290,150,3,2,2009,1,0.2,0.5,1.4,2010-08-17 07:49:42,2014-05-14 15:56:48,2,1,,1,,1,,
225061647010661,145008043010661,2009,54,77,1290,150,4,2,2009,1,0.1,0.1,0.1,2010-08-17 07:49:42,2014-05-14 15:56:48,2,1,,1,,1,,
225061639010661,145008043010661,2009,54,77,1290,270,1,2,2009,1,0.1,0.1,3.6,2010-08-17 07:49:42,2014-05-14 15:56:48,2,1,,1,,1,,
225061642010661,145008043010661,2009,54,77,1290,270,2,2,2009,1,0.4,0.7,0.6,2010-08-17 07:49:42,2014-05-14 15:56:48,2,1,,1,,1,,
225061645010661,145008043010661,2009,54,77,1290,270,3,2,2009,1,0.3,0.2,12.9,2010-08-17 07:49:42,2014-05-14 15:56:48,2,1,,1,,1,,
225061648010661,145008043010661,2009,54,77,1290,270,4,2,2009,1,,,0.1,2010-08-17 07:49:42,2014-05-14 15:56:48,2,0,,0,,1,,
225080977010661,145007725010661,2009,54,81,1027,30,1,2,2009,1,0.0,0.0,0.2,2010-08-17 07:49:42,2014-05-14 15:56:48,2,1,,1,,1,,
225080980010661,145007725010661,2009,54,81,1027,30,2,2,2009,1,0.6,0.3,0.1,2010-08-17 07:49:42,2014-05-14 15:56:48,2,1,,1,,1,,
225080983010661,145007725010661,2009,54,81,1027,30,3,2,2009,1,0.0,0.1,0.1,2010-08-17 07:49:42,2014-05-14 15:56:48,2,1,,1,,1,,
225080986010661,145007725010661,2009,54,81,1027,30,4,2,2009,1,0.6,1.1,0.2,2010-08-17 07:49:42,2014-05-14 15:56:48,2,1,,1,,1,,
225080978010661,145007725010661,2009,54,81,1027,150,1,2,2009,1,0.4,0.9,0.1,2010-08-17 07:49:42,2014-05-14 15:56:48,2,1,,1,,1,,
225080981010661,145007725010661,2009,54,81,1027,150,2,2,2009,1,0.2,0.5,0.1,2010-08-17 07:49:42,2014-05-14 15:56:48,2,1,,1,,1,,
225080984010661,145007725010661,2009,54,81,1027,150,3,2,2009,1,0.3,0.3,0.1,2010-08-17 07:49:42,2014-05-14 15:56:48,2,1,,1,,1,,
225080987010661,145007725010661,2009,54,81,1027,150,4,2,2009,1,0.1,0.2,0.1,2010-08-17 07:49:42,2014-05-14 15:56:48,2,1,,1,,1,,
225080979010661,145007725010661,2009,54,81,1027,270,1,2,2009,1,0.3,0.4,0.3,2010-08-17 07:49:42,2014-05-14 15:56:48,2,1,,1,,1,,
225080982010661,145007725010661,2009,54,81,1027,270,2,2,2009,1,0.4,0.7,0.1,2010-08-17 07:49:42,2014-05-14 15:56:48,2,1,,1,,1,,
225080985010661,145007725010661,2009,54,81,1027,270,3,2,2009,1,0.0,0.2,0.1,2010-08-17 07:49:42,2014-05-14 15:56:48,2,1,,1,,1,,
225080988010661,145007725010661,2009,54,81,1027,270,4,2,2009,1,0.0,0.5,0.1,2010-08-17 07:49:42,2014-05-14 15:56:48,2,1,,1,,1,,
225063954010661,145007315010661,2009,54,83,1402,30,1,2,2009,1,0.0,0.1,0.1,2010-08-17 07:49:42,2014-05-14 15:56:48,2,1,,1,,1,,
225063957010661,145007315010661,2009,54,83,1402,30,2,2,2009,1,0.9,0.2,0.9,2010-08-17 07:49:42,2014-05-14 15:56:48,2,1,,1,,1,,
225063960010661,145007315010661,2009,54,83,1402,30,3,2,2009,1,0.1,0.6,0.1,2010-08-17 07:49:42,2014-05-14 15:56:48,2,1,,1,,1,,
225063963010661,145007315010661,2009,54,83,1402,30,4,2,2009,1,0.1,0.5,0.5,2010-08-17 07:49:42,2014-05-14 15:56:48,2,1,,1,,1,,
225063955010661,145007315010661,2009,54,83,1402,150,1,2,2009,1,0.7,1.3,0.2,2010-08-17 07:49:42,2014-05-14 15:56:48,2,1,,1,,1,,
225063958010661,145007315010661,2009,54,83,1402,150,2,2,2009,1,0.4,0.6,0.1,2010-08-17 07:49:42,2014-05-14 15:56:48,2,1,,1,,1,,
225063961010661,145007315010661,2009,54,83,1402,150,3,2,2009,1,0.8,0.5,0.3,2010-08-17 07:49:42,2014-05-14 15:56:48,2,1,,1,,1,,
225063964010661,145007315010661,2009,54,83,1402,150,4,2,2009,1,0.1,0.8,0.2,2010-08-17 07:49:42,2014-05-14 15:56:48,2,1,,1,,1,,
225063956010661,145007315010661,2009,54,83,1402,270,1,2,2009,1,,,1.1,2010-08-17 07:49:42,2014-05-14 15:56:48,2,0,,0,,1,,
225063959010661,145007315010661,2009,54,83,1402,270,2,2,2009,1,0.4,0.3,0.6,2010-08-17 07:49:42,2014-05-14 15:56:48,2,1,,1,,1,,
225063962010661,145007315010661,2009,54,83,1402,270,3,2,2009,1,0.4,0.4,0.4,2010-08-17 07:49:42,2014-05-14 15:56:48,2,1,,1,,1,,
225063965010661,145007315010661,2009,54,83,1402,270,4,2,2009,1,0.2,0.2,0.2,2010-08-17 07:49:42,2014-05-14 15:56:48,2,1,,1,,1,,
233285550010661,145007475010661,2009,54,97,2114,30,1,2,2009,1,0.5,1.0,0.1,2010-08-18 07:10:04,2014-05-14 15:56:49,2,1,,1,,1,,
233285553010661,145007475010661,2009,54,97,2114,30,2,2,2009,1,0.2,1.0,0.1,2010-08-18 07:10:04,2014-05-14 15:56:49,2,1,,1,,1,,
42802359020004,145007475010661,2009,54,97,2114,30,3,2,2009,2,,,,2012-06-06 07:13:27,2014-05-14 15:57:41,2,0,,0,,0,,
233285556010661,145007475010661,2009,54,97,2114,30,4,2,2009,1,1.5,3.0,0.3,2010-08-18 07:10:04,2014-05-14 15:56:49,2,1,,1,,1,,
233285551010661,145007475010661,2009,54,97,2114,150,1,2,2009,1,0.7,2.0,0.2,2010-08-18 07:10:04,2014-05-14 15:56:49,2,1,,1,,1,,
233285554010661,145007475010661,2009,54,97,2114,150,2,2,2009,1,1.8,2.0,0.2,2010-08-18 07:10:04,2014-05-14 15:56:49,2,1,,1,,1,,
42802360020004,145007475010661,2009,54,97,2114,150,3,2,2009,2,,,,2012-06-06 07:13:27,2014-05-14 15:57:41,2,0,,0,,0,,
233285557010661,145007475010661,2009,54,97,2114,150,4,2,2009,1,0.5,0.2,1.9,2010-08-18 07:10:04,2014-05-14 15:56:49,2,1,,1,,1,,
233285552010661,145007475010661,2009,54,97,2114,270,1,2,2009,1,1.0,2.5,0.2,2010-08-18 07:10:04,2014-05-14 15:56:49,2,1,,1,,1,,
42802361020004,145007475010661,2009,54,97,2114,270,2,2,2009,2,,,,2012-06-06 07:13:27,2014-05-14 15:57:41,2,0,,0,,0,,
233285555010661,145007475010661,2009,54,97,2114,270,3,2,2009,1,0.3,2.3,2.0,2010-08-18 07:10:04,2014-05-14 15:56:49,2,1,,1,,1,,
233285558010661,145007475010661,2009,54,97,2114,270,4,2,2009,1,1.3,1.5,0.1,2010-08-18 07:10:04,2014-05-14 15:56:49,2,1,,1,,1,,
225090433010661,145008011010661,2009,54,99,1933,30,1,2,2009,1,0.1,0.3,1.7,2010-08-17 07:49:42,2014-05-14 15:56:48,2,1,,1,,1,,
225090436010661,145008011010661,2009,54,99,1933,30,2,2,2009,1,0.0,0.2,0.1,2010-08-17 07:49:42,2014-05-14 15:56:48,2,1,,1,,1,,
225090439010661,145008011010661,2009,54,99,1933,30,3,2,2009,1,0.0,0.1,1.3,2010-08-17 07:49:43,2014-05-14 15:56:48,2,1,,1,,1,,
225090442010661,145008011010661,2009,54,99,1933,30,4,2,2009,1,0.0,0.2,0.3,2010-08-17 07:49:43,2014-05-14 15:56:48,2,1,,1,,1,,
225090434010661,145008011010661,2009,54,99,1933,150,1,2,2009,1,,,0.2,2010-08-17 07:49:42,2014-05-14 15:56:48,2,0,,0,,1,,
225090437010661,145008011010661,2009,54,99,1933,150,2,2,2009,1,0.0,0.1,0.1,2010-08-17 07:49:42,2014-05-14 15:56:48,2,1,,1,,1,,
225090440010661,145008011010661,2009,54,99,1933,150,3,2,2009,1,0.0,0.1,0.0,2010-08-17 07:49:43,2014-05-14 15:56:48,2,1,,1,,1,,
225090443010661,145008011010661,2009,54,99,1933,150,4,2,2009,1,0.0,0.2,0.1,2010-08-17 07:49:43,2014-05-14 15:56:48,2,1,,1,,1,,
225090435010661,145008011010661,2009,54,99,1933,270,1,2,2009,1,,,0.5,2010-08-17 07:49:42,2014-05-14 15:56:48,2,0,,0,,1,,
225090438010661,145008011010661,2009,54,99,1933,270,2,2,2009,1,0.0,0.2,0.6,2010-08-17 07:49:42,2014-05-14 15:56:48,2,1,,1,,1,,
225090441010661,145008011010661,2009,54,99,1933,270,3,2,2009,1,0.1,0.3,0.1,2010-08-17 07:49:43,2014-05-14 15:56:48,2,1,,1,,1,,
225090444010661,145008011010661,2009,54,99,1933,270,4,2,2009,1,1.0,0.1,0.1,2010-08-17 07:49:43,2014-05-14 15:56:49,2,1,,1,,1,,
225068025010661,145008105010661,2009,54,101,2463,30,1,2,2009,1,,,,2010-08-17 07:49:43,2014-05-14 15:56:49,2,0,,0,,0,,
225068028010661,145008105010661,2009,54,101,2463,30,2,2,2009,1,0.0,1.8,0.2,2010-08-17 07:49:43,2014-05-14 15:56:49,2,1,,1,,1,,
225068031010661,145008105010661,2009,54,101,2463,30,3,2,2009,1,0.0,0.2,0.1,2010-08-17 07:49:43,2014-05-14 15:56:49,2,1,,1,,1,,
225068034010661,145008105010661,2009,54,101,2463,30,4,2,2009,1,0.3,3.3,0.9,2010-08-17 07:49:43,2014-05-14 15:56:49,2,1,,1,,1,,
225068026010661,145008105010661,2009,54,101,2463,150,1,2,2009,1,0.0,1.2,0.1,2010-08-17 07:49:43,2014-05-14 15:56:49,2,1,,1,,1,,
225068029010661,145008105010661,2009,54,101,2463,150,2,2,2009,1,1.1,1.8,0.3,2010-08-17 07:49:43,2014-05-14 15:56:49,2,1,,1,,1,,
225068032010661,145008105010661,2009,54,101,2463,150,3,2,2009,1,0.1,0.4,0.2,2010-08-17 07:49:43,2014-05-14 15:56:49,2,1,,1,,1,,
225068035010661,145008105010661,2009,54,101,2463,150,4,2,2009,1,0.1,0.5,0.1,2010-08-17 07:49:43,2014-05-14 15:56:49,2,1,,1,,1,,
225068027010661,145008105010661,2009,54,101,2463,270,1,2,2009,1,,,,2010-08-17 07:49:43,2014-05-14 15:56:49,2,0,,0,,0,,
225068030010661,145008105010661,2009,54,101,2463,270,2,2,2009,1,,,,2010-08-17 07:49:43,2014-05-14 15:56:49,2,0,,0,,0,,
225068033010661,145008105010661,2009,54,101,2463,270,3,2,2009,1,0.1,0.4,0.1,2010-08-17 07:49:43,2014-05-14 15:56:49,2,1,,1,,1,,
225068036010661,145008105010661,2009,54,101,2463,270,4,2,2009,1,1.4,0.5,0.2,2010-08-17 07:49:43,2014-05-14 15:56:49,2,1,,1,,1,,
225090602010661,145007763010661,2009,54,103,380,30,1,2,2009,1,0.1,1.3,0.1,2010-08-17 07:49:43,2014-05-14 15:56:49,2,1,,1,,1,,
225090605010661,145007763010661,2009,54,103,380,30,2,2,2009,1,0.0,0.2,0.1,2010-08-17 07:49:43,2014-05-14 15:56:49,2,1,,1,,1,,
225090608010661,145007763010661,2009,54,103,380,30,3,2,2009,1,0.1,0.3,0.1,2010-08-17 07:49:43,2014-05-14 15:56:49,2,1,,1,,1,,
225090611010661,145007763010661,2009,54,103,380,30,4,2,2009,1,0.1,0.1,0.1,2010-08-17 07:49:43,2014-05-14 15:56:49,2,1,,1,,1,,
225090603010661,145007763010661,2009,54,103,380,150,1,2,2009,1,0.0,1.8,0.2,2010-08-17 07:49:43,2014-05-14 15:56:49,2,1,,1,,1,,
225090606010661,145007763010661,2009,54,103,380,150,2,2,2009,1,0.0,0.1,0.1,2010-08-17 07:49:43,2014-05-14 15:56:49,2,1,,1,,1,,
225090609010661,145007763010661,2009,54,103,380,150,3,2,2009,1,0.0,0.1,0.1,2010-08-17 07:49:43,2014-05-14 15:56:49,2,1,,1,,1,,
225090612010661,145007763010661,2009,54,103,380,150,4,2,2009,1,,,,2010-08-17 07:49:43,2014-05-14 15:56:49,2,0,,0,,0,,
225090604010661,145007763010661,2009,54,103,380,270,1,2,2009,1,,,0.0,2010-08-17 07:49:43,2014-05-14 15:56:49,2,0,,0,,1,,
225090607010661,145007763010661,2009,54,103,380,270,2,2,2009,1,0.0,0.1,0.1,2010-08-17 07:49:43,2014-05-14 15:56:49,2,1,,1,,1,,
225090610010661,145007763010661,2009,54,103,380,270,3,2,2009,1,0.1,0.4,0.1,2010-08-17 07:49:43,2014-05-14 15:56:49,2,1,,1,,1,,
225090613010661,145007763010661,2009,54,103,380,270,4,2,2009,1,0.0,0.0,0.1,2010-08-17 07:49:43,2014-05-14 15:56:49,2,1,,1,,1,,
225091264010661,174547884010661,2009,54,103,3601,30,1,2,2009,1,0.1,0.3,0.9,2010-08-17 07:49:43,2014-05-14 15:56:49,2,1,,1,,1,,
225091267010661,174547884010661,2009,54,103,3601,30,2,2,2009,1,0.1,0.3,0.1,2010-08-17 07:49:43,2014-05-14 15:56:49,2,1,,1,,1,,
225091270010661,174547884010661,2009,54,103,3601,30,3,2,2009,1,0.5,0.9,0.1,2010-08-17 07:49:43,2014-05-14 15:56:49,2,1,,1,,1,,
225091273010661,174547884010661,2009,54,103,3601,30,4,2,2009,1,0.6,0.4,0.1,2010-08-17 07:49:43,2014-05-14 15:56:49,2,1,,1,,1,,
225091265010661,174547884010661,2009,54,103,3601,150,1,2,2009,1,0.1,0.4,0.7,2010-08-17 07:49:43,2014-05-14 15:56:49,2,1,,1,,1,,
225091268010661,174547884010661,2009,54,103,3601,150,2,2,2009,1,0.1,0.4,3.9,2010-08-17 07:49:43,2014-05-14 15:56:49,2,1,,1,,1,,
225091271010661,174547884010661,2009,54,103,3601,150,3,2,2009,1,,,0.6,2010-08-17 07:49:43,2014-05-14 15:56:49,2,0,,0,,1,,
225091274010661,174547884010661,2009,54,103,3601,150,4,2,2009,1,0.0,0.6,0.1,2010-08-17 07:49:43,2014-05-14 15:56:49,2,1,,1,,1,,
225091266010661,174547884010661,2009,54,103,3601,270,1,2,2009,1,0.1,0.1,0.3,2010-08-17 07:49:43,2014-05-14 15:56:49,2,1,,1,,1,,
225091269010661,174547884010661,2009,54,103,3601,270,2,2,2009,1,0.0,0.3,0.1,2010-08-17 07:49:43,2014-05-14 15:56:49,2,1,,1,,1,,
225091272010661,174547884010661,2009,54,103,3601,270,3,2,2009,1,0.9,0.8,0.4,2010-08-17 07:49:43,2014-05-14 15:56:49,2,1,,1,,1,,
225091275010661,174547884010661,2009,54,103,3601,270,4,2,2009,1,0.0,0.2,0.2,2010-08-17 07:49:43,2014-05-14 15:56:49,2,1,,1,,1,,
225091550010661,145007857010661,2009,54,105,1773,30,1,2,2009,1,0.2,1.4,0.4,2010-08-17 07:49:43,2014-05-14 15:56:49,2,1,,1,,1,,
225091552010661,145007857010661,2009,54,105,1773,30,2,2,2009,1,0.0,1.9,0.4,2010-08-17 07:49:43,2014-05-14 15:56:49,2,1,,1,,1,,
42802206020004,145007857010661,2009,54,105,1773,30,3,2,2009,2,,,,2012-06-06 07:13:27,2014-05-14 15:57:43,2,0,,0,,0,,
42802211020004,145007857010661,2009,54,105,1773,30,4,2,2009,2,,,,2012-06-06 07:13:27,2014-05-14 15:57:43,2,0,,0,,0,,
42802210020004,145007857010661,2009,54,105,1773,150,1,2,2009,2,,,,2012-06-06 07:13:27,2014-05-14 15:57:43,2,0,,0,,0,,
225091553010661,145007857010661,2009,54,105,1773,150,2,2,2009,1,,,,2010-08-17 07:49:43,2014-05-14 15:56:49,2,0,,0,,0,,
42802207020004,145007857010661,2009,54,105,1773,150,3,2,2009,2,,,,2012-06-06 07:13:27,2014-05-14 15:57:43,2,0,,0,,0,,
42802212020004,145007857010661,2009,54,105,1773,150,4,2,2009,2,,,,2012-06-06 07:13:27,2014-05-14 15:57:43,2,0,,0,,0,,
225091551010661,145007857010661,2009,54,105,1773,270,1,2,2009,1,0.1,2.1,0.5,2010-08-17 07:49:43,2014-05-14 15:56:49,2,1,,1,,1,,
225091554010661,145007857010661,2009,54,105,1773,270,2,2,2009,1,0.1,0.5,0.2,2010-08-17 07:49:43,2014-05-14 15:56:49,2,1,,1,,1,,
42802209020004,145007857010661,2009,54,105,1773,270,3,2,2009,2,,,,2012-06-06 07:13:27,2014-05-14 15:57:43,2,0,,0,,0,,
42802208020004,145007857010661,2009,54,105,1773,270,4,2,2009,2,,,,2012-06-06 07:13:27,2014-05-14 15:57:43,2,0,,0,,0,,
225091856010661,145007939010661,2009,54,107,1633,30,1,2,2009,1,0.1,1.2,0.1,2010-08-17 07:49:43,2014-05-14 15:56:49,2,1,,1,,1,,
225091859010661,145007939010661,2009,54,107,1633,30,2,2,2009,1,0.3,1.1,0.1,2010-08-17 07:49:43,2014-05-14 15:56:49,2,1,,1,,1,,
225091862010661,145007939010661,2009,54,107,1633,30,3,2,2009,1,0.1,0.8,0.1,2010-08-17 07:49:43,2014-05-14 15:56:49,2,1,,1,,1,,
225091865010661,145007939010661,2009,54,107,1633,30,4,2,2009,1,0.0,0.1,0.1,2010-08-17 07:49:43,2014-05-14 15:56:49,2,1,,1,,1,,
225091857010661,145007939010661,2009,54,107,1633,150,1,2,2009,1,0.0,0.8,0.1,2010-08-17 07:49:43,2014-05-14 15:56:49,2,1,,1,,1,,
225091860010661,145007939010661,2009,54,107,1633,150,2,2,2009,1,0.1,0.4,0.1,2010-08-17 07:49:43,2014-05-14 15:56:49,2,1,,1,,1,,
225091863010661,145007939010661,2009,54,107,1633,150,3,2,2009,1,,,1.6,2010-08-17 07:49:43,2014-05-14 15:56:49,2,0,,0,,1,,
225091866010661,145007939010661,2009,54,107,1633,150,4,2,2009,1,0.0,0.1,0.1,2010-08-17 07:49:43,2014-05-14 15:56:49,2,1,,1,,1,,
225091858010661,145007939010661,2009,54,107,1633,270,1,2,2009,1,0.1,2.4,0.2,2010-08-17 07:49:43,2014-05-14 15:56:49,2,1,,1,,1,,
225091861010661,145007939010661,2009,54,107,1633,270,2,2,2009,1,0.2,2.1,1.1,2010-08-17 07:49:43,2014-05-14 15:56:49,2,1,,1,,1,,
225091864010661,145007939010661,2009,54,107,1633,270,3,2,2009,1,0.3,0.5,7.7,2010-08-17 07:49:43,2014-05-14 15:56:49,2,1,,1,,1,,
225091867010661,145007939010661,2009,54,107,1633,270,4,2,2009,1,0.0,0.1,0.1,2010-08-17 07:49:43,2014-05-14 15:56:49,2,1,,1,,1,,
249348957010661,169112647010661,2010,54,1,2429,30,1,2,2010,1,0.0,0.2,0.1,2011-06-06 07:00:35,2014-05-14 15:56:51,2,1,,1,,1,,
249348960010661,169112647010661,2010,54,1,2429,30,2,2,2010,1,0.0,0.3,0.2,2011-06-06 07:00:35,2014-05-14 15:56:51,2,1,,1,,1,,
249348963010661,169112647010661,2010,54,1,2429,30,3,2,2010,1,2.1,1.1,0.1,2011-06-06 07:00:35,2014-05-14 15:56:51,2,1,,1,,1,,
249348966010661,169112647010661,2010,54,1,2429,30,4,2,2010,1,0.1,0.8,0.1,2011-06-06 07:00:35,2014-05-14 15:56:51,2,1,,1,,1,,
249348958010661,169112647010661,2010,54,1,2429,150,1,2,2010,1,0.0,0.1,0.1,2011-06-06 07:00:35,2014-05-14 15:56:51,2,1,,1,,1,,
249348961010661,169112647010661,2010,54,1,2429,150,2,2,2010,1,1.0,1.9,0.5,2011-06-06 07:00:35,2014-05-14 15:56:51,2,1,,1,,1,,
249348964010661,169112647010661,2010,54,1,2429,150,3,2,2010,1,0.6,0.8,0.1,2011-06-06 07:00:35,2014-05-14 15:56:51,2,1,,1,,1,,
249348967010661,169112647010661,2010,54,1,2429,150,4,2,2010,1,0.1,0.4,0.1,2011-06-06 07:00:35,2014-05-14 15:56:51,2,1,,1,,1,,
249348959010661,169112647010661,2010,54,1,2429,270,1,2,2010,1,0.9,2.1,0.2,2011-06-06 07:00:35,2014-05-14 15:56:51,2,1,,1,,1,,
249348962010661,169112647010661,2010,54,1,2429,270,2,2,2010,1,0.0,0.6,0.2,2011-06-06 07:00:35,2014-05-14 15:56:51,2,1,,1,,1,,
249348965010661,169112647010661,2010,54,1,2429,270,3,2,2010,1,0.2,0.6,0.1,2011-06-06 07:00:35,2014-05-14 15:56:51,2,1,,1,,1,,
249348968010661,169112647010661,2010,54,1,2429,270,4,2,2010,1,0.0,0.5,0.2,2011-06-06 07:00:35,2014-05-14 15:56:51,2,1,,1,,1,,
249349109010661,169113105010661,2010,54,5,2402,30,1,2,2010,1,0.4,1.1,0.1,2011-06-06 07:00:35,2014-05-14 15:56:51,2,1,,1,,1,,
249349112010661,169113105010661,2010,54,5,2402,30,2,2,2010,1,,,,2011-06-06 07:00:35,2014-05-14 15:56:51,2,0,,0,,0,,
249349115010661,169113105010661,2010,54,5,2402,30,3,2,2010,1,0.1,0.7,0.1,2011-06-06 07:00:35,2014-05-14 15:56:51,2,1,,1,,1,,
249349118010661,169113105010661,2010,54,5,2402,30,4,2,2010,1,0.0,0.0,0.0,2011-06-06 07:00:35,2014-05-14 15:56:51,2,1,,1,,1,,
249349110010661,169113105010661,2010,54,5,2402,150,1,2,2010,1,,,,2011-06-06 07:00:35,2014-05-14 15:56:51,2,0,,0,,0,,
249349113010661,169113105010661,2010,54,5,2402,150,2,2,2010,1,0.0,0.9,0.1,2011-06-06 07:00:35,2014-05-14 15:56:51,2,1,,1,,1,,
249349116010661,169113105010661,2010,54,5,2402,150,3,2,2010,1,2.2,0.9,0.3,2011-06-06 07:00:35,2014-05-14 15:56:51,2,1,,1,,1,,
249349119010661,169113105010661,2010,54,5,2402,150,4,2,2010,1,0.0,0.9,0.1,2011-06-06 07:00:35,2014-05-14 15:56:51,2,1,,1,,1,,
249349111010661,169113105010661,2010,54,5,2402,270,1,2,2010,1,0.0,1.2,0.1,2011-06-06 07:00:35,2014-05-14 15:56:51,2,1,,1,,1,,
249349114010661,169113105010661,2010,54,5,2402,270,2,2,2010,1,0.0,1.0,0.1,2011-06-06 07:00:35,2014-05-14 15:56:51,2,1,,1,,1,,
249349117010661,169113105010661,2010,54,5,2402,270,3,2,2010,1,0.2,0.7,0.3,2011-06-06 07:00:35,2014-05-14 15:56:51,2,1,,1,,1,,
249349120010661,169113105010661,2010,54,5,2402,270,4,2,2010,1,0.0,0.3,0.1,2011-06-06 07:00:35,2014-05-14 15:56:51,2,1,,1,,1,,
42802428020004,169112971010661,2010,54,13,454,30,1,2,2010,1,,,,2012-06-06 07:13:27,2014-05-14 15:57:41,2,0,,0,,0,,
42802421020004,169112971010661,2010,54,13,454,30,2,2,2010,1,,,,2012-06-06 07:13:27,2014-05-14 15:57:41,2,0,,0,,0,,
42802420020004,169112971010661,2010,54,13,454,30,3,2,2010,1,,,,2012-06-06 07:13:27,2014-05-14 15:57:41,2,0,,0,,0,,
42802425020004,169112971010661,2010,54,13,454,30,4,2,2010,1,,,,2012-06-06 07:13:27,2014-05-14 15:57:41,2,0,,0,,0,,
42802423020004,169112971010661,2010,54,13,454,150,1,2,2010,1,,,,2012-06-06 07:13:27,2014-05-14 15:57:41,2,0,,0,,0,,
42802427020004,169112971010661,2010,54,13,454,150,2,2,2010,1,,,,2012-06-06 07:13:27,2014-05-14 15:57:41,2,0,,0,,0,,
42802429020004,169112971010661,2010,54,13,454,150,3,2,2010,1,,,,2012-06-06 07:13:27,2014-05-14 15:57:41,2,0,,0,,0,,
42802430020004,169112971010661,2010,54,13,454,150,4,2,2010,1,,,,2012-06-06 07:13:27,2014-05-14 15:57:41,2,0,,0,,0,,
42802422020004,169112971010661,2010,54,13,454,270,1,2,2010,1,,,,2012-06-06 07:13:27,2014-05-14 15:57:41,2,0,,0,,0,,
42802424020004,169112971010661,2010,54,13,454,270,2,2,2010,1,,,,2012-06-06 07:13:27,2014-05-14 15:57:41,2,0,,0,,0,,
42802419020004,169112971010661,2010,54,13,454,270,3,2,2010,1,,,,2012-06-06 07:13:27,2014-05-14 15:57:41,2,0,,0,,0,,
42802426020004,169112971010661,2010,54,13,454,270,4,2,2010,1,,,,2012-06-06 07:13:27,2014-05-14 15:57:41,2,0,,0,,0,,
249349300010661,169113285010661,2010,54,15,1378,30,1,2,2010,1,0.0,1.5,0.2,2011-06-06 07:00:35,2014-05-14 15:56:51,2,1,,1,,1,,
249349303010661,169113285010661,2010,54,15,1378,30,2,2,2010,1,0.0,0.5,1.6,2011-06-06 07:00:35,2014-05-14 15:56:51,2,1,,1,,1,,
249349306010661,169113285010661,2010,54,15,1378,30,3,2,2010,1,0.0,2.0,0.3,2011-06-06 07:00:35,2014-05-14 15:56:51,2,1,,1,,1,,
249349309010661,169113285010661,2010,54,15,1378,30,4,2,2010,1,,,0.8,2011-06-06 07:00:35,2014-05-14 15:56:51,2,0,,0,,1,,
249349301010661,169113285010661,2010,54,15,1378,150,1,2,2010,1,0.0,1.0,0.1,2011-06-06 07:00:35,2014-05-14 15:56:51,2,1,,1,,1,,
249349304010661,169113285010661,2010,54,15,1378,150,2,2,2010,1,0.0,0.5,0.1,2011-06-06 07:00:35,2014-05-14 15:56:51,2,1,,1,,1,,
249349307010661,169113285010661,2010,54,15,1378,150,3,2,2010,1,0.0,1.0,0.1,2011-06-06 07:00:35,2014-05-14 15:56:51,2,1,,1,,1,,
249349310010661,169113285010661,2010,54,15,1378,150,4,2,2010,1,0.0,2.0,0.2,2011-06-06 07:00:35,2014-05-14 15:56:51,2,1,,1,,1,,
249349302010661,169113285010661,2010,54,15,1378,270,1,2,2010,1,0.0,0.5,0.1,2011-06-06 07:00:35,2014-05-14 15:56:51,2,1,,1,,1,,
249349305010661,169113285010661,2010,54,15,1378,270,2,2,2010,1,0.0,1.0,0.3,2011-06-06 07:00:35,2014-05-14 15:56:51,2,1,,1,,1,,
249349308010661,169113285010661,2010,54,15,1378,270,3,2,2010,1,0.0,0.3,0.2,2011-06-06 07:00:35,2014-05-14 15:56:51,2,1,,1,,1,,
249349311010661,169113285010661,2010,54,15,1378,270,4,2,2010,1,0.0,1.0,0.1,2011-06-06 07:00:35,2014-05-14 15:56:51,2,1,,1,,1,,
249349441010661,169112775010661,2010,54,19,913,30,1,2,2010,1,0.0,1.2,0.2,2011-06-06 07:00:35,2014-05-14 15:56:51,2,1,,1,,1,,
249349444010661,169112775010661,2010,54,19,913,30,2,2,2010,1,0.1,1.2,0.1,2011-06-06 07:00:35,2014-05-14 15:56:51,2,1,,1,,1,,
249349447010661,169112775010661,2010,54,19,913,30,3,2,2010,1,0.9,0.9,0.1,2011-06-06 07:00:35,2014-05-14 15:56:51,2,1,,1,,1,,
249349449010661,169112775010661,2010,54,19,913,30,4,2,2010,1,0.7,0.7,0.1,2011-06-06 07:00:35,2014-05-14 15:56:51,2,1,,1,,1,,
249349442010661,169112775010661,2010,54,19,913,150,1,2,2010,1,0.1,1.5,0.1,2011-06-06 07:00:35,2014-05-14 15:56:51,2,1,,1,,1,,
249349445010661,169112775010661,2010,54,19,913,150,2,2,2010,1,0.0,1.1,0.1,2011-06-06 07:00:35,2014-05-14 15:56:51,2,1,,1,,1,,
249349448010661,169112775010661,2010,54,19,913,150,3,2,2010,1,0.1,0.7,0.1,2011-06-06 07:00:35,2014-05-14 15:56:51,2,1,,1,,1,,
249349450010661,169112775010661,2010,54,19,913,150,4,2,2010,1,0.9,1.0,0.1,2011-06-06 07:00:35,2014-05-14 15:56:51,2,1,,1,,1,,
249349443010661,169112775010661,2010,54,19,913,270,1,2,2010,1,0.1,0.2,0.2,2011-06-06 07:00:35,2014-05-14 15:56:51,2,1,,1,,1,,
249349446010661,169112775010661,2010,54,19,913,270,2,2,2010,1,0.2,0.5,0.5,2011-06-06 07:00:35,2014-05-14 15:56:51,2,1,,1,,1,,
42802612020004,169112775010661,2010,54,19,913,270,3,2,2010,2,,,,2012-06-06 07:13:28,2014-05-14 15:57:41,2,0,,0,,0,,
249349451010661,169112775010661,2010,54,19,913,270,4,2,2010,1,0.4,0.5,0.1,2011-06-06 07:00:35,2014-05-14 15:56:51,2,1,,1,,1,,
42802597020004,169112427010661,2010,54,23,2149,30,1,2,2010,1,,,,2012-06-06 07:13:28,2014-05-14 15:57:41,2,0,,0,,0,,
42802590020004,169112427010661,2010,54,23,2149,30,2,2,2010,1,,,,2012-06-06 07:13:28,2014-05-14 15:57:41,2,0,,0,,0,,
42802589020004,169112427010661,2010,54,23,2149,30,3,2,2010,1,,,,2012-06-06 07:13:28,2014-05-14 15:57:41,2,0,,0,,0,,
42802593020004,169112427010661,2010,54,23,2149,30,4,2,2010,1,,,,2012-06-06 07:13:28,2014-05-14 15:57:41,2,0,,0,,0,,
42802592020004,169112427010661,2010,54,23,2149,150,1,2,2010,1,,,,2012-06-06 07:13:28,2014-05-14 15:57:41,2,0,,0,,0,,
42802596020004,169112427010661,2010,54,23,2149,150,2,2,2010,1,,,,2012-06-06 07:13:28,2014-05-14 15:57:41,2,0,,0,,0,,
42802598020004,169112427010661,2010,54,23,2149,150,3,2,2010,1,,,,2012-06-06 07:13:28,2014-05-14 15:57:41,2,0,,0,,0,,
42802599020004,169112427010661,2010,54,23,2149,150,4,2,2010,1,,,,2012-06-06 07:13:28,2014-05-14 15:57:41,2,0,,0,,0,,
42802591020004,169112427010661,2010,54,23,2149,270,1,2,2010,1,,,,2012-06-06 07:13:28,2014-05-14 15:57:41,2,0,,0,,0,,
42802594020004,169112427010661,2010,54,23,2149,270,2,2,2010,1,,,,2012-06-06 07:13:28,2014-05-14 15:57:41,2,0,,0,,0,,
42802588020004,169112427010661,2010,54,23,2149,270,3,2,2010,1,,,,2012-06-06 07:13:27,2014-05-14 15:57:41,2,0,,0,,0,,
42802595020004,169112427010661,2010,54,23,2149,270,4,2,2010,1,,,,2012-06-06 07:13:28,2014-05-14 15:57:41,2,0,,0,,0,,
249349665010661,169112363010661,2010,54,27,602,30,1,2,2010,1,1.6,2.0,0.2,2011-06-06 07:00:35,2014-05-14 15:56:51,2,1,,1,,1,,
249349668010661,169112363010661,2010,54,27,602,30,2,2,2010,1,0.0,1.0,0.1,2011-06-06 07:00:35,2014-05-14 15:56:51,2,1,,1,,1,,
249349671010661,169112363010661,2010,54,27,602,30,3,2,2010,1,2.6,3.7,0.4,2011-06-06 07:00:35,2014-05-14 15:56:51,2,1,,1,,1,,
249349674010661,169112363010661,2010,54,27,602,30,4,2,2010,1,0.9,2.0,0.2,2011-06-06 07:00:35,2014-05-14 15:56:51,2,1,,1,,1,,
249349666010661,169112363010661,2010,54,27,602,150,1,2,2010,1,0.1,0.1,0.1,2011-06-06 07:00:35,2014-05-14 15:56:51,2,1,,1,,1,,
249349669010661,169112363010661,2010,54,27,602,150,2,2,2010,1,1.6,0.9,0.2,2011-06-06 07:00:35,2014-05-14 15:56:51,2,1,,1,,1,,
249349672010661,169112363010661,2010,54,27,602,150,3,2,2010,1,1.2,1.5,0.1,2011-06-06 07:00:35,2014-05-14 15:56:51,2,1,,1,,1,,
249349675010661,169112363010661,2010,54,27,602,150,4,2,2010,1,0.8,1.0,0.4,2011-06-06 07:00:35,2014-05-14 15:56:51,2,1,,1,,1,,
249349667010661,169112363010661,2010,54,27,602,270,1,2,2010,1,1.2,0.8,0.2,2011-06-06 07:00:35,2014-05-14 15:56:51,2,1,,1,,1,,
249349670010661,169112363010661,2010,54,27,602,270,2,2,2010,1,3.0,2.4,0.2,2011-06-06 07:00:35,2014-05-14 15:56:51,2,1,,1,,1,,
249349673010661,169112363010661,2010,54,27,602,270,3,2,2010,1,,,0.1,2011-06-06 07:00:35,2014-05-14 15:56:51,2,0,,0,,1,,
249349676010661,169112363010661,2010,54,27,602,270,4,2,2010,1,2.5,4.7,0.4,2011-06-06 07:00:35,2014-05-14 15:56:51,2,1,,1,,1,,
249349771010661,169112739010661,2010,54,33,830,30,1,2,2010,2,0.0,0.1,0.1,2011-06-06 07:00:35,2014-05-14 15:56:51,2,1,,1,,1,,
249349774010661,169112739010661,2010,54,33,830,30,2,2,2010,2,0.0,0.1,0.1,2011-06-06 07:00:35,2014-05-14 15:56:51,2,1,,1,,1,,
249349777010661,169112739010661,2010,54,33,830,30,3,2,2010,1,0.0,0.7,0.1,2011-06-06 07:00:35,2014-05-14 15:56:51,2,1,,1,,1,,
249349780010661,169112739010661,2010,54,33,830,30,4,2,2010,1,0.0,0.1,0.1,2011-06-06 07:00:35,2014-05-14 15:56:51,2,1,,1,,1,,
249349772010661,169112739010661,2010,54,33,830,150,1,2,2010,1,0.0,0.1,0.1,2011-06-06 07:00:35,2014-05-14 15:56:51,2,1,,1,,1,,
249349775010661,169112739010661,2010,54,33,830,150,2,2,2010,2,0.0,0.1,0.2,2011-06-06 07:00:35,2014-05-14 15:56:51,2,1,,1,,1,,
249349778010661,169112739010661,2010,54,33,830,150,3,2,2010,1,0.0,0.7,0.6,2011-06-06 07:00:35,2014-05-14 15:56:51,2,1,,1,,1,,
249349781010661,169112739010661,2010,54,33,830,150,4,2,2010,1,0.0,0.1,0.1,2011-06-06 07:00:35,2014-05-14 15:56:51,2,1,,1,,1,,
249349773010661,169112739010661,2010,54,33,830,270,1,2,2010,1,0.0,0.1,0.2,2011-06-06 07:00:35,2014-05-14 15:56:51,2,1,,1,,1,,
249349776010661,169112739010661,2010,54,33,830,270,2,2,2010,2,0.0,0.1,0.1,2011-06-06 07:00:35,2014-05-14 15:56:51,2,1,,1,,1,,
249349779010661,169112739010661,2010,54,33,830,270,3,2,2010,1,0.0,0.2,0.1,2011-06-06 07:00:35,2014-05-14 15:56:51,2,1,,1,,1,,
249349782010661,169112739010661,2010,54,33,830,270,4,2,2010,1,0.1,0.2,0.2,2011-06-06 07:00:35,2014-05-14 15:56:51,2,1,,1,,1,,
249349969010661,169113149010661,2010,54,35,1145,30,1,2,2010,1,0.0,1.0,0.1,2011-06-06 07:00:35,2014-05-14 15:56:51,2,1,,1,,1,,
249349970010661,169113149010661,2010,54,35,1145,30,2,2,2010,1,0.1,0.8,0.1,2011-06-06 07:00:35,2014-05-14 15:56:51,2,1,,1,,1,,
42802141020004,169113149010661,2010,54,35,1145,30,3,2,2010,2,,,,2012-06-06 07:13:26,2014-05-14 15:57:43,2,0,,0,,0,,
42802144020004,169113149010661,2010,54,35,1145,30,4,2,2010,2,,,,2012-06-06 07:13:26,2014-05-14 15:57:43,2,0,,0,,0,,
42802143020004,169113149010661,2010,54,35,1145,150,1,2,2010,2,,,,2012-06-06 07:13:26,2014-05-14 15:57:43,2,0,,0,,0,,
249349971010661,169113149010661,2010,54,35,1145,150,2,2,2010,1,0.0,0.9,0.1,2011-06-06 07:00:35,2014-05-14 15:56:51,2,1,,1,,1,,
249349973010661,169113149010661,2010,54,35,1145,150,3,2,2010,1,0.0,0.0,0.0,2011-06-06 07:00:35,2014-05-14 15:56:51,2,1,,1,,1,,
42802145020004,169113149010661,2010,54,35,1145,150,4,2,2010,2,,,,2012-06-06 07:13:26,2014-05-14 15:57:43,2,0,,0,,0,,
42802142020004,169113149010661,2010,54,35,1145,270,1,2,2010,2,,,,2012-06-06 07:13:26,2014-05-14 15:57:43,2,0,,0,,0,,
249349972010661,169113149010661,2010,54,35,1145,270,2,2,2010,1,0.5,1.0,0.3,2011-06-06 07:00:35,2014-05-14 15:56:51,2,1,,1,,1,,
249349974010661,169113149010661,2010,54,35,1145,270,3,2,2010,1,0.0,0.1,0.1,2011-06-06 07:00:35,2014-05-14 15:56:51,2,1,,1,,1,,
249349975010661,169113149010661,2010,54,35,1145,270,4,2,2010,1,0.0,0.6,0.1,2011-06-06 07:00:35,2014-05-14 15:56:51,2,1,,1,,1,,
42802512020004,169112337010661,2010,54,37,544,30,1,2,2010,1,,,,2012-06-06 07:13:27,2014-05-14 15:57:41,2,0,,0,,0,,
42802502020004,169112337010661,2010,54,37,544,30,2,2,2010,1,,,,2012-06-06 07:13:27,2014-05-14 15:57:41,2,0,,0,,0,,
42802503020004,169112337010661,2010,54,37,544,30,3,2,2010,1,,,,2012-06-06 07:13:27,2014-05-14 15:57:41,2,0,,0,,0,,
42802508020004,169112337010661,2010,54,37,544,30,4,2,2010,1,,,,2012-06-06 07:13:27,2014-05-14 15:57:41,2,0,,0,,0,,
42802505020004,169112337010661,2010,54,37,544,150,1,2,2010,1,,,,2012-06-06 07:13:27,2014-05-14 15:57:41,2,0,,0,,0,,
42802509020004,169112337010661,2010,54,37,544,150,2,2,2010,1,,,,2012-06-06 07:13:27,2014-05-14 15:57:41,2,0,,0,,0,,
42802511020004,169112337010661,2010,54,37,544,150,3,2,2010,1,,,,2012-06-06 07:13:27,2014-05-14 15:57:41,2,0,,0,,0,,
42802510020004,169112337010661,2010,54,37,544,150,4,2,2010,1,,,,2012-06-06 07:13:27,2014-05-14 15:57:41,2,0,,0,,0,,
42802504020004,169112337010661,2010,54,37,544,270,1,2,2010,1,,,,2012-06-06 07:13:27,2014-05-14 15:57:41,2,0,,0,,0,,
42802507020004,169112337010661,2010,54,37,544,270,2,2,2010,1,,,,2012-06-06 07:13:27,2014-05-14 15:57:41,2,0,,0,,0,,
42802501020004,169112337010661,2010,54,37,544,270,3,2,2010,1,,,,2012-06-06 07:13:27,2014-05-14 15:57:41,2,0,,0,,0,,
42802506020004,169112337010661,2010,54,37,544,270,4,2,2010,1,,,,2012-06-06 07:13:27,2014-05-14 15:57:41,2,0,,0,,0,,
249350183010661,169112995010661,2010,54,39,2374,30,1,2,2010,1,0.0,0.4,0.1,2011-06-06 07:00:35,2014-05-14 15:56:51,2,1,,1,,1,,
249350186010661,169112995010661,2010,54,39,2374,30,2,2,2010,1,0.0,0.9,1.3,2011-06-06 07:00:35,2014-05-14 15:56:51,2,1,,1,,1,,
249350189010661,169112995010661,2010,54,39,2374,30,3,2,2010,1,0.3,1.2,0.1,2011-06-06 07:00:35,2014-05-14 15:56:51,2,1,,1,,1,,
249350192010661,169112995010661,2010,54,39,2374,30,4,2,2010,1,0.0,0.6,0.1,2011-06-06 07:00:35,2014-05-14 15:56:51,2,1,,1,,1,,
249350184010661,169112995010661,2010,54,39,2374,150,1,2,2010,1,0.0,0.3,0.1,2011-06-06 07:00:35,2014-05-14 15:56:51,2,1,,1,,1,,
249350187010661,169112995010661,2010,54,39,2374,150,2,2,2010,1,0.0,0.7,0.1,2011-06-06 07:00:35,2014-05-14 15:56:51,2,1,,1,,1,,
249350190010661,169112995010661,2010,54,39,2374,150,3,2,2010,1,0.0,0.4,0.1,2011-06-06 07:00:35,2014-05-14 15:56:51,2,1,,1,,1,,
249350193010661,169112995010661,2010,54,39,2374,150,4,2,2010,1,0.1,1.1,0.1,2011-06-06 07:00:35,2014-05-14 15:56:51,2,1,,1,,1,,
249350185010661,169112995010661,2010,54,39,2374,270,1,2,2010,1,1.1,1.3,0.2,2011-06-06 07:00:35,2014-05-14 15:56:51,2,1,,1,,1,,
249350188010661,169112995010661,2010,54,39,2374,270,2,2,2010,1,0.0,0.6,0.1,2011-06-06 07:00:35,2014-05-14 15:56:51,2,1,,1,,1,,
249350191010661,169112995010661,2010,54,39,2374,270,3,2,2010,1,2.8,0.7,0.1,2011-06-06 07:00:35,2014-05-14 15:56:51,2,1,,1,,1,,
249350194010661,169112995010661,2010,54,39,2374,270,4,2,2010,1,0.3,0.9,0.1,2011-06-06 07:00:35,2014-05-14 15:56:51,2,1,,1,,1,,
249350341010661,169112751010661,2010,54,41,2378,30,1,2,2010,1,0.0,0.8,0.1,2011-06-06 07:00:35,2014-05-14 15:56:51,2,1,,1,,1,,
42802354020004,169112751010661,2010,54,41,2378,30,2,2,2010,2,,,,2012-06-06 07:13:27,2014-05-14 15:57:41,2,0,,0,,0,,
249350345010661,169112751010661,2010,54,41,2378,30,3,2,2010,1,0.0,1.7,0.1,2011-06-06 07:00:35,2014-05-14 15:56:51,2,1,,1,,1,,
249350348010661,169112751010661,2010,54,41,2378,30,4,2,2010,1,1.0,1.5,0.1,2011-06-06 07:00:35,2014-05-14 15:56:51,2,1,,1,,1,,
249350342010661,169112751010661,2010,54,41,2378,150,1,2,2010,1,0.0,1.5,0.2,2011-06-06 07:00:35,2014-05-14 15:56:51,2,1,,1,,1,,
249350344010661,169112751010661,2010,54,41,2378,150,2,2,2010,1,,,0.9,2011-06-06 07:00:35,2014-05-14 15:56:51,2,0,,0,,1,,
249350346010661,169112751010661,2010,54,41,2378,150,3,2,2010,1,0.0,1.5,0.1,2011-06-06 07:00:35,2014-05-14 15:56:51,2,1,,1,,1,,
249350349010661,169112751010661,2010,54,41,2378,150,4,2,2010,1,0.0,2.0,0.2,2011-06-06 07:00:35,2014-05-14 15:56:51,2,1,,1,,1,,
249350343010661,169112751010661,2010,54,41,2378,270,1,2,2010,1,0.0,1.5,0.2,2011-06-06 07:00:35,2014-05-14 15:56:51,2,1,,1,,1,,
42802355020004,169112751010661,2010,54,41,2378,270,2,2,2010,2,,,,2012-06-06 07:13:27,2014-05-14 15:57:41,2,0,,0,,0,,
249350347010661,169112751010661,2010,54,41,2378,270,3,2,2010,1,0.0,1.0,0.1,2011-06-06 07:00:35,2014-05-14 15:56:51,2,1,,1,,1,,
249350350010661,169112751010661,2010,54,41,2378,270,4,2,2010,1,1.0,2.2,0.6,2011-06-06 07:00:35,2014-05-14 15:56:47,2,1,,1,,1,,
249350707010661,169113039010661,2010,54,47,1853,30,1,2,2010,1,0.0,1.1,0.1,2011-06-06 07:00:35,2014-05-14 15:56:47,2,1,,1,,1,,
249350710010661,169113039010661,2010,54,47,1853,30,2,2,2010,1,0.7,0.7,0.1,2011-06-06 07:00:35,2014-05-14 15:56:47,2,1,,1,,1,,
249350713010661,169113039010661,2010,54,47,1853,30,3,2,2010,1,0.7,0.6,0.7,2011-06-06 07:00:35,2014-05-14 15:56:47,2,1,,1,,1,,
249350716010661,169113039010661,2010,54,47,1853,30,4,2,2010,1,,,1.5,2011-06-06 07:00:35,2014-05-14 15:56:47,2,0,,0,,1,,
249350708010661,169113039010661,2010,54,47,1853,150,1,2,2010,1,0.0,0.2,0.8,2011-06-06 07:00:35,2014-05-14 15:56:47,2,1,,1,,1,,
249350711010661,169113039010661,2010,54,47,1853,150,2,2,2010,1,0.0,0.2,0.1,2011-06-06 07:00:35,2014-05-14 15:56:47,2,1,,1,,1,,
249350714010661,169113039010661,2010,54,47,1853,150,3,2,2010,1,0.0,0.1,0.1,2011-06-06 07:00:35,2014-05-14 15:56:47,2,1,,1,,1,,
249350717010661,169113039010661,2010,54,47,1853,150,4,2,2010,1,0.0,0.2,0.2,2011-06-06 07:00:35,2014-05-14 15:56:47,2,1,,1,,1,,
249350709010661,169113039010661,2010,54,47,1853,270,1,2,2010,1,0.0,1.0,0.7,2011-06-06 07:00:35,2014-05-14 15:56:47,2,1,,1,,1,,
249350712010661,169113039010661,2010,54,47,1853,270,2,2,2010,1,0.0,2.2,0.5,2011-06-06 07:00:35,2014-05-14 15:56:47,2,1,,1,,1,,
249350715010661,169113039010661,2010,54,47,1853,270,3,2,2010,1,0.0,0.6,0.4,2011-06-06 07:00:35,2014-05-14 15:56:47,2,1,,1,,1,,
249350718010661,169113039010661,2010,54,47,1853,270,4,2,2010,1,0.0,0.5,0.5,2011-06-06 07:00:35,2014-05-14 15:56:47,2,1,,1,,1,,
249350505010661,169112915010661,2010,54,47,2474,30,1,2,2010,1,0.2,3.1,0.3,2011-06-06 07:00:35,2014-05-14 15:56:47,2,1,,1,,1,,
249350508010661,169112915010661,2010,54,47,2474,30,2,2,2010,1,0.0,1.6,0.2,2011-06-06 07:00:35,2014-05-14 15:56:47,2,1,,1,,1,,
249350511010661,169112915010661,2010,54,47,2474,30,3,2,2010,1,0.0,0.0,0.0,2011-06-06 07:00:35,2014-05-14 15:56:47,2,1,,1,,1,,
249350514010661,169112915010661,2010,54,47,2474,30,4,2,2010,1,0.7,1.5,0.2,2011-06-06 07:00:35,2014-05-14 15:56:47,2,1,,1,,1,,
249350506010661,169112915010661,2010,54,47,2474,150,1,2,2010,1,0.0,1.4,0.1,2011-06-06 07:00:35,2014-05-14 15:56:47,2,1,,1,,1,,
249350509010661,169112915010661,2010,54,47,2474,150,2,2,2010,1,0.8,1.6,0.2,2011-06-06 07:00:35,2014-05-14 15:56:47,2,1,,1,,1,,
249350512010661,169112915010661,2010,54,47,2474,150,3,2,2010,1,,,,2011-06-06 07:00:35,2014-05-14 15:56:47,2,0,,0,,0,,
249350515010661,169112915010661,2010,54,47,2474,150,4,2,2010,1,0.0,0.7,0.1,2011-06-06 07:00:35,2014-05-14 15:56:47,2,1,,1,,1,,
249350507010661,169112915010661,2010,54,47,2474,270,1,2,2010,1,0.9,1.9,0.2,2011-06-06 07:00:35,2014-05-14 15:56:47,2,1,,1,,1,,
249350510010661,169112915010661,2010,54,47,2474,270,2,2,2010,1,1.0,0.4,0.4,2011-06-06 07:00:35,2014-05-14 15:56:47,2,1,,1,,1,,
249350513010661,169112915010661,2010,54,47,2474,270,3,2,2010,1,0.0,0.9,0.1,2011-06-06 07:00:35,2014-05-14 15:56:47,2,1,,1,,1,,
249350516010661,169112915010661,2010,54,47,2474,270,4,2,2010,1,1.7,1.1,0.3,2011-06-06 07:00:35,2014-05-14 15:56:47,2,1,,1,,1,,
42802256020004,169112927010661,2010,54,51,1731,30,1,2,2010,1,,,,2012-06-06 07:13:27,2014-05-14 15:57:43,2,0,,0,,0,,
42802249020004,169112927010661,2010,54,51,1731,30,2,2,2010,1,,,,2012-06-06 07:13:27,2014-05-14 15:57:43,2,0,,0,,0,,
42802250020004,169112927010661,2010,54,51,1731,30,3,2,2010,1,,,,2012-06-06 07:13:27,2014-05-14 15:57:43,2,0,,0,,0,,
42802254020004,169112927010661,2010,54,51,1731,30,4,2,2010,1,,,,2012-06-06 07:13:27,2014-05-14 15:57:43,2,0,,0,,0,,
42802252020004,169112927010661,2010,54,51,1731,150,1,2,2010,1,,,,2012-06-06 07:13:27,2014-05-14 15:57:43,2,0,,0,,0,,
42802255020004,169112927010661,2010,54,51,1731,150,2,2,2010,1,,,,2012-06-06 07:13:27,2014-05-14 15:57:43,2,0,,0,,0,,
42802257020004,169112927010661,2010,54,51,1731,150,3,2,2010,1,,,,2012-06-06 07:13:27,2014-05-14 15:57:43,2,0,,0,,0,,
249350884010661,169112927010661,2010,54,51,1731,150,4,2,2010,2,0.0,1.0,0.1,2011-06-06 07:00:36,2014-05-14 15:56:47,2,1,,1,,1,,
42802251020004,169112927010661,2010,54,51,1731,270,1,2,2010,1,,,,2012-06-06 07:13:27,2014-05-14 15:57:43,2,0,,0,,0,,
42802253020004,169112927010661,2010,54,51,1731,270,2,2,2010,1,,,,2012-06-06 07:13:27,2014-05-14 15:57:43,2,0,,0,,0,,
42802248020004,169112927010661,2010,54,51,1731,270,3,2,2010,1,,,,2012-06-06 07:13:27,2014-05-14 15:57:43,2,0,,0,,0,,
249350885010661,169112927010661,2010,54,51,1731,270,4,2,2010,2,0.0,0.5,0.1,2011-06-06 07:00:36,2014-05-14 15:56:47,2,1,,1,,1,,
42802372020004,169113205010661,2010,54,53,532,30,1,2,2010,1,,,,2012-06-06 07:13:27,2014-05-14 15:57:41,2,0,,0,,0,,
42802364020004,169113205010661,2010,54,53,532,30,2,2,2010,1,,,,2012-06-06 07:13:27,2014-05-14 15:57:41,2,0,,0,,0,,
42802363020004,169113205010661,2010,54,53,532,30,3,2,2010,1,,,,2012-06-06 07:13:27,2014-05-14 15:57:41,2,0,,0,,0,,
42802369020004,169113205010661,2010,54,53,532,30,4,2,2010,1,,,,2012-06-06 07:13:27,2014-05-14 15:57:41,2,0,,0,,0,,
42802366020004,169113205010661,2010,54,53,532,150,1,2,2010,1,,,,2012-06-06 07:13:27,2014-05-14 15:57:41,2,0,,0,,0,,
42802370020004,169113205010661,2010,54,53,532,150,2,2,2010,1,,,,2012-06-06 07:13:27,2014-05-14 15:57:41,2,0,,0,,0,,
42802371020004,169113205010661,2010,54,53,532,150,3,2,2010,1,,,,2012-06-06 07:13:27,2014-05-14 15:57:41,2,0,,0,,0,,
42802373020004,169113205010661,2010,54,53,532,150,4,2,2010,1,,,,2012-06-06 07:13:27,2014-05-14 15:57:41,2,0,,0,,0,,
42802365020004,169113205010661,2010,54,53,532,270,1,2,2010,1,,,,2012-06-06 07:13:27,2014-05-14 15:57:41,2,0,,0,,0,,
42802368020004,169113205010661,2010,54,53,532,270,2,2,2010,1,,,,2012-06-06 07:13:27,2014-05-14 15:57:41,2,0,,0,,0,,
42802362020004,169113205010661,2010,54,53,532,270,3,2,2010,1,,,,2012-06-06 07:13:27,2014-05-14 15:57:41,2,0,,0,,0,,
42802367020004,169113205010661,2010,54,53,532,270,4,2,2010,1,,,,2012-06-06 07:13:27,2014-05-14 15:57:41,2,0,,0,,0,,
249350980010661,169112787010661,2010,54,55,737,30,1,2,2010,1,,,,2011-06-06 07:00:36,2014-05-14 15:56:47,2,0,,0,,0,,
249350983010661,169112787010661,2010,54,55,737,30,2,2,2010,1,0.3,1.5,0.1,2011-06-06 07:00:36,2014-05-14 15:56:47,2,1,,1,,1,,
249350986010661,169112787010661,2010,54,55,737,30,3,2,2010,1,0.0,1.5,0.2,2011-06-06 07:00:36,2014-05-14 15:56:47,2,1,,1,,1,,
249350989010661,169112787010661,2010,54,55,737,30,4,2,2010,2,0.7,2.1,0.2,2011-06-06 07:00:36,2014-05-14 15:56:47,2,1,,1,,1,,
249350981010661,169112787010661,2010,54,55,737,150,1,2,2010,1,0.0,0.5,0.3,2011-06-06 07:00:36,2014-05-14 15:56:47,2,1,,1,,1,,
249350984010661,169112787010661,2010,54,55,737,150,2,2,2010,1,0.0,2.1,0.6,2011-06-06 07:00:36,2014-05-14 15:56:47,2,1,,1,,1,,
249350987010661,169112787010661,2010,54,55,737,150,3,2,2010,1,0.3,2.0,0.3,2011-06-06 07:00:36,2014-05-14 15:56:47,2,1,,1,,1,,
249350990010661,169112787010661,2010,54,55,737,150,4,2,2010,2,0.2,0.5,0.1,2011-06-06 07:00:36,2014-05-14 15:56:47,2,1,,1,,1,,
249350982010661,169112787010661,2010,54,55,737,270,1,2,2010,1,0.0,0.1,0.1,2011-06-06 07:00:36,2014-05-14 15:56:47,2,1,,1,,1,,
249350985010661,169112787010661,2010,54,55,737,270,2,2,2010,1,0.0,0.7,0.6,2011-06-06 07:00:36,2014-05-14 15:56:47,2,1,,1,,1,,
249350988010661,169112787010661,2010,54,55,737,270,3,2,2010,1,0.0,0.8,0.1,2011-06-06 07:00:36,2014-05-14 15:56:47,2,1,,1,,1,,
249350991010661,169112787010661,2010,54,55,737,270,4,2,2010,2,0.1,0.9,0.1,2011-06-06 07:00:36,2014-05-14 15:56:47,2,1,,1,,1,,
249351198010661,169113193010661,2010,54,59,1096,30,1,2,2010,1,0.0,0.4,0.1,2011-06-06 07:00:36,2014-05-14 15:56:47,2,1,,1,,1,,
249351201010661,169113193010661,2010,54,59,1096,30,2,2,2010,1,0.2,1.1,0.1,2011-06-06 07:00:36,2014-05-14 15:56:47,2,1,,1,,1,,
249351204010661,169113193010661,2010,54,59,1096,30,3,2,2010,1,0.0,0.2,0.1,2011-06-06 07:00:36,2014-05-14 15:56:47,2,1,,1,,1,,
249351207010661,169113193010661,2010,54,59,1096,30,4,2,2010,1,0.0,1.2,0.1,2011-06-06 07:00:36,2014-05-14 15:56:47,2,1,,1,,1,,
249351199010661,169113193010661,2010,54,59,1096,150,1,2,2010,1,0.0,0.0,0.0,2011-06-06 07:00:36,2014-05-14 15:56:47,2,1,,1,,1,,
249351202010661,169113193010661,2010,54,59,1096,150,2,2,2010,1,0.5,0.6,0.1,2011-06-06 07:00:36,2014-05-14 15:56:47,2,1,,1,,1,,
249351205010661,169113193010661,2010,54,59,1096,150,3,2,2010,1,0.0,0.7,0.2,2011-06-06 07:00:36,2014-05-14 15:56:47,2,1,,1,,1,,
249351208010661,169113193010661,2010,54,59,1096,150,4,2,2010,1,0.5,1.7,0.2,2011-06-06 07:00:36,2014-05-14 15:56:47,2,1,,1,,1,,
249351200010661,169113193010661,2010,54,59,1096,270,1,2,2010,1,0.0,0.7,0.1,2011-06-06 07:00:36,2014-05-14 15:56:47,2,1,,1,,1,,
249351203010661,169113193010661,2010,54,59,1096,270,2,2,2010,1,0.2,1.2,0.2,2011-06-06 07:00:36,2014-05-14 15:56:47,2,1,,1,,1,,
249351206010661,169113193010661,2010,54,59,1096,270,3,2,2010,1,0.2,0.7,0.1,2011-06-06 07:00:36,2014-05-14 15:56:47,2,1,,1,,1,,
249351209010661,169113193010661,2010,54,59,1096,270,4,2,2010,1,0.0,1.2,0.1,2011-06-06 07:00:36,2014-05-14 15:56:47,2,1,,1,,1,,
249351399010661,169112609010661,2010,54,63,1793,30,1,2,2010,1,0.0,0.1,0.3,2011-06-06 07:00:36,2014-05-14 15:56:47,2,1,,1,,1,,
249351402010661,169112609010661,2010,54,63,1793,30,2,2,2010,1,0.0,1.6,0.1,2011-06-06 07:00:36,2014-05-14 15:56:47,2,1,,1,,1,,
249351405010661,169112609010661,2010,54,63,1793,30,3,2,2010,2,0.0,1.2,0.4,2011-06-06 07:00:36,2014-05-14 15:56:47,2,1,,1,,1,,
249351408010661,169112609010661,2010,54,63,1793,30,4,2,2010,1,0.0,0.5,0.1,2011-06-06 07:00:36,2014-05-14 15:56:47,2,1,,1,,1,,
249351400010661,169112609010661,2010,54,63,1793,150,1,2,2010,1,0.0,1.1,2.7,2011-06-06 07:00:36,2014-05-14 15:56:47,2,1,,1,,1,,
249351403010661,169112609010661,2010,54,63,1793,150,2,2,2010,1,0.0,1.1,0.1,2011-06-06 07:00:36,2014-05-14 15:56:47,2,1,,1,,1,,
249351406010661,169112609010661,2010,54,63,1793,150,3,2,2010,2,,,,2011-06-06 07:00:36,2014-05-14 15:56:47,2,0,,0,,0,,
249351409010661,169112609010661,2010,54,63,1793,150,4,2,2010,1,0.0,1.4,0.1,2011-06-06 07:00:36,2014-05-14 15:56:47,2,1,,1,,1,,
249351401010661,169112609010661,2010,54,63,1793,270,1,2,2010,1,,,,2011-06-06 07:00:36,2014-05-14 15:56:47,2,0,,0,,0,,
249351404010661,169112609010661,2010,54,63,1793,270,2,2,2010,1,0.0,0.7,0.1,2011-06-06 07:00:36,2014-05-14 15:56:47,2,1,,1,,1,,
249351407010661,169112609010661,2010,54,63,1793,270,3,2,2010,2,0.0,0.3,0.1,2011-06-06 07:00:36,2014-05-14 15:56:47,2,1,,1,,1,,
249351410010661,169112609010661,2010,54,63,1793,270,4,2,2010,1,0.0,0.4,0.1,2011-06-06 07:00:36,2014-05-14 15:56:47,2,1,,1,,1,,
249351579010661,169113311010661,2010,54,65,1431,30,1,2,2010,1,0.5,1.4,0.1,2011-06-06 07:00:36,2014-05-14 15:56:47,2,1,,1,,1,,
249351582010661,169113311010661,2010,54,65,1431,30,2,2,2010,1,1.0,2.3,0.2,2011-06-06 07:00:36,2014-05-14 15:56:47,2,1,,1,,1,,
249351585010661,169113311010661,2010,54,65,1431,30,3,2,2010,1,0.8,1.0,0.1,2011-06-06 07:00:36,2014-05-14 15:56:47,2,1,,1,,1,,
249351588010661,169113311010661,2010,54,65,1431,30,4,2,2010,1,0.8,2.0,0.2,2011-06-06 07:00:36,2014-05-14 15:56:48,2,1,,1,,1,,
249351580010661,169113311010661,2010,54,65,1431,150,1,2,2010,1,0.5,0.2,0.2,2011-06-06 07:00:36,2014-05-14 15:56:47,2,1,,1,,1,,
249351583010661,169113311010661,2010,54,65,1431,150,2,2,2010,1,1.2,3.6,0.3,2011-06-06 07:00:36,2014-05-14 15:56:47,2,1,,1,,1,,
249351586010661,169113311010661,2010,54,65,1431,150,3,2,2010,1,1.5,1.0,0.3,2011-06-06 07:00:36,2014-05-14 15:56:48,2,1,,1,,1,,
249351589010661,169113311010661,2010,54,65,1431,150,4,2,2010,1,0.5,1.3,0.1,2011-06-06 07:00:36,2014-05-14 15:56:48,2,1,,1,,1,,
249351581010661,169113311010661,2010,54,65,1431,270,1,2,2010,1,0.3,0.7,0.2,2011-06-06 07:00:36,2014-05-14 15:56:47,2,1,,1,,1,,
249351584010661,169113311010661,2010,54,65,1431,270,2,2,2010,1,0.5,0.2,0.2,2011-06-06 07:00:36,2014-05-14 15:56:47,2,1,,1,,1,,
249351587010661,169113311010661,2010,54,65,1431,270,3,2,2010,1,1.8,0.3,0.3,2011-06-06 07:00:36,2014-05-14 15:56:48,2,1,,1,,1,,
249351590010661,169113311010661,2010,54,65,1431,270,4,2,2010,1,0.5,1.4,0.1,2011-06-06 07:00:36,2014-05-14 15:56:48,2,1,,1,,1,,
249351726010661,169112765010661,2010,54,67,862,30,1,2,2010,1,0.2,2.0,0.2,2011-06-06 07:00:36,2014-05-14 15:56:48,2,1,,1,,1,,
249351729010661,169112765010661,2010,54,67,862,30,2,2,2010,1,0.1,0.9,0.1,2011-06-06 07:00:36,2014-05-14 15:56:48,2,1,,1,,1,,
249351732010661,169112765010661,2010,54,67,862,30,3,2,2010,1,0.0,1.4,0.1,2011-06-06 07:00:36,2014-05-14 15:56:48,2,1,,1,,1,,
249351735010661,169112765010661,2010,54,67,862,30,4,2,2010,1,0.0,0.1,0.1,2011-06-06 07:00:36,2014-05-14 15:56:48,2,1,,1,,1,,
249351727010661,169112765010661,2010,54,67,862,150,1,2,2010,1,1.5,1.9,0.3,2011-06-06 07:00:36,2014-05-14 15:56:48,2,1,,1,,1,,
249351730010661,169112765010661,2010,54,67,862,150,2,2,2010,1,0.0,1.2,0.2,2011-06-06 07:00:36,2014-05-14 15:56:48,2,1,,1,,1,,
249351733010661,169112765010661,2010,54,67,862,150,3,2,2010,1,0.1,1.7,0.2,2011-06-06 07:00:36,2014-05-14 15:56:48,2,1,,1,,1,,
249351736010661,169112765010661,2010,54,67,862,150,4,2,2010,1,1.7,1.8,0.2,2011-06-06 07:00:36,2014-05-14 15:56:48,2,1,,1,,1,,
249351728010661,169112765010661,2010,54,67,862,270,1,2,2010,1,0.1,0.2,0.1,2011-06-06 07:00:36,2014-05-14 15:56:48,2,1,,1,,1,,
249351731010661,169112765010661,2010,54,67,862,270,2,2,2010,1,2.5,1.9,0.2,2011-06-06 07:00:36,2014-05-14 15:56:48,2,1,,1,,1,,
249351734010661,169112765010661,2010,54,67,862,270,3,2,2010,1,0.0,0.9,0.2,2011-06-06 07:00:36,2014-05-14 15:56:48,2,1,,1,,1,,
249351737010661,169112765010661,2010,54,67,862,270,4,2,2010,1,0.0,0.1,0.1,2011-06-06 07:00:36,2014-05-14 15:56:48,2,1,,1,,1,,
249351874010661,169112397010661,2010,54,71,1818,30,1,2,2010,1,4.8,2.8,1.8,2011-06-06 07:00:36,2014-05-14 15:56:48,2,1,,1,,1,,
249351877010661,169112397010661,2010,54,71,1818,30,2,2,2010,1,1.5,2.3,1.7,2011-06-06 07:00:36,2014-05-14 15:56:48,2,1,,1,,1,,
249351880010661,169112397010661,2010,54,71,1818,30,3,2,2010,1,2.7,3.3,0.3,2011-06-06 07:00:36,2014-05-14 15:56:48,2,1,,1,,1,,
249351883010661,169112397010661,2010,54,71,1818,30,4,2,2010,1,,,,2011-06-06 07:00:36,2014-05-14 15:56:48,2,0,,0,,0,,
249351875010661,169112397010661,2010,54,71,1818,150,1,2,2010,1,6.0,5.0,0.5,2011-06-06 07:00:36,2014-05-14 15:56:48,2,1,,1,,1,,
249351878010661,169112397010661,2010,54,71,1818,150,2,2,2010,1,1.8,1.5,0.6,2011-06-06 07:00:36,2014-05-14 15:56:48,2,1,,1,,1,,
249351881010661,169112397010661,2010,54,71,1818,150,3,2,2010,1,2.2,2.5,0.2,2011-06-06 07:00:36,2014-05-14 15:56:48,2,1,,1,,1,,
249351884010661,169112397010661,2010,54,71,1818,150,4,2,2010,1,0.8,1.7,0.2,2011-06-06 07:00:36,2014-05-14 15:56:48,2,1,,1,,1,,
249351876010661,169112397010661,2010,54,71,1818,270,1,2,2010,1,2.5,3.3,0.3,2011-06-06 07:00:36,2014-05-14 15:56:48,2,1,,1,,1,,
249351879010661,169112397010661,2010,54,71,1818,270,2,2,2010,1,2.5,3.0,0.6,2011-06-06 07:00:36,2014-05-14 15:56:48,2,1,,1,,1,,
249351882010661,169112397010661,2010,54,71,1818,270,3,2,2010,1,1.5,4.0,0.8,2011-06-06 07:00:36,2014-05-14 15:56:48,2,1,,1,,1,,
249351885010661,169112397010661,2010,54,71,1818,270,4,2,2010,1,2.8,3.0,0.3,2011-06-06 07:00:36,2014-05-14 15:56:48,2,1,,1,,1,,
249351953010661,169112451010661,2010,54,71,2100,30,1,2,2010,1,0.1,0.7,0.2,2011-06-06 07:00:36,2014-05-14 15:56:48,2,1,,1,,1,,
249351956010661,169112451010661,2010,54,71,2100,30,2,2,2010,1,0.2,1.1,0.3,2011-06-06 07:00:36,2014-05-14 15:56:48,2,1,,1,,1,,
249351959010661,169112451010661,2010,54,71,2100,30,3,2,2010,1,1.7,1.2,0.2,2011-06-06 07:00:36,2014-05-14 15:56:48,2,1,,1,,1,,
249351962010661,169112451010661,2010,54,71,2100,30,4,2,2010,1,1.0,2.1,0.2,2011-06-06 07:00:36,2014-05-14 15:56:48,2,1,,1,,1,,
249351954010661,169112451010661,2010,54,71,2100,150,1,2,2010,1,0.0,2.6,0.3,2011-06-06 07:00:36,2014-05-14 15:56:48,2,1,,1,,1,,
249351957010661,169112451010661,2010,54,71,2100,150,2,2,2010,1,1.1,0.7,0.1,2011-06-06 07:00:36,2014-05-14 15:56:48,2,1,,1,,1,,
249351960010661,169112451010661,2010,54,71,2100,150,3,2,2010,1,0.0,0.1,0.1,2011-06-06 07:00:36,2014-05-14 15:56:48,2,1,,1,,1,,
249351963010661,169112451010661,2010,54,71,2100,150,4,2,2010,1,1.0,1.4,0.2,2011-06-06 07:00:36,2014-05-14 15:56:48,2,1,,1,,1,,
249351955010661,169112451010661,2010,54,71,2100,270,1,2,2010,1,0.1,0.2,0.1,2011-06-06 07:00:36,2014-05-14 15:56:48,2,1,,1,,1,,
249351958010661,169112451010661,2010,54,71,2100,270,2,2,2010,1,0.2,0.5,0.1,2011-06-06 07:00:36,2014-05-14 15:56:48,2,1,,1,,1,,
249351961010661,169112451010661,2010,54,71,2100,270,3,2,2010,1,0.0,0.1,0.1,2011-06-06 07:00:36,2014-05-14 15:56:48,2,1,,1,,1,,
249351964010661,169112451010661,2010,54,71,2100,270,4,2,2010,1,0.7,0.5,0.1,2011-06-06 07:00:36,2014-05-14 15:56:48,2,1,,1,,1,,
42802353020004,169112595010661,2010,54,75,1654,30,1,2,2010,1,,,,2012-06-06 07:13:27,2014-05-14 15:57:41,2,0,,0,,0,,
42802344020004,169112595010661,2010,54,75,1654,30,2,2,2010,1,,,,2012-06-06 07:13:27,2014-05-14 15:57:41,2,0,,0,,0,,
42802343020004,169112595010661,2010,54,75,1654,30,3,2,2010,1,,,,2012-06-06 07:13:27,2014-05-14 15:57:41,2,0,,0,,0,,
42802348020004,169112595010661,2010,54,75,1654,30,4,2,2010,1,,,,2012-06-06 07:13:27,2014-05-14 15:57:41,2,0,,0,,0,,
42802346020004,169112595010661,2010,54,75,1654,150,1,2,2010,1,,,,2012-06-06 07:13:27,2014-05-14 15:57:41,2,0,,0,,0,,
42802350020004,169112595010661,2010,54,75,1654,150,2,2,2010,1,,,,2012-06-06 07:13:27,2014-05-14 15:57:41,2,0,,0,,0,,
42802352020004,169112595010661,2010,54,75,1654,150,3,2,2010,1,,,,2012-06-06 07:13:27,2014-05-14 15:57:41,2,0,,0,,0,,
42802351020004,169112595010661,2010,54,75,1654,150,4,2,2010,1,,,,2012-06-06 07:13:27,2014-05-14 15:57:41,2,0,,0,,0,,
42802345020004,169112595010661,2010,54,75,1654,270,1,2,2010,1,,,,2012-06-06 07:13:27,2014-05-14 15:57:41,2,0,,0,,0,,
42802349020004,169112595010661,2010,54,75,1654,270,2,2,2010,1,,,,2012-06-06 07:13:27,2014-05-14 15:57:41,2,0,,0,,0,,
42802342020004,169112595010661,2010,54,75,1654,270,3,2,2010,1,,,,2012-06-06 07:13:27,2014-05-14 15:57:41,2,0,,0,,0,,
42802347020004,169112595010661,2010,54,75,1654,270,4,2,2010,1,,,,2012-06-06 07:13:27,2014-05-14 15:57:41,2,0,,0,,0,,
249352096010661,169112507010661,2010,54,75,3599,30,1,2,2010,1,1.2,0.7,0.1,2011-06-06 07:00:36,2014-05-14 15:56:48,2,1,,1,,1,,
249352099010661,169112507010661,2010,54,75,3599,30,2,2,2010,1,1.5,1.4,0.2,2011-06-06 07:00:36,2014-05-14 15:56:48,2,1,,1,,1,,
249352102010661,169112507010661,2010,54,75,3599,30,3,2,2010,1,0.8,0.7,0.1,2011-06-06 07:00:36,2014-05-14 15:56:48,2,1,,1,,1,,
249352104010661,169112507010661,2010,54,75,3599,30,4,2,2010,1,0.4,0.4,0.1,2011-06-06 07:00:36,2014-05-14 15:56:48,2,1,,1,,1,,
249352097010661,169112507010661,2010,54,75,3599,150,1,2,2010,1,0.7,0.8,2.1,2011-06-06 07:00:36,2014-05-14 15:56:48,2,1,,1,,1,,
249352100010661,169112507010661,2010,54,75,3599,150,2,2,2010,1,2.0,0.7,0.1,2011-06-06 07:00:36,2014-05-14 15:56:48,2,1,,1,,1,,
42802513020004,169112507010661,2010,54,75,3599,150,3,2,2010,2,,,,2012-06-06 07:13:27,2014-05-14 15:57:41,2,0,,0,,0,,
249352105010661,169112507010661,2010,54,75,3599,150,4,2,2010,1,1.9,1.2,0.1,2011-06-06 07:00:36,2014-05-14 15:56:48,2,1,,1,,1,,
249352098010661,169112507010661,2010,54,75,3599,270,1,2,2010,1,0.8,1.1,0.1,2011-06-06 07:00:36,2014-05-14 15:56:48,2,1,,1,,1,,
249352101010661,169112507010661,2010,54,75,3599,270,2,2,2010,1,1.0,0.6,0.1,2011-06-06 07:00:36,2014-05-14 15:56:48,2,1,,1,,1,,
249352103010661,169112507010661,2010,54,75,3599,270,3,2,2010,1,0.1,1.4,0.1,2011-06-06 07:00:36,2014-05-14 15:56:48,2,1,,1,,1,,
249352106010661,169112507010661,2010,54,75,3599,270,4,2,2010,1,0.3,0.4,0.1,2011-06-06 07:00:36,2014-05-14 15:56:48,2,1,,1,,1,,
249352238010661,169113319010661,2010,54,77,1835,30,1,2,2010,1,0.0,2.7,0.2,2011-06-06 07:00:36,2014-05-14 15:56:48,2,1,,1,,1,,
249352241010661,169113319010661,2010,54,77,1835,30,2,2,2010,1,0.0,2.5,3.0,2011-06-06 07:00:36,2014-05-14 15:56:48,2,1,,1,,1,,
249352244010661,169113319010661,2010,54,77,1835,30,3,2,2010,1,0.0,1.0,0.1,2011-06-06 07:00:36,2014-05-14 15:56:48,2,1,,1,,1,,
249352247010661,169113319010661,2010,54,77,1835,30,4,2,2010,1,0.0,2.0,0.2,2011-06-06 07:00:36,2014-05-14 15:56:48,2,1,,1,,1,,
249352239010661,169113319010661,2010,54,77,1835,150,1,2,2010,1,0.0,1.9,0.2,2011-06-06 07:00:36,2014-05-14 15:56:48,2,1,,1,,1,,
249352242010661,169113319010661,2010,54,77,1835,150,2,2,2010,1,0.3,1.5,0.1,2011-06-06 07:00:36,2014-05-14 15:56:48,2,1,,1,,1,,
249352245010661,169113319010661,2010,54,77,1835,150,3,2,2010,1,0.0,0.3,0.1,2011-06-06 07:00:36,2014-05-14 15:56:48,2,1,,1,,1,,
249352248010661,169113319010661,2010,54,77,1835,150,4,2,2010,1,0.3,1.5,0.1,2011-06-06 07:00:36,2014-05-14 15:56:48,2,1,,1,,1,,
249352240010661,169113319010661,2010,54,77,1835,270,1,2,2010,1,0.0,2.0,0.2,2011-06-06 07:00:36,2014-05-14 15:56:48,2,1,,1,,1,,
249352243010661,169113319010661,2010,54,77,1835,270,2,2,2010,1,0.2,2.3,1.2,2011-06-06 07:00:36,2014-05-14 15:56:48,2,1,,1,,1,,
249352246010661,169113319010661,2010,54,77,1835,270,3,2,2010,1,0.0,0.5,0.1,2011-06-06 07:00:36,2014-05-14 15:56:48,2,1,,1,,1,,
249352249010661,169113319010661,2010,54,77,1835,270,4,2,2010,1,1.0,1.0,0.6,2011-06-06 07:00:36,2014-05-14 15:56:48,2,1,,1,,1,,
249352410010661,169113379010661,2010,54,79,1640,30,1,2,2010,1,0.1,1.4,0.4,2011-06-06 07:00:36,2014-05-14 15:56:48,2,1,,1,,1,,
249352413010661,169113379010661,2010,54,79,1640,30,2,2,2010,1,0.1,0.6,0.1,2011-06-06 07:00:36,2014-05-14 15:56:48,2,1,,1,,1,,
249352416010661,169113379010661,2010,54,79,1640,30,3,2,2010,1,0.0,0.2,0.1,2011-06-06 07:00:36,2014-05-14 15:56:48,2,1,,1,,1,,
249352419010661,169113379010661,2010,54,79,1640,30,4,2,2010,1,0.0,0.0,0.0,2011-06-06 07:00:36,2014-05-14 15:56:48,2,1,,1,,1,,
249352411010661,169113379010661,2010,54,79,1640,150,1,2,2010,1,0.1,0.4,0.4,2011-06-06 07:00:36,2014-05-14 15:56:48,2,1,,1,,1,,
249352414010661,169113379010661,2010,54,79,1640,150,2,2,2010,1,0.1,1.2,0.2,2011-06-06 07:00:36,2014-05-14 15:56:48,2,1,,1,,1,,
249352417010661,169113379010661,2010,54,79,1640,150,3,2,2010,1,0.3,1.1,0.1,2011-06-06 07:00:36,2014-05-14 15:56:48,2,1,,1,,1,,
249352420010661,169113379010661,2010,54,79,1640,150,4,2,2010,1,0.1,0.6,0.9,2011-06-06 07:00:36,2014-05-14 15:56:48,2,1,,1,,1,,
249352412010661,169113379010661,2010,54,79,1640,270,1,2,2010,1,0.0,0.3,0.1,2011-06-06 07:00:36,2014-05-14 15:56:48,2,1,,1,,1,,
249352415010661,169113379010661,2010,54,79,1640,270,2,2,2010,1,0.0,0.7,0.2,2011-06-06 07:00:36,2014-05-14 15:56:48,2,1,,1,,1,,
249352418010661,169113379010661,2010,54,79,1640,270,3,2,2010,1,0.0,0.5,0.1,2011-06-06 07:00:36,2014-05-14 15:56:48,2,1,,1,,1,,
249352421010661,169113379010661,2010,54,79,1640,270,4,2,2010,1,0.2,1.3,0.6,2011-06-06 07:00:36,2014-05-14 15:56:48,2,1,,1,,1,,
42802153020004,169113349010661,2010,54,81,1604,30,1,2,2010,1,,,,2012-06-06 07:13:26,2014-05-14 15:57:43,2,0,,0,,0,,
42802147020004,169113349010661,2010,54,81,1604,30,2,2,2010,1,,,,2012-06-06 07:13:26,2014-05-14 15:57:43,2,0,,0,,0,,
249352568010661,169113349010661,2010,54,81,1604,30,3,2,2010,2,0.3,0.7,0.3,2011-06-06 07:00:36,2014-05-14 15:56:48,2,1,,1,,1,,
249352569010661,169113349010661,2010,54,81,1604,30,4,2,2010,3,0.2,0.5,0.1,2011-06-06 07:00:36,2014-05-14 15:56:48,2,1,,1,,1,,
42802149020004,169113349010661,2010,54,81,1604,150,1,2,2010,1,,,,2012-06-06 07:13:26,2014-05-14 15:57:43,2,0,,0,,0,,
42802151020004,169113349010661,2010,54,81,1604,150,2,2,2010,1,,,,2012-06-06 07:13:26,2014-05-14 15:57:43,2,0,,0,,0,,
42802152020004,169113349010661,2010,54,81,1604,150,3,2,2010,1,,,,2012-06-06 07:13:26,2014-05-14 15:57:43,2,0,,0,,0,,
249352570010661,169113349010661,2010,54,81,1604,150,4,2,2010,3,0.0,2.7,0.2,2011-06-06 07:00:36,2014-05-14 15:56:48,2,1,,1,,1,,
42802148020004,169113349010661,2010,54,81,1604,270,1,2,2010,1,,,,2012-06-06 07:13:26,2014-05-14 15:57:43,2,0,,0,,0,,
42802150020004,169113349010661,2010,54,81,1604,270,2,2,2010,1,,,,2012-06-06 07:13:26,2014-05-14 15:57:43,2,0,,0,,0,,
42802146020004,169113349010661,2010,54,81,1604,270,3,2,2010,1,,,,2012-06-06 07:13:26,2014-05-14 15:57:43,2,0,,0,,0,,
249352571010661,169113349010661,2010,54,81,1604,270,4,2,2010,3,0.0,1.2,0.2,2011-06-06 07:00:36,2014-05-14 15:56:48,2,1,,1,,1,,
42802610020004,169112557010661,2010,54,83,765,30,1,2,2010,1,,,,2012-06-06 07:13:28,2014-05-14 15:57:41,2,0,,0,,0,,
42802601020004,169112557010661,2010,54,83,765,30,2,2,2010,1,,,,2012-06-06 07:13:28,2014-05-14 15:57:41,2,0,,0,,0,,
42802602020004,169112557010661,2010,54,83,765,30,3,2,2010,1,,,,2012-06-06 07:13:28,2014-05-14 15:57:41,2,0,,0,,0,,
42802606020004,169112557010661,2010,54,83,765,30,4,2,2010,1,,,,2012-06-06 07:13:28,2014-05-14 15:57:41,2,0,,0,,0,,
42802604020004,169112557010661,2010,54,83,765,150,1,2,2010,1,,,,2012-06-06 07:13:28,2014-05-14 15:57:41,2,0,,0,,0,,
42802608020004,169112557010661,2010,54,83,765,150,2,2,2010,1,,,,2012-06-06 07:13:28,2014-05-14 15:57:41,2,0,,0,,0,,
42802611020004,169112557010661,2010,54,83,765,150,3,2,2010,1,,,,2012-06-06 07:13:28,2014-05-14 15:57:41,2,0,,0,,0,,
42802609020004,169112557010661,2010,54,83,765,150,4,2,2010,1,,,,2012-06-06 07:13:28,2014-05-14 15:57:41,2,0,,0,,0,,
42802603020004,169112557010661,2010,54,83,765,270,1,2,2010,1,,,,2012-06-06 07:13:28,2014-05-14 15:57:41,2,0,,0,,0,,
42802605020004,169112557010661,2010,54,83,765,270,2,2,2010,1,,,,2012-06-06 07:13:28,2014-05-14 15:57:41,2,0,,0,,0,,
42802600020004,169112557010661,2010,54,83,765,270,3,2,2010,1,,,,2012-06-06 07:13:28,2014-05-14 15:57:41,2,0,,0,,0,,
42802607020004,169112557010661,2010,54,83,765,270,4,2,2010,1,,,,2012-06-06 07:13:28,2014-05-14 15:57:41,2,0,,0,,0,,
249352711010661,169112575010661,2010,54,83,1282,30,1,2,2010,1,0.0,3.0,0.3,2011-06-06 07:00:36,2014-05-14 15:56:48,2,1,,1,,1,,
249352714010661,169112575010661,2010,54,83,1282,30,2,2,2010,1,0.0,1.5,0.4,2011-06-06 07:00:36,2014-05-14 15:56:48,2,1,,1,,1,,
249352717010661,169112575010661,2010,54,83,1282,30,3,2,2010,1,0.5,3.0,0.3,2011-06-06 07:00:36,2014-05-14 15:56:48,2,1,,1,,1,,
249352720010661,169112575010661,2010,54,83,1282,30,4,2,2010,1,0.3,0.5,0.1,2011-06-06 07:00:36,2014-05-14 15:56:48,2,1,,1,,1,,
249352712010661,169112575010661,2010,54,83,1282,150,1,2,2010,1,,,,2011-06-06 07:00:36,2014-05-14 15:56:48,2,0,,0,,0,,
249352715010661,169112575010661,2010,54,83,1282,150,2,2,2010,1,0.0,2.5,1.5,2011-06-06 07:00:36,2014-05-14 15:56:48,2,1,,1,,1,,
249352718010661,169112575010661,2010,54,83,1282,150,3,2,2010,1,0.0,0.3,0.4,2011-06-06 07:00:36,2014-05-14 15:56:48,2,1,,1,,1,,
249352721010661,169112575010661,2010,54,83,1282,150,4,2,2010,1,0.0,0.2,0.2,2011-06-06 07:00:36,2014-05-14 15:56:48,2,1,,1,,1,,
249352713010661,169112575010661,2010,54,83,1282,270,1,2,2010,1,0.0,1.5,0.1,2011-06-06 07:00:36,2014-05-14 15:56:48,2,1,,1,,1,,
249352716010661,169112575010661,2010,54,83,1282,270,2,2,2010,1,0.0,2.0,0.2,2011-06-06 07:00:36,2014-05-14 15:56:48,2,1,,1,,1,,
249352719010661,169112575010661,2010,54,83,1282,270,3,2,2010,1,0.0,2.0,1.2,2011-06-06 07:00:36,2014-05-14 15:56:48,2,1,,1,,1,,
249352722010661,169112575010661,2010,54,83,1282,270,4,2,2010,1,0.0,0.3,0.1,2011-06-06 07:00:36,2014-05-14 15:56:48,2,1,,1,,1,,
42802388020004,169112711010661,2010,54,89,2113,30,1,2,2010,1,,,,2012-06-06 07:13:27,2014-05-14 15:57:41,2,0,,0,,0,,
42802379020004,169112711010661,2010,54,89,2113,30,2,2,2010,1,,,,2012-06-06 07:13:27,2014-05-14 15:57:41,2,0,,0,,0,,
42802378020004,169112711010661,2010,54,89,2113,30,3,2,2010,1,,,,2012-06-06 07:13:27,2014-05-14 15:57:41,2,0,,0,,0,,
42802384020004,169112711010661,2010,54,89,2113,30,4,2,2010,1,,,,2012-06-06 07:13:27,2014-05-14 15:57:41,2,0,,0,,0,,
42802381020004,169112711010661,2010,54,89,2113,150,1,2,2010,1,,,,2012-06-06 07:13:27,2014-05-14 15:57:41,2,0,,0,,0,,
42802385020004,169112711010661,2010,54,89,2113,150,2,2,2010,1,,,,2012-06-06 07:13:27,2014-05-14 15:57:41,2,0,,0,,0,,
42802386020004,169112711010661,2010,54,89,2113,150,3,2,2010,1,,,,2012-06-06 07:13:27,2014-05-14 15:57:41,2,0,,0,,0,,
42802387020004,169112711010661,2010,54,89,2113,150,4,2,2010,1,,,,2012-06-06 07:13:27,2014-05-14 15:57:41,2,0,,0,,0,,
42802380020004,169112711010661,2010,54,89,2113,270,1,2,2010,1,,,,2012-06-06 07:13:27,2014-05-14 15:57:41,2,0,,0,,0,,
42802383020004,169112711010661,2010,54,89,2113,270,2,2,2010,1,,,,2012-06-06 07:13:27,2014-05-14 15:57:41,2,0,,0,,0,,
42802377020004,169112711010661,2010,54,89,2113,270,3,2,2010,1,,,,2012-06-06 07:13:27,2014-05-14 15:57:41,2,0,,0,,0,,
42802382020004,169112711010661,2010,54,89,2113,270,4,2,2010,1,,,,2012-06-06 07:13:27,2014-05-14 15:57:41,2,0,,0,,0,,
42802525020004,169112951010661,2010,54,95,1258,30,1,2,2010,1,,,,2012-06-06 07:13:27,2014-05-14 15:57:41,2,0,,0,,0,,
42802516020004,169112951010661,2010,54,95,1258,30,2,2,2010,1,,,,2012-06-06 07:13:27,2014-05-14 15:57:41,2,0,,0,,0,,
42802515020004,169112951010661,2010,54,95,1258,30,3,2,2010,1,,,,2012-06-06 07:13:27,2014-05-14 15:57:41,2,0,,0,,0,,
42802520020004,169112951010661,2010,54,95,1258,30,4,2,2010,1,,,,2012-06-06 07:13:27,2014-05-14 15:57:41,2,0,,0,,0,,
42802518020004,169112951010661,2010,54,95,1258,150,1,2,2010,1,,,,2012-06-06 07:13:27,2014-05-14 15:57:41,2,0,,0,,0,,
42802522020004,169112951010661,2010,54,95,1258,150,2,2,2010,1,,,,2012-06-06 07:13:27,2014-05-14 15:57:41,2,0,,0,,0,,
42802523020004,169112951010661,2010,54,95,1258,150,3,2,2010,1,,,,2012-06-06 07:13:27,2014-05-14 15:57:41,2,0,,0,,0,,
42802524020004,169112951010661,2010,54,95,1258,150,4,2,2010,1,,,,2012-06-06 07:13:27,2014-05-14 15:57:41,2,0,,0,,0,,
42802517020004,169112951010661,2010,54,95,1258,270,1,2,2010,1,,,,2012-06-06 07:13:27,2014-05-14 15:57:41,2,0,,0,,0,,
42802519020004,169112951010661,2010,54,95,1258,270,2,2,2010,1,,,,2012-06-06 07:13:27,2014-05-14 15:57:41,2,0,,0,,0,,
42802514020004,169112951010661,2010,54,95,1258,270,3,2,2010,1,,,,2012-06-06 07:13:27,2014-05-14 15:57:41,2,0,,0,,0,,
42802521020004,169112951010661,2010,54,95,1258,270,4,2,2010,1,,,,2012-06-06 07:13:27,2014-05-14 15:57:41,2,0,,0,,0,,
249352901010661,169113235010661,2010,54,99,1003,30,1,2,2010,1,0.0,1.5,0.2,2011-06-06 07:00:36,2014-05-14 15:56:48,2,1,,1,,1,,
249352904010661,169113235010661,2010,54,99,1003,30,2,2,2010,1,0.0,0.1,0.1,2011-06-06 07:00:36,2014-05-14 15:56:48,2,1,,1,,1,,
249352907010661,169113235010661,2010,54,99,1003,30,3,2,2010,1,0.0,1.1,0.1,2011-06-06 07:00:36,2014-05-14 15:56:48,2,1,,1,,1,,
249352910010661,169113235010661,2010,54,99,1003,30,4,2,2010,1,0.0,0.6,0.1,2011-06-06 07:00:36,2014-05-14 15:56:48,2,1,,1,,1,,
249352902010661,169113235010661,2010,54,99,1003,150,1,2,2010,1,0.0,0.1,0.1,2011-06-06 07:00:36,2014-05-14 15:56:48,2,1,,1,,1,,
249352905010661,169113235010661,2010,54,99,1003,150,2,2,2010,1,0.0,0.7,0.1,2011-06-06 07:00:36,2014-05-14 15:56:48,2,1,,1,,1,,
249352908010661,169113235010661,2010,54,99,1003,150,3,2,2010,1,0.0,0.2,0.3,2011-06-06 07:00:36,2014-05-14 15:56:48,2,1,,1,,1,,
249352911010661,169113235010661,2010,54,99,1003,150,4,2,2010,1,0.0,1.7,0.2,2011-06-06 07:00:36,2014-05-14 15:56:48,2,1,,1,,1,,
249352903010661,169113235010661,2010,54,99,1003,270,1,2,2010,1,0.0,1.1,0.1,2011-06-06 07:00:36,2014-05-14 15:56:48,2,1,,1,,1,,
249352906010661,169113235010661,2010,54,99,1003,270,2,2,2010,1,0.0,0.2,0.1,2011-06-06 07:00:36,2014-05-14 15:56:48,2,1,,1,,1,,
249352909010661,169113235010661,2010,54,99,1003,270,3,2,2010,1,0.0,0.4,0.1,2011-06-06 07:00:36,2014-05-14 15:56:48,2,1,,1,,1,,
249352912010661,169113235010661,2010,54,99,1003,270,4,2,2010,1,0.0,0.5,0.1,2011-06-06 07:00:36,2014-05-14 15:56:48,2,1,,1,,1,,
42802293020004,169113125010661,2010,54,107,762,30,1,2,2010,1,,,,2012-06-06 07:13:27,2014-05-14 15:57:43,2,0,,0,,0,,
249353085010661,169113125010661,2010,54,107,762,30,2,2,2010,2,0.0,1.5,0.7,2011-06-06 07:00:36,2014-05-14 15:56:48,2,1,,1,,1,,
42802288020004,169113125010661,2010,54,107,762,30,3,2,2010,1,,,,2012-06-06 07:13:27,2014-05-14 15:57:43,2,0,,0,,0,,
42802291020004,169113125010661,2010,54,107,762,30,4,2,2010,1,,,,2012-06-06 07:13:27,2014-05-14 15:57:43,2,0,,0,,0,,
42802290020004,169113125010661,2010,54,107,762,150,1,2,2010,1,,,,2012-06-06 07:13:27,2014-05-14 15:57:43,2,0,,0,,0,,
249353086010661,169113125010661,2010,54,107,762,150,2,2,2010,2,0.0,1.0,1.0,2011-06-06 07:00:36,2014-05-14 15:56:48,2,1,,1,,1,,
42802295020004,169113125010661,2010,54,107,762,150,3,2,2010,1,,,,2012-06-06 07:13:27,2014-05-14 15:57:43,2,0,,0,,0,,
42802294020004,169113125010661,2010,54,107,762,150,4,2,2010,1,,,,2012-06-06 07:13:27,2014-05-14 15:57:43,2,0,,0,,0,,
42802289020004,169113125010661,2010,54,107,762,270,1,2,2010,1,,,,2012-06-06 07:13:27,2014-05-14 15:57:43,2,0,,0,,0,,
249353087010661,169113125010661,2010,54,107,762,270,2,2,2010,2,0.0,1.0,0.7,2011-06-06 07:00:36,2014-05-14 15:56:48,2,1,,1,,1,,
42802287020004,169113125010661,2010,54,107,762,270,3,2,2010,1,,,,2012-06-06 07:13:27,2014-05-14 15:57:43,2,0,,0,,0,,
42802292020004,169113125010661,2010,54,107,762,270,4,2,2010,1,,,,2012-06-06 07:13:27,2014-05-14 15:57:43,2,0,,0,,0,,
212728968020004,247065440010661,2012,54,7,1681,45,4,2,,1,0.1,1.0,,2013-08-12 11:27:28,2014-05-14 16:17:09,3,1,,1,,,,1
212728962020004,247065440010661,2012,54,7,1681,90,1,2,,1,0.1,1.1,,2013-08-12 11:27:28,2014-05-14 16:17:09,3,1,,1,,,,1
212728966020004,247065440010661,2012,54,7,1681,135,3,2,,1,0.0,0.1,,2013-08-12 11:27:28,2014-05-14 16:17:09,3,1,,1,,,,1
212728964020004,247065440010661,2012,54,7,1681,180,2,2,,1,0.1,0.1,,2013-08-12 11:27:28,2014-05-14 16:17:09,3,1,,1,,,,1
212728969020004,247065440010661,2012,54,7,1681,225,4,2,,1,0.1,1.0,,2013-08-12 11:27:28,2014-05-14 16:17:09,3,1,,1,,,,1
212728963020004,247065440010661,2012,54,7,1681,270,1,2,,1,0.1,1.6,,2013-08-12 11:27:28,2014-05-14 16:17:09,3,1,,1,,,,1
212728967020004,247065440010661,2012,54,7,1681,315,3,2,,1,0.1,1.0,,2013-08-12 11:27:28,2014-05-14 16:17:09,3,1,,1,,,,1
212728965020004,247065440010661,2012,54,7,1681,360,2,2,,1,0.1,0.6,,2013-08-12 11:27:28,2014-05-14 16:17:09,3,1,,1,,,,1
212731641020004,247065513010661,2012,54,7,2373,45,4,2,,3,,,,2013-08-12 11:27:28,2014-05-14 16:17:09,3,,,,,,,1
212731635020004,247065513010661,2012,54,7,2373,90,1,2,,2,,,,2013-08-12 11:27:28,2014-05-14 16:17:09,3,,,,,,,1
212731639020004,247065513010661,2012,54,7,2373,135,3,2,,3,,,,2013-08-12 11:27:28,2014-05-14 16:17:09,3,,,,,,,1
212731637020004,247065513010661,2012,54,7,2373,180,2,2,,3,,,,2013-08-12 11:27:28,2014-05-14 16:17:09,3,,,,,,,1
212731642020004,247065513010661,2012,54,7,2373,225,4,2,,3,,,,2013-08-12 11:27:28,2014-05-14 16:17:09,3,,,,,,,1
212731636020004,247065513010661,2012,54,7,2373,270,1,2,,1,0.1,0.3,,2013-08-12 11:27:28,2014-05-14 16:17:09,3,1,,1,,,,1
212731640020004,247065513010661,2012,54,7,2373,315,3,2,,3,,,,2013-08-12 11:27:28,2014-05-14 16:17:09,3,,,,,,,1
212731638020004,247065513010661,2012,54,7,2373,360,2,2,,3,,,,2013-08-12 11:27:28,2014-05-14 16:17:09,3,,,,,,,1
276540441489998,247065270010661,2012,54,11,111,45,4,2,2012,1,0.0,0.0,,2014-09-23 05:46:06,,3,2,,2,,,,1
276540443489998,247065270010661,2012,54,11,111,90,1,2,2012,1,0.0,0.0,,2014-09-23 05:46:06,,3,2,,2,,,,1
276540439489998,247065270010661,2012,54,11,111,135,3,2,2012,1,0.0,0.0,,2014-09-23 05:46:06,,3,2,,2,,,,1
276540446489998,247065270010661,2012,54,11,111,180,2,2,2012,1,0.0,0.0,,2014-09-23 05:46:06,,3,2,,2,,,,1
276540442489998,247065270010661,2012,54,11,111,225,4,2,2012,1,0.0,0.0,,2014-09-23 05:46:06,,3,2,,2,,,,1
276540444489998,247065270010661,2012,54,11,111,270,1,2,2012,1,0.0,0.0,,2014-09-23 05:46:06,,3,2,,2,,,,1
276540440489998,247065270010661,2012,54,11,111,315,3,2,2012,1,0.0,0.0,,2014-09-23 05:46:06,,3,2,,2,,,,1
276540445489998,247065270010661,2012,54,11,111,360,2,2,2012,1,0.0,0.0,,2014-09-23 05:46:06,,3,2,,2,,,,1
212720873020004,247065246010661,2012,54,11,1711,45,4,2,,1,,,,2013-07-22 09:41:50,2014-05-14 16:17:08,3,,,,,,,1
212720867020004,247065246010661,2012,54,11,1711,90,1,2,,1,,,,2013-07-22 09:41:50,2014-05-14 16:17:08,3,,,,,,,1
212720871020004,247065246010661,2012,54,11,1711,135,3,2,,1,,,,2013-07-22 09:41:50,2014-05-14 16:17:08,3,,,,,,,1
212720869020004,247065246010661,2012,54,11,1711,180,2,2,,1,,,,2013-07-22 09:41:50,2014-05-14 16:17:08,3,,,,,,,1
212720874020004,247065246010661,2012,54,11,1711,225,4,2,,1,,,,2013-07-22 09:41:50,2014-05-14 16:17:08,3,,,,,,,1
212720868020004,247065246010661,2012,54,11,1711,270,1,2,,1,,,,2013-07-22 09:41:50,2014-05-14 16:17:08,3,,,,,,,1
212720872020004,247065246010661,2012,54,11,1711,315,3,2,,1,,,,2013-07-22 09:41:50,2014-05-14 16:17:08,3,,,,,,,1
212720870020004,247065246010661,2012,54,11,1711,360,2,2,,1,,,,2013-07-22 09:41:50,2014-05-14 16:17:08,3,,,,,,,1
212725360020004,247065357010661,2012,54,13,1984,45,4,2,,1,0.1,0.5,,2013-07-22 09:41:51,2014-05-14 16:17:08,3,1,,1,,,,1
212725354020004,247065357010661,2012,54,13,1984,90,1,2,,1,0.2,1.2,,2013-07-22 09:41:51,2014-05-14 16:17:08,3,1,,1,,,,1
212725358020004,247065357010661,2012,54,13,1984,135,3,2,,1,0.3,1.6,,2013-07-22 09:41:51,2014-05-14 16:17:08,3,1,,1,,,,1
212725356020004,247065357010661,2012,54,13,1984,180,2,2,,1,1.0,2.0,,2013-07-22 09:41:51,2014-05-14 16:17:08,3,1,,1,,,,1
212725361020004,247065357010661,2012,54,13,1984,225,4,2,,1,0.1,1.7,,2013-07-22 09:41:51,2014-05-14 16:17:08,3,1,,1,,,,1
212725355020004,247065357010661,2012,54,13,1984,270,1,2,,1,0.6,2.8,,2013-07-22 09:41:51,2014-05-14 16:17:08,3,1,,1,,,,1
212725359020004,247065357010661,2012,54,13,1984,315,3,2,,1,0.2,3.7,,2013-07-22 09:41:51,2014-05-14 16:17:08,3,1,,1,,,,1
212725357020004,247065357010661,2012,54,13,1984,360,2,2,,1,0.1,2.7,,2013-07-22 09:41:51,2014-05-14 16:17:08,3,1,,1,,,,1
212727019020004,247065399010661,2012,54,15,1739,45,4,2,,1,,,,2013-07-22 09:41:51,2014-05-14 16:17:08,3,,,,,,,1
212727013020004,247065399010661,2012,54,15,1739,90,1,2,,1,,,,2013-07-22 09:41:51,2014-05-14 16:17:08,3,,,,,,,1
212727017020004,247065399010661,2012,54,15,1739,135,3,2,,1,,,,2013-07-22 09:41:51,2014-05-14 16:17:08,3,,,,,,,1
212727015020004,247065399010661,2012,54,15,1739,180,2,2,,1,,,,2013-07-22 09:41:51,2014-05-14 16:17:08,3,,,,,,,1
212727020020004,247065399010661,2012,54,15,1739,225,4,2,,1,,,,2013-07-22 09:41:51,2014-05-14 16:17:08,3,,,,,,,1
212727014020004,247065399010661,2012,54,15,1739,270,1,2,,1,,,,2013-07-22 09:41:51,2014-05-14 16:17:08,3,,,,,,,1
212727018020004,247065399010661,2012,54,15,1739,315,3,2,,1,,,,2013-07-22 09:41:51,2014-05-14 16:17:08,3,,,,,,,1
212727016020004,247065399010661,2012,54,15,1739,360,2,2,,1,,,,2013-07-22 09:41:51,2014-05-14 16:17:08,3,,,,,,,1
212728490020004,247065429010661,2012,54,17,1592,45,4,2,,1,0.0,3.3,,2013-08-12 11:27:28,2014-05-14 16:17:08,3,1,,1,,,,1
212728484020004,247065429010661,2012,54,17,1592,90,1,2,,1,0.0,2.2,,2013-08-12 11:27:28,2014-05-14 16:17:08,3,1,,1,,,,1
212728488020004,247065429010661,2012,54,17,1592,135,3,2,,2,,,,2013-08-12 11:27:28,2014-05-14 16:17:08,3,,,,,,,1
212728486020004,247065429010661,2012,54,17,1592,180,2,2,,1,0.0,0.3,,2013-08-12 11:27:28,2014-05-14 16:17:08,3,1,,1,,,,1
212728491020004,247065429010661,2012,54,17,1592,225,4,2,,1,0.5,0.9,,2013-08-12 11:27:28,2014-05-14 16:17:08,3,1,,1,,,,1
212728485020004,247065429010661,2012,54,17,1592,270,1,2,,1,0.0,4.2,,2013-08-12 11:27:28,2014-05-14 16:17:08,3,1,,1,,,,1
212728489020004,247065429010661,2012,54,17,1592,315,3,2,,1,0.0,1.3,,2013-08-12 11:27:28,2014-05-14 16:17:08,3,1,,1,,,,1
212728487020004,247065429010661,2012,54,17,1592,360,2,2,,1,0.0,1.3,,2013-08-12 11:27:28,2014-05-14 16:17:08,3,1,,1,,,,1
212728356020004,247065427010661,2012,54,17,1836,45,4,2,,1,0.1,0.8,,2013-07-22 09:41:51,2014-05-14 16:17:08,3,1,,1,,,,1
212728350020004,247065427010661,2012,54,17,1836,90,1,2,,1,0.2,0.1,,2013-07-22 09:41:51,2014-05-14 16:17:08,3,1,,1,,,,1
212728354020004,247065427010661,2012,54,17,1836,135,3,2,,1,0.0,0.9,,2013-07-22 09:41:51,2014-05-14 16:17:08,3,1,,1,,,,1
212728352020004,247065427010661,2012,54,17,1836,180,2,2,,1,0.6,1.0,,2013-07-22 09:41:51,2014-05-14 16:17:08,3,1,,1,,,,1
212728357020004,247065427010661,2012,54,17,1836,225,4,2,,1,0.0,1.3,,2013-07-22 09:41:51,2014-05-14 16:17:08,3,1,,1,,,,1
212728351020004,247065427010661,2012,54,17,1836,270,1,2,,1,0.0,0.2,,2013-07-22 09:41:51,2014-05-14 16:17:08,3,1,,1,,,,1
212728355020004,247065427010661,2012,54,17,1836,315,3,2,,1,0.0,0.8,,2013-07-22 09:41:51,2014-05-14 16:17:08,3,1,,1,,,,1
212728353020004,247065427010661,2012,54,17,1836,360,2,2,,1,0.0,0.5,,2013-07-22 09:41:51,2014-05-14 16:17:08,3,1,,1,,,,1
212727390020004,247065407010661,2012,54,19,361,45,4,2,,3,0.4,0.8,,2013-07-22 09:41:51,2014-05-14 16:17:08,3,1,,1,,,,1
212727384020004,247065407010661,2012,54,19,361,90,1,2,,1,,,,2013-07-22 09:41:51,2014-05-14 16:17:08,3,,,,,,,1
212727388020004,247065407010661,2012,54,19,361,135,3,2,,2,0.3,0.5,,2013-07-22 09:41:51,2014-05-14 16:17:08,3,1,,1,,,,1
212727386020004,247065407010661,2012,54,19,361,180,2,2,,2,0.1,0.5,,2013-07-22 09:41:51,2014-05-14 16:17:08,3,1,,1,,,,1
212727391020004,247065407010661,2012,54,19,361,225,4,2,,3,0.8,2.2,,2013-07-22 09:41:51,2014-05-14 16:17:08,3,1,,1,,,,1
212727385020004,247065407010661,2012,54,19,361,270,1,2,,1,,,,2013-07-22 09:41:51,2014-05-14 16:17:08,3,,,,,,,1
212727389020004,247065407010661,2012,54,19,361,315,3,2,,2,0.0,0.2,,2013-07-22 09:41:51,2014-05-14 16:17:08,3,1,,1,,,,1
212727387020004,247065407010661,2012,54,19,361,360,2,2,,2,0.1,0.6,,2013-07-22 09:41:51,2014-05-14 16:17:08,3,1,,1,,,,1
212727224020004,247065404010661,2012,54,19,987,45,4,2,,1,,,,2013-08-12 11:27:27,2014-05-14 16:17:08,3,,,,,,,1
212727218020004,247065404010661,2012,54,19,987,90,1,2,,1,,,,2013-08-12 11:27:27,2014-05-14 16:17:08,3,,,,,,,1
212727222020004,247065404010661,2012,54,19,987,135,3,2,,1,,,,2013-08-12 11:27:27,2014-05-14 16:17:08,3,,,,,,,1
212727220020004,247065404010661,2012,54,19,987,180,2,2,,1,,,,2013-08-12 11:27:27,2014-05-14 16:17:08,3,,,,,,,1
212727225020004,247065404010661,2012,54,19,987,225,4,2,,1,,,,2013-08-12 11:27:27,2014-05-14 16:17:08,3,,,,,,,1
212727219020004,247065404010661,2012,54,19,987,270,1,2,,1,,,,2013-08-12 11:27:27,2014-05-14 16:17:08,3,,,,,,,1
212727223020004,247065404010661,2012,54,19,987,315,3,2,,1,,,,2013-08-12 11:27:27,2014-05-14 16:17:08,3,,,,,,,1
212727221020004,247065404010661,2012,54,19,987,360,2,2,,1,,,,2013-08-12 11:27:27,2014-05-14 16:17:08,3,,,,,,,1
212732640020004,247065530010661,2012,54,19,1242,45,4,2,,1,0.3,0.7,,2013-08-12 11:27:28,2014-05-14 16:17:09,3,1,,1,,,,1
212732634020004,247065530010661,2012,54,19,1242,90,1,2,,2,,,,2013-08-12 11:27:28,2014-05-14 16:17:09,3,,,,,,,1
212732638020004,247065530010661,2012,54,19,1242,135,3,2,,1,0.3,1.2,,2013-08-12 11:27:28,2014-05-14 16:17:09,3,1,,1,,,,1
212732636020004,247065530010661,2012,54,19,1242,180,2,2,,1,0.0,0.6,,2013-08-12 11:27:28,2014-05-14 16:17:09,3,1,,1,,,,1
212732641020004,247065530010661,2012,54,19,1242,225,4,2,,1,0.5,1.3,,2013-08-12 11:27:28,2014-05-14 16:17:09,3,1,,1,,,,1
212732635020004,247065530010661,2012,54,19,1242,270,1,2,,1,0.5,1.2,,2013-08-12 11:27:28,2014-05-14 16:17:09,3,1,,1,,,,1
212732639020004,247065530010661,2012,54,19,1242,315,3,2,,1,0.5,1.0,,2013-08-12 11:27:28,2014-05-14 16:17:09,3,1,,1,,,,1
212732637020004,247065530010661,2012,54,19,1242,360,2,2,,2,,,,2013-08-12 11:27:28,2014-05-14 16:17:09,3,,,,,,,1
212728836020004,247065438010661,2012,54,21,1777,45,4,2,,1,0.3,1.7,,2013-07-22 09:41:51,2014-05-14 16:17:09,3,1,,1,,,,1
212728830020004,247065438010661,2012,54,21,1777,90,1,2,,1,0.3,2.1,,2013-07-22 09:41:51,2014-05-14 16:17:09,3,1,,1,,,,1
212728834020004,247065438010661,2012,54,21,1777,135,3,2,,1,0.0,0.2,,2013-07-22 09:41:51,2014-05-14 16:17:09,3,1,,1,,,,1
212728832020004,247065438010661,2012,54,21,1777,180,2,2,,1,0.1,1.0,,2013-07-22 09:41:51,2014-05-14 16:17:09,3,1,,1,,,,1
212728837020004,247065438010661,2012,54,21,1777,225,4,2,,1,0.3,0.0,,2013-07-22 09:41:51,2014-05-14 16:17:09,3,1,,1,,,,1
212728831020004,247065438010661,2012,54,21,1777,270,1,2,,1,0.0,0.1,,2013-07-22 09:41:51,2014-05-14 16:17:09,3,1,,1,,,,1
212728835020004,247065438010661,2012,54,21,1777,315,3,2,,1,0.2,0.7,,2013-07-22 09:41:51,2014-05-14 16:17:09,3,1,,1,,,,1
212728833020004,247065438010661,2012,54,21,1777,360,2,2,,1,0.0,0.3,,2013-07-22 09:41:51,2014-05-14 16:17:09,3,1,,1,,,,1
276508291489998,247065226010661,2012,54,23,1064,45,4,2,2012,1,0.0,0.0,,2014-09-23 05:46:15,,3,2,,2,,,,1
276508285489998,247065226010661,2012,54,23,1064,90,1,2,2012,1,0.0,0.0,,2014-09-23 05:46:15,,3,2,,2,,,,1
276508289489998,247065226010661,2012,54,23,1064,135,3,2,2012,1,0.0,0.0,,2014-09-23 05:46:15,,3,2,,2,,,,1
276508288489998,247065226010661,2012,54,23,1064,180,2,2,2012,1,0.0,0.0,,2014-09-23 05:46:15,,3,2,,2,,,,1
276508292489998,247065226010661,2012,54,23,1064,225,4,2,2012,1,0.0,0.0,,2014-09-23 05:46:15,,3,2,,2,,,,1
276508286489998,247065226010661,2012,54,23,1064,270,1,2,2012,1,0.0,0.0,,2014-09-23 05:46:15,,3,2,,2,,,,1
276508290489998,247065226010661,2012,54,23,1064,315,3,2,2012,1,0.0,0.0,,2014-09-23 05:46:15,,3,2,,2,,,,1
276508287489998,247065226010661,2012,54,23,1064,360,2,2,2012,1,0.0,0.0,,2014-09-23 05:46:15,,3,2,,2,,,,1
212736473020004,247065628010661,2012,54,23,2282,45,4,2,,1,1.6,0.5,,2013-08-12 11:27:28,2014-05-14 16:17:09,3,1,,1,,,,1
212736467020004,247065628010661,2012,54,23,2282,90,1,2,,1,1.2,1.6,,2013-08-12 11:27:28,2014-05-14 16:17:09,3,1,,1,,,,1
212736471020004,247065628010661,2012,54,23,2282,135,3,2,,2,,,,2013-08-12 11:27:28,2014-05-14 16:17:09,3,,,,,,,1
212736469020004,247065628010661,2012,54,23,2282,180,2,2,,1,1.3,0.6,,2013-08-12 11:27:28,2014-05-14 16:17:09,3,1,,1,,,,1
212736474020004,247065628010661,2012,54,23,2282,225,4,2,,1,4.2,10.0,,2013-08-12 11:27:28,2014-05-14 16:17:09,3,1,,1,,,,1
212736468020004,247065628010661,2012,54,23,2282,270,1,2,,1,1.1,0.9,,2013-08-12 11:27:28,2014-05-14 16:17:09,3,1,,1,,,,1
212736472020004,247065628010661,2012,54,23,2282,315,3,2,,2,,,,2013-08-12 11:27:28,2014-05-14 16:17:09,3,,,,,,,1
212736470020004,247065628010661,2012,54,23,2282,360,2,2,,1,2.4,2.4,,2013-08-12 11:27:28,2014-05-14 16:17:09,3,1,,1,,,,1
212732379020004,247065526010661,2012,54,25,677,45,4,2,,1,0.2,0.6,,2013-07-22 09:41:51,2014-05-14 16:17:09,3,1,,1,,,,1
212732373020004,247065526010661,2012,54,25,677,90,1,2,,1,0.0,0.0,,2013-07-22 09:41:51,2014-05-14 16:17:09,3,1,,1,,,,1
212732377020004,247065526010661,2012,54,25,677,135,3,2,,1,0.0,0.3,,2013-07-22 09:41:51,2014-05-14 16:17:09,3,1,,1,,,,1
212732375020004,247065526010661,2012,54,25,677,180,2,2,,3,,,,2013-07-22 09:41:51,2014-05-14 16:17:09,3,,,,,,,1
212732380020004,247065526010661,2012,54,25,677,225,4,2,,1,1.3,0.8,,2013-07-22 09:41:51,2014-05-14 16:17:09,3,1,,1,,,,1
212732374020004,247065526010661,2012,54,25,677,270,1,2,,1,2.6,0.5,,2013-07-22 09:41:51,2014-05-14 16:17:09,3,1,,1,,,,1
212732378020004,247065526010661,2012,54,25,677,315,3,2,,1,0.2,0.6,,2013-07-22 09:41:51,2014-05-14 16:17:09,3,1,,1,,,,1
212732376020004,247065526010661,2012,54,25,677,360,2,2,,2,0.5,1.7,,2013-07-22 09:41:51,2014-05-14 16:17:09,3,1,,1,,,,1
212737806020004,247065664010661,2012,54,27,1443,45,4,2,,1,1.6,2.1,,2013-08-12 11:27:28,2014-05-14 16:17:09,3,1,,1,,,,1
212737800020004,247065664010661,2012,54,27,1443,90,1,2,,1,2.2,1.9,,2013-08-12 11:27:28,2014-05-14 16:17:09,3,1,,1,,,,1
212737804020004,247065664010661,2012,54,27,1443,135,3,2,,1,1.9,2.1,,2013-08-12 11:27:28,2014-05-14 16:17:09,3,1,,1,,,,1
212737802020004,247065664010661,2012,54,27,1443,180,2,2,,1,0.0,0.9,,2013-08-12 11:27:28,2014-05-14 16:17:09,3,1,,1,,,,1
212737807020004,247065664010661,2012,54,27,1443,225,4,2,,1,1.2,2.0,,2013-08-12 11:27:28,2014-05-14 16:17:09,3,1,,1,,,,1
212737801020004,247065664010661,2012,54,27,1443,270,1,2,,1,2.2,1.8,,2013-08-12 11:27:28,2014-05-14 16:17:09,3,1,,1,,,,1
212737805020004,247065664010661,2012,54,27,1443,315,3,2,,1,2.8,2.0,,2013-08-12 11:27:28,2014-05-14 16:17:09,3,1,,1,,,,1
212737803020004,247065664010661,2012,54,27,1443,360,2,2,,1,0.1,1.8,,2013-08-12 11:27:28,2014-05-14 16:17:09,3,1,,1,,,,1
212738036020004,247065670010661,2012,54,27,2293,45,4,2,,1,0.9,1.1,,2013-08-12 11:27:28,2014-05-14 16:17:09,3,1,,1,,,,1
212738030020004,247065670010661,2012,54,27,2293,90,1,2,,1,0.9,1.8,,2013-08-12 11:27:28,2014-05-14 16:17:09,3,1,,1,,,,1
212738034020004,247065670010661,2012,54,27,2293,135,3,2,,1,1.8,2.0,,2013-08-12 11:27:28,2014-05-14 16:17:09,3,1,,1,,,,1
212738032020004,247065670010661,2012,54,27,2293,180,2,2,,1,0.4,1.1,,2013-08-12 11:27:28,2014-05-14 16:17:09,3,1,,1,,,,1
212738037020004,247065670010661,2012,54,27,2293,225,4,2,,1,0.0,1.4,,2013-08-12 11:27:28,2014-05-14 16:17:09,3,1,,1,,,,1
212738031020004,247065670010661,2012,54,27,2293,270,1,2,,1,0.0,0.1,,2013-08-12 11:27:28,2014-05-14 16:17:09,3,1,,1,,,,1
212738035020004,247065670010661,2012,54,27,2293,315,3,2,,1,0.1,2.1,,2013-08-12 11:27:28,2014-05-14 16:17:09,3,1,,1,,,,1
212738033020004,247065670010661,2012,54,27,2293,360,2,2,,1,0.1,1.1,,2013-08-12 11:27:28,2014-05-14 16:17:09,3,1,,1,,,,1
212738254020004,247065674010661,2012,54,31,1511,45,4,2,,1,2.5,2.5,,2013-08-12 11:27:28,2014-05-14 16:17:09,3,1,,1,,,,1
212738248020004,247065674010661,2012,54,31,1511,90,1,2,,1,3.2,1.0,,2013-08-12 11:27:28,2014-05-14 16:17:09,3,1,,1,,,,1
212738252020004,247065674010661,2012,54,31,1511,135,3,2,,1,0.1,0.1,,2013-08-12 11:27:28,2014-05-14 16:17:09,3,1,,1,,,,1
212738250020004,247065674010661,2012,54,31,1511,180,2,2,,1,1.8,1.1,,2013-08-12 11:27:28,2014-05-14 16:17:09,3,1,,1,,,,1
212738255020004,247065674010661,2012,54,31,1511,225,4,2,,1,3.2,0.0,,2013-08-12 11:27:28,2014-05-14 16:17:09,3,1,,1,,,,1
212738249020004,247065674010661,2012,54,31,1511,270,1,2,,1,1.7,0.6,,2013-08-12 11:27:28,2014-05-14 16:17:09,3,1,,1,,,,1
212738253020004,247065674010661,2012,54,31,1511,315,3,2,,1,1.8,1.0,,2013-08-12 11:27:28,2014-05-14 16:17:09,3,1,,1,,,,1
212738251020004,247065674010661,2012,54,31,1511,360,2,2,,1,1.7,0.6,,2013-08-12 11:27:28,2014-05-14 16:17:09,3,1,,1,,,,1
212737206020004,247065650010661,2012,54,31,1534,45,4,2,,1,,,,2013-07-22 09:41:51,2014-05-14 16:17:09,3,,,,,,,1
212737200020004,247065650010661,2012,54,31,1534,90,1,2,,1,,,,2013-07-22 09:41:51,2014-05-14 16:17:09,3,,,,,,,1
212737204020004,247065650010661,2012,54,31,1534,135,3,2,,1,,,,2013-07-22 09:41:51,2014-05-14 16:17:09,3,,,,,,,1
212737202020004,247065650010661,2012,54,31,1534,180,2,2,,1,,,,2013-07-22 09:41:51,2014-05-14 16:17:09,3,,,,,,,1
212737207020004,247065650010661,2012,54,31,1534,225,4,2,,1,,,,2013-07-22 09:41:51,2014-05-14 16:17:09,3,,,,,,,1
212737201020004,247065650010661,2012,54,31,1534,270,1,2,,1,,,,2013-07-22 09:41:51,2014-05-14 16:17:09,3,,,,,,,1
212737205020004,247065650010661,2012,54,31,1534,315,3,2,,1,,,,2013-07-22 09:41:51,2014-05-14 16:17:09,3,,,,,,,1
212737203020004,247065650010661,2012,54,31,1534,360,2,2,,1,,,,2013-07-22 09:41:51,2014-05-14 16:17:09,3,,,,,,,1
276479429489998,247065544010661,2012,54,33,2432,45,4,2,2012,1,0.0,0.0,,2014-09-23 05:45:52,,3,2,,2,,,,1
276479423489998,247065544010661,2012,54,33,2432,90,1,2,2012,1,0.0,0.0,,2014-09-23 05:45:52,,3,2,,2,,,,1
276479427489998,247065544010661,2012,54,33,2432,135,3,2,2012,1,0.0,0.0,,2014-09-23 05:45:52,,3,2,,2,,,,1
276479426489998,247065544010661,2012,54,33,2432,180,2,2,2012,1,0.0,0.0,,2014-09-23 05:45:52,,3,2,,2,,,,1
276479430489998,247065544010661,2012,54,33,2432,225,4,2,2012,1,0.0,0.0,,2014-09-23 05:45:52,,3,2,,2,,,,1
276479424489998,247065544010661,2012,54,33,2432,270,1,2,2012,1,0.0,0.0,,2014-09-23 05:45:52,,3,2,,2,,,,1
276479428489998,247065544010661,2012,54,33,2432,315,3,2,2012,1,0.0,0.0,,2014-09-23 05:45:52,,3,2,,2,,,,1
276479425489998,247065544010661,2012,54,33,2432,360,2,2,2012,1,0.0,0.0,,2014-09-23 05:45:52,,3,2,,2,,,,1
212723103020004,247065303010661,2012,54,39,2504,45,4,2,,1,,,,2013-07-22 09:41:50,2014-05-14 16:17:08,3,,,,,,,1
212723097020004,247065303010661,2012,54,39,2504,90,1,2,,1,,,,2013-07-22 09:41:50,2014-05-14 16:17:08,3,,,,,,,1
212723101020004,247065303010661,2012,54,39,2504,135,3,2,,1,,,,2013-07-22 09:41:50,2014-05-14 16:17:08,3,,,,,,,1
212723099020004,247065303010661,2012,54,39,2504,180,2,2,,1,,,,2013-07-22 09:41:50,2014-05-14 16:17:08,3,,,,,,,1
212723104020004,247065303010661,2012,54,39,2504,225,4,2,,1,,,,2013-07-22 09:41:50,2014-05-14 16:17:08,3,,,,,,,1
212723098020004,247065303010661,2012,54,39,2504,270,1,2,,1,,,,2013-07-22 09:41:50,2014-05-14 16:17:08,3,,,,,,,1
212723102020004,247065303010661,2012,54,39,2504,315,3,2,,1,,,,2013-07-22 09:41:50,2014-05-14 16:17:08,3,,,,,,,1
212723100020004,247065303010661,2012,54,39,2504,360,2,2,,1,,,,2013-07-22 09:41:50,2014-05-14 16:17:08,3,,,,,,,1
276523423489998,247065500010661,2012,54,41,620,45,4,2,2012,1,0.0,0.0,,2014-09-23 05:45:47,,3,2,,2,,,,1
276523417489998,247065500010661,2012,54,41,620,90,1,2,2012,1,0.0,0.0,,2014-09-23 05:45:47,,3,2,,2,,,,1
276523421489998,247065500010661,2012,54,41,620,135,3,2,2012,1,0.0,0.0,,2014-09-23 05:45:47,,3,2,,2,,,,1
276523420489998,247065500010661,2012,54,41,620,180,2,2,2012,1,0.0,0.0,,2014-09-23 05:45:47,,3,2,,2,,,,1
276523424489998,247065500010661,2012,54,41,620,225,4,2,2012,1,0.0,0.0,,2014-09-23 05:45:47,,3,2,,2,,,,1
276523418489998,247065500010661,2012,54,41,620,270,1,2,2012,1,0.0,0.0,,2014-09-23 05:45:47,,3,2,,2,,,,1
276523422489998,247065500010661,2012,54,41,620,315,3,2,2012,1,0.0,0.0,,2014-09-23 05:45:47,,3,2,,2,,,,1
276523419489998,247065500010661,2012,54,41,620,360,2,2,2012,1,0.0,0.0,,2014-09-23 05:45:47,,3,2,,2,,,,1
212728656020004,247065434010661,2012,54,41,2804,45,4,2,,1,,,,2013-08-12 11:27:28,2014-05-14 16:17:08,3,,,,,,,1
212728650020004,247065434010661,2012,54,41,2804,90,1,2,,1,,,,2013-08-12 11:27:28,2014-05-14 16:17:08,3,,,,,,,1
212728654020004,247065434010661,2012,54,41,2804,135,3,2,,1,,,,2013-08-12 11:27:28,2014-05-14 16:17:08,3,,,,,,,1
212728652020004,247065434010661,2012,54,41,2804,180,2,2,,1,,,,2013-08-12 11:27:28,2014-05-14 16:17:08,3,,,,,,,1
212728657020004,247065434010661,2012,54,41,2804,225,4,2,,1,,,,2013-08-12 11:27:28,2014-05-14 16:17:09,3,,,,,,,1
212728651020004,247065434010661,2012,54,41,2804,270,1,2,,1,,,,2013-08-12 11:27:28,2014-05-14 16:17:08,3,,,,,,,1
212728655020004,247065434010661,2012,54,41,2804,315,3,2,,1,,,,2013-08-12 11:27:28,2014-05-14 16:17:08,3,,,,,,,1
212728653020004,247065434010661,2012,54,41,2804,360,2,2,,1,,,,2013-08-12 11:27:28,2014-05-14 16:17:08,3,,,,,,,1
212731370020004,247065507010661,2012,54,41,3169,45,4,2,,3,0.2,0.6,,2013-08-12 11:27:28,2014-05-14 16:17:09,3,3,,1,,,,1
212731364020004,247065507010661,2012,54,41,3169,90,1,2,,2,0.1,0.3,,2013-08-12 11:27:28,2014-05-14 16:17:09,3,1,,1,,,,1
212731368020004,247065507010661,2012,54,41,3169,135,3,2,,2,0.2,0.8,,2013-08-12 11:27:28,2014-05-14 16:17:09,3,1,,1,,,,1
212731366020004,247065507010661,2012,54,41,3169,180,2,2,,2,0.0,0.1,,2013-08-12 11:27:28,2014-05-14 16:17:09,3,1,,1,,,,1
212731371020004,247065507010661,2012,54,41,3169,225,4,2,,3,0.1,1.6,,2013-08-12 11:27:28,2014-05-14 16:17:09,3,1,,1,,,,1
212731365020004,247065507010661,2012,54,41,3169,270,1,2,,2,2.8,0.1,,2013-08-12 11:27:28,2014-05-14 16:17:09,3,1,,1,,,,1
212731369020004,247065507010661,2012,54,41,3169,315,3,2,,2,0.0,0.2,,2013-08-12 11:27:28,2014-05-14 16:17:09,3,1,,1,,,,1
212731367020004,247065507010661,2012,54,41,3169,360,2,2,,2,0.0,0.6,,2013-08-12 11:27:28,2014-05-14 16:17:09,3,1,,1,,,,1
212722142020004,247065275010661,2012,54,43,2271,45,4,2,,2,1.4,2.5,,2013-08-12 11:27:27,2014-05-14 16:17:08,3,1,,1,,,,1
212722136020004,247065275010661,2012,54,43,2271,90,1,2,,1,0.0,0.4,,2013-08-12 11:27:27,2014-05-14 16:17:08,3,1,,1,,,,1
212722140020004,247065275010661,2012,54,43,2271,135,3,2,,1,0.0,0.0,,2013-08-12 11:27:27,2014-05-14 16:17:08,3,1,,1,,,,1
212722138020004,247065275010661,2012,54,43,2271,180,2,2,,1,0.0,0.0,,2013-08-12 11:27:27,2014-05-14 16:17:08,3,1,,1,,,,1
212722143020004,247065275010661,2012,54,43,2271,225,4,2,,2,0.4,2.2,,2013-08-12 11:27:27,2014-05-14 16:17:08,3,1,,1,,,,1
212722137020004,247065275010661,2012,54,43,2271,270,1,2,,1,0.0,0.8,,2013-08-12 11:27:27,2014-05-14 16:17:08,3,1,,1,,,,1
212722141020004,247065275010661,2012,54,43,2271,315,3,2,,1,0.3,1.2,,2013-08-12 11:27:27,2014-05-14 16:17:08,3,1,,1,,,,1
212722139020004,247065275010661,2012,54,43,2271,360,2,2,,1,0.0,0.0,,2013-08-12 11:27:27,2014-05-14 16:17:08,3,1,,1,,,,1
212739096020004,247065698010661,2012,54,45,284,45,4,2,,1,0.2,2.2,,2013-07-22 09:41:51,2014-05-14 16:17:09,3,1,,1,,,,1
212739090020004,247065698010661,2012,54,45,284,90,1,2,,1,0.8,1.2,,2013-07-22 09:41:51,2014-05-14 16:17:09,3,1,,1,,,,1
212739094020004,247065698010661,2012,54,45,284,135,3,2,,1,0.2,1.0,,2013-07-22 09:41:51,2014-05-14 16:17:09,3,1,,1,,,,1
212739092020004,247065698010661,2012,54,45,284,180,2,2,,1,0.5,1.5,,2013-07-22 09:41:51,2014-05-14 16:17:09,3,1,,1,,,,1
212739097020004,247065698010661,2012,54,45,284,225,4,2,,1,0.6,2.2,,2013-07-22 09:41:51,2014-05-14 16:17:09,3,1,,1,,,,1
212739091020004,247065698010661,2012,54,45,284,270,1,2,,1,0.0,0.2,,2013-07-22 09:41:51,2014-05-14 16:17:09,3,1,,1,,,,1
212739095020004,247065698010661,2012,54,45,284,315,3,2,,1,0.0,1.2,,2013-07-22 09:41:51,2014-05-14 16:17:09,3,1,,1,,,,1
212739093020004,247065698010661,2012,54,45,284,360,2,2,,1,0.3,2.1,,2013-07-22 09:41:51,2014-05-14 16:17:09,3,1,,1,,,,1
212726370020004,247065385010661,2012,54,47,3,45,4,2,,1,0.0,0.1,,2013-08-12 11:27:27,2014-05-14 16:17:08,3,1,,1,,,,1
212726364020004,247065385010661,2012,54,47,3,90,1,2,,1,0.1,0.1,,2013-08-12 11:27:27,2014-05-14 16:17:08,3,1,,1,,,,1
212726368020004,247065385010661,2012,54,47,3,135,3,2,,1,3.4,0.9,,2013-08-12 11:27:27,2014-05-14 16:17:08,3,1,,1,,,,1
212726366020004,247065385010661,2012,54,47,3,180,2,2,,1,1.5,0.2,,2013-08-12 11:27:27,2014-05-14 16:17:08,3,1,,1,,,,1
212726371020004,247065385010661,2012,54,47,3,225,4,2,,1,0.0,0.1,,2013-08-12 11:27:27,2014-05-14 16:17:08,3,1,,1,,,,1
212726365020004,247065385010661,2012,54,47,3,270,1,2,,1,0.9,0.1,,2013-08-12 11:27:27,2014-05-14 16:17:08,3,1,,1,,,,1
212726369020004,247065385010661,2012,54,47,3,315,3,2,,1,0.0,0.3,,2013-08-12 11:27:27,2014-05-14 16:17:08,3,1,,1,,,,1
212726367020004,247065385010661,2012,54,47,3,360,2,2,,1,0.0,0.7,,2013-08-12 11:27:27,2014-05-14 16:17:08,3,1,,1,,,,1
212732987020004,247065538010661,2012,54,49,1263,45,4,2,,1,0.5,1.0,,2013-08-12 11:27:28,2014-05-14 16:17:09,3,1,,1,,,,1
212732981020004,247065538010661,2012,54,49,1263,90,1,2,,1,0.0,0.2,,2013-08-12 11:27:28,2014-05-14 16:17:09,3,1,,1,,,,1
212732985020004,247065538010661,2012,54,49,1263,135,3,2,,1,1.0,0.7,,2013-08-12 11:27:28,2014-05-14 16:17:09,3,1,,1,,,,1
212732983020004,247065538010661,2012,54,49,1263,180,2,2,,1,0.1,0.3,,2013-08-12 11:27:28,2014-05-14 16:17:09,3,1,,1,,,,1
212732988020004,247065538010661,2012,54,49,1263,225,4,2,,1,0.0,1.4,,2013-08-12 11:27:28,2014-05-14 16:17:09,3,1,,1,,,,1
212732982020004,247065538010661,2012,54,49,1263,270,1,2,,1,0.2,1.9,,2013-08-12 11:27:28,2014-05-14 16:17:09,3,1,,1,,,,1
212732986020004,247065538010661,2012,54,49,1263,315,3,2,,1,0.7,0.6,,2013-08-12 11:27:28,2014-05-14 16:17:09,3,1,,1,,,,1
212732984020004,247065538010661,2012,54,49,1263,360,2,2,,1,1.2,0.1,,2013-08-12 11:27:28,2014-05-14 16:17:09,3,1,,1,,,,1
212729954020004,247065463010661,2012,54,49,1524,45,4,2,,2,,,,2013-07-22 09:41:51,2014-05-14 16:17:09,3,,,,,,,1
212729948020004,247065463010661,2012,54,49,1524,90,1,2,,1,0.0,0.1,,2013-07-22 09:41:51,2014-05-14 16:17:09,3,1,,1,,,,1
212729952020004,247065463010661,2012,54,49,1524,135,3,2,,1,0.0,1.4,,2013-07-22 09:41:51,2014-05-14 16:17:09,3,1,,1,,,,1
212729950020004,247065463010661,2012,54,49,1524,180,2,2,,4,,,,2013-07-22 09:41:51,2014-05-14 16:17:09,3,,,,,,,1
212729955020004,247065463010661,2012,54,49,1524,225,4,2,,2,,,,2013-07-22 09:41:51,2014-05-14 16:17:09,3,,,,,,,1
212729949020004,247065463010661,2012,54,49,1524,270,1,2,,2,,,,2013-07-22 09:41:51,2014-05-14 16:17:09,3,,,,,,,1
212729953020004,247065463010661,2012,54,49,1524,315,3,2,,1,0.0,0.5,,2013-07-22 09:41:51,2014-05-14 16:17:09,3,1,,1,,,,1
212729951020004,247065463010661,2012,54,49,1524,360,2,2,,4,,,,2013-07-22 09:41:51,2014-05-14 16:17:09,3,,,,,,,1
212728137020004,247065423010661,2012,54,49,1935,45,4,2,,1,0.1,0.7,,2013-08-12 11:27:28,2014-05-14 16:17:08,3,1,,1,,,,1
212728131020004,247065423010661,2012,54,49,1935,90,1,2,,1,0.0,0.1,,2013-08-12 11:27:28,2014-05-14 16:17:08,3,1,,1,,,,1
212728135020004,247065423010661,2012,54,49,1935,135,3,2,,1,0.2,1.0,,2013-08-12 11:27:28,2014-05-14 16:17:08,3,1,,1,,,,1
212728133020004,247065423010661,2012,54,49,1935,180,2,2,,1,0.9,1.6,,2013-08-12 11:27:28,2014-05-14 16:17:08,3,1,,1,,,,1
212728138020004,247065423010661,2012,54,49,1935,225,4,2,,1,1.5,1.1,,2013-08-12 11:27:28,2014-05-14 16:17:08,3,1,,1,,,,1
212728132020004,247065423010661,2012,54,49,1935,270,1,2,,1,1.1,1.2,,2013-08-12 11:27:28,2014-05-14 16:17:08,3,1,,1,,,,1
212728136020004,247065423010661,2012,54,49,1935,315,3,2,,1,0.1,1.0,,2013-08-12 11:27:28,2014-05-14 16:17:08,3,1,,1,,,,1
212728134020004,247065423010661,2012,54,49,1935,360,2,2,,1,1.1,0.6,,2013-08-12 11:27:28,2014-05-14 16:17:08,3,1,,1,,,,1
212739292020004,247065701010661,2012,54,51,785,45,4,2,,1,0.0,0.9,,2013-07-22 09:41:51,2014-05-14 16:17:09,3,1,,1,,,,1
212739286020004,247065701010661,2012,54,51,785,90,1,2,,1,0.0,1.1,,2013-07-22 09:41:51,2014-05-14 16:17:09,3,1,,1,,,,1
212739290020004,247065701010661,2012,54,51,785,135,3,2,,1,0.5,1.5,,2013-07-22 09:41:51,2014-05-14 16:17:09,3,1,,1,,,,1
212739288020004,247065701010661,2012,54,51,785,180,2,2,,1,0.2,0.6,,2013-07-22 09:41:51,2014-05-14 16:17:09,3,1,,1,,,,1
212739293020004,247065701010661,2012,54,51,785,225,4,2,,2,,,,2013-07-22 09:41:51,2014-05-14 16:17:09,3,,,,,,,1
212739287020004,247065701010661,2012,54,51,785,270,1,2,,1,0.0,1.8,,2013-07-22 09:41:51,2014-05-14 16:17:09,3,1,,1,,,,1
212739291020004,247065701010661,2012,54,51,785,315,3,2,,1,0.0,1.4,,2013-07-22 09:41:51,2014-05-14 16:17:09,3,1,,1,,,,1
212739289020004,247065701010661,2012,54,51,785,360,2,2,,1,0.4,1.0,,2013-07-22 09:41:51,2014-05-14 16:17:09,3,1,,1,,,,1
212721699020004,247065264010661,2012,54,53,1482,45,4,2,,1,0.1,1.1,,2013-08-12 11:27:27,2014-05-14 16:17:08,3,1,,1,,,,1
212721693020004,247065264010661,2012,54,53,1482,90,1,2,,1,0.0,0.3,,2013-08-12 11:27:27,2014-05-14 16:17:08,3,1,,1,,,,1
212721697020004,247065264010661,2012,54,53,1482,135,3,2,,1,0.0,1.3,,2013-08-12 11:27:27,2014-05-14 16:17:08,3,1,,1,,,,1
212721695020004,247065264010661,2012,54,53,1482,180,2,2,,1,0.0,0.9,,2013-08-12 11:27:27,2014-05-14 16:17:08,3,1,,1,,,,1
212721700020004,247065264010661,2012,54,53,1482,225,4,2,,1,0.0,1.2,,2013-08-12 11:27:27,2014-05-14 16:17:08,3,1,,1,,,,1
212721694020004,247065264010661,2012,54,53,1482,270,1,2,,1,0.3,0.5,,2013-08-12 11:27:27,2014-05-14 16:17:08,3,1,,1,,,,1
212721698020004,247065264010661,2012,54,53,1482,315,3,2,,1,0.0,0.7,,2013-08-12 11:27:27,2014-05-14 16:17:08,3,1,,1,,,,1
212721696020004,247065264010661,2012,54,53,1482,360,2,2,,1,0.0,1.3,,2013-08-12 11:27:27,2014-05-14 16:17:08,3,1,,1,,,,1
212720499020004,247065236010661,2012,54,53,1601,45,4,2,,1,0.6,0.9,,2013-07-22 09:41:50,2014-05-14 16:17:08,3,1,,1,,,,1
212720493020004,247065236010661,2012,54,53,1601,90,1,2,,1,0.2,1.5,,2013-07-22 09:41:50,2014-05-14 16:17:08,3,1,,1,,,,1
212720497020004,247065236010661,2012,54,53,1601,135,3,2,,1,0.0,0.6,,2013-07-22 09:41:50,2014-05-14 16:17:08,3,1,,1,,,,1
212720495020004,247065236010661,2012,54,53,1601,180,2,2,,1,1.0,0.8,,2013-07-22 09:41:50,2014-05-14 16:17:08,3,1,,1,,,,1
212720500020004,247065236010661,2012,54,53,1601,225,4,2,,1,0.4,0.6,,2013-07-22 09:41:50,2014-05-14 16:17:08,3,1,,1,,,,1
212720494020004,247065236010661,2012,54,53,1601,270,1,2,,1,0.1,0.8,,2013-07-22 09:41:50,2014-05-14 16:17:08,3,1,,1,,,,1
212720498020004,247065236010661,2012,54,53,1601,315,3,2,,1,0.5,1.9,,2013-07-22 09:41:50,2014-05-14 16:17:08,3,1,,1,,,,1
212720496020004,247065236010661,2012,54,53,1601,360,2,2,,1,1.2,0.7,,2013-07-22 09:41:50,2014-05-14 16:17:08,3,1,,1,,,,1
276508313489998,247065498010661,2012,54,55,301,45,4,2,2012,1,0.0,0.0,,2014-09-23 05:46:15,,3,2,,2,,,,1
276508305489998,247065498010661,2012,54,55,301,90,1,2,2012,1,0.0,0.0,,2014-09-23 05:46:15,,3,2,,2,,,,1
276508311489998,247065498010661,2012,54,55,301,135,3,2,2012,1,0.0,0.0,,2014-09-23 05:46:15,,3,2,,2,,,,1
276508310489998,247065498010661,2012,54,55,301,180,2,2,2012,1,0.0,0.0,,2014-09-23 05:46:15,,3,2,,2,,,,1
276508314489998,247065498010661,2012,54,55,301,225,4,2,2012,1,0.0,0.0,,2014-09-23 05:46:15,,3,2,,2,,,,1
276508308489998,247065498010661,2012,54,55,301,270,1,2,2012,1,0.0,0.0,,2014-09-23 05:46:15,,3,2,,2,,,,1
276508312489998,247065498010661,2012,54,55,301,315,3,2,2012,1,0.0,0.0,,2014-09-23 05:46:15,,3,2,,2,,,,1
276508309489998,247065498010661,2012,54,55,301,360,2,2,2012,1,0.0,0.0,,2014-09-23 05:46:15,,3,2,,2,,,,1
212731008020004,247065496010661,2012,54,55,657,45,4,2,,1,,,,2013-08-12 11:27:28,2014-05-14 16:17:09,3,,,,,,,1
212731002020004,247065496010661,2012,54,55,657,90,1,2,,1,,,,2013-08-12 11:27:28,2014-05-14 16:17:09,3,,,,,,,1
212731006020004,247065496010661,2012,54,55,657,135,3,2,,1,,,,2013-08-12 11:27:28,2014-05-14 16:17:09,3,,,,,,,1
212731004020004,247065496010661,2012,54,55,657,180,2,2,,1,,,,2013-08-12 11:27:28,2014-05-14 16:17:09,3,,,,,,,1
212731009020004,247065496010661,2012,54,55,657,225,4,2,,1,,,,2013-08-12 11:27:28,2014-05-14 16:17:09,3,,,,,,,1
212731003020004,247065496010661,2012,54,55,657,270,1,2,,1,,,,2013-08-12 11:27:28,2014-05-14 16:17:09,3,,,,,,,1
212731007020004,247065496010661,2012,54,55,657,315,3,2,,1,,,,2013-08-12 11:27:28,2014-05-14 16:17:09,3,,,,,,,1
212731005020004,247065496010661,2012,54,55,657,360,2,2,,1,,,,2013-08-12 11:27:28,2014-05-14 16:17:09,3,,,,,,,1
212727898020004,247065418010661,2012,54,61,412,45,4,2,,1,,,,2013-08-12 11:27:28,2014-05-14 16:17:08,3,,,,,,,1
212727892020004,247065418010661,2012,54,61,412,90,1,2,,1,,,,2013-08-12 11:27:28,2014-05-14 16:17:08,3,,,,,,,1
212727896020004,247065418010661,2012,54,61,412,135,3,2,,1,,,,2013-08-12 11:27:28,2014-05-14 16:17:08,3,,,,,,,1
212727894020004,247065418010661,2012,54,61,412,180,2,2,,1,,,,2013-08-12 11:27:28,2014-05-14 16:17:08,3,,,,,,,1
212727899020004,247065418010661,2012,54,61,412,225,4,2,,1,,,,2013-08-12 11:27:28,2014-05-14 16:17:08,3,,,,,,,1
212727893020004,247065418010661,2012,54,61,412,270,1,2,,1,,,,2013-08-12 11:27:28,2014-05-14 16:17:08,3,,,,,,,1
212727897020004,247065418010661,2012,54,61,412,315,3,2,,1,,,,2013-08-12 11:27:28,2014-05-14 16:17:08,3,,,,,,,1
212727895020004,247065418010661,2012,54,61,412,360,2,2,,1,,,,2013-08-12 11:27:28,2014-05-14 16:17:08,3,,,,,,,1
212727058020004,247065400010661,2012,54,67,642,45,4,2,,1,0.0,0.5,,2013-08-12 11:27:27,2014-05-14 16:17:08,3,1,,1,,,,1
212727052020004,247065400010661,2012,54,67,642,90,1,2,,1,0.2,1.3,,2013-08-12 11:27:27,2014-05-14 16:17:08,3,1,,1,,,,1
212727056020004,247065400010661,2012,54,67,642,135,3,2,,1,0.2,0.1,,2013-08-12 11:27:27,2014-05-14 16:17:08,3,1,,1,,,,1
212727054020004,247065400010661,2012,54,67,642,180,2,2,,2,,,,2013-08-12 11:27:27,2014-05-14 16:17:08,3,,,,,,,1
212727059020004,247065400010661,2012,54,67,642,225,4,2,,1,0.0,0.4,,2013-08-12 11:27:27,2014-05-14 16:17:08,3,1,,1,,,,1
212727053020004,247065400010661,2012,54,67,642,270,1,2,,2,,,,2013-08-12 11:27:27,2014-05-14 16:17:08,3,,,,,,,1
212727057020004,247065400010661,2012,54,67,642,315,3,2,,1,0.2,0.1,,2013-08-12 11:27:27,2014-05-14 16:17:08,3,1,,1,,,,1
212727055020004,247065400010661,2012,54,67,642,360,2,2,,2,,,,2013-08-12 11:27:27,2014-05-14 16:17:08,3,,,,,,,1
212719960020004,247065222010661,2012,54,67,2069,45,4,2,,1,,,,2013-08-12 11:27:26,2014-05-14 16:17:08,3,,,,,,,1
212719954020004,247065222010661,2012,54,67,2069,90,1,2,,1,,,,2013-08-12 11:27:26,2014-05-14 16:17:08,3,,,,,,,1
212719958020004,247065222010661,2012,54,67,2069,135,3,2,,1,,,,2013-08-12 11:27:26,2014-05-14 16:17:08,3,,,,,,,1
212719956020004,247065222010661,2012,54,67,2069,180,2,2,,1,,,,2013-08-12 11:27:26,2014-05-14 16:17:08,3,,,,,,,1
212719961020004,247065222010661,2012,54,67,2069,225,4,2,,1,,,,2013-08-12 11:27:26,2014-05-14 16:17:08,3,,,,,,,1
212719955020004,247065222010661,2012,54,67,2069,270,1,2,,1,,,,2013-08-12 11:27:26,2014-05-14 16:17:08,3,,,,,,,1
212719959020004,247065222010661,2012,54,67,2069,315,3,2,,1,,,,2013-08-12 11:27:26,2014-05-14 16:17:08,3,,,,,,,1
212719957020004,247065222010661,2012,54,67,2069,360,2,2,,1,,,,2013-08-12 11:27:26,2014-05-14 16:17:08,3,,,,,,,1
212729310020004,247065448010661,2012,54,67,2125,45,4,2,,1,,,,2013-07-22 09:41:51,2014-05-14 16:17:09,3,,,,,,,1
212729304020004,247065448010661,2012,54,67,2125,90,1,2,,1,,,,2013-07-22 09:41:51,2014-05-14 16:17:09,3,,,,,,,1
212729308020004,247065448010661,2012,54,67,2125,135,3,2,,1,,,,2013-07-22 09:41:51,2014-05-14 16:17:09,3,,,,,,,1
212729306020004,247065448010661,2012,54,67,2125,180,2,2,,1,,,,2013-07-22 09:41:51,2014-05-14 16:17:09,3,,,,,,,1
212729311020004,247065448010661,2012,54,67,2125,225,4,2,,1,,,,2013-07-22 09:41:51,2014-05-14 16:17:09,3,,,,,,,1
212729305020004,247065448010661,2012,54,67,2125,270,1,2,,1,,,,2013-07-22 09:41:51,2014-05-14 16:17:09,3,,,,,,,1
212729309020004,247065448010661,2012,54,67,2125,315,3,2,,1,,,,2013-07-22 09:41:51,2014-05-14 16:17:09,3,,,,,,,1
212729307020004,247065448010661,2012,54,67,2125,360,2,2,,1,,,,2013-07-22 09:41:51,2014-05-14 16:17:09,3,,,,,,,1
212732266020004,247065525010661,2012,54,67,3068,45,4,2,,1,,,,2013-08-12 11:27:28,2014-05-14 16:17:09,3,,,,,,,1
212732260020004,247065525010661,2012,54,67,3068,90,1,2,,1,,,,2013-08-12 11:27:28,2014-05-14 16:17:09,3,,,,,,,1
212732264020004,247065525010661,2012,54,67,3068,135,3,2,,1,,,,2013-08-12 11:27:28,2014-05-14 16:17:09,3,,,,,,,1
212732262020004,247065525010661,2012,54,67,3068,180,2,2,,1,,,,2013-08-12 11:27:28,2014-05-14 16:17:09,3,,,,,,,1
212732267020004,247065525010661,2012,54,67,3068,225,4,2,,1,,,,2013-08-12 11:27:28,2014-05-14 16:17:09,3,,,,,,,1
212732261020004,247065525010661,2012,54,67,3068,270,1,2,,1,,,,2013-08-12 11:27:28,2014-05-14 16:17:09,3,,,,,,,1
212732265020004,247065525010661,2012,54,67,3068,315,3,2,,1,,,,2013-08-12 11:27:28,2014-05-14 16:17:09,3,,,,,,,1
212732263020004,247065525010661,2012,54,67,3068,360,2,2,,1,,,,2013-08-12 11:27:28,2014-05-14 16:17:09,3,,,,,,,1
212738663020004,247065690010661,2012,54,71,440,45,4,2,,1,0.7,0.9,,2013-08-12 11:27:28,2014-05-14 16:17:09,3,1,,1,,,,1
212738657020004,247065690010661,2012,54,71,440,90,1,2,,1,0.2,1.0,,2013-08-12 11:27:28,2014-05-14 16:17:09,3,2,,2,,,,1
212738661020004,247065690010661,2012,54,71,440,135,3,2,,2,0.5,6.5,,2013-08-12 11:27:28,2014-05-14 16:17:09,3,1,,1,,,,1
212738659020004,247065690010661,2012,54,71,440,180,2,2,,1,0.5,1.0,,2013-08-12 11:27:28,2014-05-14 16:17:09,3,1,,1,,,,1
212738664020004,247065690010661,2012,54,71,440,225,4,2,,1,1.5,0.6,,2013-08-12 11:27:28,2014-05-14 16:17:09,3,1,,1,,,,1
212738658020004,247065690010661,2012,54,71,440,270,1,2,,1,0.9,1.9,,2013-08-12 11:27:28,2014-05-14 16:17:09,3,1,,1,,,,1
212738662020004,247065690010661,2012,54,71,440,315,3,2,,2,0.0,0.3,,2013-08-12 11:27:28,2014-05-14 16:17:09,3,1,,1,,,,1
212738660020004,247065690010661,2012,54,71,440,360,2,2,,1,0.5,0.2,,2013-08-12 11:27:28,2014-05-14 16:17:09,3,1,,1,,,,1
212736672020004,247065634010661,2012,54,71,480,45,4,2,,1,3.7,1.7,,2013-08-12 11:27:28,2014-05-14 16:17:09,3,1,,1,,,,1
212736666020004,247065634010661,2012,54,71,480,90,1,2,,1,2.2,1.1,,2013-08-12 11:27:28,2014-05-14 16:17:09,3,1,,1,,,,1
212736670020004,247065634010661,2012,54,71,480,135,3,2,,1,2.3,2.5,,2013-08-12 11:27:28,2014-05-14 16:17:09,3,1,,1,,,,1
212736668020004,247065634010661,2012,54,71,480,180,2,2,,1,0.8,2.1,,2013-08-12 11:27:28,2014-05-14 16:17:09,3,1,,1,,,,1
212736673020004,247065634010661,2012,54,71,480,225,4,2,,1,1.7,2.9,,2013-08-12 11:27:28,2014-05-14 16:17:09,3,1,,1,,,,1
212736667020004,247065634010661,2012,54,71,480,270,1,2,,1,2.5,1.0,,2013-08-12 11:27:28,2014-05-14 16:17:09,3,1,,1,,,,1
212736671020004,247065634010661,2012,54,71,480,315,3,2,,1,0.8,2.2,,2013-08-12 11:27:28,2014-05-14 16:17:09,3,1,,1,,,,1
212736669020004,247065634010661,2012,54,71,480,360,2,2,,1,4.3,3.6,,2013-08-12 11:27:28,2014-05-14 16:17:09,3,1,,1,,,,1
212737561020004,247065657010661,2012,54,71,525,45,4,2,,1,0.0,0.3,,2013-07-22 09:41:51,2014-05-14 16:17:09,3,1,,1,,,,1
212737555020004,247065657010661,2012,54,71,525,90,1,2,,1,0.2,1.6,,2013-07-22 09:41:51,2014-05-14 16:17:09,3,1,,1,,,,1
212737559020004,247065657010661,2012,54,71,525,135,3,2,,1,4.0,1.8,,2013-07-22 09:41:51,2014-05-14 16:17:09,3,1,,1,,,,1
212737557020004,247065657010661,2012,54,71,525,180,2,2,,1,0.7,0.8,,2013-07-22 09:41:51,2014-05-14 16:17:09,3,1,,1,,,,1
212737562020004,247065657010661,2012,54,71,525,225,4,2,,1,1.6,1.4,,2013-07-22 09:41:51,2014-05-14 16:17:09,3,1,,1,,,,1
212737556020004,247065657010661,2012,54,71,525,270,1,2,,1,1.8,1.8,,2013-07-22 09:41:51,2014-05-14 16:17:09,3,1,,1,,,,1
212737560020004,247065657010661,2012,54,71,525,315,3,2,,1,0.0,0.8,,2013-07-22 09:41:51,2014-05-14 16:17:09,3,1,,1,,,,1
212737558020004,247065657010661,2012,54,71,525,360,2,2,,1,3.2,1.6,,2013-07-22 09:41:51,2014-05-14 16:17:09,3,1,,1,,,,1
212735618020004,247065608010661,2012,54,75,1943,45,4,2,,1,,,,2013-07-22 09:41:51,2014-05-14 16:17:09,3,,,,,,,1
212735612020004,247065608010661,2012,54,75,1943,90,1,2,,1,,,,2013-07-22 09:41:51,2014-05-14 16:17:09,3,,,,,,,1
212735616020004,247065608010661,2012,54,75,1943,135,3,2,,1,,,,2013-07-22 09:41:51,2014-05-14 16:17:09,3,,,,,,,1
212735614020004,247065608010661,2012,54,75,1943,180,2,2,,1,,,,2013-07-22 09:41:51,2014-05-14 16:17:09,3,,,,,,,1
212735619020004,247065608010661,2012,54,75,1943,225,4,2,,1,,,,2013-07-22 09:41:51,2014-05-14 16:17:09,3,,,,,,,1
212735613020004,247065608010661,2012,54,75,1943,270,1,2,,1,,,,2013-07-22 09:41:51,2014-05-14 16:17:09,3,,,,,,,1
212735617020004,247065608010661,2012,54,75,1943,315,3,2,,1,,,,2013-07-22 09:41:51,2014-05-14 16:17:09,3,,,,,,,1
212735615020004,247065608010661,2012,54,75,1943,360,2,2,,1,,,,2013-07-22 09:41:51,2014-05-14 16:17:09,3,,,,,,,1
212736246020004,247065624010661,2012,54,75,2500,45,4,2,,1,7.2,2.0,,2013-07-22 09:41:51,2014-05-14 16:17:09,3,1,,1,,,,1
212736240020004,247065624010661,2012,54,75,2500,90,1,2,,1,12.0,1.0,,2013-07-22 09:41:51,2014-05-14 16:17:09,3,1,,1,,,,1
212736244020004,247065624010661,2012,54,75,2500,135,3,2,,1,9.0,1.1,,2013-07-22 09:41:51,2014-05-14 16:17:09,3,1,,1,,,,1
212736242020004,247065624010661,2012,54,75,2500,180,2,2,,1,6.0,1.0,,2013-07-22 09:41:51,2014-05-14 16:17:09,3,1,,1,,,,1
212736247020004,247065624010661,2012,54,75,2500,225,4,2,,1,5.0,1.2,,2013-07-22 09:41:51,2014-05-14 16:17:09,3,1,,1,,,,1
212736241020004,247065624010661,2012,54,75,2500,270,1,2,,1,1.5,1.0,,2013-07-22 09:41:51,2014-05-14 16:17:09,3,1,,1,,,,1
212736245020004,247065624010661,2012,54,75,2500,315,3,2,,1,11.0,1.2,,2013-07-22 09:41:51,2014-05-14 16:17:09,3,1,,1,,,,1
212736243020004,247065624010661,2012,54,75,2500,360,2,2,,1,8.0,0.8,,2013-07-22 09:41:51,2014-05-14 16:17:09,3,1,,1,,,,1
212721835020004,247065268010661,2012,54,79,879,45,4,2,,1,0.1,1.0,,2013-07-22 09:41:50,2014-05-14 16:17:08,3,1,,1,,,,1
212721829020004,247065268010661,2012,54,79,879,90,1,2,,1,0.0,1.2,,2013-07-22 09:41:50,2014-05-14 16:17:08,3,1,,1,,,,1
212721833020004,247065268010661,2012,54,79,879,135,3,2,,1,0.1,0.7,,2013-07-22 09:41:50,2014-05-14 16:17:08,3,1,,1,,,,1
212721831020004,247065268010661,2012,54,79,879,180,2,2,,1,0.1,1.8,,2013-07-22 09:41:50,2014-05-14 16:17:08,3,1,,1,,,,1
212721836020004,247065268010661,2012,54,79,879,225,4,2,,1,0.1,0.7,,2013-07-22 09:41:50,2014-05-14 16:17:08,3,1,,1,,,,1
212721830020004,247065268010661,2012,54,79,879,270,1,2,,1,0.7,1.0,,2013-07-22 09:41:50,2014-05-14 16:17:08,3,1,,1,,,,1
212721834020004,247065268010661,2012,54,79,879,315,3,2,,1,0.7,1.1,,2013-07-22 09:41:50,2014-05-14 16:17:08,3,1,,1,,,,1
212721832020004,247065268010661,2012,54,79,879,360,2,2,,1,0.2,1.0,,2013-07-22 09:41:50,2014-05-14 16:17:08,3,1,,1,,,,1
212727469020004,247065409010661,2012,54,81,128,45,4,2,,1,,,,2013-08-12 11:27:27,2014-05-14 16:17:08,3,,,,,,,1
212727463020004,247065409010661,2012,54,81,128,90,1,2,,1,,,,2013-08-12 11:27:27,2014-05-14 16:17:08,3,,,,,,,1
212727467020004,247065409010661,2012,54,81,128,135,3,2,,1,,,,2013-08-12 11:27:27,2014-05-14 16:17:08,3,,,,,,,1
212727465020004,247065409010661,2012,54,81,128,180,2,2,,1,,,,2013-08-12 11:27:27,2014-05-14 16:17:08,3,,,,,,,1
212727470020004,247065409010661,2012,54,81,128,225,4,2,,1,,,,2013-08-12 11:27:27,2014-05-14 16:17:08,3,,,,,,,1
212727464020004,247065409010661,2012,54,81,128,270,1,2,,1,,,,2013-08-12 11:27:27,2014-05-14 16:17:08,3,,,,,,,1
212727468020004,247065409010661,2012,54,81,128,315,3,2,,1,,,,2013-08-12 11:27:27,2014-05-14 16:17:08,3,,,,,,,1
212727466020004,247065409010661,2012,54,81,128,360,2,2,,1,,,,2013-08-12 11:27:27,2014-05-14 16:17:08,3,,,,,,,1
212730766020004,247065490010661,2012,54,81,769,45,4,2,,1,,,,2013-08-12 11:27:28,2014-05-14 16:17:09,3,,,,,,,1
212730760020004,247065490010661,2012,54,81,769,90,1,2,,1,,,,2013-08-12 11:27:28,2014-05-14 16:17:09,3,,,,,,,1
212730764020004,247065490010661,2012,54,81,769,135,3,2,,1,,,,2013-08-12 11:27:28,2014-05-14 16:17:09,3,,,,,,,1
212730762020004,247065490010661,2012,54,81,769,180,2,2,,1,,,,2013-08-12 11:27:28,2014-05-14 16:17:09,3,,,,,,,1
212730767020004,247065490010661,2012,54,81,769,225,4,2,,1,,,,2013-08-12 11:27:28,2014-05-14 16:17:09,3,,,,,,,1
212730761020004,247065490010661,2012,54,81,769,270,1,2,,1,,,,2013-08-12 11:27:28,2014-05-14 16:17:09,3,,,,,,,1
212730765020004,247065490010661,2012,54,81,769,315,3,2,,1,,,,2013-08-12 11:27:28,2014-05-14 16:17:09,3,,,,,,,1
212730763020004,247065490010661,2012,54,81,769,360,2,2,,1,,,,2013-08-12 11:27:28,2014-05-14 16:17:09,3,,,,,,,1
212733506020004,247065552010661,2012,54,83,112,45,4,2,,2,,,,2013-07-22 09:41:51,2014-05-14 16:17:09,3,,,,,,,1
212733500020004,247065552010661,2012,54,83,112,90,1,2,,1,0.0,0.2,,2013-07-22 09:41:51,2014-05-14 16:17:09,3,1,,1,,,,1
212733504020004,247065552010661,2012,54,83,112,135,3,2,,1,0.5,1.0,,2013-07-22 09:41:51,2014-05-14 16:17:09,3,1,,1,,,,1
212733502020004,247065552010661,2012,54,83,112,180,2,2,,1,1.0,2.0,,2013-07-22 09:41:51,2014-05-14 16:17:09,3,1,,1,,,,1
212733507020004,247065552010661,2012,54,83,112,225,4,2,,2,,,,2013-07-22 09:41:51,2014-05-14 16:17:09,3,,,,,,,1
212733501020004,247065552010661,2012,54,83,112,270,1,2,,1,0.1,0.2,,2013-07-22 09:41:51,2014-05-14 16:17:09,3,1,,1,,,,1
212733505020004,247065552010661,2012,54,83,112,315,3,2,,1,0.0,0.9,,2013-07-22 09:41:51,2014-05-14 16:17:09,3,1,,1,,,,1
212733503020004,247065552010661,2012,54,83,112,360,2,2,,1,1.9,1.6,,2013-07-22 09:41:51,2014-05-14 16:17:09,3,1,,1,,,,1
212724151020004,247065329010661,2012,54,85,240,45,4,2,,1,,,,2013-07-22 09:41:50,2014-05-14 16:17:08,3,,,,,,,1
212724145020004,247065329010661,2012,54,85,240,90,1,2,,1,,,,2013-07-22 09:41:50,2014-05-14 16:17:08,3,,,,,,,1
212724149020004,247065329010661,2012,54,85,240,135,3,2,,1,,,,2013-07-22 09:41:50,2014-05-14 16:17:08,3,,,,,,,1
212724147020004,247065329010661,2012,54,85,240,180,2,2,,1,,,,2013-07-22 09:41:50,2014-05-14 16:17:08,3,,,,,,,1
212724152020004,247065329010661,2012,54,85,240,225,4,2,,1,,,,2013-07-22 09:41:50,2014-05-14 16:17:08,3,,,,,,,1
212724146020004,247065329010661,2012,54,85,240,270,1,2,,1,,,,2013-07-22 09:41:50,2014-05-14 16:17:08,3,,,,,,,1
212724150020004,247065329010661,2012,54,85,240,315,3,2,,1,,,,2013-07-22 09:41:50,2014-05-14 16:17:08,3,,,,,,,1
212724148020004,247065329010661,2012,54,85,240,360,2,2,,1,,,,2013-07-22 09:41:50,2014-05-14 16:17:08,3,,,,,,,1
212724662020004,247065340010661,2012,54,87,275,45,4,2,,1,0.0,1.0,,2013-07-22 09:41:50,2014-05-14 16:17:08,3,1,,1,,,,1
212724656020004,247065340010661,2012,54,87,275,90,1,2,,1,0.0,0.7,,2013-07-22 09:41:50,2014-05-14 16:17:08,3,1,,1,,,,1
212724660020004,247065340010661,2012,54,87,275,135,3,2,,1,0.0,0.7,,2013-07-22 09:41:50,2014-05-14 16:17:08,3,1,,1,,,,1
212724658020004,247065340010661,2012,54,87,275,180,2,2,,1,0.1,1.7,,2013-07-22 09:41:50,2014-05-14 16:17:08,3,1,,1,,,,1
212724663020004,247065340010661,2012,54,87,275,225,4,2,,1,0.0,0.0,,2013-07-22 09:41:50,2014-05-14 16:17:08,3,1,,1,,,,1
212724657020004,247065340010661,2012,54,87,275,270,1,2,,1,0.1,2.0,,2013-07-22 09:41:50,2014-05-14 16:17:08,3,1,,1,,,,1
212724661020004,247065340010661,2012,54,87,275,315,3,2,,1,0.0,0.3,,2013-07-22 09:41:50,2014-05-14 16:17:08,3,1,,1,,,,1
212724659020004,247065340010661,2012,54,87,275,360,2,2,,1,0.1,1.0,,2013-07-22 09:41:50,2014-05-14 16:17:08,3,1,,1,,,,1
212730830020004,247065491010661,2012,54,89,2204,45,4,2,,1,,,,2013-07-22 09:41:51,2014-05-14 16:17:09,3,,,,,,,1
212730824020004,247065491010661,2012,54,89,2204,90,1,2,,1,,,,2013-07-22 09:41:51,2014-05-14 16:17:09,3,,,,,,,1
212730828020004,247065491010661,2012,54,89,2204,135,3,2,,1,,,,2013-07-22 09:41:51,2014-05-14 16:17:09,3,,,,,,,1
212730826020004,247065491010661,2012,54,89,2204,180,2,2,,1,,,,2013-07-22 09:41:51,2014-05-14 16:17:09,3,,,,,,,1
212730831020004,247065491010661,2012,54,89,2204,225,4,2,,1,,,,2013-07-22 09:41:51,2014-05-14 16:17:09,3,,,,,,,1
212730825020004,247065491010661,2012,54,89,2204,270,1,2,,1,,,,2013-07-22 09:41:51,2014-05-14 16:17:09,3,,,,,,,1
212730829020004,247065491010661,2012,54,89,2204,315,3,2,,1,,,,2013-07-22 09:41:51,2014-05-14 16:17:09,3,,,,,,,1
212730827020004,247065491010661,2012,54,89,2204,360,2,2,,1,,,,2013-07-22 09:41:51,2014-05-14 16:17:09,3,,,,,,,1
212733093020004,247065539010661,2012,54,91,1952,45,4,2,,1,2.9,2.9,,2013-07-22 09:41:51,2014-05-14 16:17:09,3,1,,1,,,,1
212733087020004,247065539010661,2012,54,91,1952,90,1,2,,1,3.2,2.0,,2013-07-22 09:41:51,2014-05-14 16:17:09,3,1,,1,,,,1
212733091020004,247065539010661,2012,54,91,1952,135,3,2,,1,0.0,0.0,,2013-07-22 09:41:51,2014-05-14 16:17:09,3,1,,1,,,,1
212733089020004,247065539010661,2012,54,91,1952,180,2,2,,1,0.2,0.9,,2013-07-22 09:41:51,2014-05-14 16:17:09,3,1,,1,,,,1
212733094020004,247065539010661,2012,54,91,1952,225,4,2,,1,0.9,0.7,,2013-07-22 09:41:51,2014-05-14 16:17:09,3,1,,1,,,,1
212733088020004,247065539010661,2012,54,91,1952,270,1,2,,1,1.4,1.3,,2013-07-22 09:41:51,2014-05-14 16:17:09,3,1,,1,,,,1
212733092020004,247065539010661,2012,54,91,1952,315,3,2,,1,0.0,1.6,,2013-07-22 09:41:51,2014-05-14 16:17:09,3,1,,1,,,,1
212733090020004,247065539010661,2012,54,91,1952,360,2,2,,1,0.0,1.6,,2013-07-22 09:41:51,2014-05-14 16:17:09,3,1,,1,,,,1
212735937020004,247065618010661,2012,54,93,857,45,4,2,,1,11.0,2.0,,2013-07-22 09:41:51,2014-05-14 16:17:09,3,1,,1,,,,1
212735931020004,247065618010661,2012,54,93,857,90,1,2,,1,2.3,1.4,,2013-07-22 09:41:51,2014-05-14 16:17:09,3,1,,1,,,,1
212735935020004,247065618010661,2012,54,93,857,135,3,2,,1,2.1,1.0,,2013-07-22 09:41:51,2014-05-14 16:17:09,3,1,,1,,,,1
212735933020004,247065618010661,2012,54,93,857,180,2,2,,1,7.0,2.8,,2013-07-22 09:41:51,2014-05-14 16:17:09,3,1,,1,,,,1
212735938020004,247065618010661,2012,54,93,857,225,4,2,,1,1.7,1.5,,2013-07-22 09:41:51,2014-05-14 16:17:09,3,1,,1,,,,1
212735932020004,247065618010661,2012,54,93,857,270,1,2,,1,8.0,4.0,,2013-07-22 09:41:51,2014-05-14 16:17:09,3,1,,1,,,,1
212735936020004,247065618010661,2012,54,93,857,315,3,2,,1,1.1,1.5,,2013-07-22 09:41:51,2014-05-14 16:17:09,3,1,,1,,,,1
212735934020004,247065618010661,2012,54,93,857,360,2,2,,1,6.2,2.9,,2013-07-22 09:41:51,2014-05-14 16:17:09,3,1,,1,,,,1
212731136020004,247065501010661,2012,54,97,2408,45,4,2,,2,0.0,0.0,,2013-07-22 09:41:51,2014-05-14 16:17:09,3,1,,1,,,,1
212731130020004,247065501010661,2012,54,97,2408,90,1,2,,1,,,,2013-07-22 09:41:51,2014-05-14 16:17:09,3,,,,,,,1
212731134020004,247065501010661,2012,54,97,2408,135,3,2,,2,0.0,1.6,,2013-07-22 09:41:51,2014-05-14 16:17:09,3,1,,1,,,,1
212731132020004,247065501010661,2012,54,97,2408,180,2,2,,1,,,,2013-07-22 09:41:51,2014-05-14 16:17:09,3,,,,,,,1
212731137020004,247065501010661,2012,54,97,2408,225,4,2,,2,2.2,1.7,,2013-07-22 09:41:51,2014-05-14 16:17:09,3,1,,1,,,,1
212731131020004,247065501010661,2012,54,97,2408,270,1,2,,1,,,,2013-07-22 09:41:51,2014-05-14 16:17:09,3,,,,,,,1
212731135020004,247065501010661,2012,54,97,2408,315,3,2,,2,0.0,0.3,,2013-07-22 09:41:51,2014-05-14 16:17:09,3,1,,1,,,,1
212731133020004,247065501010661,2012,54,97,2408,360,2,2,,1,,,,2013-07-22 09:41:51,2014-05-14 16:17:09,3,,,,,,,1
212722350020004,247065281010661,2012,54,99,673,45,4,2,,1,,,,2013-08-12 11:27:27,2014-05-14 16:17:08,3,,,,,,,1
212722344020004,247065281010661,2012,54,99,673,90,1,2,,1,,,,2013-08-12 11:27:27,2014-05-14 16:17:08,3,,,,,,,1
212722348020004,247065281010661,2012,54,99,673,135,3,2,,1,,,,2013-08-12 11:27:27,2014-05-14 16:17:08,3,,,,,,,1
212722346020004,247065281010661,2012,54,99,673,180,2,2,,1,,,,2013-08-12 11:27:27,2014-05-14 16:17:08,3,,,,,,,1
212722351020004,247065281010661,2012,54,99,673,225,4,2,,1,,,,2013-08-12 11:27:27,2014-05-14 16:17:08,3,,,,,,,1
212722345020004,247065281010661,2012,54,99,673,270,1,2,,1,,,,2013-08-12 11:27:27,2014-05-14 16:17:08,3,,,,,,,1
212722349020004,247065281010661,2012,54,99,673,315,3,2,,1,,,,2013-08-12 11:27:27,2014-05-14 16:17:08,3,,,,,,,1
212722347020004,247065281010661,2012,54,99,673,360,2,2,,1,,,,2013-08-12 11:27:27,2014-05-14 16:17:08,3,,,,,,,1
212720352020004,247065235010661,2012,54,99,1250,45,4,2,,1,0.1,1.2,,2013-08-12 11:27:27,2014-05-14 16:17:08,3,1,,1,,,,1
212720346020004,247065235010661,2012,54,99,1250,90,1,2,,1,0.1,1.8,,2013-08-12 11:27:27,2014-05-14 16:17:08,3,1,,1,,,,1
212720350020004,247065235010661,2012,54,99,1250,135,3,2,,1,0.2,0.7,,2013-08-12 11:27:27,2014-05-14 16:17:08,3,1,,1,,,,1
212720348020004,247065235010661,2012,54,99,1250,180,2,2,,1,0.2,1.7,,2013-08-12 11:27:27,2014-05-14 16:17:08,3,1,,1,,,,1
212720353020004,247065235010661,2012,54,99,1250,225,4,2,,1,0.1,0.4,,2013-08-12 11:27:27,2014-05-14 16:17:08,3,1,,1,,,,1
212720347020004,247065235010661,2012,54,99,1250,270,1,2,,1,0.0,0.8,,2013-08-12 11:27:27,2014-05-14 16:17:08,3,1,,1,,,,1
212720351020004,247065235010661,2012,54,99,1250,315,3,2,,1,0.3,0.8,,2013-08-12 11:27:27,2014-05-14 16:17:08,3,1,,1,,,,1
212720349020004,247065235010661,2012,54,99,1250,360,2,2,,1,0.7,1.2,,2013-08-12 11:27:27,2014-05-14 16:17:08,3,1,,1,,,,1
212720149020004,247065232010661,2012,54,99,1644,45,4,2,,1,,,,2013-08-12 11:27:27,2014-05-14 16:17:08,3,,,,,,,1
212720143020004,247065232010661,2012,54,99,1644,90,1,2,,1,,,,2013-08-12 11:27:27,2014-05-14 16:17:08,3,,,,,,,1
212720147020004,247065232010661,2012,54,99,1644,135,3,2,,1,,,,2013-08-12 11:27:27,2014-05-14 16:17:08,3,,,,,,,1
212720145020004,247065232010661,2012,54,99,1644,180,2,2,,1,,,,2013-08-12 11:27:27,2014-05-14 16:17:08,3,,,,,,,1
212720150020004,247065232010661,2012,54,99,1644,225,4,2,,1,,,,2013-08-12 11:27:27,2014-05-14 16:17:08,3,,,,,,,1
212720144020004,247065232010661,2012,54,99,1644,270,1,2,,1,,,,2013-08-12 11:27:27,2014-05-14 16:17:08,3,,,,,,,1
212720148020004,247065232010661,2012,54,99,1644,315,3,2,,1,,,,2013-08-12 11:27:27,2014-05-14 16:17:08,3,,,,,,,1
212720146020004,247065232010661,2012,54,99,1644,360,2,2,,1,,,,2013-08-12 11:27:27,2014-05-14 16:17:08,3,,,,,,,1
212731751020004,247065514010661,2012,54,101,696,45,4,2,,2,,,,2013-07-22 09:41:51,2014-05-14 16:17:09,3,,,,,,,1
212731745020004,247065514010661,2012,54,101,696,90,1,2,,1,0.4,0.1,,2013-07-22 09:41:51,2014-05-14 16:17:09,3,1,,1,,,,1
212731749020004,247065514010661,2012,54,101,696,135,3,2,,1,5.0,6.5,,2013-07-22 09:41:51,2014-05-14 16:17:09,3,1,,1,,,,1
212731747020004,247065514010661,2012,54,101,696,180,2,2,,1,1.7,9.5,,2013-07-22 09:41:51,2014-05-14 16:17:09,3,1,,1,,,,1
212731752020004,247065514010661,2012,54,101,696,225,4,2,,2,,,,2013-07-22 09:41:51,2014-05-14 16:17:09,3,,,,,,,1
212731746020004,247065514010661,2012,54,101,696,270,1,2,,1,0.9,0.1,,2013-07-22 09:41:51,2014-05-14 16:17:09,3,1,,1,,,,1
212731750020004,247065514010661,2012,54,101,696,315,3,2,,1,0.4,1.0,,2013-07-22 09:41:51,2014-05-14 16:17:09,3,1,,1,,,,1
212731748020004,247065514010661,2012,54,101,696,360,2,2,,1,2.1,4.0,,2013-07-22 09:41:51,2014-05-14 16:17:09,3,1,,1,,,,1
212719745020004,247065218010661,2012,54,109,250,45,4,2,,1,3.5,0.6,,2013-07-22 09:41:50,2014-05-14 16:17:08,3,1,,1,,,,1
212719739020004,247065218010661,2012,54,109,250,90,1,2,,1,1.2,0.3,,2013-07-22 09:41:50,2014-05-14 16:17:08,3,1,,1,,,,1
212719743020004,247065218010661,2012,54,109,250,135,3,2,,1,0.3,1.0,,2013-07-22 09:41:50,2014-05-14 16:17:08,3,1,,1,,,,1
212719741020004,247065218010661,2012,54,109,250,180,2,2,,1,0.1,0.6,,2013-07-22 09:41:50,2014-05-14 16:17:08,3,1,,1,,,,1
212719746020004,247065218010661,2012,54,109,250,225,4,2,,1,0.0,0.0,,2013-07-22 09:41:50,2014-05-14 16:17:08,3,1,,1,,,,1
212719740020004,247065218010661,2012,54,109,250,270,1,2,,1,2.2,1.0,,2013-07-22 09:41:50,2014-05-14 16:17:08,3,1,,1,,,,1
212719744020004,247065218010661,2012,54,109,250,315,3,2,,1,0.0,0.5,,2013-07-22 09:41:50,2014-05-14 16:17:08,3,1,,1,,,,1
212719742020004,247065218010661,2012,54,109,250,360,2,2,,1,0.0,0.5,,2013-07-22 09:41:50,2014-05-14 16:17:08,3,1,,1,,,,1
212726213020004,247065383010661,2012,54,109,379,45,4,2,,1,1.0,0.4,,2013-07-22 09:41:51,2014-05-14 16:17:08,3,1,,1,,,,1
212726207020004,247065383010661,2012,54,109,379,90,1,2,,2,0.2,1.2,,2013-07-22 09:41:51,2014-05-14 16:17:08,3,1,,1,,,,1
212726211020004,247065383010661,2012,54,109,379,135,3,2,,2,0.2,0.5,,2013-07-22 09:41:51,2014-05-14 16:17:08,3,1,,1,,,,1
212726209020004,247065383010661,2012,54,109,379,180,2,2,,1,0.0,0.3,,2013-07-22 09:41:51,2014-05-14 16:17:08,3,1,,1,,,,1
212726214020004,247065383010661,2012,54,109,379,225,4,2,,1,0.2,0.7,,2013-07-22 09:41:51,2014-05-14 16:17:08,3,1,,1,,,,1
212726208020004,247065383010661,2012,54,109,379,270,1,2,,1,0.1,1.5,,2013-07-22 09:41:51,2014-05-14 16:17:08,3,1,,1,,,,1
212726212020004,247065383010661,2012,54,109,379,315,3,2,,2,1.0,0.6,,2013-07-22 09:41:51,2014-05-14 16:17:08,3,1,,1,,,,1
212726210020004,247065383010661,2012,54,109,379,360,2,2,,1,1.0,1.6,,2013-07-22 09:41:51,2014-05-14 16:17:08,3,1,,1,,,,1
212727673020004,247065414010661,2012,54,109,1857,45,4,2,,1,0.5,1.6,,2013-08-12 11:27:28,2014-05-14 16:17:08,3,1,,1,,,,1
212727667020004,247065414010661,2012,54,109,1857,90,1,2,,1,0.0,0.0,,2013-08-12 11:27:28,2014-05-14 16:17:08,3,1,,1,,,,1
212727671020004,247065414010661,2012,54,109,1857,135,3,2,,2,,,,2013-08-12 11:27:28,2014-05-14 16:17:08,3,,,,,,,1
212727669020004,247065414010661,2012,54,109,1857,180,2,2,,1,0.1,2.5,,2013-08-12 11:27:28,2014-05-14 16:17:08,3,1,,1,,,,1
212727674020004,247065414010661,2012,54,109,1857,225,4,2,,1,0.8,2.5,,2013-08-12 11:27:28,2014-05-14 16:17:08,3,1,,1,,,,1
212727668020004,247065414010661,2012,54,109,1857,270,1,2,,1,0.1,5.1,,2013-08-12 11:27:28,2014-05-14 16:17:08,3,1,,1,,,,1
212727672020004,247065414010661,2012,54,109,1857,315,3,2,,2,,,,2013-08-12 11:27:28,2014-05-14 16:17:08,3,,,,,,,1
212727670020004,247065414010661,2012,54,109,1857,360,2,2,,1,0.1,1.2,,2013-08-12 11:27:28,2014-05-14 16:17:08,3,1,,1,,,,1
273350174489998,29637198020004,2013,54,1,2226,45,4,2,,1,0.1,1.0,,2014-08-01 12:24:20,,3,1,,1,,,,1
273350168489998,29637198020004,2013,54,1,2226,90,1,2,,1,0.0,0.4,,2014-08-01 12:24:20,,3,2,,2,,,,1
273350172489998,29637198020004,2013,54,1,2226,135,3,2,,1,0.0,0.5,,2014-08-01 12:24:20,,3,1,,1,,,,1
273350170489998,29637198020004,2013,54,1,2226,180,2,2,,1,0.2,0.2,,2014-08-01 12:24:20,,3,1,,1,,,,1
273350175489998,29637198020004,2013,54,1,2226,225,4,2,,1,0.5,0.9,,2014-08-01 12:24:20,,3,1,,1,,,,1
273350169489998,29637198020004,2013,54,1,2226,270,1,2,,1,0.7,0.2,,2014-08-01 12:24:20,,3,1,,1,,,,1
273350173489998,29637198020004,2013,54,1,2226,315,3,2,,1,0.8,0.7,,2014-08-01 12:24:20,,3,1,,1,,,,1
273350171489998,29637198020004,2013,54,1,2226,360,2,2,,1,0.5,1.3,,2014-08-01 12:24:20,,3,1,,1,,,,1
273352899489998,29637260020004,2013,54,5,421,45,4,2,,1,0.1,1.5,,2014-08-01 12:24:20,,3,1,,1,,,,1
273352893489998,29637260020004,2013,54,5,421,90,1,2,,1,0.0,0.0,,2014-08-01 12:24:20,,3,1,,1,,,,1
273352897489998,29637260020004,2013,54,5,421,135,3,2,,1,0.0,0.3,,2014-08-01 12:24:20,,3,1,,1,,,,1
273352895489998,29637260020004,2013,54,5,421,180,2,2,,1,0.1,1.2,,2014-08-01 12:24:20,,3,1,,1,,,,1
273352900489998,29637260020004,2013,54,5,421,225,4,2,,1,0.1,1.7,,2014-08-01 12:24:20,,3,1,,1,,,,1
273352894489998,29637260020004,2013,54,5,421,270,1,2,,1,0.1,0.7,,2014-08-01 12:24:20,,3,1,,1,,,,1
273352898489998,29637260020004,2013,54,5,421,315,3,2,,1,0.0,0.2,,2014-08-01 12:24:20,,3,1,,1,,,,1
273352896489998,29637260020004,2013,54,5,421,360,2,2,,1,0.1,1.4,,2014-08-01 12:24:20,,3,1,,1,,,,1
273351706489998,29637241020004,2013,54,5,2111,45,4,2,,1,1.7,0.9,,2014-08-01 12:24:20,,3,1,,1,,,,1
273351700489998,29637241020004,2013,54,5,2111,90,1,2,,1,0.3,0.1,,2014-08-01 12:24:20,,3,1,,1,,,,1
273351704489998,29637241020004,2013,54,5,2111,135,3,2,,2,0.6,2.4,,2014-08-01 12:24:20,,3,1,,1,,,,1
273351702489998,29637241020004,2013,54,5,2111,180,2,2,,1,0.0,0.1,,2014-08-01 12:24:20,,3,1,,1,,,,1
273351707489998,29637241020004,2013,54,5,2111,225,4,2,,1,0.3,1.8,,2014-08-01 12:24:20,,3,1,,1,,,,1
273351701489998,29637241020004,2013,54,5,2111,270,1,2,,1,2.0,1.0,,2014-08-01 12:24:20,,3,1,,1,,,,1
273351705489998,29637241020004,2013,54,5,2111,315,3,2,,2,4.0,4.0,,2014-08-01 12:24:20,,3,1,,1,,,,1
273351703489998,29637241020004,2013,54,5,2111,360,2,2,,1,,,,2014-08-01 12:24:20,,3,,10,,10,,,0
273365371489998,29637536020004,2013,54,7,1131,45,4,2,,1,0.1,1.1,,2014-08-01 12:24:21,,3,1,,1,,,,1
273365365489998,29637536020004,2013,54,7,1131,90,1,2,,1,0.7,0.4,,2014-08-01 12:24:21,,3,1,,1,,,,1
273365369489998,29637536020004,2013,54,7,1131,135,3,2,,1,0.1,2.1,,2014-08-01 12:24:21,,3,1,,1,,,,1
273365367489998,29637536020004,2013,54,7,1131,180,2,2,,1,0.0,0.3,,2014-08-01 12:24:21,,3,1,,1,,,,1
273365372489998,29637536020004,2013,54,7,1131,225,4,2,,1,0.1,1.5,,2014-08-01 12:24:21,,3,1,,1,,,,1
273365366489998,29637536020004,2013,54,7,1131,270,1,2,,1,0.1,0.1,,2014-08-01 12:24:21,,3,1,,1,,,,1
273365370489998,29637536020004,2013,54,7,1131,315,3,2,,1,0.1,0.8,,2014-08-01 12:24:21,,3,1,,1,,,,1
273365368489998,29637536020004,2013,54,7,1131,360,2,2,,1,0.1,0.6,,2014-08-01 12:24:21,,3,1,,1,,,,1
273365505489998,29637539020004,2013,54,7,1147,45,4,2,,1,,,,2014-08-01 12:24:21,,3,,,,,,,1
273365499489998,29637539020004,2013,54,7,1147,90,1,2,,1,,,,2014-08-01 12:24:21,,3,,,,,,,1
273365503489998,29637539020004,2013,54,7,1147,135,3,2,,1,,,,2014-08-01 12:24:21,,3,,,,,,,1
273365501489998,29637539020004,2013,54,7,1147,180,2,2,,1,,,,2014-08-01 12:24:21,,3,,,,,,,1
273365506489998,29637539020004,2013,54,7,1147,225,4,2,,1,,,,2014-08-01 12:24:21,,3,,,,,,,1
273365500489998,29637539020004,2013,54,7,1147,270,1,2,,1,,,,2014-08-01 12:24:21,,3,,,,,,,1
273365504489998,29637539020004,2013,54,7,1147,315,3,2,,1,,,,2014-08-01 12:24:21,,3,,,,,,,1
273365502489998,29637539020004,2013,54,7,1147,360,2,2,,1,,,,2014-08-01 12:24:21,,3,,,,,,,1
273365221489998,29637533020004,2013,54,7,1587,45,4,2,,1,0.0,1.2,,2014-08-01 12:24:21,,3,1,,1,,,,1
273365215489998,29637533020004,2013,54,7,1587,90,1,2,,1,0.0,0.4,,2014-08-01 12:24:21,,3,1,,1,,,,1
273365219489998,29637533020004,2013,54,7,1587,135,3,2,,1,0.0,2.2,,2014-08-01 12:24:21,,3,1,,1,,,,1
273365217489998,29637533020004,2013,54,7,1587,180,2,2,,1,0.1,0.6,,2014-08-01 12:24:21,,3,1,,1,,,,1
273365222489998,29637533020004,2013,54,7,1587,225,4,2,,1,6.2,0.2,,2014-08-01 12:24:21,,3,1,,1,,,,1
273365216489998,29637533020004,2013,54,7,1587,270,1,2,,1,0.0,0.6,,2014-08-01 12:24:21,,3,1,,1,,,,1
273365220489998,29637533020004,2013,54,7,1587,315,3,2,,1,0.0,0.4,,2014-08-01 12:24:21,,3,1,,1,,,,1
273365218489998,29637533020004,2013,54,7,1587,360,2,2,,1,0.1,0.3,,2014-08-01 12:24:21,,3,1,,1,,,,1
273358507489998,29637379020004,2013,54,11,26,45,4,2,,1,0.1,0.1,,2014-08-01 12:24:20,,3,1,,1,,,,1
273358501489998,29637379020004,2013,54,11,26,90,1,2,,1,0.2,1.1,,2014-08-01 12:24:20,,3,1,,1,,,,1
273358505489998,29637379020004,2013,54,11,26,135,3,2,,1,0.0,0.0,,2014-08-01 12:24:20,,3,1,,1,,,,1
273358503489998,29637379020004,2013,54,11,26,180,2,2,,1,1.9,0.2,,2014-08-01 12:24:20,,3,1,,1,,,,1
273358508489998,29637379020004,2013,54,11,26,225,4,2,,1,0.0,0.2,,2014-08-01 12:24:20,,3,1,,1,,,,1
273358502489998,29637379020004,2013,54,11,26,270,1,2,,1,0.0,0.0,,2014-08-01 12:24:20,,3,1,,1,,,,1
273358506489998,29637379020004,2013,54,11,26,315,3,2,,1,0.8,0.4,,2014-08-01 12:24:20,,3,1,,1,,,,1
273358504489998,29637379020004,2013,54,11,26,360,2,2,,2,0.0,0.9,,2014-08-01 12:24:20,,3,1,,1,,,,1
273355219489998,29637311020004,2013,54,13,17,45,4,2,,1,0.0,0.2,,2014-08-01 12:24:20,,3,1,,1,,,,1
273355213489998,29637311020004,2013,54,13,17,90,1,2,,1,0.0,0.7,,2014-08-01 12:24:20,,3,1,,1,,,,1
273355217489998,29637311020004,2013,54,13,17,135,3,2,,1,0.0,0.2,,2014-08-01 12:24:20,,3,1,,1,,,,1
273355215489998,29637311020004,2013,54,13,17,180,2,2,,1,0.0,0.5,,2014-08-01 12:24:20,,3,1,,1,,,,1
273355220489998,29637311020004,2013,54,13,17,225,4,2,,1,0.0,0.5,,2014-08-01 12:24:20,,3,1,,1,,,,1
273355214489998,29637311020004,2013,54,13,17,270,1,2,,1,0.0,2.5,,2014-08-01 12:24:20,,3,1,,1,,,,1
273355218489998,29637311020004,2013,54,13,17,315,3,2,,1,0.1,0.7,,2014-08-01 12:24:20,,3,1,,1,,,,1
273355216489998,29637311020004,2013,54,13,17,360,2,2,,3,,,,2014-08-01 12:24:20,,3,,,,,,,1
273362303489998,29637468020004,2013,54,15,1484,45,4,2,,1,0.0,0.3,,2014-08-01 12:24:21,,3,1,,1,,,,1
273362297489998,29637468020004,2013,54,15,1484,90,1,2,,1,0.9,0.5,,2014-08-01 12:24:21,,3,1,,1,,,,1
273362301489998,29637468020004,2013,54,15,1484,135,3,2,,1,0.4,0.7,,2014-08-01 12:24:21,,3,1,,1,,,,1
273362299489998,29637468020004,2013,54,15,1484,180,2,2,,1,0.2,1.1,,2014-08-01 12:24:21,,3,1,,1,,,,1
273362304489998,29637468020004,2013,54,15,1484,225,4,2,,1,0.6,0.0,,2014-08-01 12:24:21,,3,1,,1,,,,1
273362298489998,29637468020004,2013,54,15,1484,270,1,2,,1,0.0,0.7,,2014-08-01 12:24:21,,3,1,,1,,,,1
273362302489998,29637468020004,2013,54,15,1484,315,3,2,,1,0.1,1.4,,2014-08-01 12:24:21,,3,1,,1,,,,1
273362300489998,29637468020004,2013,54,15,1484,360,2,2,,1,0.2,0.7,,2014-08-01 12:24:21,,3,1,,1,,,,1
273345342489998,29637078020004,2013,54,19,442,45,4,2,,1,0.7,0.0,,2014-08-01 12:24:20,,3,1,,1,,,,1
273345336489998,29637078020004,2013,54,19,442,90,1,2,,1,0.0,0.7,,2014-08-01 12:24:19,,3,1,,1,,,,1
273345340489998,29637078020004,2013,54,19,442,135,3,2,,1,0.7,0.8,,2014-08-01 12:24:20,,3,1,,1,,,,1
273345338489998,29637078020004,2013,54,19,442,180,2,2,,1,1.6,2.0,,2014-08-01 12:24:20,,3,1,,1,,,,1
273345343489998,29637078020004,2013,54,19,442,225,4,2,,1,0.0,0.4,,2014-08-01 12:24:20,,3,1,,1,,,,1
273345337489998,29637078020004,2013,54,19,442,270,1,2,,1,0.1,0.6,,2014-08-01 12:24:20,,3,1,,1,,,,1
273345341489998,29637078020004,2013,54,19,442,315,3,2,,1,0.0,0.9,,2014-08-01 12:24:20,,3,1,,1,,,,1
273345339489998,29637078020004,2013,54,19,442,360,2,2,,1,1.8,1.2,,2014-08-01 12:24:20,,3,1,,1,,,,1
273362993489998,29637479020004,2013,54,19,1116,45,4,2,,1,0.7,1.2,,2014-08-01 12:24:21,,3,1,,1,,,,1
273362987489998,29637479020004,2013,54,19,1116,90,1,2,,1,3.7,0.7,,2014-08-01 12:24:21,,3,1,,1,,,,1
273362991489998,29637479020004,2013,54,19,1116,135,3,2,,1,2.1,1.3,,2014-08-01 12:24:21,,3,1,,1,,,,1
273362989489998,29637479020004,2013,54,19,1116,180,2,2,,1,0.7,0.6,,2014-08-01 12:24:21,,3,1,,1,,,,1
273362994489998,29637479020004,2013,54,19,1116,225,4,2,,1,0.7,1.0,,2014-08-01 12:24:21,,3,1,,1,,,,1
273362988489998,29637479020004,2013,54,19,1116,270,1,2,,1,2.1,0.7,,2014-08-01 12:24:21,,3,1,,1,,,,1
273362992489998,29637479020004,2013,54,19,1116,315,3,2,,1,1.5,0.7,,2014-08-01 12:24:21,,3,1,,1,,,,1
273362990489998,29637479020004,2013,54,19,1116,360,2,2,,1,1.2,0.6,,2014-08-01 12:24:21,,3,1,,1,,,,1
273362890489998,29637476020004,2013,54,19,1473,45,4,2,2013,1,0.0,0.0,,2014-08-01 12:24:21,,3,2,,2,,,,1
273362884489998,29637476020004,2013,54,19,1473,90,1,2,2013,1,0.0,0.0,,2014-08-01 12:24:21,,3,2,,2,,,,1
273362888489998,29637476020004,2013,54,19,1473,135,3,2,2013,1,0.0,0.0,,2014-08-01 12:24:21,,3,2,,2,,,,1
273362887489998,29637476020004,2013,54,19,1473,180,2,2,2013,1,0.0,0.0,,2014-08-01 12:24:21,,3,2,,2,,,,1
273362891489998,29637476020004,2013,54,19,1473,225,4,2,2013,1,0.0,0.0,,2014-08-01 12:24:21,,3,2,,2,,,,1
273362885489998,29637476020004,2013,54,19,1473,270,1,2,2013,1,0.0,0.0,,2014-08-01 12:24:21,,3,2,,2,,,,1
273362889489998,29637476020004,2013,54,19,1473,315,3,2,2013,1,0.0,0.0,,2014-08-01 12:24:21,,3,2,,2,,,,1
273362886489998,29637476020004,2013,54,19,1473,360,2,2,2013,1,0.0,0.0,,2014-08-01 12:24:21,,3,2,,2,,,,1
273354880489998,29637305020004,2013,54,21,521,45,4,2,,1,0.2,0.2,,2014-08-01 12:24:20,,3,1,,1,,,,1
273354874489998,29637305020004,2013,54,21,521,90,1,2,,1,0.0,1.2,,2014-08-01 12:24:20,,3,1,,1,,,,1
273354878489998,29637305020004,2013,54,21,521,135,3,2,,1,0.0,0.2,,2014-08-01 12:24:20,,3,1,,1,,,,1
273354876489998,29637305020004,2013,54,21,521,180,2,2,,1,0.0,0.5,,2014-08-01 12:24:20,,3,1,,1,,,,1
273354881489998,29637305020004,2013,54,21,521,225,4,2,,1,0.1,0.2,,2014-08-01 12:24:20,,3,1,,1,,,,1
273354875489998,29637305020004,2013,54,21,521,270,1,2,,1,0.4,1.3,,2014-08-01 12:24:20,,3,1,,1,,,,1
273354879489998,29637305020004,2013,54,21,521,315,3,2,,1,0.1,0.2,,2014-08-01 12:24:20,,3,1,,1,,,,1
273354877489998,29637305020004,2013,54,21,521,360,2,2,,1,0.2,0.2,,2014-08-01 12:24:20,,3,1,,1,,,,1
273362079489998,29637081020004,2013,54,21,543,45,4,2,2013,1,0.0,0.0,,2014-08-01 12:24:20,,3,2,,2,,,,1
273362073489998,29637081020004,2013,54,21,543,90,1,2,2013,1,0.0,0.0,,2014-08-01 12:24:20,,3,2,,2,,,,1
273362077489998,29637081020004,2013,54,21,543,135,3,2,2013,1,0.0,0.0,,2014-08-01 12:24:20,,3,2,,2,,,,1
273362076489998,29637081020004,2013,54,21,543,180,2,2,2013,1,0.0,0.0,,2014-08-01 12:24:20,,3,2,,2,,,,1
273362080489998,29637081020004,2013,54,21,543,225,4,2,2013,1,0.0,0.0,,2014-08-01 12:24:20,,3,2,,2,,,,1
273362074489998,29637081020004,2013,54,21,543,270,1,2,2013,1,0.0,0.0,,2014-08-01 12:24:20,,3,2,,2,,,,1
273362078489998,29637081020004,2013,54,21,543,315,3,2,2013,1,0.0,0.0,,2014-08-01 12:24:20,,3,2,,2,,,,1
273362075489998,29637081020004,2013,54,21,543,360,2,2,2013,1,0.0,0.0,,2014-08-01 12:24:20,,3,2,,2,,,,1
273346640489998,29637112020004,2013,54,23,629,45,4,2,,1,,,,2014-08-01 12:24:20,,3,,,,,,,1
273346634489998,29637112020004,2013,54,23,629,90,1,2,,1,,,,2014-08-01 12:24:20,,3,,,,,,,1
273346638489998,29637112020004,2013,54,23,629,135,3,2,,1,,,,2014-08-01 12:24:20,,3,,,,,,,1
273346636489998,29637112020004,2013,54,23,629,180,2,2,,1,,,,2014-08-01 12:24:20,,3,,,,,,,1
273346641489998,29637112020004,2013,54,23,629,225,4,2,,1,,,,2014-08-01 12:24:20,,3,,,,,,,1
273346635489998,29637112020004,2013,54,23,629,270,1,2,,1,,,,2014-08-01 12:24:20,,3,,,,,,,1
273346639489998,29637112020004,2013,54,23,629,315,3,2,,1,,,,2014-08-01 12:24:20,,3,,,,,,,1
273346637489998,29637112020004,2013,54,23,629,360,2,2,,1,,,,2014-08-01 12:24:20,,3,,,,,,,1
273346715489998,29637113020004,2013,54,23,717,45,4,2,,1,0.0,0.1,,2014-08-01 12:24:20,,3,1,,1,,,,1
273346709489998,29637113020004,2013,54,23,717,90,1,2,,3,,,,2014-08-01 12:24:20,,3,,,,,,,1
273346713489998,29637113020004,2013,54,23,717,135,3,2,,3,,,,2014-08-01 12:24:20,,3,,,,,,,1
273346711489998,29637113020004,2013,54,23,717,180,2,2,,2,,,,2014-08-01 12:24:20,,3,,,,,,,1
273346716489998,29637113020004,2013,54,23,717,225,4,2,,1,0.0,0.3,,2014-08-01 12:24:20,,3,1,,1,,,,1
273346710489998,29637113020004,2013,54,23,717,270,1,2,,1,0.0,0.6,,2014-08-01 12:24:20,,3,1,,1,,,,1
273346714489998,29637113020004,2013,54,23,717,315,3,2,,3,,,,2014-08-01 12:24:20,,3,,,,,,,1
273346712489998,29637113020004,2013,54,23,717,360,2,2,,2,,,,2014-08-01 12:24:20,,3,,,,,,,1
273349315489998,29637176020004,2013,54,25,286,45,4,2,,1,,,,2014-08-01 12:24:20,,3,,,,,,,1
273349309489998,29637176020004,2013,54,25,286,90,1,2,,1,,,,2014-08-01 12:24:20,,3,,,,,,,1
273349313489998,29637176020004,2013,54,25,286,135,3,2,,1,,,,2014-08-01 12:24:20,,3,,,,,,,1
273349311489998,29637176020004,2013,54,25,286,180,2,2,,1,,,,2014-08-01 12:24:20,,3,,,,,,,1
273349316489998,29637176020004,2013,54,25,286,225,4,2,,1,,,,2014-08-01 12:24:20,,3,,,,,,,1
273349310489998,29637176020004,2013,54,25,286,270,1,2,,1,,,,2014-08-01 12:24:20,,3,,,,,,,1
273349314489998,29637176020004,2013,54,25,286,315,3,2,,1,,,,2014-08-01 12:24:20,,3,,,,,,,1
273349312489998,29637176020004,2013,54,25,286,360,2,2,,1,,,,2014-08-01 12:24:20,,3,,,,,,,1
273367016489998,29637567020004,2013,54,27,188,45,4,2,,1,0.0,1.9,,2014-08-01 12:24:21,,3,1,,1,,,,1
273367010489998,29637567020004,2013,54,27,188,90,1,2,,1,0.0,2.7,,2014-08-01 12:24:21,,3,1,,1,,,,1
273367014489998,29637567020004,2013,54,27,188,135,3,2,,1,0.0,2.0,,2014-08-01 12:24:21,,3,1,,1,,,,1
273367012489998,29637567020004,2013,54,27,188,180,2,2,,1,0.0,1.6,,2014-08-01 12:24:21,,3,1,,1,,,,1
273367017489998,29637567020004,2013,54,27,188,225,4,2,,1,0.0,1.5,,2014-08-01 12:24:21,,3,1,,1,,,,1
273367011489998,29637567020004,2013,54,27,188,270,1,2,,1,0.0,2.7,,2014-08-01 12:24:21,,3,1,,1,,,,1
273367015489998,29637567020004,2013,54,27,188,315,3,2,,1,0.0,1.9,,2014-08-01 12:24:21,,3,1,,1,,,,1
273367013489998,29637567020004,2013,54,27,188,360,2,2,,1,0.0,0.5,,2014-08-01 12:24:21,,3,1,,1,,,,1
273349796489998,29637189020004,2013,54,27,1658,45,4,2,,1,0.0,1.5,,2014-08-01 12:24:20,,3,1,,1,,,,1
273349790489998,29637189020004,2013,54,27,1658,90,1,2,,1,0.0,4.1,,2014-08-01 12:24:20,,3,1,,1,,,,1
273349794489998,29637189020004,2013,54,27,1658,135,3,2,,1,0.0,0.3,,2014-08-01 12:24:20,,3,1,,1,,,,1
273349792489998,29637189020004,2013,54,27,1658,180,2,2,,1,0.0,0.3,,2014-08-01 12:24:20,,3,1,,1,,,,1
273349797489998,29637189020004,2013,54,27,1658,225,4,2,,1,0.0,1.8,,2014-08-01 12:24:20,,3,1,,1,,,,1
273349791489998,29637189020004,2013,54,27,1658,270,1,2,,1,0.2,3.9,,2014-08-01 12:24:20,,3,1,,1,,,,1
273349795489998,29637189020004,2013,54,27,1658,315,3,2,,1,0.0,2.5,,2014-08-01 12:24:20,,3,1,,1,,,,1
273349793489998,29637189020004,2013,54,27,1658,360,2,2,,1,0.0,2.5,,2014-08-01 12:24:20,,3,1,,1,,,,1
273347570489998,29637132020004,2013,54,29,2007,45,4,2,,1,0.0,1.3,,2014-08-01 12:24:20,,3,1,,1,,,,1
273347564489998,29637132020004,2013,54,29,2007,90,1,2,,1,0.0,0.4,,2014-08-01 12:24:20,,3,1,,1,,,,1
273347568489998,29637132020004,2013,54,29,2007,135,3,2,,1,0.0,1.3,,2014-08-01 12:24:20,,3,1,,1,,,,1
273347566489998,29637132020004,2013,54,29,2007,180,2,2,,1,0.0,0.3,,2014-08-01 12:24:20,,3,1,,1,,,,1
273347571489998,29637132020004,2013,54,29,2007,225,4,2,,1,0.0,0.0,,2014-08-01 12:24:20,,3,1,,1,,,,1
273347565489998,29637132020004,2013,54,29,2007,270,1,2,,1,0.0,0.3,,2014-08-01 12:24:20,,3,1,,1,,,,1
273347569489998,29637132020004,2013,54,29,2007,315,3,2,,1,0.0,0.8,,2014-08-01 12:24:20,,3,1,,1,,,,1
273347567489998,29637132020004,2013,54,29,2007,360,2,2,,1,0.3,1.4,,2014-08-01 12:24:20,,3,1,,1,,,,1
273367425489998,29637579020004,2013,54,31,608,45,4,2,,1,,,,2014-08-01 12:24:21,,3,,,,,,,1
273367419489998,29637579020004,2013,54,31,608,90,1,2,,1,,,,2014-08-01 12:24:21,,3,,,,,,,1
273367423489998,29637579020004,2013,54,31,608,135,3,2,,1,,,,2014-08-01 12:24:21,,3,,,,,,,1
273367421489998,29637579020004,2013,54,31,608,180,2,2,,1,,,,2014-08-01 12:24:21,,3,,,,,,,1
273367426489998,29637579020004,2013,54,31,608,225,4,2,,1,,,,2014-08-01 12:24:21,,3,,,,,,,1
273367420489998,29637579020004,2013,54,31,608,270,1,2,,1,,,,2014-08-01 12:24:21,,3,,,,,,,1
273367424489998,29637579020004,2013,54,31,608,315,3,2,,1,,,,2014-08-01 12:24:21,,3,,,,,,,1
273367422489998,29637579020004,2013,54,31,608,360,2,2,,1,,,,2014-08-01 12:24:21,,3,,,,,,,1
273364157489998,29637512020004,2013,54,33,968,45,4,2,,1,,,,2014-08-01 12:24:21,,3,,,,,,,1
273364151489998,29637512020004,2013,54,33,968,90,1,2,,1,,,,2014-08-01 12:24:21,,3,,,,,,,1
273364155489998,29637512020004,2013,54,33,968,135,3,2,,1,,,,2014-08-01 12:24:21,,3,,,,,,,1
273364153489998,29637512020004,2013,54,33,968,180,2,2,,1,,,,2014-08-01 12:24:21,,3,,,,,,,1
273364158489998,29637512020004,2013,54,33,968,225,4,2,,1,,,,2014-08-01 12:24:21,,3,,,,,,,1
273364152489998,29637512020004,2013,54,33,968,270,1,2,,1,,,,2014-08-01 12:24:21,,3,,,,,,,1
273364156489998,29637512020004,2013,54,33,968,315,3,2,,1,,,,2014-08-01 12:24:21,,3,,,,,,,1
273364154489998,29637512020004,2013,54,33,968,360,2,2,,1,,,,2014-08-01 12:24:21,,3,,,,,,,1
273364292489998,29637515020004,2013,54,33,1497,45,4,2,,1,0.0,0.0,,2014-08-01 12:24:21,,3,1,,1,,,,1
273364286489998,29637515020004,2013,54,33,1497,90,1,2,,1,0.1,0.5,,2014-08-01 12:24:21,,3,1,,1,,,,1
273364290489998,29637515020004,2013,54,33,1497,135,3,2,,2,,,,2014-08-01 12:24:21,,3,,,,,,,1
273364288489998,29637515020004,2013,54,33,1497,180,2,2,,1,0.8,1.3,,2014-08-01 12:24:21,,3,1,,1,,,,1
273364293489998,29637515020004,2013,54,33,1497,225,4,2,,1,0.0,1.3,,2014-08-01 12:24:21,,3,1,,1,,,,1
273364287489998,29637515020004,2013,54,33,1497,270,1,2,,1,0.1,1.1,,2014-08-01 12:24:21,,3,1,,1,,,,1
273364291489998,29637515020004,2013,54,33,1497,315,3,2,,2,,,,2014-08-01 12:24:21,,3,,,,,,,1
273364289489998,29637515020004,2013,54,33,1497,360,2,2,,1,0.2,0.2,,2014-08-01 12:24:21,,3,1,,1,,,,1
273351129489998,29637227020004,2013,54,35,893,45,4,2,,1,,,,2014-08-01 12:24:20,,3,,,,,,,1
273351123489998,29637227020004,2013,54,35,893,90,1,2,,1,,,,2014-08-01 12:24:20,,3,,,,,,,1
273351127489998,29637227020004,2013,54,35,893,135,3,2,,1,,,,2014-08-01 12:24:20,,3,,,,,,,1
273351125489998,29637227020004,2013,54,35,893,180,2,2,,1,,,,2014-08-01 12:24:20,,3,,,,,,,1
273351130489998,29637227020004,2013,54,35,893,225,4,2,,1,,,,2014-08-01 12:24:20,,3,,,,,,,1
273351124489998,29637227020004,2013,54,35,893,270,1,2,,1,,,,2014-08-01 12:24:20,,3,,,,,,,1
273351128489998,29637227020004,2013,54,35,893,315,3,2,,1,,,,2014-08-01 12:24:20,,3,,,,,,,1
273351126489998,29637227020004,2013,54,35,893,360,2,2,,1,,,,2014-08-01 12:24:20,,3,,,,,,,1
273367518489998,29637585020004,2013,54,37,222,45,4,2,,1,,,,2014-08-01 12:24:21,,3,,,,,,,1
273367512489998,29637585020004,2013,54,37,222,90,1,2,,1,,,,2014-08-01 12:24:21,,3,,,,,,,1
273367516489998,29637585020004,2013,54,37,222,135,3,2,,2,,,,2014-08-01 12:24:21,,3,,,,,,,1
273367514489998,29637585020004,2013,54,37,222,180,2,2,,1,,,,2014-08-01 12:24:21,,3,,,,,,,1
273367519489998,29637585020004,2013,54,37,222,225,4,2,,1,,,,2014-08-01 12:24:21,,3,,,,,,,1
273367513489998,29637585020004,2013,54,37,222,270,1,2,,1,,,,2014-08-01 12:24:21,,3,,,,,,,1
273367517489998,29637585020004,2013,54,37,222,315,3,2,,2,,,,2014-08-01 12:24:21,,3,,,,,,,1
273367515489998,29637585020004,2013,54,37,222,360,2,2,,1,,,,2014-08-01 12:24:21,,3,,,,,,,1
273363262489998,29637583020004,2013,54,37,259,45,4,2,2013,1,0.0,0.0,,2014-08-01 12:24:21,,3,2,,2,,,,1
273363256489998,29637583020004,2013,54,37,259,90,1,2,2013,1,0.0,0.0,,2014-08-01 12:24:21,,3,2,,2,,,,1
273363260489998,29637583020004,2013,54,37,259,135,3,2,2013,1,0.0,0.0,,2014-08-01 12:24:21,,3,2,,2,,,,1
273363259489998,29637583020004,2013,54,37,259,180,2,2,2013,1,0.0,0.0,,2014-08-01 12:24:21,,3,2,,2,,,,1
273363263489998,29637583020004,2013,54,37,259,225,4,2,2013,1,0.0,0.0,,2014-08-01 12:24:21,,3,2,,2,,,,1
273363257489998,29637583020004,2013,54,37,259,270,1,2,2013,1,0.0,0.0,,2014-08-01 12:24:21,,3,2,,2,,,,1
273363261489998,29637583020004,2013,54,37,259,315,3,2,2013,1,0.0,0.0,,2014-08-01 12:24:21,,3,2,,2,,,,1
273363258489998,29637583020004,2013,54,37,259,360,2,2,2013,1,0.0,0.0,,2014-08-01 12:24:21,,3,2,,2,,,,1
273352707489998,29637258020004,2013,54,39,692,45,4,2,,1,2.2,0.6,,2014-08-01 12:24:20,,3,1,,1,,,,1
273352701489998,29637258020004,2013,54,39,692,90,1,2,,1,2.6,0.6,,2014-08-01 12:24:20,,3,1,,1,,,,1
273352705489998,29637258020004,2013,54,39,692,135,3,2,,2,2.3,2.6,,2014-08-01 12:24:20,,3,1,,1,,,,1
273352703489998,29637258020004,2013,54,39,692,180,2,2,,2,0.7,1.2,,2014-08-01 12:24:20,,3,1,,1,,,,1
273352708489998,29637258020004,2013,54,39,692,225,4,2,,1,0.1,0.0,,2014-08-01 12:24:20,,3,1,,1,,,,1
273352702489998,29637258020004,2013,54,39,692,270,1,2,,1,2.7,0.6,,2014-08-01 12:24:20,,3,1,,1,,,,1
273352706489998,29637258020004,2013,54,39,692,315,3,2,,2,1.3,1.0,,2014-08-01 12:24:20,,3,1,,1,,,,1
273352704489998,29637258020004,2013,54,39,692,360,2,2,,2,3.0,0.7,,2014-08-01 12:24:20,,3,1,,1,,,,1
273353548489998,29637278020004,2013,54,39,1428,45,4,2,,3,0.0,0.0,,2014-08-01 12:24:20,,3,1,,1,,,,1
273353542489998,29637278020004,2013,54,39,1428,90,1,2,,1,,,,2014-08-01 12:24:20,,3,,,,,,,1
273353546489998,29637278020004,2013,54,39,1428,135,3,2,,2,,,,2014-08-01 12:24:20,,3,,,,,,,1
273353544489998,29637278020004,2013,54,39,1428,180,2,2,,1,,,,2014-08-01 12:24:20,,3,,,,,,,1
273353549489998,29637278020004,2013,54,39,1428,225,4,2,,3,0.0,0.0,,2014-08-01 12:24:20,,3,1,,1,,,,1
273353543489998,29637278020004,2013,54,39,1428,270,1,2,,1,,,,2014-08-01 12:24:20,,3,,,,,,,1
273353547489998,29637278020004,2013,54,39,1428,315,3,2,,2,,,,2014-08-01 12:24:20,,3,,,,,,,1
273353545489998,29637278020004,2013,54,39,1428,360,2,2,,1,,,,2014-08-01 12:24:20,,3,,,,,,,1
273352492489998,29637255020004,2013,54,39,1505,45,4,2,,1,1.7,2.3,,2014-08-01 12:24:20,,3,1,,1,,,,1
273352486489998,29637255020004,2013,54,39,1505,90,1,2,,1,0.5,2.2,,2014-08-01 12:24:20,,3,1,,1,,,,1
273352490489998,29637255020004,2013,54,39,1505,135,3,2,,1,0.3,0.8,,2014-08-01 12:24:20,,3,1,,1,,,,1
273352488489998,29637255020004,2013,54,39,1505,180,2,2,,1,1.9,0.7,,2014-08-01 12:24:20,,3,1,,1,,,,1
273352493489998,29637255020004,2013,54,39,1505,225,4,2,,1,0.4,1.1,,2014-08-01 12:24:20,,3,1,,1,,,,1
273352487489998,29637255020004,2013,54,39,1505,270,1,2,,1,0.2,1.7,,2014-08-01 12:24:20,,3,1,,1,,,,1
273352491489998,29637255020004,2013,54,39,1505,315,3,2,,1,1.8,0.5,,2014-08-01 12:24:20,,3,1,,1,,,,1
273352489489998,29637255020004,2013,54,39,1505,360,2,2,,1,2.1,0.1,,2014-08-01 12:24:20,,3,1,,1,,,,1
273358019489998,29637368020004,2013,54,39,1660,45,4,2,,1,0.3,1.6,,2014-08-01 12:24:20,,3,1,,1,,,,1
273358013489998,29637368020004,2013,54,39,1660,90,1,2,,1,0.1,0.8,,2014-08-01 12:24:20,,3,1,,1,,,,1
273358017489998,29637368020004,2013,54,39,1660,135,3,2,,1,0.2,0.3,,2014-08-01 12:24:20,,3,1,,1,,,,1
273358015489998,29637368020004,2013,54,39,1660,180,2,2,,1,0.1,0.3,,2014-08-01 12:24:20,,3,1,,1,,,,1
273358020489998,29637368020004,2013,54,39,1660,225,4,2,,1,0.4,0.8,,2014-08-01 12:24:20,,3,1,,1,,,,1
273358014489998,29637368020004,2013,54,39,1660,270,1,2,,1,0.2,1.0,,2014-08-01 12:24:20,,3,1,,1,,,,1
273358018489998,29637368020004,2013,54,39,1660,315,3,2,,1,0.1,0.9,,2014-08-01 12:24:20,,3,1,,1,,,,1
273358016489998,29637368020004,2013,54,39,1660,360,2,2,,1,0.1,0.8,,2014-08-01 12:24:20,,3,1,,1,,,,1
273364409489998,29637519020004,2013,54,41,1449,45,4,2,,1,,,,2014-08-01 12:24:21,,3,,,,,,,1
273364403489998,29637519020004,2013,54,41,1449,90,1,2,,1,,,,2014-08-01 12:24:21,,3,,,,,,,1
273364407489998,29637519020004,2013,54,41,1449,135,3,2,,1,,,,2014-08-01 12:24:21,,3,,,,,,,1
273364405489998,29637519020004,2013,54,41,1449,180,2,2,,1,,,,2014-08-01 12:24:21,,3,,,,,,,1
273364410489998,29637519020004,2013,54,41,1449,225,4,2,,1,,,,2014-08-01 12:24:21,,3,,,,,,,1
273364404489998,29637519020004,2013,54,41,1449,270,1,2,,1,,,,2014-08-01 12:24:21,,3,,,,,,,1
273364408489998,29637519020004,2013,54,41,1449,315,3,2,,1,,,,2014-08-01 12:24:21,,3,,,,,,,1
273364406489998,29637519020004,2013,54,41,1449,360,2,2,,1,,,,2014-08-01 12:24:21,,3,,,,,,,1
273353906489998,29637286020004,2013,54,43,794,45,4,2,,1,0.8,0.6,,2014-08-01 12:24:20,,3,1,,1,,,,1
273353900489998,29637286020004,2013,54,43,794,90,1,2,,1,0.7,0.5,,2014-08-01 12:24:20,,3,1,,1,,,,1
273353904489998,29637286020004,2013,54,43,794,135,3,2,,1,0.0,0.6,,2014-08-01 12:24:20,,3,1,,1,,,,1
273353902489998,29637286020004,2013,54,43,794,180,2,2,,1,2.4,2.0,,2014-08-01 12:24:20,,3,1,,1,,,,1
273353907489998,29637286020004,2013,54,43,794,225,4,2,,1,1.6,2.5,,2014-08-01 12:24:20,,3,1,,1,,,,1
273353901489998,29637286020004,2013,54,43,794,270,1,2,,1,1.1,4.0,,2014-08-01 12:24:20,,3,1,,1,,,,1
273353905489998,29637286020004,2013,54,43,794,315,3,2,,1,0.5,0.7,,2014-08-01 12:24:20,,3,1,,1,,,,1
273353903489998,29637286020004,2013,54,43,794,360,2,2,,1,0.1,0.7,,2014-08-01 12:24:20,,3,1,,1,,,,1
273362661489998,29637347020004,2013,54,45,263,45,4,2,2013,1,0.0,0.0,,2014-08-01 12:24:20,,3,2,,2,,,,1
273362655489998,29637347020004,2013,54,45,263,90,1,2,2013,1,0.0,0.0,,2014-08-01 12:24:20,,3,2,,2,,,,1
273362659489998,29637347020004,2013,54,45,263,135,3,2,2013,1,0.0,0.0,,2014-08-01 12:24:20,,3,2,,2,,,,1
273362658489998,29637347020004,2013,54,45,263,180,2,2,2013,1,0.0,0.0,,2014-08-01 12:24:20,,3,2,,2,,,,1
273362662489998,29637347020004,2013,54,45,263,225,4,2,2013,1,0.0,0.0,,2014-08-01 12:24:20,,3,2,,2,,,,1
273362656489998,29637347020004,2013,54,45,263,270,1,2,2013,1,0.0,0.0,,2014-08-01 12:24:20,,3,2,,2,,,,1
273362660489998,29637347020004,2013,54,45,263,315,3,2,2013,1,0.0,0.0,,2014-08-01 12:24:20,,3,2,,2,,,,1
273362657489998,29637347020004,2013,54,45,263,360,2,2,2013,1,0.0,0.0,,2014-08-01 12:24:20,,3,2,,2,,,,1
273347304489998,29637127020004,2013,54,47,1518,45,4,2,,3,,,,2014-08-01 12:24:20,,3,,,,,,,1
273347298489998,29637127020004,2013,54,47,1518,90,1,2,,1,0.8,0.5,,2014-08-01 12:24:20,,3,1,,1,,,,1
273347302489998,29637127020004,2013,54,47,1518,135,3,2,,1,1.5,0.8,,2014-08-01 12:24:20,,3,1,,1,,,,1
273347300489998,29637127020004,2013,54,47,1518,180,2,2,,1,0.1,0.9,,2014-08-01 12:24:20,,3,1,,1,,,,1
273347305489998,29637127020004,2013,54,47,1518,225,4,2,,3,,,,2014-08-01 12:24:20,,3,,,,,,,1
273347299489998,29637127020004,2013,54,47,1518,270,1,2,,1,0.9,1.3,,2014-08-01 12:24:20,,3,1,,1,,,,1
273347303489998,29637127020004,2013,54,47,1518,315,3,2,,1,0.1,0.7,,2014-08-01 12:24:20,,3,1,,1,,,,1
273347301489998,29637127020004,2013,54,47,1518,360,2,2,,1,0.8,0.2,,2014-08-01 12:24:20,,3,1,,1,,,,1
273354633489998,29637300020004,2013,54,47,1914,45,4,2,,2,1.9,2.1,,2014-08-01 12:24:20,,3,1,,1,,,,1
273354627489998,29637300020004,2013,54,47,1914,90,1,2,,1,,,,2014-08-01 12:24:20,,3,,,,,,,1
273354631489998,29637300020004,2013,54,47,1914,135,3,2,,2,,,,2014-08-01 12:24:20,,3,,10,,10,,,0
273354629489998,29637300020004,2013,54,47,1914,180,2,2,,1,,,,2014-08-01 12:24:20,,3,,,,,,,1
273354634489998,29637300020004,2013,54,47,1914,225,4,2,,2,0.4,1.5,,2014-08-01 12:24:20,,3,1,,1,,,,1
273354628489998,29637300020004,2013,54,47,1914,270,1,2,,1,,,,2014-08-01 12:24:20,,3,,,,,,,1
273354632489998,29637300020004,2013,54,47,1914,315,3,2,,2,1.2,1.1,,2014-08-01 12:24:20,,3,1,,1,,,,1
273354630489998,29637300020004,2013,54,47,1914,360,2,2,,1,,,,2014-08-01 12:24:20,,3,,,,,,,1
273364112489998,29637508020004,2013,54,49,1104,45,4,2,,1,,,,2014-08-01 12:24:21,,3,,,,,,,1
273364106489998,29637508020004,2013,54,49,1104,90,1,2,,1,,,,2014-08-01 12:24:21,,3,,,,,,,1
273364110489998,29637508020004,2013,54,49,1104,135,3,2,,2,0.7,0.7,,2014-08-01 12:24:21,,3,1,,1,,,,1
273364108489998,29637508020004,2013,54,49,1104,180,2,2,,1,,,,2014-08-01 12:24:21,,3,,,,,,,1
273364113489998,29637508020004,2013,54,49,1104,225,4,2,,1,,,,2014-08-01 12:24:21,,3,,,,,,,1
273364107489998,29637508020004,2013,54,49,1104,270,1,2,,1,,,,2014-08-01 12:24:21,,3,,,,,,,1
273364111489998,29637508020004,2013,54,49,1104,315,3,2,,2,0.1,0.2,,2014-08-01 12:24:21,,3,1,,1,,,,1
273364109489998,29637508020004,2013,54,49,1104,360,2,2,,1,,,,2014-08-01 12:24:21,,3,,,,,,,1
273353231489998,29637269020004,2013,54,51,1867,45,4,2,,2,1.2,0.8,,2014-08-01 12:24:20,,3,1,,1,,,,1
273353225489998,29637269020004,2013,54,51,1867,90,1,2,,1,,,,2014-08-01 12:24:20,,3,,,,,,,1
273353229489998,29637269020004,2013,54,51,1867,135,3,2,,1,,,,2014-08-01 12:24:20,,3,,,,,,,1
273353227489998,29637269020004,2013,54,51,1867,180,2,2,,1,,,,2014-08-01 12:24:20,,3,,,,,,,1
273353232489998,29637269020004,2013,54,51,1867,225,4,2,,1,,,,2014-08-01 12:24:20,,3,,,,,,,1
273353226489998,29637269020004,2013,54,51,1867,270,1,2,,2,0.5,1.6,,2014-08-01 12:24:20,,3,1,,1,,,,1
273353230489998,29637269020004,2013,54,51,1867,315,3,2,,1,,,,2014-08-01 12:24:20,,3,,,,,,,1
273353228489998,29637269020004,2013,54,51,1867,360,2,2,,1,,,,2014-08-01 12:24:20,,3,,,,,,,1
273346299489998,29637103020004,2013,54,61,1158,45,4,2,,1,,,,2014-08-01 12:24:20,,3,,,,,,,1
273346293489998,29637103020004,2013,54,61,1158,90,1,2,,1,,,,2014-08-01 12:24:20,,3,,,,,,,1
273346297489998,29637103020004,2013,54,61,1158,135,3,2,,1,,,,2014-08-01 12:24:20,,3,,,,,,,1
273346295489998,29637103020004,2013,54,61,1158,180,2,2,,1,,,,2014-08-01 12:24:20,,3,,,,,,,1
273346300489998,29637103020004,2013,54,61,1158,225,4,2,,1,,,,2014-08-01 12:24:20,,3,,,,,,,1
273346294489998,29637103020004,2013,54,61,1158,270,1,2,,1,,,,2014-08-01 12:24:20,,3,,,,,,,1
273346298489998,29637103020004,2013,54,61,1158,315,3,2,,1,,,,2014-08-01 12:24:20,,3,,,,,,,1
273346296489998,29637103020004,2013,54,61,1158,360,2,2,,1,,,,2014-08-01 12:24:20,,3,,,,,,,1
273362514489998,29637472020004,2013,54,67,991,45,4,2,,1,,,,2014-08-01 12:24:21,,3,,,,,,,1
273362508489998,29637472020004,2013,54,67,991,90,1,2,,1,,,,2014-08-01 12:24:21,,3,,,,,,,1
273362512489998,29637472020004,2013,54,67,991,135,3,2,,1,,,,2014-08-01 12:24:21,,3,,,,,,,1
273362510489998,29637472020004,2013,54,67,991,180,2,2,,1,,,,2014-08-01 12:24:21,,3,,,,,,,1
273362515489998,29637472020004,2013,54,67,991,225,4,2,,1,,,,2014-08-01 12:24:21,,3,,,,,,,1
273362509489998,29637472020004,2013,54,67,991,270,1,2,,1,,,,2014-08-01 12:24:21,,3,,,,,,,1
273362513489998,29637472020004,2013,54,67,991,315,3,2,,1,,,,2014-08-01 12:24:21,,3,,,,,,,1
273362511489998,29637472020004,2013,54,67,991,360,2,2,,1,,,,2014-08-01 12:24:21,,3,,,,,,,1
273353136489998,29637265020004,2013,54,69,354,45,4,2,,2,,,,2014-08-01 12:24:20,,3,,,,,,,1
273353130489998,29637265020004,2013,54,69,354,90,1,2,,1,0.3,1.6,,2014-08-01 12:24:20,,3,1,,1,,,,1
273353134489998,29637265020004,2013,54,69,354,135,3,2,,1,0.2,1.8,,2014-08-01 12:24:20,,3,1,,1,,,,1
273353132489998,29637265020004,2013,54,69,354,180,2,2,,1,0.0,2.6,,2014-08-01 12:24:20,,3,1,,1,,,,1
273353137489998,29637265020004,2013,54,69,354,225,4,2,,2,,,,2014-08-01 12:24:20,,3,,,,,,,1
273353131489998,29637265020004,2013,54,69,354,270,1,2,,1,0.2,1.6,,2014-08-01 12:24:20,,3,1,,1,,,,1
273353135489998,29637265020004,2013,54,69,354,315,3,2,,1,0.0,1.1,,2014-08-01 12:24:20,,3,1,,1,,,,1
273353133489998,29637265020004,2013,54,69,354,360,2,2,,1,0.2,2.1,,2014-08-01 12:24:20,,3,1,,1,,,,1
273350547489998,29637210020004,2013,54,71,1630,45,4,2,,1,2.4,2.1,,2014-08-01 12:24:20,,3,1,,1,,,,1
273350541489998,29637210020004,2013,54,71,1630,90,1,2,,1,1.4,0.7,,2014-08-01 12:24:20,,3,1,,1,,,,1
273350545489998,29637210020004,2013,54,71,1630,135,3,2,,1,1.0,1.2,,2014-08-01 12:24:20,,3,1,,1,,,,1
273350543489998,29637210020004,2013,54,71,1630,180,2,2,,2,0.0,0.1,,2014-08-01 12:24:20,,3,1,,1,,,,1
273350548489998,29637210020004,2013,54,71,1630,225,4,2,,1,0.0,0.3,,2014-08-01 12:24:20,,3,1,,1,,,,1
273350542489998,29637210020004,2013,54,71,1630,270,1,2,,1,0.1,0.4,,2014-08-01 12:24:20,,3,1,,1,,,,1
273350546489998,29637210020004,2013,54,71,1630,315,3,2,,1,0.1,0.8,,2014-08-01 12:24:20,,3,1,,1,,,,1
273350544489998,29637210020004,2013,54,71,1630,360,2,2,,2,0.1,0.2,,2014-08-01 12:24:20,,3,1,,1,,,,1
273367709489998,29637590020004,2013,54,71,2190,45,4,2,,1,,,,2014-08-01 12:24:21,,3,,,,,,,1
273367703489998,29637590020004,2013,54,71,2190,90,1,2,,1,,,,2014-08-01 12:24:21,,3,,,,,,,1
273367707489998,29637590020004,2013,54,71,2190,135,3,2,,1,,,,2014-08-01 12:24:21,,3,,,,,,,1
273367705489998,29637590020004,2013,54,71,2190,180,2,2,,1,,,,2014-08-01 12:24:21,,3,,,,,,,1
273367710489998,29637590020004,2013,54,71,2190,225,4,2,,1,,,,2014-08-01 12:24:21,,3,,,,,,,1
273367704489998,29637590020004,2013,54,71,2190,270,1,2,,1,,,,2014-08-01 12:24:21,,3,,,,,,,1
273367708489998,29637590020004,2013,54,71,2190,315,3,2,,1,,,,2014-08-01 12:24:21,,3,,,,,,,1
273367706489998,29637590020004,2013,54,71,2190,360,2,2,,1,,,,2014-08-01 12:24:21,,3,,,,,,,1
273350430489998,29637208020004,2013,54,71,2821,45,4,2,,1,1.0,1.1,,2014-08-01 12:24:20,,3,1,,1,,,,1
273350424489998,29637208020004,2013,54,71,2821,90,1,2,,1,0.1,0.1,,2014-08-01 12:24:20,,3,1,,1,,,,1
273350428489998,29637208020004,2013,54,71,2821,135,3,2,,1,0.5,1.6,,2014-08-01 12:24:20,,3,1,,1,,,,1
273350426489998,29637208020004,2013,54,71,2821,180,2,2,,1,0.8,0.8,,2014-08-01 12:24:20,,3,1,,1,,,,1
273350431489998,29637208020004,2013,54,71,2821,225,4,2,,1,0.6,1.2,,2014-08-01 12:24:20,,3,1,,1,,,,1
273350425489998,29637208020004,2013,54,71,2821,270,1,2,,1,0.1,0.1,,2014-08-01 12:24:20,,3,1,,1,,,,1
273350429489998,29637208020004,2013,54,71,2821,315,3,2,,1,0.1,0.2,,2014-08-01 12:24:20,,3,1,,1,,,,1
273350427489998,29637208020004,2013,54,71,2821,360,2,2,,1,0.3,0.1,,2014-08-01 12:24:20,,3,1,,1,,,,1
273349163489998,29637171020004,2013,54,75,1110,45,4,2,,1,0.0,0.4,,2014-08-01 12:24:20,,3,1,,1,,,,1
273349157489998,29637171020004,2013,54,75,1110,90,1,2,,1,1.7,0.4,,2014-08-01 12:24:20,,3,1,,1,,,,1
273349161489998,29637171020004,2013,54,75,1110,135,3,2,,1,1.6,0.5,,2014-08-01 12:24:20,,3,1,,1,,,,1
273349159489998,29637171020004,2013,54,75,1110,180,2,2,,1,0.0,0.5,,2014-08-01 12:24:20,,3,1,,1,,,,1
273349164489998,29637171020004,2013,54,75,1110,225,4,2,,1,0.3,0.4,,2014-08-01 12:24:20,,3,1,,1,,,,1
273349158489998,29637171020004,2013,54,75,1110,270,1,2,,1,2.1,1.4,,2014-08-01 12:24:20,,3,1,,1,,,,1
273349162489998,29637171020004,2013,54,75,1110,315,3,2,,1,0.0,0.4,,2014-08-01 12:24:20,,3,1,,1,,,,1
273349160489998,29637171020004,2013,54,75,1110,360,2,2,,1,0.0,0.4,,2014-08-01 12:24:20,,3,1,,1,,,,1
273348809489998,29637164020004,2013,54,75,2128,45,4,2,,1,,,,2014-08-01 12:24:20,,3,,,,,,,1
273348803489998,29637164020004,2013,54,75,2128,90,1,2,,1,,,,2014-08-01 12:24:20,,3,,,,,,,1
273348807489998,29637164020004,2013,54,75,2128,135,3,2,,1,,,,2014-08-01 12:24:20,,3,,,,,,,1
273348805489998,29637164020004,2013,54,75,2128,180,2,2,,1,,,,2014-08-01 12:24:20,,3,,,,,,,1
273348810489998,29637164020004,2013,54,75,2128,225,4,2,,1,,,,2014-08-01 12:24:20,,3,,,,,,,1
273348804489998,29637164020004,2013,54,75,2128,270,1,2,,1,,,,2014-08-01 12:24:20,,3,,,,,,,1
273348808489998,29637164020004,2013,54,75,2128,315,3,2,,1,,,,2014-08-01 12:24:20,,3,,,,,,,1
273348806489998,29637164020004,2013,54,75,2128,360,2,2,,1,,,,2014-08-01 12:24:20,,3,,,,,,,1
273363761489998,29637499020004,2013,54,81,474,45,4,2,,1,,,,2014-08-01 12:24:21,,3,,,,,,,1
273363755489998,29637499020004,2013,54,81,474,90,1,2,,1,,,,2014-08-01 12:24:21,,3,,,,,,,1
273363759489998,29637499020004,2013,54,81,474,135,3,2,,1,,,,2014-08-01 12:24:21,,3,,,,,,,1
273363757489998,29637499020004,2013,54,81,474,180,2,2,,1,,,,2014-08-01 12:24:21,,3,,,,,,,1
273363762489998,29637499020004,2013,54,81,474,225,4,2,,1,,,,2014-08-01 12:24:21,,3,,,,,,,1
273363756489998,29637499020004,2013,54,81,474,270,1,2,,1,,,,2014-08-01 12:24:21,,3,,,,,,,1
273363760489998,29637499020004,2013,54,81,474,315,3,2,,1,,,,2014-08-01 12:24:21,,3,,,,,,,1
273363758489998,29637499020004,2013,54,81,474,360,2,2,,1,,,,2014-08-01 12:24:21,,3,,,,,,,1
273345936489998,29637093020004,2013,54,83,119,45,4,2,,1,0.1,0.1,,2014-08-01 12:24:20,,3,1,,1,,,,1
273345930489998,29637093020004,2013,54,83,119,90,1,2,,1,0.0,1.0,,2014-08-01 12:24:20,,3,1,,1,,,,1
273345934489998,29637093020004,2013,54,83,119,135,3,2,,1,0.0,0.2,,2014-08-01 12:24:20,,3,1,,1,,,,1
273345932489998,29637093020004,2013,54,83,119,180,2,2,,1,0.3,0.6,,2014-08-01 12:24:20,,3,1,,1,,,,1
273345937489998,29637093020004,2013,54,83,119,225,4,2,,1,0.0,0.1,,2014-08-01 12:24:20,,3,1,,1,,,,1
273345931489998,29637093020004,2013,54,83,119,270,1,2,,1,0.0,0.7,,2014-08-01 12:24:20,,3,1,,1,,,,1
273345935489998,29637093020004,2013,54,83,119,315,3,2,,1,0.1,1.0,,2014-08-01 12:24:20,,3,1,,1,,,,1
273345933489998,29637093020004,2013,54,83,119,360,2,2,,1,0.2,0.7,,2014-08-01 12:24:20,,3,1,,1,,,,1
273366575489998,29637557020004,2013,54,83,214,45,4,2,,1,1.5,0.3,,2014-08-01 12:24:21,,3,1,,1,,,,1
273366569489998,29637557020004,2013,54,83,214,90,1,2,,1,1.1,0.9,,2014-08-01 12:24:21,,3,1,,1,,,,1
273366573489998,29637557020004,2013,54,83,214,135,3,2,,1,2.3,0.7,,2014-08-01 12:24:21,,3,1,,1,,,,1
273366571489998,29637557020004,2013,54,83,214,180,2,2,,1,2.9,0.2,,2014-08-01 12:24:21,,3,1,,1,,,,1
273366576489998,29637557020004,2013,54,83,214,225,4,2,,1,3.6,0.2,,2014-08-01 12:24:21,,3,1,,1,,,,1
273366570489998,29637557020004,2013,54,83,214,270,1,2,,1,1.7,0.8,,2014-08-01 12:24:21,,3,1,,1,,,,1
273366574489998,29637557020004,2013,54,83,214,315,3,2,,1,2.0,0.5,,2014-08-01 12:24:21,,3,1,,1,,,,1
273366572489998,29637557020004,2013,54,83,214,360,2,2,,1,1.2,0.2,,2014-08-01 12:24:21,,3,1,,1,,,,1
273366326489998,29637554020004,2013,54,83,265,45,4,2,,1,0.8,1.4,,2014-08-01 12:24:21,,3,1,,1,,,,1
273366320489998,29637554020004,2013,54,83,265,90,1,2,,1,0.2,0.7,,2014-08-01 12:24:21,,3,1,,1,,,,1
273366324489998,29637554020004,2013,54,83,265,135,3,2,,2,0.7,0.2,,2014-08-01 12:24:21,,3,1,,1,,,,1
273366322489998,29637554020004,2013,54,83,265,180,2,2,,2,0.8,1.1,,2014-08-01 12:24:21,,3,1,,1,,,,1
273366327489998,29637554020004,2013,54,83,265,225,4,2,,1,0.2,0.8,,2014-08-01 12:24:21,,3,1,,1,,,,1
273366321489998,29637554020004,2013,54,83,265,270,1,2,,1,1.1,1.6,,2014-08-01 12:24:21,,3,1,,1,,,,1
273366325489998,29637554020004,2013,54,83,265,315,3,2,,2,0.1,0.2,,2014-08-01 12:24:21,,3,1,,1,,,,1
273366323489998,29637554020004,2013,54,83,265,360,2,2,,2,0.1,0.1,,2014-08-01 12:24:21,,3,1,,1,,,,1
273356738489998,29637338020004,2013,54,85,1620,45,4,2,,1,0.0,0.1,,2014-08-01 12:24:20,,3,1,,1,,,,1
273356732489998,29637338020004,2013,54,85,1620,90,1,2,,1,0.0,0.0,,2014-08-01 12:24:20,,3,1,,1,,,,1
273356736489998,29637338020004,2013,54,85,1620,135,3,2,,1,0.0,1.9,,2014-08-01 12:24:20,,3,1,,1,,,,1
273356734489998,29637338020004,2013,54,85,1620,180,2,2,,1,0.0,0.2,,2014-08-01 12:24:20,,3,1,,1,,,,1
273356739489998,29637338020004,2013,54,85,1620,225,4,2,,1,0.1,2.2,,2014-08-01 12:24:20,,3,1,,1,,,,1
273356733489998,29637338020004,2013,54,85,1620,270,1,2,,1,0.2,0.3,,2014-08-01 12:24:20,,3,1,,1,,,,1
273356737489998,29637338020004,2013,54,85,1620,315,3,2,,1,0.0,0.2,,2014-08-01 12:24:20,,3,1,,1,,,,1
273356735489998,29637338020004,2013,54,85,1620,360,2,2,,1,0.0,0.0,,2014-08-01 12:24:20,,3,1,,1,,,,1
273355449489998,29637314020004,2013,54,87,744,45,4,2,,1,0.3,1.2,,2014-08-01 12:24:20,,3,1,,1,,,,1
273355443489998,29637314020004,2013,54,87,744,90,1,2,,1,0.4,1.0,,2014-08-01 12:24:20,,3,1,,1,,,,1
273355447489998,29637314020004,2013,54,87,744,135,3,2,,1,0.9,0.0,,2014-08-01 12:24:20,,3,1,,1,,,,1
273355445489998,29637314020004,2013,54,87,744,180,2,2,,1,0.3,0.2,,2014-08-01 12:24:20,,3,1,,1,,,,1
273355450489998,29637314020004,2013,54,87,744,225,4,2,,2,,,,2014-08-01 12:24:20,,3,,,,,,,1
273355444489998,29637314020004,2013,54,87,744,270,1,2,,1,0.2,0.6,,2014-08-01 12:24:20,,3,1,,1,,,,1
273355448489998,29637314020004,2013,54,87,744,315,3,2,,1,0.9,0.2,,2014-08-01 12:24:20,,3,1,,1,,,,1
273355446489998,29637314020004,2013,54,87,744,360,2,2,,1,0.3,0.2,,2014-08-01 12:24:20,,3,1,,1,,,,1
273359178489998,29637397020004,2013,54,89,2159,45,4,2,,1,,,,2014-08-01 12:24:20,,3,,,,,,,1
273359172489998,29637397020004,2013,54,89,2159,90,1,2,,1,,,,2014-08-01 12:24:20,,3,,,,,,,1
273359176489998,29637397020004,2013,54,89,2159,135,3,2,,1,,,,2014-08-01 12:24:20,,3,,,,,,,1
273359174489998,29637397020004,2013,54,89,2159,180,2,2,,1,,,,2014-08-01 12:24:20,,3,,,,,,,1
273359179489998,29637397020004,2013,54,89,2159,225,4,2,,1,,,,2014-08-01 12:24:20,,3,,,,,,,1
273359173489998,29637397020004,2013,54,89,2159,270,1,2,,1,,,,2014-08-01 12:24:20,,3,,,,,,,1
273359177489998,29637397020004,2013,54,89,2159,315,3,2,,1,,,,2014-08-01 12:24:20,,3,,,,,,,1
273359175489998,29637397020004,2013,54,89,2159,360,2,2,,1,,,,2014-08-01 12:24:20,,3,,,,,,,1
273350844489998,29637217020004,2013,54,93,218,45,4,2,,1,,,,2014-08-01 12:24:20,,3,,10,,10,,,0
273350838489998,29637217020004,2013,54,93,218,90,1,2,,1,,,,2014-08-01 12:24:20,,3,,10,,10,,,0
273350842489998,29637217020004,2013,54,93,218,135,3,2,,1,0.1,0.1,,2014-08-01 12:24:20,,3,1,,1,,,,1
273350840489998,29637217020004,2013,54,93,218,180,2,2,,1,,,,2014-08-01 12:24:20,,3,,10,,10,,,0
273350845489998,29637217020004,2013,54,93,218,225,4,2,,1,,,,2014-08-01 12:24:20,,3,,10,,10,,,0
273350839489998,29637217020004,2013,54,93,218,270,1,2,,1,,,,2014-08-01 12:24:20,,3,,10,,10,,,0
273350843489998,29637217020004,2013,54,93,218,315,3,2,,1,,,,2014-08-01 12:24:20,,3,,10,,10,,,0
273350841489998,29637217020004,2013,54,93,218,360,2,2,,1,,,,2014-08-01 12:24:20,,3,,10,,10,,,0
273345852489998,29637092020004,2013,54,93,1268,45,4,2,,1,0.0,0.0,,2014-08-01 12:24:20,,3,1,,1,,,,1
273345846489998,29637092020004,2013,54,93,1268,90,1,2,,1,0.0,0.5,,2014-08-01 12:24:20,,3,1,,1,,,,1
273345850489998,29637092020004,2013,54,93,1268,135,3,2,,1,0.0,1.0,,2014-08-01 12:24:20,,3,1,,1,,,,1
273345848489998,29637092020004,2013,54,93,1268,180,2,2,,1,0.7,0.8,,2014-08-01 12:24:20,,3,1,,1,,,,1
273345853489998,29637092020004,2013,54,93,1268,225,4,2,,1,0.0,0.0,,2014-08-01 12:24:20,,3,1,,1,,,,1
273345847489998,29637092020004,2013,54,93,1268,270,1,2,,1,0.0,0.2,,2014-08-01 12:24:20,,3,1,,1,,,,1
273345851489998,29637092020004,2013,54,93,1268,315,3,2,,1,0.0,0.0,,2014-08-01 12:24:20,,3,1,,1,,,,1
273345849489998,29637092020004,2013,54,93,1268,360,2,2,,1,0.6,1.0,,2014-08-01 12:24:20,,3,1,,1,,,,1
273356513489998,29637334020004,2013,54,95,808,45,4,2,,1,0.3,1.6,,2014-08-01 12:24:20,,3,1,,1,,,,1
273356507489998,29637334020004,2013,54,95,808,90,1,2,,1,0.1,0.6,,2014-08-01 12:24:20,,3,1,,1,,,,1
273356511489998,29637334020004,2013,54,95,808,135,3,2,,1,0.3,1.2,,2014-08-01 12:24:20,,3,1,,1,,,,1
273356509489998,29637334020004,2013,54,95,808,180,2,2,,1,0.8,0.4,,2014-08-01 12:24:20,,3,1,,1,,,,1
273356514489998,29637334020004,2013,54,95,808,225,4,2,,1,0.3,2.3,,2014-08-01 12:24:20,,3,1,,1,,,,1
273356508489998,29637334020004,2013,54,95,808,270,1,2,,1,0.3,0.8,,2014-08-01 12:24:20,,3,1,,1,,,,1
273356512489998,29637334020004,2013,54,95,808,315,3,2,,1,0.4,1.2,,2014-08-01 12:24:20,,3,1,,1,,,,1
273356510489998,29637334020004,2013,54,95,808,360,2,2,,1,0.4,0.5,,2014-08-01 12:24:20,,3,1,,1,,,,1
273356268489998,29637331020004,2013,54,95,964,45,4,2,,1,0.2,1.0,,2014-08-01 12:24:20,,3,1,,1,,,,1
273356262489998,29637331020004,2013,54,95,964,90,1,2,,1,0.8,0.0,,2014-08-01 12:24:20,,3,1,,1,,,,1
273356266489998,29637331020004,2013,54,95,964,135,3,2,,2,,,,2014-08-01 12:24:20,,3,,,,,,,1
273356264489998,29637331020004,2013,54,95,964,180,2,2,,1,0.6,1.3,,2014-08-01 12:24:20,,3,1,,1,,,,1
273356269489998,29637331020004,2013,54,95,964,225,4,2,,1,0.3,1.1,,2014-08-01 12:24:20,,3,1,,1,,,,1
273356263489998,29637331020004,2013,54,95,964,270,1,2,,1,0.3,0.2,,2014-08-01 12:24:20,,3,1,,1,,,,1
273356267489998,29637331020004,2013,54,95,964,315,3,2,,1,0.0,1.3,,2014-08-01 12:24:20,,3,1,,1,,,,1
273356265489998,29637331020004,2013,54,95,964,360,2,2,,1,0.0,1.5,,2014-08-01 12:24:20,,3,1,,1,,,,1
273362773489998,29637416020004,2013,54,97,1920,45,4,2,2013,1,0.0,0.0,,2014-08-01 12:24:20,,3,2,,2,,,,1
273362767489998,29637416020004,2013,54,97,1920,90,1,2,2013,1,0.0,0.0,,2014-08-01 12:24:20,,3,2,,2,,,,1
273362771489998,29637416020004,2013,54,97,1920,135,3,2,2013,1,0.0,0.0,,2014-08-01 12:24:20,,3,2,,2,,,,1
273362770489998,29637416020004,2013,54,97,1920,180,2,2,2013,1,0.0,0.0,,2014-08-01 12:24:20,,3,2,,2,,,,1
273362774489998,29637416020004,2013,54,97,1920,225,4,2,2013,1,0.0,0.0,,2014-08-01 12:24:20,,3,2,,2,,,,1
273362768489998,29637416020004,2013,54,97,1920,270,1,2,2013,1,0.0,0.0,,2014-08-01 12:24:20,,3,2,,2,,,,1
273362772489998,29637416020004,2013,54,97,1920,315,3,2,2013,1,0.0,0.0,,2014-08-01 12:24:20,,3,2,,2,,,,1
273362769489998,29637416020004,2013,54,97,1920,360,2,2,2013,1,0.0,0.0,,2014-08-01 12:24:20,,3,2,,2,,,,1
273355847489998,29637322020004,2013,54,99,274,45,4,2,,1,,,,2014-08-01 12:24:20,,3,,,,,,,1
273355841489998,29637322020004,2013,54,99,274,90,1,2,,1,,,,2014-08-01 12:24:20,,3,,,,,,,1
273355845489998,29637322020004,2013,54,99,274,135,3,2,,3,,,,2014-08-01 12:24:20,,3,,10,,10,,,0
273355843489998,29637322020004,2013,54,99,274,180,2,2,,2,0.0,0.4,,2014-08-01 12:24:20,,3,1,,1,,,,1
273355848489998,29637322020004,2013,54,99,274,225,4,2,,1,,,,2014-08-01 12:24:20,,3,,,,,,,1
273355842489998,29637322020004,2013,54,99,274,270,1,2,,1,,,,2014-08-01 12:24:20,,3,,,,,,,1
273355846489998,29637322020004,2013,54,99,274,315,3,2,,3,0.1,0.3,,2014-08-01 12:24:20,,3,1,,1,,,,1
273355844489998,29637322020004,2013,54,99,274,360,2,2,,2,0.0,0.1,,2014-08-01 12:24:20,,3,1,,1,,,,1
273364796489998,29637525020004,2013,54,101,1753,45,4,2,,1,3.2,0.8,,2014-08-01 12:24:21,,3,1,,1,,,,1
273364790489998,29637525020004,2013,54,101,1753,90,1,2,,1,0.9,0.5,,2014-08-01 12:24:21,,3,1,,1,,,,1
273364794489998,29637525020004,2013,54,101,1753,135,3,2,,1,3.8,0.6,,2014-08-01 12:24:21,,3,1,,1,,,,1
273364792489998,29637525020004,2013,54,101,1753,180,2,2,,1,4.1,1.3,,2014-08-01 12:24:21,,3,1,,1,,,,1
273364797489998,29637525020004,2013,54,101,1753,225,4,2,,1,3.8,0.7,,2014-08-01 12:24:21,,3,1,,1,,,,1
273364791489998,29637525020004,2013,54,101,1753,270,1,2,,1,3.9,0.5,,2014-08-01 12:24:21,,3,1,,1,,,,1
273364795489998,29637525020004,2013,54,101,1753,315,3,2,,1,1.6,0.8,,2014-08-01 12:24:21,,3,1,,1,,,,1
273364793489998,29637525020004,2013,54,101,1753,360,2,2,,1,2.9,1.2,,2014-08-01 12:24:21,,3,1,,1,,,,1
273346134489998,29637098020004,2013,54,103,1018,45,4,2,,2,,,,2014-08-01 12:24:20,,3,,,,,,,1
273346128489998,29637098020004,2013,54,103,1018,90,1,2,,1,0.1,1.2,,2014-08-01 12:24:20,,3,1,,1,,,,1
273346132489998,29637098020004,2013,54,103,1018,135,3,2,,1,0.0,0.0,,2014-08-01 12:24:20,,3,1,,1,,,,1
273346130489998,29637098020004,2013,54,103,1018,180,2,2,,1,0.0,0.3,,2014-08-01 12:24:20,,3,1,,1,,,,1
273346135489998,29637098020004,2013,54,103,1018,225,4,2,,2,,,,2014-08-01 12:24:20,,3,,,,,,,1
273346129489998,29637098020004,2013,54,103,1018,270,1,2,,1,0.0,0.2,,2014-08-01 12:24:20,,3,1,,1,,,,1
273346133489998,29637098020004,2013,54,103,1018,315,3,2,,1,1.4,0.6,,2014-08-01 12:24:20,,3,1,,1,,,,1
273346131489998,29637098020004,2013,54,103,1018,360,2,2,,2,,,,2014-08-01 12:24:20,,3,,,,,,,1
273360661489998,29637430020004,2013,54,107,934,45,4,2,,2,0.1,0.8,,2014-08-01 12:24:20,,3,1,,1,,,,1
273360655489998,29637430020004,2013,54,107,934,90,1,2,,1,0.1,1.4,,2014-08-01 12:24:20,,3,1,,1,,,,1
273360659489998,29637430020004,2013,54,107,934,135,3,2,,1,0.6,2.7,,2014-08-01 12:24:20,,3,1,,1,,,,1
273360657489998,29637430020004,2013,54,107,934,180,2,2,,1,0.1,1.7,,2014-08-01 12:24:20,,3,1,,1,,,,1
273360662489998,29637430020004,2013,54,107,934,225,4,2,,2,0.4,1.2,,2014-08-01 12:24:20,,3,1,,1,,,,1
273360656489998,29637430020004,2013,54,107,934,270,1,2,,1,0.1,2.5,,2014-08-01 12:24:20,,3,1,,1,,,,1
273360660489998,29637430020004,2013,54,107,934,315,3,2,,1,0.1,0.8,,2014-08-01 12:24:20,,3,1,,1,,,,1
273360658489998,29637430020004,2013,54,107,934,360,2,2,,1,0.4,0.9,,2014-08-01 12:24:20,,3,1,,1,,,,1
273348193489998,29637149020004,2013,54,109,1029,45,4,2,,1,,,,2014-08-01 12:24:20,,3,,,,,,,1
273348187489998,29637149020004,2013,54,109,1029,90,1,2,,1,,,,2014-08-01 12:24:20,,3,,,,,,,1
273348191489998,29637149020004,2013,54,109,1029,135,3,2,,1,,,,2014-08-01 12:24:20,,3,,,,,,,1
273348189489998,29637149020004,2013,54,109,1029,180,2,2,,1,,,,2014-08-01 12:24:20,,3,,,,,,,1
273348194489998,29637149020004,2013,54,109,1029,225,4,2,,1,,,,2014-08-01 12:24:20,,3,,,,,,,1
273348188489998,29637149020004,2013,54,109,1029,270,1,2,,1,,,,2014-08-01 12:24:20,,3,,,,,,,1
273348192489998,29637149020004,2013,54,109,1029,315,3,2,,1,,,,2014-08-01 12:24:20,,3,,,,,,,1
273348190489998,29637149020004,2013,54,109,1029,360,2,2,,2,0.1,0.7,,2014-08-01 12:24:20,,3,1,,1,,,,1
273351913489998,29637245020004,2013,54,109,1679,45,4,2,,2,0.1,1.2,,2014-08-01 12:24:20,,3,1,,1,,,,1
273351907489998,29637245020004,2013,54,109,1679,90,1,2,,1,,,,2014-08-01 12:24:20,,3,,,,,,,1
273351911489998,29637245020004,2013,54,109,1679,135,3,2,,1,,,,2014-08-01 12:24:20,,3,,,,,,,1
273351909489998,29637245020004,2013,54,109,1679,180,2,2,,2,0.0,0.5,,2014-08-01 12:24:20,,3,1,,1,,,,1
273351914489998,29637245020004,2013,54,109,1679,225,4,2,,2,0.1,0.3,,2014-08-01 12:24:20,,3,1,,1,,,,1
273351908489998,29637245020004,2013,54,109,1679,270,1,2,,1,,,,2014-08-01 12:24:20,,3,,,,,,,1
273351912489998,29637245020004,2013,54,109,1679,315,3,2,,1,,,,2014-08-01 12:24:20,,3,,,,,,,1
273351910489998,29637245020004,2013,54,109,1679,360,2,2,,2,0.4,0.0,,2014-08-01 12:24:20,,3,1,,1,,,,1
329742285489998,171920577020004,2014,54,1,1932,45,4,2,,1,,,,2015-05-22 07:01:39,,3,,10,,10,,,0
329742279489998,171920577020004,2014,54,1,1932,90,1,2,,1,0.1,0.3,,2015-05-22 07:01:39,,3,1,,1,,,,1
329742283489998,171920577020004,2014,54,1,1932,135,3,2,,2,,,,2015-05-22 07:01:39,,3,,,,,,,1
329742281489998,171920577020004,2014,54,1,1932,180,2,2,,1,0.5,0.7,,2015-05-22 07:01:39,,3,1,,1,,,,1
329742286489998,171920577020004,2014,54,1,1932,225,4,2,,1,0.2,1.0,,2015-05-22 07:01:39,,3,1,,1,,,,1
329742280489998,171920577020004,2014,54,1,1932,270,1,2,,1,0.2,1.1,,2015-05-22 07:01:39,,3,1,,1,,,,1
329742284489998,171920577020004,2014,54,1,1932,315,3,2,,2,,,,2015-05-22 07:01:39,,3,,,,,,,1
329742282489998,171920577020004,2014,54,1,1932,360,2,2,,1,0.1,0.2,,2015-05-22 07:01:39,,3,1,,1,,,,1
329745327489998,171920656020004,2014,54,3,1703,45,4,2,,1,0.2,1.5,,2015-05-22 07:01:39,,3,1,,1,,,,1
329745321489998,171920656020004,2014,54,3,1703,90,1,2,,1,0.1,2.6,,2015-05-22 07:01:39,,3,1,,1,,,,1
329745325489998,171920656020004,2014,54,3,1703,135,3,2,,1,0.4,1.3,,2015-05-22 07:01:39,,3,1,,1,,,,1
329745323489998,171920656020004,2014,54,3,1703,180,2,2,,1,0.3,2.3,,2015-05-22 07:01:39,,3,1,,1,,,,1
329745328489998,171920656020004,2014,54,3,1703,225,4,2,,1,0.9,2.1,,2015-05-22 07:01:39,,3,1,,1,,,,1
329745322489998,171920656020004,2014,54,3,1703,270,1,2,,1,0.2,2.3,,2015-05-22 07:01:39,,3,1,,1,,,,1
329745326489998,171920656020004,2014,54,3,1703,315,3,2,,1,0.5,1.1,,2015-05-22 07:01:39,,3,1,,1,,,,1
329745324489998,171920656020004,2014,54,3,1703,360,2,2,,1,0.2,1.5,,2015-05-22 07:01:39,,3,1,,1,,,,1
329731756489998,171920224020004,2014,54,5,1861,45,4,2,,1,,,,2015-05-22 07:01:38,,3,,,,,,,1
329731750489998,171920224020004,2014,54,5,1861,90,1,2,,1,,,,2015-05-22 07:01:38,,3,,,,,,,1
329731754489998,171920224020004,2014,54,5,1861,135,3,2,,1,,,,2015-05-22 07:01:38,,3,,,,,,,1
329731752489998,171920224020004,2014,54,5,1861,180,2,2,,1,,,,2015-05-22 07:01:38,,3,,,,,,,1
329731757489998,171920224020004,2014,54,5,1861,225,4,2,,1,,,,2015-05-22 07:01:38,,3,,,,,,,1
329731751489998,171920224020004,2014,54,5,1861,270,1,2,,1,,,,2015-05-22 07:01:38,,3,,,,,,,1
329731755489998,171920224020004,2014,54,5,1861,315,3,2,,1,,,,2015-05-22 07:01:38,,3,,,,,,,1
329731753489998,171920224020004,2014,54,5,1861,360,2,2,,1,,,,2015-05-22 07:01:38,,3,,,,,,,1
329737038489998,171920429020004,2014,54,5,2003,45,4,2,,1,,,,2015-05-22 07:01:38,,3,,,,,,,1
329737032489998,171920429020004,2014,54,5,2003,90,1,2,,1,,,,2015-05-22 07:01:38,,3,,,,,,,1
329737036489998,171920429020004,2014,54,5,2003,135,3,2,,1,,,,2015-05-22 07:01:38,,3,,,,,,,1
329737034489998,171920429020004,2014,54,5,2003,180,2,2,,1,,,,2015-05-22 07:01:38,,3,,,,,,,1
329737039489998,171920429020004,2014,54,5,2003,225,4,2,,1,,,,2015-05-22 07:01:38,,3,,,,,,,1
329737033489998,171920429020004,2014,54,5,2003,270,1,2,,1,,,,2015-05-22 07:01:38,,3,,,,,,,1
329737037489998,171920429020004,2014,54,5,2003,315,3,2,,1,,,,2015-05-22 07:01:38,,3,,,,,,,1
329737035489998,171920429020004,2014,54,5,2003,360,2,2,,1,,,,2015-05-22 07:01:38,,3,,,,,,,1
329743834489998,171920623020004,2014,54,7,1744,45,4,2,,1,0.0,0.2,,2015-05-22 07:01:39,,3,1,,1,,,,1
329743828489998,171920623020004,2014,54,7,1744,90,1,2,,1,0.2,0.7,,2015-05-22 07:01:39,,3,1,,1,,,,1
329743832489998,171920623020004,2014,54,7,1744,135,3,2,,1,0.1,0.5,,2015-05-22 07:01:39,,3,1,,1,,,,1
329743830489998,171920623020004,2014,54,7,1744,180,2,2,,1,0.8,1.0,,2015-05-22 07:01:39,,3,1,,1,,,,1
329743835489998,171920623020004,2014,54,7,1744,225,4,2,,1,0.1,0.1,,2015-05-22 07:01:39,,3,1,,1,,,,1
329743829489998,171920623020004,2014,54,7,1744,270,1,2,,1,1.6,2.0,,2015-05-22 07:01:39,,3,1,,1,,,,1
329743833489998,171920623020004,2014,54,7,1744,315,3,2,,1,0.0,0.2,,2015-05-22 07:01:39,,3,1,,1,,,,1
329743831489998,171920623020004,2014,54,7,1744,360,2,2,,1,0.0,0.2,,2015-05-22 07:01:39,,3,1,,1,,,,1
329738374489998,171920465020004,2014,54,11,797,45,4,2,,2,,,,2015-05-22 07:01:38,,3,,,,,,,1
329738368489998,171920465020004,2014,54,11,797,90,1,2,,1,0.0,2.1,,2015-05-22 07:01:38,,3,1,,1,,,,1
329738372489998,171920465020004,2014,54,11,797,135,3,2,,1,0.0,2.5,,2015-05-22 07:01:38,,3,1,,1,,,,1
329738370489998,171920465020004,2014,54,11,797,180,2,2,,1,0.1,0.1,,2015-05-22 07:01:38,,3,1,,1,,,,1
329738375489998,171920465020004,2014,54,11,797,225,4,2,,2,,,,2015-05-22 07:01:38,,3,,,,,,,1
329738369489998,171920465020004,2014,54,11,797,270,1,2,,1,0.0,2.0,,2015-05-22 07:01:38,,3,1,,1,,,,1
329738373489998,171920465020004,2014,54,11,797,315,3,2,,1,0.0,4.8,,2015-05-22 07:01:38,,3,1,,1,,,,1
329738371489998,171920465020004,2014,54,11,797,360,2,2,,1,0.0,0.4,,2015-05-22 07:01:38,,3,1,,1,,,,1
329738842489998,171920479020004,2014,54,17,1054,45,4,2,,1,0.0,0.4,,2015-05-22 07:01:38,,3,1,,1,,,,1
329738836489998,171920479020004,2014,54,17,1054,90,1,2,,1,0.2,1.1,,2015-05-22 07:01:38,,3,1,,1,,,,1
329738840489998,171920479020004,2014,54,17,1054,135,3,2,,1,0.3,1.9,,2015-05-22 07:01:38,,3,1,,1,,,,1
329738838489998,171920479020004,2014,54,17,1054,180,2,2,,1,0.1,0.7,,2015-05-22 07:01:38,,3,1,,1,,,,1
329738843489998,171920479020004,2014,54,17,1054,225,4,2,,1,0.0,0.2,,2015-05-22 07:01:38,,3,1,,1,,,,1
329738837489998,171920479020004,2014,54,17,1054,270,1,2,,1,0.5,0.6,,2015-05-22 07:01:38,,3,1,,1,,,,1
329738841489998,171920479020004,2014,54,17,1054,315,3,2,,1,0.1,1.0,,2015-05-22 07:01:38,,3,1,,1,,,,1
329738839489998,171920479020004,2014,54,17,1054,360,2,2,,1,0.4,0.6,,2015-05-22 07:01:38,,3,1,,1,,,,1
329741168489998,171920244020004,2014,54,25,950,45,4,2,2014,1,0.0,0.0,,2015-05-22 07:01:38,,3,2,,2,,,,1
329741162489998,171920244020004,2014,54,25,950,90,1,2,2014,1,0.0,0.0,,2015-05-22 07:01:38,,3,2,,2,,,,1
329741166489998,171920244020004,2014,54,25,950,135,3,2,2014,1,0.0,0.0,,2015-05-22 07:01:38,,3,2,,2,,,,1
329741165489998,171920244020004,2014,54,25,950,180,2,2,2014,1,0.0,0.0,,2015-05-22 07:01:38,,3,2,,2,,,,1
329741169489998,171920244020004,2014,54,25,950,225,4,2,2014,1,0.0,0.0,,2015-05-22 07:01:38,,3,2,,2,,,,1
329741163489998,171920244020004,2014,54,25,950,270,1,2,2014,1,0.0,0.0,,2015-05-22 07:01:38,,3,2,,2,,,,1
329741167489998,171920244020004,2014,54,25,950,315,3,2,2014,1,0.0,0.0,,2015-05-22 07:01:38,,3,2,,2,,,,1
329741164489998,171920244020004,2014,54,25,950,360,2,2,2014,1,0.0,0.0,,2015-05-22 07:01:38,,3,2,,2,,,,1
329733572489998,171920280020004,2014,54,25,1278,45,4,2,,1,,,,2015-05-22 07:01:38,,3,,,,,,,1
329733566489998,171920280020004,2014,54,25,1278,90,1,2,,1,,,,2015-05-22 07:01:38,,3,,,,,,,1
329733570489998,171920280020004,2014,54,25,1278,135,3,2,,1,,,,2015-05-22 07:01:38,,3,,,,,,,1
329733568489998,171920280020004,2014,54,25,1278,180,2,2,,1,,,,2015-05-22 07:01:38,,3,,,,,,,1
329733573489998,171920280020004,2014,54,25,1278,225,4,2,,1,,,,2015-05-22 07:01:38,,3,,,,,,,1
329733567489998,171920280020004,2014,54,25,1278,270,1,2,,1,,,,2015-05-22 07:01:38,,3,,,,,,,1
329733571489998,171920280020004,2014,54,25,1278,315,3,2,,1,,,,2015-05-22 07:01:38,,3,,,,,,,1
329733569489998,171920280020004,2014,54,25,1278,360,2,2,,1,,,,2015-05-22 07:01:38,,3,,,,,,,1
329744417489998,171920639020004,2014,54,25,1561,45,4,2,,1,2.5,0.6,,2015-05-22 07:01:39,,3,1,,1,,,,1
329744411489998,171920639020004,2014,54,25,1561,90,1,2,,1,2.3,0.9,,2015-05-22 07:01:39,,3,1,,1,,,,1
329744415489998,171920639020004,2014,54,25,1561,135,3,2,,1,2.0,1.7,,2015-05-22 07:01:39,,3,1,,1,,,,1
329744413489998,171920639020004,2014,54,25,1561,180,2,2,,1,3.5,1.0,,2015-05-22 07:01:39,,3,1,,1,,,,1
329744418489998,171920639020004,2014,54,25,1561,225,4,2,,1,3.0,2.1,,2015-05-22 07:01:39,,3,1,,1,,,,1
329744412489998,171920639020004,2014,54,25,1561,270,1,2,,1,3.5,0.8,,2015-05-22 07:01:39,,3,1,,1,,,,1
329744416489998,171920639020004,2014,54,25,1561,315,3,2,,1,2.5,0.6,,2015-05-22 07:01:39,,3,1,,1,,,,1
329744414489998,171920639020004,2014,54,25,1561,360,2,2,,1,5.0,1.8,,2015-05-22 07:01:39,,3,1,,1,,,,1
329739226489998,171920489020004,2014,54,25,2197,45,4,2,,1,0.3,1.5,,2015-05-22 07:01:38,,3,1,,1,,,,1
329739220489998,171920489020004,2014,54,25,2197,90,1,2,,1,0.0,0.8,,2015-05-22 07:01:38,,3,1,,1,,,,1
329739224489998,171920489020004,2014,54,25,2197,135,3,2,,1,0.0,1.3,,2015-05-22 07:01:38,,3,1,,1,,,,1
329739222489998,171920489020004,2014,54,25,2197,180,2,2,,1,0.1,0.8,,2015-05-22 07:01:38,,3,1,,1,,,,1
329739227489998,171920489020004,2014,54,25,2197,225,4,2,,1,0.7,2.5,,2015-05-22 07:01:38,,3,1,,1,,,,1
329739221489998,171920489020004,2014,54,25,2197,270,1,2,,1,0.3,1.3,,2015-05-22 07:01:38,,3,1,,1,,,,1
329739225489998,171920489020004,2014,54,25,2197,315,3,2,,1,0.5,1.1,,2015-05-22 07:01:38,,3,1,,1,,,,1
329739223489998,171920489020004,2014,54,25,2197,360,2,2,,1,1.5,2.0,,2015-05-22 07:01:38,,3,1,,1,,,,1
329741512489998,171920301020004,2014,54,27,1214,45,4,2,2014,1,0.0,0.0,,2015-05-22 07:01:38,,3,2,,2,,,,1
329741386489998,171920301020004,2014,54,27,1214,90,1,2,2014,1,0.0,0.0,,2015-05-22 07:01:38,,3,2,,2,,,,1
329741510489998,171920301020004,2014,54,27,1214,135,3,2,2014,1,0.0,0.0,,2015-05-22 07:01:38,,3,2,,2,,,,1
329741509489998,171920301020004,2014,54,27,1214,180,2,2,2014,1,0.0,0.0,,2015-05-22 07:01:38,,3,2,,2,,,,1
329741513489998,171920301020004,2014,54,27,1214,225,4,2,2014,1,0.0,0.0,,2015-05-22 07:01:38,,3,2,,2,,,,1
329741387489998,171920301020004,2014,54,27,1214,270,1,2,2014,1,0.0,0.0,,2015-05-22 07:01:38,,3,2,,2,,,,1
329741511489998,171920301020004,2014,54,27,1214,315,3,2,2014,1,0.0,0.0,,2015-05-22 07:01:38,,3,2,,2,,,,1
329741508489998,171920301020004,2014,54,27,1214,360,2,2,2014,1,0.0,0.0,,2015-05-22 07:01:38,,3,2,,2,,,,1
329743608489998,171920619020004,2014,54,29,248,45,4,2,,1,0.2,1.0,,2015-05-22 07:01:39,,3,1,,1,,,,1
329743602489998,171920619020004,2014,54,29,248,90,1,2,,1,,,,2015-05-22 07:01:39,,3,,10,,10,,,0
329743606489998,171920619020004,2014,54,29,248,135,3,2,,1,0.0,0.4,,2015-05-22 07:01:39,,3,1,,1,,,,1
329743604489998,171920619020004,2014,54,29,248,180,2,2,,1,,,,2015-05-22 07:01:39,,3,,10,,10,,,0
329743609489998,171920619020004,2014,54,29,248,225,4,2,,1,0.0,0.8,,2015-05-22 07:01:39,,3,1,,1,,,,1
329743603489998,171920619020004,2014,54,29,248,270,1,2,,1,0.0,0.8,,2015-05-22 07:01:39,,3,1,,1,,,,1
329743607489998,171920619020004,2014,54,29,248,315,3,2,,1,0.0,0.2,,2015-05-22 07:01:39,,3,1,,1,,,,1
329743605489998,171920619020004,2014,54,29,248,360,2,2,,1,,,,2015-05-22 07:01:39,,3,,10,,10,,,0
329745739489998,171920670020004,2014,54,31,598,45,4,2,,1,,,,2015-05-22 07:01:39,,3,,,,,,,1
329745733489998,171920670020004,2014,54,31,598,90,1,2,,1,,,,2015-05-22 07:01:39,,3,,,,,,,1
329745737489998,171920670020004,2014,54,31,598,135,3,2,,1,,,,2015-05-22 07:01:39,,3,,,,,,,1
329745735489998,171920670020004,2014,54,31,598,180,2,2,,1,,,,2015-05-22 07:01:39,,3,,,,,,,1
329745740489998,171920670020004,2014,54,31,598,225,4,2,,1,,,,2015-05-22 07:01:39,,3,,,,,,,1
329745734489998,171920670020004,2014,54,31,598,270,1,2,,1,,,,2015-05-22 07:01:39,,3,,,,,,,1
329745738489998,171920670020004,2014,54,31,598,315,3,2,,1,,,,2015-05-22 07:01:39,,3,,,,,,,1
329745736489998,171920670020004,2014,54,31,598,360,2,2,,1,,,,2015-05-22 07:01:39,,3,,,,,,,1
329734410489998,171920327020004,2014,54,31,2183,45,4,2,,1,0.0,0.5,,2015-05-22 07:01:38,,3,1,,1,,,,1
329734404489998,171920327020004,2014,54,31,2183,90,1,2,,1,2.5,1.7,,2015-05-22 07:01:38,,3,1,,1,,,,1
329734408489998,171920327020004,2014,54,31,2183,135,3,2,,1,0.3,0.6,,2015-05-22 07:01:38,,3,1,,1,,,,1
329734406489998,171920327020004,2014,54,31,2183,180,2,2,,2,0.0,0.1,,2015-05-22 07:01:38,,3,1,,1,,,,1
329734411489998,171920327020004,2014,54,31,2183,225,4,2,,1,1.3,1.5,,2015-05-22 07:01:38,,3,1,,1,,,,1
329734405489998,171920327020004,2014,54,31,2183,270,1,2,,1,2.1,1.1,,2015-05-22 07:01:38,,3,1,,1,,,,1
329734409489998,171920327020004,2014,54,31,2183,315,3,2,,1,1.0,1.2,,2015-05-22 07:01:38,,3,1,,1,,,,1
329734407489998,171920327020004,2014,54,31,2183,360,2,2,,2,1.5,0.7,,2015-05-22 07:01:38,,3,1,,1,,,,1
329745137489998,171920653020004,2014,54,37,213,45,4,2,,2,0.0,1.8,,2015-05-22 07:01:39,,3,1,,1,,,,1
329745131489998,171920653020004,2014,54,37,213,90,1,2,,1,0.0,0.6,,2015-05-22 07:01:39,,3,1,,1,,,,1
329745135489998,171920653020004,2014,54,37,213,135,3,2,,1,0.0,1.5,,2015-05-22 07:01:39,,3,1,,1,,,,1
329745133489998,171920653020004,2014,54,37,213,180,2,2,,2,0.0,1.4,,2015-05-22 07:01:39,,3,1,,1,,,,1
329745138489998,171920653020004,2014,54,37,213,225,4,2,,2,0.0,1.8,,2015-05-22 07:01:39,,3,1,,1,,,,1
329745132489998,171920653020004,2014,54,37,213,270,1,2,,1,0.2,3.2,,2015-05-22 07:01:39,,3,1,,1,,,,1
329745136489998,171920653020004,2014,54,37,213,315,3,2,,1,0.0,0.9,,2015-05-22 07:01:39,,3,1,,1,,,,1
329745134489998,171920653020004,2014,54,37,213,360,2,2,,2,0.2,2.6,,2015-05-22 07:01:39,,3,1,,1,,,,1
329735724489998,171920385020004,2014,54,39,649,45,4,2,,1,,,,2015-05-22 07:01:38,,3,,,,,,,1
329735718489998,171920385020004,2014,54,39,649,90,1,2,,1,,,,2015-05-22 07:01:38,,3,,,,,,,1
329735722489998,171920385020004,2014,54,39,649,135,3,2,,1,,,,2015-05-22 07:01:38,,3,,,,,,,1
329735720489998,171920385020004,2014,54,39,649,180,2,2,,1,,,,2015-05-22 07:01:38,,3,,,,,,,1
329735725489998,171920385020004,2014,54,39,649,225,4,2,,1,,,,2015-05-22 07:01:38,,3,,,,,,,1
329735719489998,171920385020004,2014,54,39,649,270,1,2,,1,,,,2015-05-22 07:01:38,,3,,,,,,,1
329735723489998,171920385020004,2014,54,39,649,315,3,2,,1,,,,2015-05-22 07:01:38,,3,,,,,,,1
329735721489998,171920385020004,2014,54,39,649,360,2,2,,1,,,,2015-05-22 07:01:38,,3,,,,,,,1
329735877489998,171920392020004,2014,54,39,1133,45,4,2,,1,0.5,1.6,,2015-05-22 07:01:38,,3,1,,1,,,,1
329735871489998,171920392020004,2014,54,39,1133,90,1,2,,1,0.4,1.2,,2015-05-22 07:01:38,,3,1,,1,,,,1
329735875489998,171920392020004,2014,54,39,1133,135,3,2,,1,0.6,2.3,,2015-05-22 07:01:38,,3,1,,1,,,,1
329735873489998,171920392020004,2014,54,39,1133,180,2,2,,1,0.1,1.1,,2015-05-22 07:01:38,,3,1,,1,,,,1
329735878489998,171920392020004,2014,54,39,1133,225,4,2,,1,0.4,0.1,,2015-05-22 07:01:38,,3,1,,1,,,,1
329735872489998,171920392020004,2014,54,39,1133,270,1,2,,1,0.3,1.7,,2015-05-22 07:01:38,,3,1,,1,,,,1
329735876489998,171920392020004,2014,54,39,1133,315,3,2,,1,1.5,0.6,,2015-05-22 07:01:38,,3,1,,1,,,,1
329735874489998,171920392020004,2014,54,39,1133,360,2,2,,1,0.4,1.5,,2015-05-22 07:01:38,,3,1,,1,,,,1
329732264489998,171920236020004,2014,54,39,1137,45,4,2,,2,,,,2015-05-22 07:01:38,,3,,,,,,,1
329732258489998,171920236020004,2014,54,39,1137,90,1,2,,1,0.9,1.2,,2015-05-22 07:01:38,,3,1,,1,,,,1
329732262489998,171920236020004,2014,54,39,1137,135,3,2,,1,0.2,1.2,,2015-05-22 07:01:38,,3,1,,1,,,,1
329732260489998,171920236020004,2014,54,39,1137,180,2,2,,1,0.3,2.4,,2015-05-22 07:01:38,,3,1,,1,,,,1
329732265489998,171920236020004,2014,54,39,1137,225,4,2,,1,0.1,1.1,,2015-05-22 07:01:38,,3,1,,1,,,,1
329732259489998,171920236020004,2014,54,39,1137,270,1,2,,1,1.3,1.7,,2015-05-22 07:01:38,,3,1,,1,,,,1
329732263489998,171920236020004,2014,54,39,1137,315,3,2,,1,0.6,2.7,,2015-05-22 07:01:38,,3,1,,1,,,,1
329732261489998,171920236020004,2014,54,39,1137,360,2,2,,1,0.0,0.2,,2015-05-22 07:01:38,,3,1,,1,,,,1
329762954489998,171920373020004,2014,54,39,1369,45,4,2,,1,0.0,0.1,,2015-05-22 08:27:17,,3,1,,1,,,,1
329762948489998,171920373020004,2014,54,39,1369,90,1,2,,1,0.5,1.2,,2015-05-22 08:27:17,,3,1,,1,,,,1
329762952489998,171920373020004,2014,54,39,1369,135,3,2,,1,0.8,1.7,,2015-05-22 08:27:17,,3,1,,1,,,,1
329762950489998,171920373020004,2014,54,39,1369,180,2,2,,2,,,,2015-05-22 08:27:17,,3,,,,,,,1
329762955489998,171920373020004,2014,54,39,1369,225,4,2,,1,0.0,0.9,,2015-05-22 08:27:17,,3,1,,1,,,,1
329762949489998,171920373020004,2014,54,39,1369,270,1,2,,1,0.1,0.1,,2015-05-22 08:27:17,,3,1,,1,,,,1
329762953489998,171920373020004,2014,54,39,1369,315,3,2,,1,0.0,0.1,,2015-05-22 08:27:17,,3,1,,1,,,,1
329762951489998,171920373020004,2014,54,39,1369,360,2,2,,2,,,,2015-05-22 08:27:17,,3,,,,,,,1
329732614489998,171920249020004,2014,54,39,2173,45,4,2,,1,0.0,0.7,,2015-05-22 07:01:38,,3,1,,1,,,,1
329732608489998,171920249020004,2014,54,39,2173,90,1,2,,2,,,,2015-05-22 07:01:38,,3,,,,,,,1
329732612489998,171920249020004,2014,54,39,2173,135,3,2,,1,0.0,0.1,,2015-05-22 07:01:38,,3,1,,1,,,,1
329732610489998,171920249020004,2014,54,39,2173,180,2,2,,1,0.1,0.5,,2015-05-22 07:01:38,,3,1,,1,,,,1
329732615489998,171920249020004,2014,54,39,2173,225,4,2,,1,0.4,1.3,,2015-05-22 07:01:38,,3,1,,1,,,,1
329732609489998,171920249020004,2014,54,39,2173,270,1,2,,1,0.1,0.5,,2015-05-22 07:01:38,,3,1,,1,,,,1
329732613489998,171920249020004,2014,54,39,2173,315,3,2,,1,0.0,0.6,,2015-05-22 07:01:38,,3,1,,1,,,,1
329732611489998,171920249020004,2014,54,39,2173,360,2,2,,1,0.0,0.2,,2015-05-22 07:01:38,,3,1,,1,,,,1
329737426489998,171920438020004,2014,54,45,534,45,4,2,,2,,,,2015-05-22 07:01:38,,3,,,,,,,1
329737420489998,171920438020004,2014,54,45,534,90,1,2,,1,1.2,2.0,,2015-05-22 07:01:38,,3,1,,1,,,,1
329737424489998,171920438020004,2014,54,45,534,135,3,2,,1,0.0,0.7,,2015-05-22 07:01:38,,3,1,,1,,,,1
329737422489998,171920438020004,2014,54,45,534,180,2,2,,1,0.3,0.6,,2015-05-22 07:01:38,,3,1,,1,,,,1
329737427489998,171920438020004,2014,54,45,534,225,4,2,,2,,,,2015-05-22 07:01:38,,3,,,,,,,1
329737421489998,171920438020004,2014,54,45,534,270,1,2,,1,1.7,3.5,,2015-05-22 07:01:38,,3,1,,1,,,,1
329737425489998,171920438020004,2014,54,45,534,315,3,2,,1,0.0,0.0,,2015-05-22 07:01:38,,3,1,,1,,,,1
329737423489998,171920438020004,2014,54,45,534,360,2,2,,1,0.3,0.0,,2015-05-22 07:01:38,,3,1,,1,,,,1
329737927489998,171920450020004,2014,54,47,437,45,4,2,,1,3.5,0.6,,2015-05-22 07:01:38,,3,1,,1,,,,1
329737921489998,171920450020004,2014,54,47,437,90,1,2,,1,0.6,1.1,,2015-05-22 07:01:38,,3,1,,1,,,,1
329737925489998,171920450020004,2014,54,47,437,135,3,2,,1,0.1,0.6,,2015-05-22 07:01:38,,3,1,,1,,,,1
329737923489998,171920450020004,2014,54,47,437,180,2,2,,1,2.3,4.5,,2015-05-22 07:01:38,,3,1,,1,,,,1
329737928489998,171920450020004,2014,54,47,437,225,4,2,,1,0.3,2.5,,2015-05-22 07:01:38,,3,1,,1,,,,1
329737922489998,171920450020004,2014,54,47,437,270,1,2,,1,1.7,0.9,,2015-05-22 07:01:38,,3,1,,1,,,,1
329737926489998,171920450020004,2014,54,47,437,315,3,2,,1,0.1,2.3,,2015-05-22 07:01:38,,3,1,,1,,,,1
329737924489998,171920450020004,2014,54,47,437,360,2,2,,1,0.7,1.0,,2015-05-22 07:01:38,,3,1,,1,,,,1
329742669489998,171920587020004,2014,54,55,961,45,4,2,,1,2.8,2.0,,2015-05-22 07:01:39,,3,1,,1,,,,1
329742663489998,171920587020004,2014,54,55,961,90,1,2,,1,2.3,1.5,,2015-05-22 07:01:39,,3,1,,1,,,,1
329742667489998,171920587020004,2014,54,55,961,135,3,2,,1,0.2,0.4,,2015-05-22 07:01:39,,3,1,,1,,,,1
329742665489998,171920587020004,2014,54,55,961,180,2,2,,1,0.0,0.4,,2015-05-22 07:01:39,,3,1,,1,,,,1
329742670489998,171920587020004,2014,54,55,961,225,4,2,,1,0.0,1.6,,2015-05-22 07:01:39,,3,1,,1,,,,1
329742664489998,171920587020004,2014,54,55,961,270,1,2,,1,0.1,1.3,,2015-05-22 07:01:39,,3,1,,1,,,,1
329742668489998,171920587020004,2014,54,55,961,315,3,2,,1,0.0,0.1,,2015-05-22 07:01:39,,3,1,,1,,,,1
329742666489998,171920587020004,2014,54,55,961,360,2,2,,1,0.0,0.3,,2015-05-22 07:01:39,,3,1,,1,,,,1
329739544489998,171920496020004,2014,54,55,2278,45,4,2,,1,0.1,0.0,,2015-05-22 07:01:38,,3,1,,1,,,,1
329739538489998,171920496020004,2014,54,55,2278,90,1,2,,1,0.9,3.5,,2015-05-22 07:01:38,,3,1,,1,,,,1
329739542489998,171920496020004,2014,54,55,2278,135,3,2,,1,0.2,1.0,,2015-05-22 07:01:38,,3,1,,1,,,,1
329739540489998,171920496020004,2014,54,55,2278,180,2,2,,1,0.3,3.5,,2015-05-22 07:01:38,,3,1,,1,,,,1
329739545489998,171920496020004,2014,54,55,2278,225,4,2,,1,0.3,0.8,,2015-05-22 07:01:38,,3,1,,1,,,,1
329739539489998,171920496020004,2014,54,55,2278,270,1,2,,1,0.1,3.3,,2015-05-22 07:01:38,,3,1,,1,,,,1
329739543489998,171920496020004,2014,54,55,2278,315,3,2,,1,2.5,3.7,,2015-05-22 07:01:38,,3,1,,1,,,,1
329739541489998,171920496020004,2014,54,55,2278,360,2,2,,1,0.1,1.1,,2015-05-22 07:01:38,,3,1,,1,,,,1
329731914489998,171920228020004,2014,54,59,257,45,4,2,,1,,,,2015-05-22 07:01:38,,3,,,,,,,1
329731908489998,171920228020004,2014,54,59,257,90,1,2,,1,,,,2015-05-22 07:01:38,,3,,,,,,,1
329731912489998,171920228020004,2014,54,59,257,135,3,2,,1,,,,2015-05-22 07:01:38,,3,,,,,,,1
329731910489998,171920228020004,2014,54,59,257,180,2,2,,1,,,,2015-05-22 07:01:38,,3,,,,,,,1
329731915489998,171920228020004,2014,54,59,257,225,4,2,,1,,,,2015-05-22 07:01:38,,3,,,,,,,1
329731909489998,171920228020004,2014,54,59,257,270,1,2,,1,,,,2015-05-22 07:01:38,,3,,,,,,,1
329731913489998,171920228020004,2014,54,59,257,315,3,2,,1,,,,2015-05-22 07:01:38,,3,,,,,,,1
329731911489998,171920228020004,2014,54,59,257,360,2,2,,1,,,,2015-05-22 07:01:38,,3,,,,,,,1
329737484489998,171920439020004,2014,54,59,835,45,4,2,,1,,,,2015-05-22 07:01:38,,3,,,,,,,1
329737478489998,171920439020004,2014,54,59,835,90,1,2,,1,,,,2015-05-22 07:01:38,,3,,,,,,,1
329737482489998,171920439020004,2014,54,59,835,135,3,2,,1,,,,2015-05-22 07:01:38,,3,,,,,,,1
329737480489998,171920439020004,2014,54,59,835,180,2,2,,1,,,,2015-05-22 07:01:38,,3,,,,,,,1
329737485489998,171920439020004,2014,54,59,835,225,4,2,,1,,,,2015-05-22 07:01:38,,3,,,,,,,1
329737479489998,171920439020004,2014,54,59,835,270,1,2,,1,,,,2015-05-22 07:01:38,,3,,,,,,,1
329737483489998,171920439020004,2014,54,59,835,315,3,2,,1,,,,2015-05-22 07:01:38,,3,,,,,,,1
329737481489998,171920439020004,2014,54,59,835,360,2,2,,1,,,,2015-05-22 07:01:38,,3,,,,,,,1
329740922489998,171920538020004,2014,54,61,2189,45,4,2,,1,1.5,0.3,,2015-05-22 07:01:39,,3,1,,1,,,,1
329740916489998,171920538020004,2014,54,61,2189,90,1,2,,1,0.2,0.2,,2015-05-22 07:01:39,,3,1,,1,,,,1
329740920489998,171920538020004,2014,54,61,2189,135,3,2,,1,2.0,0.5,,2015-05-22 07:01:39,,3,1,,1,,,,1
329740918489998,171920538020004,2014,54,61,2189,180,2,2,,1,,,,2015-05-22 07:01:39,,3,,10,,10,,,0
329740923489998,171920538020004,2014,54,61,2189,225,4,2,,1,3.0,0.2,,2015-05-22 07:01:39,,3,1,,1,,,,1
329740917489998,171920538020004,2014,54,61,2189,270,1,2,,1,2.8,0.5,,2015-05-22 07:01:39,,3,1,,1,,,,1
329740921489998,171920538020004,2014,54,61,2189,315,3,2,,1,0.5,1.5,,2015-05-22 07:01:39,,3,1,,1,,,,1
329740919489998,171920538020004,2014,54,61,2189,360,2,2,,1,2.2,0.2,,2015-05-22 07:01:39,,3,1,,1,,,,1
329741350489998,171920285020004,2014,54,63,2098,45,4,2,2014,1,0.0,0.0,,2015-05-22 07:01:38,,3,2,,2,,,,1
329741184489998,171920285020004,2014,54,63,2098,90,1,2,2014,1,0.0,0.0,,2015-05-22 07:01:38,,3,2,,2,,,,1
329741348489998,171920285020004,2014,54,63,2098,135,3,2,2014,1,0.0,0.0,,2015-05-22 07:01:38,,3,2,,2,,,,1
329741187489998,171920285020004,2014,54,63,2098,180,2,2,2014,1,0.0,0.0,,2015-05-22 07:01:38,,3,2,,2,,,,1
329741351489998,171920285020004,2014,54,63,2098,225,4,2,2014,1,0.0,0.0,,2015-05-22 07:01:38,,3,2,,2,,,,1
329741185489998,171920285020004,2014,54,63,2098,270,1,2,2014,1,0.0,0.0,,2015-05-22 07:01:38,,3,2,,2,,,,1
329741349489998,171920285020004,2014,54,63,2098,315,3,2,2014,1,0.0,0.0,,2015-05-22 07:01:38,,3,2,,2,,,,1
329741186489998,171920285020004,2014,54,63,2098,360,2,2,2014,1,0.0,0.0,,2015-05-22 07:01:38,,3,2,,2,,,,1
329763118489998,171920666020004,2014,54,65,623,45,4,2,,1,0.0,1.7,,2015-05-22 08:27:17,,3,1,,1,,,,1
329763112489998,171920666020004,2014,54,65,623,90,1,2,,2,,,,2015-05-22 08:27:17,,3,,,,,,,1
329763116489998,171920666020004,2014,54,65,623,135,3,2,,3,0.1,1.9,,2015-05-22 08:27:17,,3,1,,1,,,,1
329763114489998,171920666020004,2014,54,65,623,180,2,2,,1,0.0,0.7,,2015-05-22 08:27:17,,3,1,,1,,,,1
329763119489998,171920666020004,2014,54,65,623,225,4,2,,1,0.2,1.5,,2015-05-22 08:27:17,,3,1,,1,,,,1
329763113489998,171920666020004,2014,54,65,623,270,1,2,,1,0.0,2.0,,2015-05-22 08:27:17,,3,1,,1,,,,1
329763117489998,171920666020004,2014,54,65,623,315,3,2,,3,0.7,0.8,,2015-05-22 08:27:17,,3,1,,1,,,,1
329763115489998,171920666020004,2014,54,65,623,360,2,2,,1,0.0,0.4,,2015-05-22 08:27:17,,3,1,,1,,,,1
329733314489998,171920272020004,2014,54,75,1492,45,4,2,,1,,,,2015-05-22 07:01:38,,3,,,,,,,1
329733308489998,171920272020004,2014,54,75,1492,90,1,2,,1,,,,2015-05-22 07:01:38,,3,,,,,,,1
329733312489998,171920272020004,2014,54,75,1492,135,3,2,,1,,,,2015-05-22 07:01:38,,3,,,,,,,1
329733310489998,171920272020004,2014,54,75,1492,180,2,2,,1,,,,2015-05-22 07:01:38,,3,,,,,,,1
329733315489998,171920272020004,2014,54,75,1492,225,4,2,,1,,,,2015-05-22 07:01:38,,3,,,,,,,1
329733309489998,171920272020004,2014,54,75,1492,270,1,2,,1,,,,2015-05-22 07:01:38,,3,,,,,,,1
329733313489998,171920272020004,2014,54,75,1492,315,3,2,,1,,,,2015-05-22 07:01:38,,3,,,,,,,1
329733311489998,171920272020004,2014,54,75,1492,360,2,2,,1,,,,2015-05-22 07:01:38,,3,,,,,,,1
329743179489998,171920608020004,2014,54,75,2194,45,4,2,,1,3.0,1.7,,2015-05-22 07:01:39,,3,1,,1,,,,1
329743173489998,171920608020004,2014,54,75,2194,90,1,2,,1,0.0,0.2,,2015-05-22 07:01:39,,3,1,,1,,,,1
329743177489998,171920608020004,2014,54,75,2194,135,3,2,,1,0.8,0.4,,2015-05-22 07:01:39,,3,1,,1,,,,1
329743175489998,171920608020004,2014,54,75,2194,180,2,2,,1,0.5,0.2,,2015-05-22 07:01:39,,3,1,,1,,,,1
329743180489998,171920608020004,2014,54,75,2194,225,4,2,,1,0.0,0.4,,2015-05-22 07:01:39,,3,1,,1,,,,1
329743174489998,171920608020004,2014,54,75,2194,270,1,2,,1,0.1,0.2,,2015-05-22 07:01:39,,3,1,,1,,,,1
329743178489998,171920608020004,2014,54,75,2194,315,3,2,,1,0.0,0.4,,2015-05-22 07:01:39,,3,1,,1,,,,1
329743176489998,171920608020004,2014,54,75,2194,360,2,2,,1,0.7,1.8,,2015-05-22 07:01:39,,3,1,,1,,,,1
329733879489998,171920293020004,2014,54,77,273,45,4,2,,1,0.4,1.0,,2015-05-22 07:01:38,,3,1,,1,,,,1
329733873489998,171920293020004,2014,54,77,273,90,1,2,,1,0.3,1.0,,2015-05-22 07:01:38,,3,1,,1,,,,1
329733877489998,171920293020004,2014,54,77,273,135,3,2,,1,0.1,0.1,,2015-05-22 07:01:38,,3,1,,1,,,,1
329733875489998,171920293020004,2014,54,77,273,180,2,2,,1,0.0,0.5,,2015-05-22 07:01:38,,3,1,,1,,,,1
329733880489998,171920293020004,2014,54,77,273,225,4,2,,1,1.7,1.5,,2015-05-22 07:01:38,,3,1,,1,,,,1
329733874489998,171920293020004,2014,54,77,273,270,1,2,,1,2.7,1.0,,2015-05-22 07:01:38,,3,1,,1,,,,1
329733878489998,171920293020004,2014,54,77,273,315,3,2,,1,0.1,0.7,,2015-05-22 07:01:38,,3,1,,1,,,,1
329733876489998,171920293020004,2014,54,77,273,360,2,2,,1,0.2,0.5,,2015-05-22 07:01:38,,3,1,,1,,,,1
329731186489998,171920204020004,2014,54,77,1290,45,4,2,,1,0.9,0.5,,2015-05-22 07:01:38,,3,1,,1,,,,1
329731180489998,171920204020004,2014,54,77,1290,90,1,2,,1,1.7,1.1,,2015-05-22 07:01:38,,3,1,,1,,,,1
329731184489998,171920204020004,2014,54,77,1290,135,3,2,,1,3.1,0.7,,2015-05-22 07:01:38,,3,1,,1,,,,1
329731182489998,171920204020004,2014,54,77,1290,180,2,2,,1,0.3,1.4,,2015-05-22 07:01:38,,3,1,,1,,,,1
329731187489998,171920204020004,2014,54,77,1290,225,4,2,,1,0.5,2.0,,2015-05-22 07:01:38,,3,1,,1,,,,1
329731181489998,171920204020004,2014,54,77,1290,270,1,2,,1,0.0,0.2,,2015-05-22 07:01:38,,3,1,,1,,,,1
329731185489998,171920204020004,2014,54,77,1290,315,3,2,,1,1.0,1.5,,2015-05-22 07:01:38,,3,1,,1,,,,1
329731183489998,171920204020004,2014,54,77,1290,360,2,2,,1,1.4,0.7,,2015-05-22 07:01:38,,3,1,,1,,,,1
329730980489998,171920202020004,2014,54,77,1498,45,4,2,,1,0.2,0.2,,2015-05-22 07:01:38,,3,1,,1,,,,1
329730974489998,171920202020004,2014,54,77,1498,90,1,2,,1,2.0,0.5,,2015-05-22 07:01:38,,3,1,,1,,,,1
329730978489998,171920202020004,2014,54,77,1498,135,3,2,,1,0.7,0.5,,2015-05-22 07:01:38,,3,1,,1,,,,1
329730976489998,171920202020004,2014,54,77,1498,180,2,2,,1,3.3,1.0,,2015-05-22 07:01:38,,3,1,,1,,,,1
329730981489998,171920202020004,2014,54,77,1498,225,4,2,,1,1.5,0.5,,2015-05-22 07:01:38,,3,1,,1,,,,1
329730975489998,171920202020004,2014,54,77,1498,270,1,2,,1,4.0,1.0,,2015-05-22 07:01:38,,3,1,,1,,,,1
329730979489998,171920202020004,2014,54,77,1498,315,3,2,,1,1.7,0.8,,2015-05-22 07:01:38,,3,1,,1,,,,1
329730977489998,171920202020004,2014,54,77,1498,360,2,2,,1,1.0,0.5,,2015-05-22 07:01:38,,3,1,,1,,,,1
329732801489998,171920254020004,2014,54,81,914,45,4,2,,1,0.0,1.0,,2015-05-22 07:01:38,,3,1,,1,,,,1
329732795489998,171920254020004,2014,54,81,914,90,1,2,,1,0.0,0.2,,2015-05-22 07:01:38,,3,1,,1,,,,1
329732799489998,171920254020004,2014,54,81,914,135,3,2,,1,3.7,0.2,,2015-05-22 07:01:38,,3,1,,1,,,,1
329732797489998,171920254020004,2014,54,81,914,180,2,2,,1,0.0,1.0,,2015-05-22 07:01:38,,3,1,,1,,,,1
329732802489998,171920254020004,2014,54,81,914,225,4,2,,1,0.5,2.2,,2015-05-22 07:01:38,,3,1,,1,,,,1
329732796489998,171920254020004,2014,54,81,914,270,1,2,,1,0.7,1.7,,2015-05-22 07:01:38,,3,1,,1,,,,1
329732800489998,171920254020004,2014,54,81,914,315,3,2,,1,5.5,0.1,,2015-05-22 07:01:38,,3,1,,1,,,,1
329732798489998,171920254020004,2014,54,81,914,360,2,2,,1,1.7,1.5,,2015-05-22 07:01:38,,3,1,,1,,,,1
329741629489998,171920318020004,2014,54,83,1089,45,4,2,2014,1,0.0,0.0,,2015-05-22 07:01:38,,3,2,,2,,,,1
329741543489998,171920318020004,2014,54,83,1089,90,1,2,2014,1,0.0,0.0,,2015-05-22 07:01:38,,3,2,,2,,,,1
329741547489998,171920318020004,2014,54,83,1089,135,3,2,2014,1,0.0,0.0,,2015-05-22 07:01:38,,3,2,,2,,,,1
329741546489998,171920318020004,2014,54,83,1089,180,2,2,2014,1,0.0,0.0,,2015-05-22 07:01:38,,3,2,,2,,,,1
329741630489998,171920318020004,2014,54,83,1089,225,4,2,2014,1,0.0,0.0,,2015-05-22 07:01:38,,3,2,,2,,,,1
329741544489998,171920318020004,2014,54,83,1089,270,1,2,2014,1,0.0,0.0,,2015-05-22 07:01:38,,3,2,,2,,,,1
329741628489998,171920318020004,2014,54,83,1089,315,3,2,2014,1,0.0,0.0,,2015-05-22 07:01:38,,3,2,,2,,,,1
329741545489998,171920318020004,2014,54,83,1089,360,2,2,2014,1,0.0,0.0,,2015-05-22 07:01:38,,3,2,,2,,,,1
329744768489998,171920646020004,2014,54,83,1402,45,4,2,,1,0.9,1.2,,2015-05-22 07:01:39,,3,1,,1,,,,1
329744762489998,171920646020004,2014,54,83,1402,90,1,2,,1,1.7,1.0,,2015-05-22 07:01:39,,3,1,,1,,,,1
329744766489998,171920646020004,2014,54,83,1402,135,3,2,,1,1.1,0.7,,2015-05-22 07:01:39,,3,1,,1,,,,1
329744764489998,171920646020004,2014,54,83,1402,180,2,2,,1,1.0,1.0,,2015-05-22 07:01:39,,3,1,,1,,,,1
329744769489998,171920646020004,2014,54,83,1402,225,4,2,,1,1.7,1.2,,2015-05-22 07:01:39,,3,1,,1,,,,1
329744763489998,171920646020004,2014,54,83,1402,270,1,2,,1,1.3,1.4,,2015-05-22 07:01:39,,3,1,,1,,,,1
329744767489998,171920646020004,2014,54,83,1402,315,3,2,,1,0.4,1.0,,2015-05-22 07:01:39,,3,1,,1,,,,1
329744765489998,171920646020004,2014,54,83,1402,360,2,2,,1,2.0,2.5,,2015-05-22 07:01:39,,3,1,,1,,,,1
329744255489998,171920636020004,2014,54,83,2332,45,4,2,,1,1.1,1.4,,2015-05-22 07:01:39,,3,1,,1,,,,1
329744249489998,171920636020004,2014,54,83,2332,90,1,2,,1,1.5,1.2,,2015-05-22 07:01:39,,3,1,,1,,,,1
329744253489998,171920636020004,2014,54,83,2332,135,3,2,,1,0.9,0.5,,2015-05-22 07:01:39,,3,1,,1,,,,1
329744251489998,171920636020004,2014,54,83,2332,180,2,2,,1,1.4,1.2,,2015-05-22 07:01:39,,3,1,,1,,,,1
329744256489998,171920636020004,2014,54,83,2332,225,4,2,,1,1.9,2.1,,2015-05-22 07:01:39,,3,1,,1,,,,1
329744250489998,171920636020004,2014,54,83,2332,270,1,2,,1,2.6,1.8,,2015-05-22 07:01:39,,3,1,,1,,,,1
329744254489998,171920636020004,2014,54,83,2332,315,3,2,,1,1.5,3.0,,2015-05-22 07:01:39,,3,1,,1,,,,1
329744252489998,171920636020004,2014,54,83,2332,360,2,2,,1,1.9,1.0,,2015-05-22 07:01:39,,3,1,,1,,,,1
329740330489998,171920520020004,2014,54,85,2833,45,4,2,,1,0.2,1.1,,2015-05-22 07:01:39,,3,1,,1,,,,1
329740324489998,171920520020004,2014,54,85,2833,90,1,2,,1,0.2,0.9,,2015-05-22 07:01:39,,3,1,,1,,,,1
329740328489998,171920520020004,2014,54,85,2833,135,3,2,,1,0.3,1.3,,2015-05-22 07:01:39,,3,1,,1,,,,1
329740326489998,171920520020004,2014,54,85,2833,180,2,2,,1,0.0,0.8,,2015-05-22 07:01:39,,3,1,,1,,,,1
329740331489998,171920520020004,2014,54,85,2833,225,4,2,,1,1.2,0.8,,2015-05-22 07:01:39,,3,1,,1,,,,1
329740325489998,171920520020004,2014,54,85,2833,270,1,2,,1,0.0,0.3,,2015-05-22 07:01:39,,3,1,,1,,,,1
329740329489998,171920520020004,2014,54,85,2833,315,3,2,,1,0.0,0.0,,2015-05-22 07:01:39,,3,1,,1,,,,1
329740327489998,171920520020004,2014,54,85,2833,360,2,2,,1,0.0,0.0,,2015-05-22 07:01:39,,3,1,,1,,,,1
329741408489998,171920555020004,2014,54,87,2094,45,4,2,,1,,,,2015-05-22 07:01:39,,3,,,,,,,1
329741402489998,171920555020004,2014,54,87,2094,90,1,2,,1,,,,2015-05-22 07:01:39,,3,,,,,,,1
329741406489998,171920555020004,2014,54,87,2094,135,3,2,,1,,,,2015-05-22 07:01:39,,3,,,,,,,1
329741404489998,171920555020004,2014,54,87,2094,180,2,2,,1,,,,2015-05-22 07:01:39,,3,,,,,,,1
329741409489998,171920555020004,2014,54,87,2094,225,4,2,,1,,,,2015-05-22 07:01:39,,3,,,,,,,1
329741403489998,171920555020004,2014,54,87,2094,270,1,2,,1,,,,2015-05-22 07:01:39,,3,,,,,,,1
329741407489998,171920555020004,2014,54,87,2094,315,3,2,,1,,,,2015-05-22 07:01:39,,3,,,,,,,1
329741405489998,171920555020004,2014,54,87,2094,360,2,2,,1,,,,2015-05-22 07:01:39,,3,,,,,,,1
329741751489998,171920340020004,2014,54,93,856,45,4,2,2014,1,0.0,0.0,,2015-05-22 07:01:38,,3,2,,2,,,,1
329741665489998,171920340020004,2014,54,93,856,90,1,2,2014,1,0.0,0.0,,2015-05-22 07:01:38,,3,2,,2,,,,1
329741749489998,171920340020004,2014,54,93,856,135,3,2,2014,1,0.0,0.0,,2015-05-22 07:01:38,,3,2,,2,,,,1
329741748489998,171920340020004,2014,54,93,856,180,2,2,2014,1,0.0,0.0,,2015-05-22 07:01:38,,3,2,,2,,,,1
329741752489998,171920340020004,2014,54,93,856,225,4,2,2014,1,0.0,0.0,,2015-05-22 07:01:38,,3,2,,2,,,,1
329741666489998,171920340020004,2014,54,93,856,270,1,2,2014,1,0.0,0.0,,2015-05-22 07:01:38,,3,2,,2,,,,1
329741750489998,171920340020004,2014,54,93,856,315,3,2,2014,1,0.0,0.0,,2015-05-22 07:01:38,,3,2,,2,,,,1
329741667489998,171920340020004,2014,54,93,856,360,2,2,2014,1,0.0,0.0,,2015-05-22 07:01:38,,3,2,,2,,,,1
329738609489998,171920472020004,2014,54,95,1969,45,4,2,,1,0.2,0.7,,2015-05-22 07:01:38,,3,1,,1,,,,1
329738603489998,171920472020004,2014,54,95,1969,90,1,2,,1,0.0,0.7,,2015-05-22 07:01:38,,3,1,,1,,,,1
329738607489998,171920472020004,2014,54,95,1969,135,3,2,,2,,,,2015-05-22 07:01:38,,3,,,,,,,1
329738605489998,171920472020004,2014,54,95,1969,180,2,2,,1,0.0,0.2,,2015-05-22 07:01:38,,3,1,,1,,,,1
329738610489998,171920472020004,2014,54,95,1969,225,4,2,,1,0.0,0.0,,2015-05-22 07:01:38,,3,1,,1,,,,1
329738604489998,171920472020004,2014,54,95,1969,270,1,2,,1,0.0,0.5,,2015-05-22 07:01:38,,3,1,,1,,,,1
329738608489998,171920472020004,2014,54,95,1969,315,3,2,,2,,,,2015-05-22 07:01:38,,3,,,,,,,1
329738606489998,171920472020004,2014,54,95,1969,360,2,2,,1,0.0,0.3,,2015-05-22 07:01:38,,3,1,,1,,,,1
329740086489998,171920515020004,2014,54,97,2114,45,4,2,,1,2.1,1.8,,2015-05-22 07:01:39,,3,1,,1,,,,1
329740080489998,171920515020004,2014,54,97,2114,90,1,2,,1,0.5,2.0,,2015-05-22 07:01:38,,3,1,,1,,,,1
329740084489998,171920515020004,2014,54,97,2114,135,3,2,,2,,,,2015-05-22 07:01:39,,3,,,,,,,1
329740082489998,171920515020004,2014,54,97,2114,180,2,2,,2,,,,2015-05-22 07:01:38,,3,,,,,,,1
329740087489998,171920515020004,2014,54,97,2114,225,4,2,,1,2.5,2.0,,2015-05-22 07:01:39,,3,1,,1,,,,1
329740081489998,171920515020004,2014,54,97,2114,270,1,2,,1,0.8,1.3,,2015-05-22 07:01:38,,3,1,,1,,,,1
329740085489998,171920515020004,2014,54,97,2114,315,3,2,,2,,,,2015-05-22 07:01:39,,3,,,,,,,1
329740083489998,171920515020004,2014,54,97,2114,360,2,2,,1,0.5,1.2,,2015-05-22 07:01:39,,3,1,,1,,,,1
329730269489998,171920168020004,2014,54,101,2463,45,4,2,,1,0.7,1.1,,2015-05-22 07:01:38,,3,1,,1,,,,1
329730263489998,171920168020004,2014,54,101,2463,90,1,2,,1,0.1,0.2,,2015-05-22 07:01:38,,3,1,,1,,,,1
329730267489998,171920168020004,2014,54,101,2463,135,3,2,,1,2.7,2.0,,2015-05-22 07:01:38,,3,1,,1,,,,1
329730265489998,171920168020004,2014,54,101,2463,180,2,2,,1,0.1,0.5,,2015-05-22 07:01:38,,3,1,,1,,,,1
329730270489998,171920168020004,2014,54,101,2463,225,4,2,,1,0.1,2.0,,2015-05-22 07:01:38,,3,1,,1,,,,1
329730264489998,171920168020004,2014,54,101,2463,270,1,2,,1,0.1,0.5,,2015-05-22 07:01:38,,3,1,,1,,,,1
329730268489998,171920168020004,2014,54,101,2463,315,3,2,,1,0.2,1.1,,2015-05-22 07:01:38,,3,1,,1,,,,1
329730266489998,171920168020004,2014,54,101,2463,360,2,2,,1,0.1,1.0,,2015-05-22 07:01:38,,3,1,,1,,,,1
329740483489998,171920523020004,2014,54,105,1773,45,4,2,,2,,,,2015-05-22 07:01:39,,3,,,,,,,1
329740477489998,171920523020004,2014,54,105,1773,90,1,2,,1,0.0,0.7,,2015-05-22 07:01:39,,3,1,,1,,,,1
329740481489998,171920523020004,2014,54,105,1773,135,3,2,,2,,,,2015-05-22 07:01:39,,3,,,,,,,1
329740479489998,171920523020004,2014,54,105,1773,180,2,2,,1,2.4,3.8,,2015-05-22 07:01:39,,3,1,,1,,,,1
329740484489998,171920523020004,2014,54,105,1773,225,4,2,,3,,,,2015-05-22 07:01:39,,3,,10,,10,,,0
329740478489998,171920523020004,2014,54,105,1773,270,1,2,,1,0.1,0.4,,2015-05-22 07:01:39,,3,1,,1,,,,1
329740482489998,171920523020004,2014,54,105,1773,315,3,2,,2,,,,2015-05-22 07:01:39,,3,,,,,,,1
329740480489998,171920523020004,2014,54,105,1773,360,2,2,,1,0.1,0.2,,2015-05-22 07:01:39,,3,1,,1,,,,1
329738082489998,171920455020004,2014,54,107,1633,45,4,2,,1,,,,2015-05-22 07:01:38,,3,,,,,,,1
329738076489998,171920455020004,2014,54,107,1633,90,1,2,,1,,,,2015-05-22 07:01:38,,3,,,,,,,1
329738080489998,171920455020004,2014,54,107,1633,135,3,2,,1,,,,2015-05-22 07:01:38,,3,,,,,,,1
329738078489998,171920455020004,2014,54,107,1633,180,2,2,,1,,,,2015-05-22 07:01:38,,3,,,,,,,1
329738083489998,171920455020004,2014,54,107,1633,225,4,2,,1,,,,2015-05-22 07:01:38,,3,,,,,,,1
329738077489998,171920455020004,2014,54,107,1633,270,1,2,,1,,,,2015-05-22 07:01:38,,3,,,,,,,1
329738081489998,171920455020004,2014,54,107,1633,315,3,2,,1,,,,2015-05-22 07:01:38,,3,,,,,,,1
329738079489998,171920455020004,2014,54,107,1633,360,2,2,,1,,,,2015-05-22 07:01:38,,3,,,,,,,1
329737687489998,171920444020004,2014,54,109,328,45,4,2,,1,0.1,1.0,,2015-05-22 07:01:38,,3,1,,1,,,,1
329737681489998,171920444020004,2014,54,109,328,90,1,2,,1,0.1,1.3,,2015-05-22 07:01:38,,3,1,,1,,,,1
329737685489998,171920444020004,2014,54,109,328,135,3,2,,1,0.3,1.1,,2015-05-22 07:01:38,,3,1,,1,,,,1
329737683489998,171920444020004,2014,54,109,328,180,2,2,,1,0.1,0.0,,2015-05-22 07:01:38,,3,1,,1,,,,1
329737688489998,171920444020004,2014,54,109,328,225,4,2,,2,,,,2015-05-22 07:01:38,,3,,,,,,,1
329737682489998,171920444020004,2014,54,109,328,270,1,2,,1,0.1,1.5,,2015-05-22 07:01:38,,3,1,,1,,,,1
329737686489998,171920444020004,2014,54,109,328,315,3,2,,1,0.1,1.4,,2015-05-22 07:01:38,,3,1,,1,,,,1
329737684489998,171920444020004,2014,54,109,328,360,2,2,,1,0.1,2.4,,2015-05-22 07:01:38,,3,1,,1,,,,1
384454544489998,171920667020004,2015,54,3,610,45,4,2,,1,,,,2016-04-11 09:35:19,,3,,,,,,,1
384454538489998,171920667020004,2015,54,3,610,90,1,2,,1,,,,2016-04-11 09:35:19,,3,,,,,,,1
384454542489998,171920667020004,2015,54,3,610,135,3,2,,1,,,,2016-04-11 09:35:19,,3,,,,,,,1
384454540489998,171920667020004,2015,54,3,610,180,2,2,,1,,,,2016-04-11 09:35:19,,3,,,,,,,1
384454545489998,171920667020004,2015,54,3,610,225,4,2,,2,,,,2016-04-11 09:35:19,,3,,10,,10,,,0
384454539489998,171920667020004,2015,54,3,610,270,1,2,,1,,,,2016-04-11 09:35:19,,3,,,,,,,1
384454543489998,171920667020004,2015,54,3,610,315,3,2,,1,,,,2016-04-11 09:35:19,,3,,,,,,,1
384454541489998,171920667020004,2015,54,3,610,360,2,2,,1,,,,2016-04-11 09:35:19,,3,,,,,,,1
384459170489998,249981902489998,2015,54,5,139,45,4,2,,1,0.7,2.4,,2016-04-11 09:35:20,,3,1,,1,,,,1
384459164489998,249981902489998,2015,54,5,139,90,1,2,,1,0.1,2.5,,2016-04-11 09:35:20,,3,1,,1,,,,1
384459168489998,249981902489998,2015,54,5,139,135,3,2,,1,0.5,1.9,,2016-04-11 09:35:20,,3,1,,1,,,,1
384459166489998,249981902489998,2015,54,5,139,180,2,2,,2,,,,2016-04-11 09:35:20,,3,,10,,10,,,0
384459171489998,249981902489998,2015,54,5,139,225,4,2,,1,0.0,0.0,,2016-04-11 09:35:20,,3,1,,1,,,,1
384459165489998,249981902489998,2015,54,5,139,270,1,2,,1,1.7,4.7,,2016-04-11 09:35:20,,3,1,,1,,,,1
384459169489998,249981902489998,2015,54,5,139,315,3,2,,1,0.8,2.2,,2016-04-11 09:35:20,,3,1,,1,,,,1
384459167489998,249981902489998,2015,54,5,139,360,2,2,,2,0.2,0.7,,2016-04-11 09:35:20,,3,1,,1,,,,1
384453482489998,171920549020004,2015,54,7,1499,45,4,2,,1,,,,2016-04-11 09:35:19,,3,,,,,,,1
384453476489998,171920549020004,2015,54,7,1499,90,1,2,,1,,,,2016-04-11 09:35:19,,3,,,,,,,1
384453480489998,171920549020004,2015,54,7,1499,135,3,2,,1,,,,2016-04-11 09:35:19,,3,,,,,,,1
384453478489998,171920549020004,2015,54,7,1499,180,2,2,,1,,,,2016-04-11 09:35:19,,3,,,,,,,1
384453483489998,171920549020004,2015,54,7,1499,225,4,2,,1,,,,2016-04-11 09:35:19,,3,,,,,,,1
384453477489998,171920549020004,2015,54,7,1499,270,1,2,,1,,,,2016-04-11 09:35:19,,3,,,,,,,1
384453481489998,171920549020004,2015,54,7,1499,315,3,2,,1,,,,2016-04-11 09:35:19,,3,,,,,,,1
384453479489998,171920549020004,2015,54,7,1499,360,2,2,,1,,,,2016-04-11 09:35:19,,3,,,,,,,1
384456283489998,249981835489998,2015,54,9,576,45,4,2,,1,0.2,1.6,,2016-04-11 09:35:20,,3,1,,1,,,,1
384456277489998,249981835489998,2015,54,9,576,90,1,2,,1,0.0,0.2,,2016-04-11 09:35:19,,3,1,,1,,,,1
384456281489998,249981835489998,2015,54,9,576,135,3,2,,1,0.0,1.8,,2016-04-11 09:35:20,,3,1,,1,,,,1
384456279489998,249981835489998,2015,54,9,576,180,2,2,,1,0.0,0.0,,2016-04-11 09:35:19,,3,1,,1,,,,1
384456284489998,249981835489998,2015,54,9,576,225,4,2,,1,0.3,0.2,,2016-04-11 09:35:20,,3,1,,1,,,,1
384456278489998,249981835489998,2015,54,9,576,270,1,2,,1,0.4,1.5,,2016-04-11 09:35:19,,3,1,,1,,,,1
384456282489998,249981835489998,2015,54,9,576,315,3,2,,1,0.3,1.6,,2016-04-11 09:35:20,,3,1,,1,,,,1
384456280489998,249981835489998,2015,54,9,576,360,2,2,,1,0.9,1.7,,2016-04-11 09:35:19,,3,1,,1,,,,1
384453428489998,171920548020004,2015,54,13,1500,45,4,2,,1,1.3,2.1,,2016-04-11 09:35:19,,3,1,,1,,,,1
384453422489998,171920548020004,2015,54,13,1500,90,1,2,,1,0.1,0.5,,2016-04-11 09:35:19,,3,1,,1,,,,1
384453426489998,171920548020004,2015,54,13,1500,135,3,2,,1,0.1,2.3,,2016-04-11 09:35:19,,3,1,,1,,,,1
384453424489998,171920548020004,2015,54,13,1500,180,2,2,,1,0.5,2.5,,2016-04-11 09:35:19,,3,1,,1,,,,1
384453429489998,171920548020004,2015,54,13,1500,225,4,2,,1,0.0,1.5,,2016-04-11 09:35:19,,3,1,,1,,,,1
384453423489998,171920548020004,2015,54,13,1500,270,1,2,,1,1.2,1.2,,2016-04-11 09:35:19,,3,1,,1,,,,1
384453427489998,171920548020004,2015,54,13,1500,315,3,2,,1,0.0,1.0,,2016-04-11 09:35:19,,3,1,,1,,,,1
384453425489998,171920548020004,2015,54,13,1500,360,2,2,,1,0.1,0.4,,2016-04-11 09:35:19,,3,1,,1,,,,1
384452455489998,171920478020004,2015,54,17,2692,45,4,2,,1,0.0,1.5,,2016-04-11 09:35:19,,3,1,,1,,,,1
384452449489998,171920478020004,2015,54,17,2692,90,1,2,,1,0.0,0.2,,2016-04-11 09:35:19,,3,1,,1,,,,1
384452453489998,171920478020004,2015,54,17,2692,135,3,2,,1,0.1,2.2,,2016-04-11 09:35:19,,3,1,,1,,,,1
384452451489998,171920478020004,2015,54,17,2692,180,2,2,,1,0.0,3.5,,2016-04-11 09:35:19,,3,1,,1,,,,1
384452456489998,171920478020004,2015,54,17,2692,225,4,2,,1,0.0,1.0,,2016-04-11 09:35:19,,3,1,,1,,,,1
384452450489998,171920478020004,2015,54,17,2692,270,1,2,,1,0.0,1.5,,2016-04-11 09:35:19,,3,1,,1,,,,1
384452454489998,171920478020004,2015,54,17,2692,315,3,2,,1,0.0,2.2,,2016-04-11 09:35:19,,3,1,,1,,,,1
384452452489998,171920478020004,2015,54,17,2692,360,2,2,,2,,,,2016-04-11 09:35:19,,3,,,,,,,1
384458465489998,249981887489998,2015,54,23,2149,45,4,2,,1,,,,2016-04-11 09:35:20,,3,,,,,,,1
384458419489998,249981887489998,2015,54,23,2149,90,1,2,,1,,,,2016-04-11 09:35:20,,3,,,,,,,1
384458463489998,249981887489998,2015,54,23,2149,135,3,2,,1,,,,2016-04-11 09:35:20,,3,,,,,,,1
384458421489998,249981887489998,2015,54,23,2149,180,2,2,,1,,,,2016-04-11 09:35:20,,3,,,,,,,1
384458466489998,249981887489998,2015,54,23,2149,225,4,2,,1,,,,2016-04-11 09:35:20,,3,,,,,,,1
384458420489998,249981887489998,2015,54,23,2149,270,1,2,,1,,,,2016-04-11 09:35:20,,3,,,,,,,1
384458464489998,249981887489998,2015,54,23,2149,315,3,2,,1,,,,2016-04-11 09:35:20,,3,,,,,,,1
384458422489998,249981887489998,2015,54,23,2149,360,2,2,,1,,,,2016-04-11 09:35:20,,3,,,,,,,1
384458669489998,249981994489998,2015,54,25,353,45,4,2,2015,1,0.0,0.0,,2016-04-11 09:35:20,,3,2,,2,,,,1
384458663489998,249981994489998,2015,54,25,353,90,1,2,2015,1,0.0,0.0,,2016-04-11 09:35:20,,3,2,,2,,,,1
384458667489998,249981994489998,2015,54,25,353,135,3,2,2015,1,0.0,0.0,,2016-04-11 09:35:20,,3,2,,2,,,,1
384458666489998,249981994489998,2015,54,25,353,180,2,2,2015,1,0.0,0.0,,2016-04-11 09:35:20,,3,2,,2,,,,1
384458670489998,249981994489998,2015,54,25,353,225,4,2,2015,1,0.0,0.0,,2016-04-11 09:35:20,,3,2,,2,,,,1
384458664489998,249981994489998,2015,54,25,353,270,1,2,2015,1,0.0,0.0,,2016-04-11 09:35:20,,3,2,,2,,,,1
384458668489998,249981994489998,2015,54,25,353,315,3,2,2015,1,0.0,0.0,,2016-04-11 09:35:20,,3,2,,2,,,,1
384458665489998,249981994489998,2015,54,25,353,360,2,2,2015,1,0.0,0.0,,2016-04-11 09:35:20,,3,2,,2,,,,1
384462687489998,249981989489998,2015,54,25,580,45,4,2,,1,0.2,3.0,,2016-04-11 09:35:20,,3,1,,1,,,,1
384462681489998,249981989489998,2015,54,25,580,90,1,2,,1,0.3,2.1,,2016-04-11 09:35:20,,3,1,,1,,,,1
384462685489998,249981989489998,2015,54,25,580,135,3,2,,2,,,,2016-04-11 09:35:20,,3,,,,,,,1
384462683489998,249981989489998,2015,54,25,580,180,2,2,,1,0.1,2.6,,2016-04-11 09:35:20,,3,1,,1,,,,1
384462688489998,249981989489998,2015,54,25,580,225,4,2,,1,0.1,1.8,,2016-04-11 09:35:20,,3,1,,1,,,,1
384462682489998,249981989489998,2015,54,25,580,270,1,2,,1,0.0,0.9,,2016-04-11 09:35:20,,3,1,,1,,,,1
384462686489998,249981989489998,2015,54,25,580,315,3,2,,2,,,,2016-04-11 09:35:20,,3,,,,,,,1
384462684489998,249981989489998,2015,54,25,580,360,2,2,,1,0.8,2.7,,2016-04-11 09:35:20,,3,1,,1,,,,1
384454701489998,171920677020004,2015,54,25,2331,45,4,2,,1,0.1,3.7,,2016-04-11 09:35:19,,3,1,,1,,,,1
384454695489998,171920677020004,2015,54,25,2331,90,1,2,,1,0.1,2.3,,2016-04-11 09:35:19,,3,1,,1,,,,1
384454699489998,171920677020004,2015,54,25,2331,135,3,2,,1,0.0,0.1,,2016-04-11 09:35:19,,3,1,,1,,,,1
384454697489998,171920677020004,2015,54,25,2331,180,2,2,,1,0.0,1.1,,2016-04-11 09:35:19,,3,1,,1,,,,1
384454702489998,171920677020004,2015,54,25,2331,225,4,2,,1,0.1,0.8,,2016-04-11 09:35:19,,3,1,,1,,,,1
384454696489998,171920677020004,2015,54,25,2331,270,1,2,,1,0.1,1.2,,2016-04-11 09:35:19,,3,1,,1,,,,1
384454700489998,171920677020004,2015,54,25,2331,315,3,2,,1,0.0,0.6,,2016-04-11 09:35:19,,3,1,,1,,,,1
384454698489998,171920677020004,2015,54,25,2331,360,2,2,,1,0.1,0.7,,2016-04-11 09:35:19,,3,1,,1,,,,1
384456789489998,249981845489998,2015,54,31,1695,45,4,2,,2,2.8,2.7,,2016-04-11 09:35:20,,3,1,,1,,,,1
384456783489998,249981845489998,2015,54,31,1695,90,1,2,,2,2.4,2.8,,2016-04-11 09:35:20,,3,1,,1,,,,1
384456787489998,249981845489998,2015,54,31,1695,135,3,2,,2,3.5,2.2,,2016-04-11 09:35:20,,3,1,,1,,,,1
384456785489998,249981845489998,2015,54,31,1695,180,2,2,,2,0.6,0.8,,2016-04-11 09:35:20,,3,1,,1,,,,1
384456790489998,249981845489998,2015,54,31,1695,225,4,2,,2,3.7,2.7,,2016-04-11 09:35:20,,3,1,,1,,,,1
384456784489998,249981845489998,2015,54,31,1695,270,1,2,,2,0.2,2.4,,2016-04-11 09:35:20,,3,1,,1,,,,1
384456788489998,249981845489998,2015,54,31,1695,315,3,2,,2,0.4,1.2,,2016-04-11 09:35:20,,3,1,,1,,,,1
384456786489998,249981845489998,2015,54,31,1695,360,2,2,,2,0.6,1.9,,2016-04-11 09:35:20,,3,1,,1,,,,1
384463956489998,249982015489998,2015,54,33,830,45,4,2,,1,,,,2016-04-11 09:35:20,,3,,,,,,,1
384463950489998,249982015489998,2015,54,33,830,90,1,2,,1,,,,2016-04-11 09:35:20,,3,,,,,,,1
384463954489998,249982015489998,2015,54,33,830,135,3,2,,1,,,,2016-04-11 09:35:20,,3,,,,,,,1
384463952489998,249982015489998,2015,54,33,830,180,2,2,,1,,,,2016-04-11 09:35:20,,3,,,,,,,1
384463957489998,249982015489998,2015,54,33,830,225,4,2,,1,,,,2016-04-11 09:35:20,,3,,,,,,,1
384463951489998,249982015489998,2015,54,33,830,270,1,2,,1,,,,2016-04-11 09:35:20,,3,,,,,,,1
384463955489998,249982015489998,2015,54,33,830,315,3,2,,1,,,,2016-04-11 09:35:20,,3,,,,,,,1
384463953489998,249982015489998,2015,54,33,830,360,2,2,,1,,,,2016-04-11 09:35:20,,3,,,,,,,1
384458944489998,249981898489998,2015,54,35,949,45,4,2,,1,0.1,0.0,,2016-04-11 09:35:20,,3,1,,1,,,,1
384458938489998,249981898489998,2015,54,35,949,90,1,2,,1,0.6,0.5,,2016-04-11 09:35:20,,3,1,,1,,,,1
384458942489998,249981898489998,2015,54,35,949,135,3,2,,2,,,,2016-04-11 09:35:20,,3,,,,,,,1
384458940489998,249981898489998,2015,54,35,949,180,2,2,,2,,,,2016-04-11 09:35:20,,3,,,,,,,1
384458945489998,249981898489998,2015,54,35,949,225,4,2,,1,0.0,0.3,,2016-04-11 09:35:20,,3,1,,1,,,,1
384458939489998,249981898489998,2015,54,35,949,270,1,2,,1,0.0,4.5,,2016-04-11 09:35:20,,3,1,,1,,,,1
384458943489998,249981898489998,2015,54,35,949,315,3,2,,2,,,,2016-04-11 09:35:20,,3,,,,,,,1
384458941489998,249981898489998,2015,54,35,949,360,2,2,,1,0.2,0.4,,2016-04-11 09:35:20,,3,1,,1,,,,1
384458878489998,249981897489998,2015,54,35,1145,45,4,2,,3,,,,2016-04-11 09:35:20,,3,,,,,,,1
384458872489998,249981897489998,2015,54,35,1145,90,1,2,,1,0.7,4.1,,2016-04-11 09:35:20,,3,1,,1,,,,1
384458876489998,249981897489998,2015,54,35,1145,135,3,2,,1,0.4,2.8,,2016-04-11 09:35:20,,3,1,,1,,,,1
384458874489998,249981897489998,2015,54,35,1145,180,2,2,,1,0.6,1.7,,2016-04-11 09:35:20,,3,1,,1,,,,1
384458879489998,249981897489998,2015,54,35,1145,225,4,2,,3,,,,2016-04-11 09:35:20,,3,,,,,,,1
384458873489998,249981897489998,2015,54,35,1145,270,1,2,,2,,,,2016-04-11 09:35:20,,3,,,,,,,1
384458877489998,249981897489998,2015,54,35,1145,315,3,2,,2,,,,2016-04-11 09:35:20,,3,,,,,,,1
384458875489998,249981897489998,2015,54,35,1145,360,2,2,,1,1.4,0.4,,2016-04-11 09:35:20,,3,1,,1,,,,1
384458691489998,249982049489998,2015,54,37,544,45,4,2,2015,1,0.0,0.0,,2016-04-11 09:35:20,,3,2,,2,,,,1
384458685489998,249982049489998,2015,54,37,544,90,1,2,2015,1,0.0,0.0,,2016-04-11 09:35:20,,3,2,,2,,,,1
384458689489998,249982049489998,2015,54,37,544,135,3,2,2015,1,0.0,0.0,,2016-04-11 09:35:20,,3,2,,2,,,,1
384458688489998,249982049489998,2015,54,37,544,180,2,2,2015,1,0.0,0.0,,2016-04-11 09:35:20,,3,2,,2,,,,1
384458692489998,249982049489998,2015,54,37,544,225,4,2,2015,1,0.0,0.0,,2016-04-11 09:35:20,,3,2,,2,,,,1
384458686489998,249982049489998,2015,54,37,544,270,1,2,2015,1,0.0,0.0,,2016-04-11 09:35:20,,3,2,,2,,,,1
384458690489998,249982049489998,2015,54,37,544,315,3,2,2015,1,0.0,0.0,,2016-04-11 09:35:20,,3,2,,2,,,,1
384458687489998,249982049489998,2015,54,37,544,360,2,2,2015,1,0.0,0.0,,2016-04-11 09:35:20,,3,2,,2,,,,1
384459540489998,249981909489998,2015,54,39,210,45,4,2,,1,,,,2016-04-11 09:35:20,,3,,,,,,,1
384459534489998,249981909489998,2015,54,39,210,90,1,2,,1,,,,2016-04-11 09:35:20,,3,,,,,,,1
384459538489998,249981909489998,2015,54,39,210,135,3,2,,1,,,,2016-04-11 09:35:20,,3,,,,,,,1
384459536489998,249981909489998,2015,54,39,210,180,2,2,,1,,,,2016-04-11 09:35:20,,3,,,,,,,1
384459541489998,249981909489998,2015,54,39,210,225,4,2,,1,,,,2016-04-11 09:35:20,,3,,,,,,,1
384459535489998,249981909489998,2015,54,39,210,270,1,2,,1,,,,2016-04-11 09:35:20,,3,,,,,,,1
384459539489998,249981909489998,2015,54,39,210,315,3,2,,1,,,,2016-04-11 09:35:20,,3,,,,,,,1
384459537489998,249981909489998,2015,54,39,210,360,2,2,,1,,,,2016-04-11 09:35:20,,3,,,,,,,1
384451362489998,171920387020004,2015,54,39,791,45,4,2,,1,0.1,0.7,,2016-04-11 09:35:19,,3,1,,1,,,,1
384451356489998,171920387020004,2015,54,39,791,90,1,2,,1,0.3,0.3,,2016-04-11 09:35:19,,3,1,,1,,,,1
384451360489998,171920387020004,2015,54,39,791,135,3,2,,1,0.1,0.6,,2016-04-11 09:35:19,,3,1,,1,,,,1
384451358489998,171920387020004,2015,54,39,791,180,2,2,,1,0.1,0.6,,2016-04-11 09:35:19,,3,1,,1,,,,1
384451363489998,171920387020004,2015,54,39,791,225,4,2,,1,0.1,0.7,,2016-04-11 09:35:19,,3,1,,1,,,,1
384451357489998,171920387020004,2015,54,39,791,270,1,2,,1,0.1,0.3,,2016-04-11 09:35:19,,3,1,,1,,,,1
384451361489998,171920387020004,2015,54,39,791,315,3,2,,1,0.1,3.3,,2016-04-11 09:35:19,,3,1,,1,,,,1
384451359489998,171920387020004,2015,54,39,791,360,2,2,,1,0.1,3.2,,2016-04-11 09:35:19,,3,1,,1,,,,1
384464175489998,249982019489998,2015,54,41,2378,45,4,2,,1,1.5,1.6,,2016-04-11 09:35:20,,3,1,,1,,,,1
384464169489998,249982019489998,2015,54,41,2378,90,1,2,,1,0.6,0.9,,2016-04-11 09:35:20,,3,1,,1,,,,1
384464173489998,249982019489998,2015,54,41,2378,135,3,2,,1,0.1,0.3,,2016-04-11 09:35:20,,3,1,,1,,,,1
384464171489998,249982019489998,2015,54,41,2378,180,2,2,,1,0.9,1.1,,2016-04-11 09:35:20,,3,1,,1,,,,1
384464176489998,249982019489998,2015,54,41,2378,225,4,2,,1,1.4,1.2,,2016-04-11 09:35:20,,3,1,,1,,,,1
384464170489998,249982019489998,2015,54,41,2378,270,1,2,,1,0.4,0.6,,2016-04-11 09:35:20,,3,1,,1,,,,1
384464174489998,249982019489998,2015,54,41,2378,315,3,2,,1,0.2,1.4,,2016-04-11 09:35:20,,3,1,,1,,,,1
384464172489998,249982019489998,2015,54,41,2378,360,2,2,,1,0.7,1.0,,2016-04-11 09:35:20,,3,1,,1,,,,1
384456898489998,249981846489998,2015,54,43,235,45,4,2,,1,0.5,0.7,,2016-04-11 09:35:20,,3,1,,1,,,,1
384456892489998,249981846489998,2015,54,43,235,90,1,2,,1,0.3,0.7,,2016-04-11 09:35:20,,3,1,,1,,,,1
384456896489998,249981846489998,2015,54,43,235,135,3,2,,1,0.3,1.2,,2016-04-11 09:35:20,,3,1,,1,,,,1
384456894489998,249981846489998,2015,54,43,235,180,2,2,,1,0.4,0.4,,2016-04-11 09:35:20,,3,1,,1,,,,1
384456899489998,249981846489998,2015,54,43,235,225,4,2,,1,0.3,0.3,,2016-04-11 09:35:20,,3,1,,1,,,,1
384456893489998,249981846489998,2015,54,43,235,270,1,2,,1,0.2,0.5,,2016-04-11 09:35:20,,3,1,,1,,,,1
384456897489998,249981846489998,2015,54,43,235,315,3,2,,1,0.3,0.4,,2016-04-11 09:35:20,,3,1,,1,,,,1
384456895489998,249981846489998,2015,54,43,235,360,2,2,,1,0.4,0.9,,2016-04-11 09:35:20,,3,1,,1,,,,1
384461198489998,249981948489998,2015,54,47,2474,45,4,2,,1,0.7,1.4,,2016-04-11 09:35:20,,3,1,,1,,,,1
384461192489998,249981948489998,2015,54,47,2474,90,1,2,,1,0.7,2.1,,2016-04-11 09:35:20,,3,1,,1,,,,1
384461196489998,249981948489998,2015,54,47,2474,135,3,2,,1,1.0,0.4,,2016-04-11 09:35:20,,3,1,,1,,,,1
384461194489998,249981948489998,2015,54,47,2474,180,2,2,,1,1.0,1.6,,2016-04-11 09:35:20,,3,1,,1,,,,1
384461199489998,249981948489998,2015,54,47,2474,225,4,2,,1,0.3,0.5,,2016-04-11 09:35:20,,3,1,,1,,,,1
384461193489998,249981948489998,2015,54,47,2474,270,1,2,,1,1.7,2.5,,2016-04-11 09:35:20,,3,1,,1,,,,1
384461197489998,249981948489998,2015,54,47,2474,315,3,2,,1,0.4,0.6,,2016-04-11 09:35:20,,3,1,,1,,,,1
384461195489998,249981948489998,2015,54,47,2474,360,2,2,,1,0.6,1.6,,2016-04-11 09:35:20,,3,1,,1,,,,1
384461940489998,249981972489998,2015,54,53,532,45,4,2,,1,,,,2016-04-11 09:35:20,,3,,,,,,,1
384461934489998,249981972489998,2015,54,53,532,90,1,2,,1,,,,2016-04-11 09:35:20,,3,,,,,,,1
384461938489998,249981972489998,2015,54,53,532,135,3,2,,1,,,,2016-04-11 09:35:20,,3,,,,,,,1
384461936489998,249981972489998,2015,54,53,532,180,2,2,,1,,,,2016-04-11 09:35:20,,3,,,,,,,1
384461941489998,249981972489998,2015,54,53,532,225,4,2,,1,,,,2016-04-11 09:35:20,,3,,,,,,,1
384461935489998,249981972489998,2015,54,53,532,270,1,2,,1,,,,2016-04-11 09:35:20,,3,,,,,,,1
384461939489998,249981972489998,2015,54,53,532,315,3,2,,1,,,,2016-04-11 09:35:20,,3,,,,,,,1
384461937489998,249981972489998,2015,54,53,532,360,2,2,,1,,,,2016-04-11 09:35:20,,3,,,,,,,1
384463779489998,249982012489998,2015,54,55,737,45,4,2,,2,0.0,0.0,,2016-04-11 09:35:20,,3,1,,1,,,,1
384463773489998,249982012489998,2015,54,55,737,90,1,2,,1,0.0,0.6,,2016-04-11 09:35:20,,3,1,,1,,,,1
384463777489998,249982012489998,2015,54,55,737,135,3,2,,1,0.9,1.2,,2016-04-11 09:35:20,,3,1,,1,,,,1
384463775489998,249982012489998,2015,54,55,737,180,2,2,,1,0.1,2.0,,2016-04-11 09:35:20,,3,1,,1,,,,1
384463780489998,249982012489998,2015,54,55,737,225,4,2,,2,0.1,0.8,,2016-04-11 09:35:20,,3,1,,1,,,,1
384463774489998,249982012489998,2015,54,55,737,270,1,2,,1,0.0,0.3,,2016-04-11 09:35:20,,3,1,,1,,,,1
384463778489998,249982012489998,2015,54,55,737,315,3,2,,1,0.1,1.2,,2016-04-11 09:35:20,,3,1,,1,,,,1
384463776489998,249982012489998,2015,54,55,737,360,2,2,,1,0.1,1.9,,2016-04-11 09:35:20,,3,1,,1,,,,1
384460204489998,249981924489998,2015,54,59,1096,45,4,2,,2,0.1,0.5,,2016-04-11 09:35:20,,3,1,,1,,,,1
384460198489998,249981924489998,2015,54,59,1096,90,1,2,,1,,,,2016-04-11 09:35:20,,3,,,,,,,1
384460202489998,249981924489998,2015,54,59,1096,135,3,2,,2,0.8,1.3,,2016-04-11 09:35:20,,3,1,,1,,,,1
384460200489998,249981924489998,2015,54,59,1096,180,2,2,,2,0.9,2.4,,2016-04-11 09:35:20,,3,1,,1,,,,1
384460205489998,249981924489998,2015,54,59,1096,225,4,2,,2,0.6,1.1,,2016-04-11 09:35:20,,3,1,,1,,,,1
384460199489998,249981924489998,2015,54,59,1096,270,1,2,,1,,,,2016-04-11 09:35:20,,3,,,,,,,1
384460203489998,249981924489998,2015,54,59,1096,315,3,2,,2,1.1,2.0,,2016-04-11 09:35:20,,3,1,,1,,,,1
384460201489998,249981924489998,2015,54,59,1096,360,2,2,,2,1.3,1.1,,2016-04-11 09:35:20,,3,1,,1,,,,1
384459426489998,249981906489998,2015,54,59,1186,45,4,2,,1,,,,2016-04-11 09:35:20,,3,,,,,,,1
384459420489998,249981906489998,2015,54,59,1186,90,1,2,,1,,,,2016-04-11 09:35:20,,3,,,,,,,1
384459424489998,249981906489998,2015,54,59,1186,135,3,2,,1,,,,2016-04-11 09:35:20,,3,,,,,,,1
384459422489998,249981906489998,2015,54,59,1186,180,2,2,,1,,,,2016-04-11 09:35:20,,3,,,,,,,1
384459427489998,249981906489998,2015,54,59,1186,225,4,2,,1,,,,2016-04-11 09:35:20,,3,,,,,,,1
384459421489998,249981906489998,2015,54,59,1186,270,1,2,,1,,,,2016-04-11 09:35:20,,3,,,,,,,1
384459425489998,249981906489998,2015,54,59,1186,315,3,2,,1,,,,2016-04-11 09:35:20,,3,,,,,,,1
384459423489998,249981906489998,2015,54,59,1186,360,2,2,,1,,,,2016-04-11 09:35:20,,3,,,,,,,1
384464658489998,249982029489998,2015,54,67,862,45,4,2,,1,0.3,4.2,,2016-04-11 09:35:20,,3,1,,1,,,,1
384464652489998,249982029489998,2015,54,67,862,90,1,2,,1,0.1,2.8,,2016-04-11 09:35:20,,3,1,,1,,,,1
384464656489998,249982029489998,2015,54,67,862,135,3,2,,1,0.1,3.2,,2016-04-11 09:35:20,,3,1,,1,,,,1
384464654489998,249982029489998,2015,54,67,862,180,2,2,,1,0.1,3.1,,2016-04-11 09:35:20,,3,1,,1,,,,1
384464659489998,249982029489998,2015,54,67,862,225,4,2,,1,0.3,1.7,,2016-04-11 09:35:20,,3,1,,1,,,,1
384464653489998,249982029489998,2015,54,67,862,270,1,2,,1,1.1,2.3,,2016-04-11 09:35:20,,3,1,,1,,,,1
384464657489998,249982029489998,2015,54,67,862,315,3,2,,1,0.8,3.7,,2016-04-11 09:35:20,,3,1,,1,,,,1
384464655489998,249982029489998,2015,54,67,862,360,2,2,,1,0.1,2.6,,2016-04-11 09:35:20,,3,1,,1,,,,1
384449537489998,171920237020004,2015,54,67,2152,45,4,2,,1,0.1,3.2,,2016-04-11 09:35:19,,3,1,,1,,,,1
384449531489998,171920237020004,2015,54,67,2152,90,1,2,,1,0.1,3.0,,2016-04-11 09:35:19,,3,1,,1,,,,1
384449535489998,171920237020004,2015,54,67,2152,135,3,2,,2,0.0,0.1,,2016-04-11 09:35:19,,3,1,,1,,,,1
384449533489998,171920237020004,2015,54,67,2152,180,2,2,,1,0.1,2.3,,2016-04-11 09:35:19,,3,1,,1,,,,1
384449538489998,171920237020004,2015,54,67,2152,225,4,2,,1,0.1,2.6,,2016-04-11 09:35:19,,3,1,,1,,,,1
384449532489998,171920237020004,2015,54,67,2152,270,1,2,,1,0.3,0.7,,2016-04-11 09:35:19,,3,1,,1,,,,1
384449536489998,171920237020004,2015,54,67,2152,315,3,2,,2,0.2,1.9,,2016-04-11 09:35:19,,3,1,,1,,,,1
384449534489998,171920237020004,2015,54,67,2152,360,2,2,,1,,,,2016-04-11 09:35:19,,3,,10,,10,,,0
384458392489998,249981884489998,2015,54,71,1818,45,4,2,,1,1.7,0.4,,2016-04-11 09:35:20,,3,1,,1,,,,1
384458386489998,249981884489998,2015,54,71,1818,90,1,2,,1,2.5,2.1,,2016-04-11 09:35:20,,3,1,,1,,,,1
384458390489998,249981884489998,2015,54,71,1818,135,3,2,,1,2.4,1.7,,2016-04-11 09:35:20,,3,1,,1,,,,1
384458388489998,249981884489998,2015,54,71,1818,180,2,2,,1,2.4,1.2,,2016-04-11 09:35:20,,3,1,,1,,,,1
384458393489998,249981884489998,2015,54,71,1818,225,4,2,,1,1.7,0.5,,2016-04-11 09:35:20,,3,1,,1,,,,1
384458387489998,249981884489998,2015,54,71,1818,270,1,2,,1,2.5,1.5,,2016-04-11 09:35:20,,3,1,,1,,,,1
384458391489998,249981884489998,2015,54,71,1818,315,3,2,,1,4.2,1.8,,2016-04-11 09:35:20,,3,1,,1,,,,1
384458389489998,249981884489998,2015,54,71,1818,360,2,2,,1,1.7,2.2,,2016-04-11 09:35:20,,3,1,,1,,,,1
384464803489998,249982031489998,2015,54,71,2100,45,4,2,,1,0.9,3.5,,2016-04-11 09:35:20,,3,1,,1,,,,1
384464797489998,249982031489998,2015,54,71,2100,90,1,2,,1,0.5,0.7,,2016-04-11 09:35:20,,3,1,,1,,,,1
384464801489998,249982031489998,2015,54,71,2100,135,3,2,,1,0.1,0.2,,2016-04-11 09:35:20,,3,1,,1,,,,1
384464799489998,249982031489998,2015,54,71,2100,180,2,2,,1,1.7,0.7,,2016-04-11 09:35:20,,3,1,,1,,,,1
384464804489998,249982031489998,2015,54,71,2100,225,4,2,,1,1.5,0.2,,2016-04-11 09:35:20,,3,1,,1,,,,1
384464798489998,249982031489998,2015,54,71,2100,270,1,2,,1,0.4,1.5,,2016-04-11 09:35:20,,3,1,,1,,,,1
384464802489998,249982031489998,2015,54,71,2100,315,3,2,,1,1.3,1.8,,2016-04-11 09:35:20,,3,1,,1,,,,1
384464800489998,249982031489998,2015,54,71,2100,360,2,2,,1,1.9,0.8,,2016-04-11 09:35:20,,3,1,,1,,,,1
384451897489998,171920441020004,2015,54,73,1164,45,4,2,,1,,,,2016-04-11 09:35:19,,3,,,,,,,1
384451891489998,171920441020004,2015,54,73,1164,90,1,2,,1,,,,2016-04-11 09:35:19,,3,,,,,,,1
384451895489998,171920441020004,2015,54,73,1164,135,3,2,,1,,,,2016-04-11 09:35:19,,3,,,,,,,1
384451893489998,171920441020004,2015,54,73,1164,180,2,2,,1,,,,2016-04-11 09:35:19,,3,,,,,,,1
384451898489998,171920441020004,2015,54,73,1164,225,4,2,,1,,,,2016-04-11 09:35:19,,3,,,,,,,1
384451892489998,171920441020004,2015,54,73,1164,270,1,2,,1,,,,2016-04-11 09:35:19,,3,,,,,,,1
384451896489998,171920441020004,2015,54,73,1164,315,3,2,,1,,,,2016-04-11 09:35:19,,3,,,,,,,1
384451894489998,171920441020004,2015,54,73,1164,360,2,2,,1,,,,2016-04-11 09:35:19,,3,,,,,,,1
384454127489998,171920614020004,2015,54,75,2059,45,4,2,,1,0.7,2.1,,2016-04-11 09:35:19,,3,1,,1,,,,1
384454121489998,171920614020004,2015,54,75,2059,90,1,2,,1,1.0,1.7,,2016-04-11 09:35:19,,3,1,,1,,,,1
384454125489998,171920614020004,2015,54,75,2059,135,3,2,,1,2.7,3.7,,2016-04-11 09:35:19,,3,1,,1,,,,1
384454123489998,171920614020004,2015,54,75,2059,180,2,2,,1,1.0,2.7,,2016-04-11 09:35:19,,3,1,,1,,,,1
384454128489998,171920614020004,2015,54,75,2059,225,4,2,,1,0.7,1.5,,2016-04-11 09:35:19,,3,1,,1,,,,1
384454122489998,171920614020004,2015,54,75,2059,270,1,2,,1,1.7,2.5,,2016-04-11 09:35:19,,3,1,,1,,,,1
384454126489998,171920614020004,2015,54,75,2059,315,3,2,,1,2.8,1.2,,2016-04-11 09:35:19,,3,1,,1,,,,1
384454124489998,171920614020004,2015,54,75,2059,360,2,2,,1,1.7,1.8,,2016-04-11 09:35:19,,3,1,,1,,,,1
384457585489998,249981865489998,2015,54,75,2161,45,4,2,,1,1.7,1.5,,2016-04-11 09:35:20,,3,1,,1,,,,1
384457579489998,249981865489998,2015,54,75,2161,90,1,2,,1,0.6,0.6,,2016-04-11 09:35:20,,3,1,,1,,,,1
384457583489998,249981865489998,2015,54,75,2161,135,3,2,,1,1.7,1.4,,2016-04-11 09:35:20,,3,1,,1,,,,1
384457581489998,249981865489998,2015,54,75,2161,180,2,2,,1,1.9,1.4,,2016-04-11 09:35:20,,3,1,,1,,,,1
384457586489998,249981865489998,2015,54,75,2161,225,4,2,,1,2.6,2.1,,2016-04-11 09:35:20,,3,1,,1,,,,1
384457580489998,249981865489998,2015,54,75,2161,270,1,2,,1,3.8,2.6,,2016-04-11 09:35:20,,3,1,,1,,,,1
384457584489998,249981865489998,2015,54,75,2161,315,3,2,,2,,,,2016-04-11 09:35:20,,3,,,,,,,1
384457582489998,249981865489998,2015,54,75,2161,360,2,2,,1,0.2,1.0,,2016-04-11 09:35:20,,3,1,,1,,,,1
384455922489998,249981828489998,2015,54,77,1886,45,4,2,,1,3.5,1.0,,2016-04-11 09:35:19,,3,1,,1,,,,1
384455916489998,249981828489998,2015,54,77,1886,90,1,2,,1,0.5,1.2,,2016-04-11 09:35:19,,3,1,,1,,,,1
384455920489998,249981828489998,2015,54,77,1886,135,3,2,,1,5.0,0.8,,2016-04-11 09:35:19,,3,1,,1,,,,1
384455918489998,249981828489998,2015,54,77,1886,180,2,2,,1,3.0,1.5,,2016-04-11 09:35:19,,3,1,,1,,,,1
384455923489998,249981828489998,2015,54,77,1886,225,4,2,,1,8.5,2.7,,2016-04-11 09:35:19,,3,1,,1,,,,1
384455917489998,249981828489998,2015,54,77,1886,270,1,2,,1,2.5,0.8,,2016-04-11 09:35:19,,3,1,,1,,,,1
384455921489998,249981828489998,2015,54,77,1886,315,3,2,,1,4.8,1.5,,2016-04-11 09:35:19,,3,1,,1,,,,1
384455919489998,249981828489998,2015,54,77,1886,360,2,2,,1,3.0,1.5,,2016-04-11 09:35:19,,3,1,,1,,,,1
384465510489998,249982051489998,2015,54,79,1640,45,4,2,,1,,,,2016-04-11 09:35:20,,3,,,,,,,1
384465504489998,249982051489998,2015,54,79,1640,90,1,2,,1,,,,2016-04-11 09:35:20,,3,,,,,,,1
384465508489998,249982051489998,2015,54,79,1640,135,3,2,,1,,,,2016-04-11 09:35:20,,3,,,,,,,1
384465506489998,249982051489998,2015,54,79,1640,180,2,2,,1,,,,2016-04-11 09:35:20,,3,,,,,,,1
384465511489998,249982051489998,2015,54,79,1640,225,4,2,,1,,,,2016-04-11 09:35:20,,3,,,,,,,1
384465505489998,249982051489998,2015,54,79,1640,270,1,2,,1,,,,2016-04-11 09:35:20,,3,,,,,,,1
384465509489998,249982051489998,2015,54,79,1640,315,3,2,,1,,,,2016-04-11 09:35:20,,3,,,,,,,1
384465507489998,249982051489998,2015,54,79,1640,360,2,2,,1,,,,2016-04-11 09:35:20,,3,,,,,,,1
384449736489998,171920255020004,2015,54,81,1027,45,4,2,,1,,,,2016-04-11 09:35:19,,3,,,,,,,1
384449730489998,171920255020004,2015,54,81,1027,90,1,2,,1,,,,2016-04-11 09:35:19,,3,,,,,,,1
384449734489998,171920255020004,2015,54,81,1027,135,3,2,,1,,,,2016-04-11 09:35:19,,3,,,,,,,1
384449732489998,171920255020004,2015,54,81,1027,180,2,2,,1,,,,2016-04-11 09:35:19,,3,,,,,,,1
384449737489998,171920255020004,2015,54,81,1027,225,4,2,,1,,,,2016-04-11 09:35:19,,3,,,,,,,1
384449731489998,171920255020004,2015,54,81,1027,270,1,2,,1,,,,2016-04-11 09:35:19,,3,,,,,,,1
384449735489998,171920255020004,2015,54,81,1027,315,3,2,,1,,,,2016-04-11 09:35:19,,3,,,,,,,1
384449733489998,171920255020004,2015,54,81,1027,360,2,2,,1,,,,2016-04-11 09:35:19,,3,,,,,,,1
384450814489998,171920346020004,2015,54,83,1714,45,4,2,,1,,,,2016-04-11 09:35:19,,3,,,,,,,1
384450808489998,171920346020004,2015,54,83,1714,90,1,2,,1,,,,2016-04-11 09:35:19,,3,,,,,,,1
384450812489998,171920346020004,2015,54,83,1714,135,3,2,,1,,,,2016-04-11 09:35:19,,3,,,,,,,1
384450810489998,171920346020004,2015,54,83,1714,180,2,2,,1,,,,2016-04-11 09:35:19,,3,,,,,,,1
384450815489998,171920346020004,2015,54,83,1714,225,4,2,,1,,,,2016-04-11 09:35:19,,3,,,,,,,1
384450809489998,171920346020004,2015,54,83,1714,270,1,2,,1,,,,2016-04-11 09:35:19,,3,,,,,,,1
384450813489998,171920346020004,2015,54,83,1714,315,3,2,,1,,,,2016-04-11 09:35:19,,3,,,,,,,1
384450811489998,171920346020004,2015,54,83,1714,360,2,2,,1,,,,2016-04-11 09:35:19,,3,,,,,,,1
384461506489998,249981963489998,2015,54,89,2113,45,4,2,,1,,,,2016-04-11 09:35:20,,3,,,,,,,1
384461500489998,249981963489998,2015,54,89,2113,90,1,2,,1,,,,2016-04-11 09:35:20,,3,,,,,,,1
384461504489998,249981963489998,2015,54,89,2113,135,3,2,,1,,,,2016-04-11 09:35:20,,3,,,,,,,1
384461502489998,249981963489998,2015,54,89,2113,180,2,2,,1,,,,2016-04-11 09:35:20,,3,,,,,,,1
384461507489998,249981963489998,2015,54,89,2113,225,4,2,,1,,,,2016-04-11 09:35:20,,3,,,,,,,1
384461501489998,249981963489998,2015,54,89,2113,270,1,2,,1,,,,2016-04-11 09:35:20,,3,,,,,,,1
384461505489998,249981963489998,2015,54,89,2113,315,3,2,,1,,,,2016-04-11 09:35:20,,3,,,,,,,1
384461503489998,249981963489998,2015,54,89,2113,360,2,2,,1,,,,2016-04-11 09:35:20,,3,,,,,,,1
384461665489998,249981965489998,2015,54,89,2394,45,4,2,,1,0.3,0.8,,2016-04-11 09:35:20,,3,1,,1,,,,1
384461659489998,249981965489998,2015,54,89,2394,90,1,2,,1,0.1,2.7,,2016-04-11 09:35:20,,3,1,,1,,,,1
384461663489998,249981965489998,2015,54,89,2394,135,3,2,,1,0.1,1.7,,2016-04-11 09:35:20,,3,1,,1,,,,1
384461661489998,249981965489998,2015,54,89,2394,180,2,2,,1,0.4,1.2,,2016-04-11 09:35:20,,3,1,,1,,,,1
384461666489998,249981965489998,2015,54,89,2394,225,4,2,,1,0.2,0.6,,2016-04-11 09:35:20,,3,1,,1,,,,1
384461660489998,249981965489998,2015,54,89,2394,270,1,2,,1,0.1,1.6,,2016-04-11 09:35:20,,3,1,,1,,,,1
384461664489998,249981965489998,2015,54,89,2394,315,3,2,,1,0.1,1.5,,2016-04-11 09:35:20,,3,1,,1,,,,1
384461662489998,249981965489998,2015,54,89,2394,360,2,2,,1,0.6,1.8,,2016-04-11 09:35:20,,3,1,,1,,,,1
384463520489998,249982007489998,2015,54,91,1873,45,4,2,,1,0.0,1.1,,2016-04-11 09:35:20,,3,1,,1,,,,1
384463514489998,249982007489998,2015,54,91,1873,90,1,2,,1,2.1,1.5,,2016-04-11 09:35:20,,3,1,,1,,,,1
384463518489998,249982007489998,2015,54,91,1873,135,3,2,,1,0.0,1.5,,2016-04-11 09:35:20,,3,1,,1,,,,1
384463516489998,249982007489998,2015,54,91,1873,180,2,2,,1,0.0,0.4,,2016-04-11 09:35:20,,3,1,,1,,,,1
384463521489998,249982007489998,2015,54,91,1873,225,4,2,,1,0.1,1.0,,2016-04-11 09:35:20,,3,1,,1,,,,1
384463515489998,249982007489998,2015,54,91,1873,270,1,2,,1,0.5,0.5,,2016-04-11 09:35:20,,3,1,,1,,,,1
384463519489998,249982007489998,2015,54,91,1873,315,3,2,,1,0.1,0.5,,2016-04-11 09:35:20,,3,1,,1,,,,1
384463517489998,249982007489998,2015,54,91,1873,360,2,2,,1,0.1,0.5,,2016-04-11 09:35:20,,3,1,,1,,,,1
384450441489998,171920312020004,2015,54,93,668,45,4,2,,1,0.9,1.1,,2016-04-11 09:35:19,,3,1,,1,,,,1
384450435489998,171920312020004,2015,54,93,668,90,1,2,,1,0.1,1.1,,2016-04-11 09:35:19,,3,1,,1,,,,1
384450439489998,171920312020004,2015,54,93,668,135,3,2,,1,0.0,0.0,,2016-04-11 09:35:19,,3,1,,1,,,,1
384450437489998,171920312020004,2015,54,93,668,180,2,2,,1,0.2,0.7,,2016-04-11 09:35:19,,3,1,,1,,,,1
384450442489998,171920312020004,2015,54,93,668,225,4,2,,1,1.2,1.3,,2016-04-11 09:35:19,,3,1,,1,,,,1
384450436489998,171920312020004,2015,54,93,668,270,1,2,,1,0.7,0.7,,2016-04-11 09:35:19,,3,1,,1,,,,1
384450440489998,171920312020004,2015,54,93,668,315,3,2,,1,0.2,0.6,,2016-04-11 09:35:19,,3,1,,1,,,,1
384450438489998,171920312020004,2015,54,93,668,360,2,2,,1,0.5,0.7,,2016-04-11 09:35:19,,3,1,,1,,,,1
384451613489998,171920411020004,2015,54,99,1933,45,4,2,,1,0.4,0.9,,2016-04-11 09:35:19,,3,1,,1,,,,1
384451607489998,171920411020004,2015,54,99,1933,90,1,2,,1,0.6,2.8,,2016-04-11 09:35:19,,3,1,,1,,,,1
384451611489998,171920411020004,2015,54,99,1933,135,3,2,,2,,,,2016-04-11 09:35:19,,3,,,,,,,1
384451609489998,171920411020004,2015,54,99,1933,180,2,2,,1,0.8,1.8,,2016-04-11 09:35:19,,3,1,,1,,,,1
384451614489998,171920411020004,2015,54,99,1933,225,4,2,,1,0.6,1.2,,2016-04-11 09:35:19,,3,1,,1,,,,1
384451608489998,171920411020004,2015,54,99,1933,270,1,2,,1,0.8,3.0,,2016-04-11 09:35:19,,3,1,,1,,,,1
384451612489998,171920411020004,2015,54,99,1933,315,3,2,,2,,,,2016-04-11 09:35:19,,3,,,,,,,1
384451610489998,171920411020004,2015,54,99,1933,360,2,2,,1,0.0,1.9,,2016-04-11 09:35:19,,3,1,,1,,,,1
384462364489998,249981979489998,2015,54,101,1529,45,4,2,,1,0.7,0.7,,2016-04-11 09:35:20,,3,1,,1,,,,1
384462358489998,249981979489998,2015,54,101,1529,90,1,2,,1,3.5,1.7,,2016-04-11 09:35:20,,3,1,,1,,,,1
384462362489998,249981979489998,2015,54,101,1529,135,3,2,,1,0.1,1.1,,2016-04-11 09:35:20,,3,1,,1,,,,1
384462360489998,249981979489998,2015,54,101,1529,180,2,2,,1,0.5,0.5,,2016-04-11 09:35:20,,3,1,,1,,,,1
384462365489998,249981979489998,2015,54,101,1529,225,4,2,,1,2.3,1.2,,2016-04-11 09:35:20,,3,1,,1,,,,1
384462359489998,249981979489998,2015,54,101,1529,270,1,2,,1,2.5,1.2,,2016-04-11 09:35:20,,3,1,,1,,,,1
384462363489998,249981979489998,2015,54,101,1529,315,3,2,,1,0.4,0.3,,2016-04-11 09:35:20,,3,1,,1,,,,1
384462361489998,249981979489998,2015,54,101,1529,360,2,2,,1,0.0,0.3,,2016-04-11 09:35:20,,3,1,,1,,,,1
384451800489998,171920419020004,2015,54,103,380,45,4,2,,1,,,,2016-04-11 09:35:19,,3,,,,,,,1
384451794489998,171920419020004,2015,54,103,380,90,1,2,,1,,,,2016-04-11 09:35:19,,3,,,,,,,1
384451798489998,171920419020004,2015,54,103,380,135,3,2,,1,,,,2016-04-11 09:35:19,,3,,,,,,,1
384451796489998,171920419020004,2015,54,103,380,180,2,2,,1,,,,2016-04-11 09:35:19,,3,,,,,,,1
384451801489998,171920419020004,2015,54,103,380,225,4,2,,1,,,,2016-04-11 09:35:19,,3,,,,,,,1
384451795489998,171920419020004,2015,54,103,380,270,1,2,,1,,,,2016-04-11 09:35:19,,3,,,,,,,1
384451799489998,171920419020004,2015,54,103,380,315,3,2,,1,,,,2016-04-11 09:35:19,,3,,,,,,,1
384451797489998,171920419020004,2015,54,103,380,360,2,2,,1,,,,2016-04-11 09:35:19,,3,,,,,,,1
384449773489998,171920261020004,2015,54,103,615,45,4,2,,1,,,,2016-04-11 09:35:19,,3,,,,,,,1
384449767489998,171920261020004,2015,54,103,615,90,1,2,,1,,,,2016-04-11 09:35:19,,3,,,,,,,1
384449771489998,171920261020004,2015,54,103,615,135,3,2,,1,,,,2016-04-11 09:35:19,,3,,,,,,,1
384449769489998,171920261020004,2015,54,103,615,180,2,2,,1,,,,2016-04-11 09:35:19,,3,,,,,,,1
384449774489998,171920261020004,2015,54,103,615,225,4,2,,1,,,,2016-04-11 09:35:19,,3,,,,,,,1
384449768489998,171920261020004,2015,54,103,615,270,1,2,,1,,,,2016-04-11 09:35:19,,3,,,,,,,1
384449772489998,171920261020004,2015,54,103,615,315,3,2,,1,,,,2016-04-11 09:35:19,,3,,,,,,,1
384449770489998,171920261020004,2015,54,103,615,360,2,2,,1,,,,2016-04-11 09:35:19,,3,,,,,,,1
384449907489998,171920262020004,2015,54,103,3601,45,4,2,,1,0.1,0.5,,2016-04-11 09:35:19,,3,1,,1,,,,1
384449901489998,171920262020004,2015,54,103,3601,90,1,2,,1,0.0,0.2,,2016-04-11 09:35:19,,3,1,,1,,,,1
384449905489998,171920262020004,2015,54,103,3601,135,3,2,,1,0.3,0.5,,2016-04-11 09:35:19,,3,1,,1,,,,1
384449903489998,171920262020004,2015,54,103,3601,180,2,2,,1,0.1,1.8,,2016-04-11 09:35:19,,3,1,,1,,,,1
384449908489998,171920262020004,2015,54,103,3601,225,4,2,,1,0.0,0.5,,2016-04-11 09:35:19,,3,1,,1,,,,1
384449902489998,171920262020004,2015,54,103,3601,270,1,2,,1,0.1,1.5,,2016-04-11 09:35:19,,3,1,,1,,,,1
384449906489998,171920262020004,2015,54,103,3601,315,3,2,,1,0.2,0.7,,2016-04-11 09:35:19,,3,1,,1,,,,1
384449904489998,171920262020004,2015,54,103,3601,360,2,2,,1,0.1,0.9,,2016-04-11 09:35:19,,3,1,,1,,,,1
384453003489998,171920525020004,2015,54,105,514,45,4,2,,1,,,,2016-04-11 09:35:19,,3,,,,,,,1
384452997489998,171920525020004,2015,54,105,514,90,1,2,,1,,,,2016-04-11 09:35:19,,3,,,,,,,1
384453001489998,171920525020004,2015,54,105,514,135,3,2,,1,,,,2016-04-11 09:35:19,,3,,,,,,,1
384452999489998,171920525020004,2015,54,105,514,180,2,2,,1,,,,2016-04-11 09:35:19,,3,,,,,,,1
384453004489998,171920525020004,2015,54,105,514,225,4,2,,1,,,,2016-04-11 09:35:19,,3,,,,,,,1
384452998489998,171920525020004,2015,54,105,514,270,1,2,,1,,,,2016-04-11 09:35:19,,3,,,,,,,1
384453002489998,171920525020004,2015,54,105,514,315,3,2,,1,,,,2016-04-11 09:35:19,,3,,,,,,,1
384453000489998,171920525020004,2015,54,105,514,360,2,2,,1,,,,2016-04-11 09:35:19,,3,,,,,,,1
384461247489998,249981950489998,2015,54,107,762,45,4,2,,1,,,,2016-04-11 09:35:20,,3,,,,,,,1
384461241489998,249981950489998,2015,54,107,762,90,1,2,,1,,,,2016-04-11 09:35:20,,3,,,,,,,1
384461245489998,249981950489998,2015,54,107,762,135,3,2,,1,,,,2016-04-11 09:35:20,,3,,,,,,,1
384461243489998,249981950489998,2015,54,107,762,180,2,2,,2,0.7,1.8,,2016-04-11 09:35:20,,3,1,,1,,,,1
384461248489998,249981950489998,2015,54,107,762,225,4,2,,1,,,,2016-04-11 09:35:20,,3,,,,,,,1
384461242489998,249981950489998,2015,54,107,762,270,1,2,,1,,,,2016-04-11 09:35:20,,3,,,,,,,1
384461246489998,249981950489998,2015,54,107,762,315,3,2,,1,,,,2016-04-11 09:35:20,,3,,,,,,,1
384461244489998,249981950489998,2015,54,107,762,360,2,2,,2,1.6,0.6,,2016-04-11 09:35:20,,3,1,,1,,,,1
468148626489998,306336247489998,2016,54,1,2429,45,4,2,,1,,,,2017-05-01 11:20:49,,3,,,,,,,1
468148620489998,306336247489998,2016,54,1,2429,90,1,2,,1,,,,2017-05-01 11:20:49,,3,,,,,,,1
468148624489998,306336247489998,2016,54,1,2429,135,3,2,,2,0.5,0.4,,2017-05-01 11:20:49,,3,1,,1,,,,1
468148622489998,306336247489998,2016,54,1,2429,180,2,2,,1,,,,2017-05-01 11:20:49,,3,,,,,,,1
468148627489998,306336247489998,2016,54,1,2429,225,4,2,,1,,,,2017-05-01 11:20:49,,3,,,,,,,1
468148621489998,306336247489998,2016,54,1,2429,270,1,2,,1,,,,2017-05-01 11:20:49,,3,,,,,,,1
468148625489998,306336247489998,2016,54,1,2429,315,3,2,,2,0.2,0.2,,2017-05-01 11:20:49,,3,1,,1,,,,1
468148623489998,306336247489998,2016,54,1,2429,360,2,2,,1,,,,2017-05-01 11:20:49,,3,,,,,,,1
468151082489998,306336306489998,2016,54,3,1892,45,4,2,,2,0.8,1.0,,2017-05-01 11:20:49,,3,1,,1,,,,1
468151076489998,306336306489998,2016,54,3,1892,90,1,2,,1,,,,2017-05-01 11:20:49,,3,,,,,,,1
468151080489998,306336306489998,2016,54,3,1892,135,3,2,,1,,,,2017-05-01 11:20:49,,3,,,,,,,1
468151078489998,306336306489998,2016,54,3,1892,180,2,2,,2,0.0,1.0,,2017-05-01 11:20:49,,3,1,,1,,,,1
468151083489998,306336306489998,2016,54,3,1892,225,4,2,,2,0.0,0.0,,2017-05-01 11:20:49,,3,2,,2,,,,1
468151077489998,306336306489998,2016,54,3,1892,270,1,2,,1,,,,2017-05-01 11:20:49,,3,,,,,,,1
468151081489998,306336306489998,2016,54,3,1892,315,3,2,,1,,,,2017-05-01 11:20:49,,3,,,,,,,1
468151079489998,306336306489998,2016,54,3,1892,360,2,2,,2,0.3,1.7,,2017-05-01 11:20:49,,3,1,,1,,,,1
468144592489998,306336149489998,2016,54,5,2402,45,4,2,,1,0.1,2.3,,2017-05-01 11:20:49,,3,1,,1,,,,1
468144586489998,306336149489998,2016,54,5,2402,90,1,2,,1,0.0,1.5,,2017-05-01 11:20:49,,3,1,,1,,,,1
468144590489998,306336149489998,2016,54,5,2402,135,3,2,,1,1.5,0.5,,2017-05-01 11:20:49,,3,1,,1,,,,1
468144588489998,306336149489998,2016,54,5,2402,180,2,2,,1,0.2,1.5,,2017-05-01 11:20:49,,3,1,,1,,,,1
468144593489998,306336149489998,2016,54,5,2402,225,4,2,,1,0.0,0.5,,2017-05-01 11:20:49,,3,1,,1,,,,1
468144587489998,306336149489998,2016,54,5,2402,270,1,2,,1,0.0,2.0,,2017-05-01 11:20:49,,3,1,,1,,,,1
468144591489998,306336149489998,2016,54,5,2402,315,3,2,,1,0.2,2.7,,2017-05-01 11:20:49,,3,1,,1,,,,1
468144589489998,306336149489998,2016,54,5,2402,360,2,2,,1,0.1,1.5,,2017-05-01 11:20:49,,3,1,,1,,,,1
468149629489998,306336270489998,2016,54,7,1364,45,4,2,,1,0.1,0.5,,2017-05-01 11:20:49,,3,1,,1,,,,1
468149623489998,306336270489998,2016,54,7,1364,90,1,2,,1,0.1,0.7,,2017-05-01 11:20:49,,3,1,,1,,,,1
468149627489998,306336270489998,2016,54,7,1364,135,3,2,,1,0.4,1.0,,2017-05-01 11:20:49,,3,1,,1,,,,1
468149625489998,306336270489998,2016,54,7,1364,180,2,2,,1,0.5,1.0,,2017-05-01 11:20:49,,3,1,,1,,,,1
468149630489998,306336270489998,2016,54,7,1364,225,4,2,,1,0.0,1.0,,2017-05-01 11:20:49,,3,1,,1,,,,1
468149624489998,306336270489998,2016,54,7,1364,270,1,2,,1,0.1,0.7,,2017-05-01 11:20:49,,3,1,,1,,,,1
468149628489998,306336270489998,2016,54,7,1364,315,3,2,,1,0.6,1.5,,2017-05-01 11:20:49,,3,1,,1,,,,1
468149626489998,306336270489998,2016,54,7,1364,360,2,2,,1,0.1,0.5,,2017-05-01 11:20:49,,3,1,,1,,,,1
468143841489998,306336126489998,2016,54,13,454,45,4,2,,1,0.1,0.6,,2017-05-01 11:20:49,,3,1,,1,,,,1
468143835489998,306336126489998,2016,54,13,454,90,1,2,,1,0.2,0.5,,2017-05-01 11:20:49,,3,1,,1,,,,1
468143839489998,306336126489998,2016,54,13,454,135,3,2,,2,,,,2017-05-01 11:20:49,,3,,,,,,,1
468143837489998,306336126489998,2016,54,13,454,180,2,2,,2,,,,2017-05-01 11:20:49,,3,,,,,,,1
468143842489998,306336126489998,2016,54,13,454,225,4,2,,1,0.1,0.5,,2017-05-01 11:20:49,,3,1,,1,,,,1
468143836489998,306336126489998,2016,54,13,454,270,1,2,,1,0.1,0.7,,2017-05-01 11:20:49,,3,1,,1,,,,1
468143840489998,306336126489998,2016,54,13,454,315,3,2,,2,,,,2017-05-01 11:20:49,,3,,,,,,,1
468143838489998,306336126489998,2016,54,13,454,360,2,2,,2,,,,2017-05-01 11:20:49,,3,,,,,,,1
468137853489998,306335986489998,2016,54,15,1378,45,4,2,,1,0.3,1.0,,2017-05-01 11:20:48,,3,1,,1,,,,1
468137847489998,306335986489998,2016,54,15,1378,90,1,2,,1,0.2,0.5,,2017-05-01 11:20:48,,3,1,,1,,,,1
468137851489998,306335986489998,2016,54,15,1378,135,3,2,,1,0.2,1.0,,2017-05-01 11:20:48,,3,1,,1,,,,1
468137849489998,306335986489998,2016,54,15,1378,180,2,2,,1,0.1,0.4,,2017-05-01 11:20:48,,3,1,,1,,,,1
468137854489998,306335986489998,2016,54,15,1378,225,4,2,,1,0.1,0.5,,2017-05-01 11:20:48,,3,1,,1,,,,1
468137848489998,306335986489998,2016,54,15,1378,270,1,2,,1,0.2,0.5,,2017-05-01 11:20:48,,3,1,,1,,,,1
468137852489998,306335986489998,2016,54,15,1378,315,3,2,,1,0.1,0.5,,2017-05-01 11:20:48,,3,1,,1,,,,1
468137850489998,306335986489998,2016,54,15,1378,360,2,2,,1,0.1,1.0,,2017-05-01 11:20:48,,3,1,,1,,,,1
468148242489998,306336239489998,2016,54,19,913,45,4,2,,1,,,,2017-05-01 11:20:49,,3,,,,,,,1
468148236489998,306336239489998,2016,54,19,913,90,1,2,,1,,,,2017-05-01 11:20:49,,3,,,,,,,1
468148240489998,306336239489998,2016,54,19,913,135,3,2,,1,,,,2017-05-01 11:20:49,,3,,,,,,,1
468148238489998,306336239489998,2016,54,19,913,180,2,2,,1,,,,2017-05-01 11:20:49,,3,,,,,,,1
468148243489998,306336239489998,2016,54,19,913,225,4,2,,1,,,,2017-05-01 11:20:49,,3,,,,,,,1
468148237489998,306336239489998,2016,54,19,913,270,1,2,,1,,,,2017-05-01 11:20:49,,3,,,,,,,1
468148241489998,306336239489998,2016,54,19,913,315,3,2,,1,,,,2017-05-01 11:20:49,,3,,,,,,,1
468148239489998,306336239489998,2016,54,19,913,360,2,2,,1,,,,2017-05-01 11:20:49,,3,,,,,,,1
468146855489998,306336209489998,2016,54,25,225,45,4,2,,1,0.1,1.5,,2017-05-01 11:20:49,,3,1,,1,,,,1
468146849489998,306336209489998,2016,54,25,225,90,1,2,,1,0.1,0.3,,2017-05-01 11:20:49,,3,1,,1,,,,1
468146853489998,306336209489998,2016,54,25,225,135,3,2,,1,0.2,1.0,,2017-05-01 11:20:49,,3,1,,1,,,,1
468146851489998,306336209489998,2016,54,25,225,180,2,2,,1,0.2,1.0,,2017-05-01 11:20:49,,3,1,,1,,,,1
468146856489998,306336209489998,2016,54,25,225,225,4,2,,1,0.4,1.2,,2017-05-01 11:20:49,,3,1,,1,,,,1
468146850489998,306336209489998,2016,54,25,225,270,1,2,,1,0.1,0.3,,2017-05-01 11:20:49,,3,1,,1,,,,1
468146854489998,306336209489998,2016,54,25,225,315,3,2,,1,0.1,0.4,,2017-05-01 11:20:49,,3,1,,1,,,,1
468146852489998,306336209489998,2016,54,25,225,360,2,2,,1,0.3,1.0,,2017-05-01 11:20:49,,3,1,,1,,,,1
468147352489998,306336218489998,2016,54,25,1598,45,4,2,,1,2.2,1.0,,2017-05-01 11:20:49,,3,1,,1,,,,1
468147346489998,306336218489998,2016,54,25,1598,90,1,2,,1,0.9,2.2,,2017-05-01 11:20:49,,3,1,,1,,,,1
468147350489998,306336218489998,2016,54,25,1598,135,3,2,,1,0.6,0.9,,2017-05-01 11:20:49,,3,1,,1,,,,1
468147348489998,306336218489998,2016,54,25,1598,180,2,2,,2,,,,2017-05-01 11:20:49,,3,,,,,,,1
468147353489998,306336218489998,2016,54,25,1598,225,4,2,,3,3.0,1.2,,2017-05-01 11:20:49,,3,2,,2,,,,1
468147347489998,306336218489998,2016,54,25,1598,270,1,2,,1,0.3,1.0,,2017-05-01 11:20:49,,3,1,,1,,,,1
468147351489998,306336218489998,2016,54,25,1598,315,3,2,,1,0.6,1.3,,2017-05-01 11:20:49,,3,1,,1,,,,1
468147349489998,306336218489998,2016,54,25,1598,360,2,2,,1,0.0,0.0,,2017-05-01 11:20:49,,3,1,,1,,,,1
468150906489998,306336297489998,2016,54,27,602,45,4,2,,1,1.7,0.5,,2017-05-01 11:20:49,,3,1,,1,,,,1
468150900489998,306336297489998,2016,54,27,602,90,1,2,,1,0.2,0.3,,2017-05-01 11:20:49,,3,1,,1,,,,1
468150904489998,306336297489998,2016,54,27,602,135,3,2,,1,1.7,1.2,,2017-05-01 11:20:49,,3,1,,1,,,,1
468150902489998,306336297489998,2016,54,27,602,180,2,2,,1,0.0,1.0,,2017-05-01 11:20:49,,3,1,,1,,,,1
468150907489998,306336297489998,2016,54,27,602,225,4,2,,1,3.0,0.1,,2017-05-01 11:20:49,,3,1,,1,,,,1
468150901489998,306336297489998,2016,54,27,602,270,1,2,,1,2.0,2.2,,2017-05-01 11:20:49,,3,1,,1,,,,1
468150905489998,306336297489998,2016,54,27,602,315,3,2,,1,1.5,0.4,,2017-05-01 11:20:49,,3,1,,1,,,,1
468150903489998,306336297489998,2016,54,27,602,360,2,2,,1,0.8,0.2,,2017-05-01 11:20:49,,3,1,,1,,,,1
468155925489998,306336294489998,2016,54,27,1900,45,4,2,2016,1,0.0,0.0,,2017-05-01 11:20:49,,3,2,,2,,,,1
468155919489998,306336294489998,2016,54,27,1900,90,1,2,2016,1,0.0,0.0,,2017-05-01 11:20:49,,3,2,,2,,,,1
468155923489998,306336294489998,2016,54,27,1900,135,3,2,2016,1,0.0,0.0,,2017-05-01 11:20:49,,3,2,,2,,,,1
468155922489998,306336294489998,2016,54,27,1900,180,2,2,2016,1,0.0,0.0,,2017-05-01 11:20:49,,3,2,,2,,,,1
468155926489998,306336294489998,2016,54,27,1900,225,4,2,2016,1,0.0,0.0,,2017-05-01 11:20:49,,3,2,,2,,,,1
468155920489998,306336294489998,2016,54,27,1900,270,1,2,2016,1,0.0,0.0,,2017-05-01 11:20:49,,3,2,,2,,,,1
468155924489998,306336294489998,2016,54,27,1900,315,3,2,2016,1,0.0,0.0,,2017-05-01 11:20:49,,3,2,,2,,,,1
468155921489998,306336294489998,2016,54,27,1900,360,2,2,2016,1,0.0,0.0,,2017-05-01 11:20:49,,3,2,,2,,,,1
468150565489998,306336288489998,2016,54,27,1971,45,4,2,,1,1.2,0.5,,2017-05-01 11:20:49,,3,1,,1,,,,1
468150559489998,306336288489998,2016,54,27,1971,90,1,2,,1,0.0,1.8,,2017-05-01 11:20:49,,3,1,,1,,,,1
468150563489998,306336288489998,2016,54,27,1971,135,3,2,,1,0.0,0.3,,2017-05-01 11:20:49,,3,1,,1,,,,1
468150561489998,306336288489998,2016,54,27,1971,180,2,2,,1,0.0,0.1,,2017-05-01 11:20:49,,3,1,,1,,,,1
468150566489998,306336288489998,2016,54,27,1971,225,4,2,,1,0.3,0.9,,2017-05-01 11:20:49,,3,1,,1,,,,1
468150560489998,306336288489998,2016,54,27,1971,270,1,2,,1,0.0,0.2,,2017-05-01 11:20:49,,3,1,,1,,,,1
468150564489998,306336288489998,2016,54,27,1971,315,3,2,,1,0.0,0.2,,2017-05-01 11:20:49,,3,1,,1,,,,1
468150562489998,306336288489998,2016,54,27,1971,360,2,2,,1,0.0,0.1,,2017-05-01 11:20:49,,3,1,,1,,,,1
468155947489998,306336299489998,2016,54,27,2365,45,4,2,2016,1,0.0,0.0,,2017-05-01 11:20:49,,3,2,,2,,,,1
468155941489998,306336299489998,2016,54,27,2365,90,1,2,2016,1,0.0,0.0,,2017-05-01 11:20:49,,3,2,,2,,,,1
468155945489998,306336299489998,2016,54,27,2365,135,3,2,2016,1,0.0,0.0,,2017-05-01 11:20:49,,3,2,,2,,,,1
468155944489998,306336299489998,2016,54,27,2365,180,2,2,2016,1,0.0,0.0,,2017-05-01 11:20:49,,3,2,,2,,,,1
468155948489998,306336299489998,2016,54,27,2365,225,4,2,2016,1,0.0,0.0,,2017-05-01 11:20:49,,3,2,,2,,,,1
468155942489998,306336299489998,2016,54,27,2365,270,1,2,2016,1,0.0,0.0,,2017-05-01 11:20:49,,3,2,,2,,,,1
468155946489998,306336299489998,2016,54,27,2365,315,3,2,2016,1,0.0,0.0,,2017-05-01 11:20:49,,3,2,,2,,,,1
468155943489998,306336299489998,2016,54,27,2365,360,2,2,2016,1,0.0,0.0,,2017-05-01 11:20:49,,3,2,,2,,,,1
468140705489998,306336039489998,2016,54,31,2075,45,4,2,,1,2.3,2.8,,2017-05-01 11:20:48,,3,1,,1,,,,1
468140699489998,306336039489998,2016,54,31,2075,90,1,2,,1,1.4,0.7,,2017-05-01 11:20:48,,3,1,,1,,,,1
468140703489998,306336039489998,2016,54,31,2075,135,3,2,,1,1.5,3.1,,2017-05-01 11:20:48,,3,1,,1,,,,1
468140701489998,306336039489998,2016,54,31,2075,180,2,2,,1,0.0,0.0,,2017-05-01 11:20:48,,3,1,,1,,,,1
468140706489998,306336039489998,2016,54,31,2075,225,4,2,,1,1.4,1.1,,2017-05-01 11:20:48,,3,1,,1,,,,1
468140700489998,306336039489998,2016,54,31,2075,270,1,2,,1,1.8,1.7,,2017-05-01 11:20:48,,3,1,,1,,,,1
468140704489998,306336039489998,2016,54,31,2075,315,3,2,,1,1.1,3.9,,2017-05-01 11:20:48,,3,1,,1,,,,1
468140702489998,306336039489998,2016,54,31,2075,360,2,2,,1,0.6,0.1,,2017-05-01 11:20:48,,3,1,,1,,,,1
468155723489998,306336252489998,2016,54,33,1543,45,4,2,2016,1,0.0,0.0,,2017-05-01 11:20:49,,3,2,,2,,,,1
468155709489998,306336252489998,2016,54,33,1543,90,1,2,2016,1,0.0,0.0,,2017-05-01 11:20:49,,3,2,,2,,,,1
468155719489998,306336252489998,2016,54,33,1543,135,3,2,2016,1,0.0,0.0,,2017-05-01 11:20:49,,3,2,,2,,,,1
468155716489998,306336252489998,2016,54,33,1543,180,2,2,2016,1,0.0,0.0,,2017-05-01 11:20:49,,3,2,,2,,,,1
468155724489998,306336252489998,2016,54,33,1543,225,4,2,2016,1,0.0,0.0,,2017-05-01 11:20:49,,3,2,,2,,,,1
468155712489998,306336252489998,2016,54,33,1543,270,1,2,2016,1,0.0,0.0,,2017-05-01 11:20:49,,3,2,,2,,,,1
468155721489998,306336252489998,2016,54,33,1543,315,3,2,2016,1,0.0,0.0,,2017-05-01 11:20:49,,3,2,,2,,,,1
468155714489998,306336252489998,2016,54,33,1543,360,2,2,2016,1,0.0,0.0,,2017-05-01 11:20:49,,3,2,,2,,,,1
468154850489998,306335981489998,2016,54,35,1408,45,4,2,2016,1,0.0,0.0,,2017-05-01 11:20:48,,3,2,,2,,,,1
468154844489998,306335981489998,2016,54,35,1408,90,1,2,2016,1,0.0,0.0,,2017-05-01 11:20:48,,3,2,,2,,,,1
468154848489998,306335981489998,2016,54,35,1408,135,3,2,2016,1,0.0,0.0,,2017-05-01 11:20:48,,3,2,,2,,,,1
468154847489998,306335981489998,2016,54,35,1408,180,2,2,2016,1,0.0,0.0,,2017-05-01 11:20:48,,3,2,,2,,,,1
468154851489998,306335981489998,2016,54,35,1408,225,4,2,2016,1,0.0,0.0,,2017-05-01 11:20:48,,3,2,,2,,,,1
468154845489998,306335981489998,2016,54,35,1408,270,1,2,2016,1,0.0,0.0,,2017-05-01 11:20:48,,3,2,,2,,,,1
468154849489998,306335981489998,2016,54,35,1408,315,3,2,2016,1,0.0,0.0,,2017-05-01 11:20:48,,3,2,,2,,,,1
468154846489998,306335981489998,2016,54,35,1408,360,2,2,2016,1,0.0,0.0,,2017-05-01 11:20:48,,3,2,,2,,,,1
468142348489998,306336087489998,2016,54,39,2374,45,4,2,,1,,,,2017-05-01 11:20:49,,3,,,,,,,1
468142342489998,306336087489998,2016,54,39,2374,90,1,2,,1,,,,2017-05-01 11:20:49,,3,,,,,,,1
468142346489998,306336087489998,2016,54,39,2374,135,3,2,,1,,,,2017-05-01 11:20:49,,3,,,,,,,1
468142344489998,306336087489998,2016,54,39,2374,180,2,2,,1,,,,2017-05-01 11:20:49,,3,,,,,,,1
468142349489998,306336087489998,2016,54,39,2374,225,4,2,,1,,,,2017-05-01 11:20:49,,3,,,,,,,1
468142343489998,306336087489998,2016,54,39,2374,270,1,2,,1,,,,2017-05-01 11:20:49,,3,,,,,,,1
468142347489998,306336087489998,2016,54,39,2374,315,3,2,,1,,,,2017-05-01 11:20:49,,3,,,,,,,1
468142345489998,306336087489998,2016,54,39,2374,360,2,2,,1,,,,2017-05-01 11:20:49,,3,,,,,,,1
468142482489998,306336090489998,2016,54,39,2412,45,4,2,,1,,,,2017-05-01 11:20:49,,3,,,,,,,1
468142476489998,306336090489998,2016,54,39,2412,90,1,2,,1,,,,2017-05-01 11:20:49,,3,,,,,,,1
468142480489998,306336090489998,2016,54,39,2412,135,3,2,,1,,,,2017-05-01 11:20:49,,3,,,,,,,1
468142478489998,306336090489998,2016,54,39,2412,180,2,2,,1,,,,2017-05-01 11:20:49,,3,,,,,,,1
468142483489998,306336090489998,2016,54,39,2412,225,4,2,,1,,,,2017-05-01 11:20:49,,3,,,,,,,1
468142477489998,306336090489998,2016,54,39,2412,270,1,2,,1,,,,2017-05-01 11:20:49,,3,,,,,,,1
468142481489998,306336090489998,2016,54,39,2412,315,3,2,,1,,,,2017-05-01 11:20:49,,3,,,,,,,1
468142479489998,306336090489998,2016,54,39,2412,360,2,2,,1,,,,2017-05-01 11:20:49,,3,,,,,,,1
468154996489998,306336079489998,2016,54,45,227,45,4,2,2016,1,0.0,0.0,,2017-05-01 11:20:48,,3,2,,2,,,,1
468154990489998,306336079489998,2016,54,45,227,90,1,2,2016,1,0.0,0.0,,2017-05-01 11:20:48,,3,2,,2,,,,1
468154994489998,306336079489998,2016,54,45,227,135,3,2,2016,1,0.0,0.0,,2017-05-01 11:20:48,,3,2,,2,,,,1
468154993489998,306336079489998,2016,54,45,227,180,2,2,2016,1,0.0,0.0,,2017-05-01 11:20:48,,3,2,,2,,,,1
468154997489998,306336079489998,2016,54,45,227,225,4,2,2016,1,0.0,0.0,,2017-05-01 11:20:48,,3,2,,2,,,,1
468154991489998,306336079489998,2016,54,45,227,270,1,2,2016,1,0.0,0.0,,2017-05-01 11:20:48,,3,2,,2,,,,1
468154995489998,306336079489998,2016,54,45,227,315,3,2,2016,1,0.0,0.0,,2017-05-01 11:20:48,,3,2,,2,,,,1
468154992489998,306336079489998,2016,54,45,227,360,2,2,2016,1,0.0,0.0,,2017-05-01 11:20:48,,3,2,,2,,,,1
468142236489998,306336083489998,2016,54,47,1853,45,4,2,,1,0.2,1.5,,2017-05-01 11:20:49,,3,2,,2,,,,1
468142230489998,306336083489998,2016,54,47,1853,90,1,2,,1,0.0,0.0,,2017-05-01 11:20:49,,3,1,,1,,,,1
468142234489998,306336083489998,2016,54,47,1853,135,3,2,,1,0.0,0.0,,2017-05-01 11:20:49,,3,1,,1,,,,1
468142232489998,306336083489998,2016,54,47,1853,180,2,2,,1,0.3,1.5,,2017-05-01 11:20:49,,3,1,,1,,,,1
468142237489998,306336083489998,2016,54,47,1853,225,4,2,,2,,,,2017-05-01 11:20:49,,3,,,,,,,1
468142231489998,306336083489998,2016,54,47,1853,270,1,2,,1,0.3,0.1,,2017-05-01 11:20:49,,3,1,,1,,,,1
468142235489998,306336083489998,2016,54,47,1853,315,3,2,,1,0.1,0.6,,2017-05-01 11:20:49,,3,1,,1,,,,1
468142233489998,306336083489998,2016,54,47,1853,360,2,2,,2,,,,2017-05-01 11:20:49,,3,,,,,,,1
468142817489998,306336099489998,2016,54,51,1731,45,4,2,,1,,,,2017-05-01 11:20:49,,3,,,,,,,1
468142811489998,306336099489998,2016,54,51,1731,90,1,2,,1,,,,2017-05-01 11:20:49,,3,,,,,,,1
468142815489998,306336099489998,2016,54,51,1731,135,3,2,,1,,,,2017-05-01 11:20:49,,3,,,,,,,1
468142813489998,306336099489998,2016,54,51,1731,180,2,2,,1,,,,2017-05-01 11:20:49,,3,,,,,,,1
468142818489998,306336099489998,2016,54,51,1731,225,4,2,,2,0.0,0.3,,2017-05-01 11:20:49,,3,1,,1,,,,1
468142812489998,306336099489998,2016,54,51,1731,270,1,2,,1,,,,2017-05-01 11:20:49,,3,,,,,,,1
468142816489998,306336099489998,2016,54,51,1731,315,3,2,,1,,,,2017-05-01 11:20:49,,3,,,,,,,1
468142814489998,306336099489998,2016,54,51,1731,360,2,2,,1,,,,2017-05-01 11:20:49,,3,,,,,,,1
468147707489998,306336226489998,2016,54,63,559,45,4,2,,1,,,,2017-05-01 11:20:49,,3,,,,,,,1
468147701489998,306336226489998,2016,54,63,559,90,1,2,,1,,,,2017-05-01 11:20:49,,3,,,,,,,1
468147705489998,306336226489998,2016,54,63,559,135,3,2,,1,,,,2017-05-01 11:20:49,,3,,,,,,,1
468147703489998,306336226489998,2016,54,63,559,180,2,2,,1,,,,2017-05-01 11:20:49,,3,,,,,,,1
468147708489998,306336226489998,2016,54,63,559,225,4,2,,1,,,,2017-05-01 11:20:49,,3,,,,,,,1
468147702489998,306336226489998,2016,54,63,559,270,1,2,,1,,,,2017-05-01 11:20:49,,3,,,,,,,1
468147706489998,306336226489998,2016,54,63,559,315,3,2,,1,,,,2017-05-01 11:20:49,,3,,,,,,,1
468147704489998,306336226489998,2016,54,63,559,360,2,2,,1,,,,2017-05-01 11:20:49,,3,,,,,,,1
468139390489998,306336023489998,2016,54,63,1793,45,4,2,,1,0.0,0.1,,2017-05-01 11:20:48,,3,1,,1,,,,1
468139384489998,306336023489998,2016,54,63,1793,90,1,2,,1,0.1,0.2,,2017-05-01 11:20:48,,3,1,,1,,,,1
468139388489998,306336023489998,2016,54,63,1793,135,3,2,,2,0.1,0.3,,2017-05-01 11:20:48,,3,1,,1,,,,1
468139386489998,306336023489998,2016,54,63,1793,180,2,2,,1,0.0,0.2,,2017-05-01 11:20:48,,3,1,,1,,,,1
468139391489998,306336023489998,2016,54,63,1793,225,4,2,,1,0.1,0.3,,2017-05-01 11:20:48,,3,1,,1,,,,1
468139385489998,306336023489998,2016,54,63,1793,270,1,2,,1,0.1,0.2,,2017-05-01 11:20:48,,3,1,,1,,,,1
468139389489998,306336023489998,2016,54,63,1793,315,3,2,,2,0.1,0.5,,2017-05-01 11:20:48,,3,1,,1,,,,1
468139387489998,306336023489998,2016,54,63,1793,360,2,2,,1,0.0,0.1,,2017-05-01 11:20:48,,3,1,,1,,,,1
468136657489998,306335956489998,2016,54,65,1431,45,4,2,,1,1.3,1.9,,2017-05-01 11:20:48,,3,1,,1,,,,1
468136651489998,306335956489998,2016,54,65,1431,90,1,2,,1,0.9,3.2,,2017-05-01 11:20:48,,3,1,,1,,,,1
468136655489998,306335956489998,2016,54,65,1431,135,3,2,,1,0.2,1.1,,2017-05-01 11:20:48,,3,1,,1,,,,1
468136653489998,306335956489998,2016,54,65,1431,180,2,2,,1,0.4,1.3,,2017-05-01 11:20:48,,3,1,,1,,,,1
468136658489998,306335956489998,2016,54,65,1431,225,4,2,,1,0.0,2.4,,2017-05-01 11:20:48,,3,1,,1,,,,1
468136652489998,306335956489998,2016,54,65,1431,270,1,2,,1,0.4,1.9,,2017-05-01 11:20:48,,3,1,,1,,,,1
468136656489998,306335956489998,2016,54,65,1431,315,3,2,,1,0.6,2.5,,2017-05-01 11:20:48,,3,1,,1,,,,1
468136654489998,306335956489998,2016,54,65,1431,360,2,2,,1,0.7,1.9,,2017-05-01 11:20:48,,3,1,,1,,,,1
468155319489998,306336235489998,2016,54,67,1680,45,4,2,2016,1,0.0,0.0,,2017-05-01 11:20:49,,3,2,,2,,,,1
468155307489998,306336235489998,2016,54,67,1680,90,1,2,2016,1,0.0,0.0,,2017-05-01 11:20:49,,3,2,,2,,,,1
468155315489998,306336235489998,2016,54,67,1680,135,3,2,2016,1,0.0,0.0,,2017-05-01 11:20:49,,3,2,,2,,,,1
468155313489998,306336235489998,2016,54,67,1680,180,2,2,2016,1,0.0,0.0,,2017-05-01 11:20:49,,3,2,,2,,,,1
468155321489998,306336235489998,2016,54,67,1680,225,4,2,2016,1,0.0,0.0,,2017-05-01 11:20:49,,3,2,,2,,,,1
468155309489998,306336235489998,2016,54,67,1680,270,1,2,2016,1,0.0,0.0,,2017-05-01 11:20:49,,3,2,,2,,,,1
468155317489998,306336235489998,2016,54,67,1680,315,3,2,2016,1,0.0,0.0,,2017-05-01 11:20:49,,3,2,,2,,,,1
468155311489998,306336235489998,2016,54,67,1680,360,2,2,2016,1,0.0,0.0,,2017-05-01 11:20:49,,3,2,,2,,,,1
468144389489998,306336142489998,2016,54,73,1771,45,4,2,,1,,,,2017-05-01 11:20:49,,3,,,,,,,1
468144383489998,306336142489998,2016,54,73,1771,90,1,2,,1,,,,2017-05-01 11:20:49,,3,,,,,,,1
468144387489998,306336142489998,2016,54,73,1771,135,3,2,,2,0.1,3.7,,2017-05-01 11:20:49,,3,1,,1,,,,1
468144385489998,306336142489998,2016,54,73,1771,180,2,2,,1,,,,2017-05-01 11:20:49,,3,,,,,,,1
468144390489998,306336142489998,2016,54,73,1771,225,4,2,,1,,,,2017-05-01 11:20:49,,3,,,,,,,1
468144384489998,306336142489998,2016,54,73,1771,270,1,2,,1,,,,2017-05-01 11:20:49,,3,,,,,,,1
468144388489998,306336142489998,2016,54,73,1771,315,3,2,,2,0.3,2.5,,2017-05-01 11:20:49,,3,1,,1,,,,1
468144386489998,306336142489998,2016,54,73,1771,360,2,2,,1,,,,2017-05-01 11:20:49,,3,,,,,,,1
468154882489998,306335994489998,2016,54,75,1654,45,4,2,2016,1,0.0,0.0,,2017-05-01 11:20:48,,3,2,,2,,,,1
468154876489998,306335994489998,2016,54,75,1654,90,1,2,2016,1,0.0,0.0,,2017-05-01 11:20:48,,3,2,,2,,,,1
468154880489998,306335994489998,2016,54,75,1654,135,3,2,2016,1,0.0,0.0,,2017-05-01 11:20:48,,3,2,,2,,,,1
468154879489998,306335994489998,2016,54,75,1654,180,2,2,2016,1,0.0,0.0,,2017-05-01 11:20:48,,3,2,,2,,,,1
468154883489998,306335994489998,2016,54,75,1654,225,4,2,2016,1,0.0,0.0,,2017-05-01 11:20:48,,3,2,,2,,,,1
468154877489998,306335994489998,2016,54,75,1654,270,1,2,2016,1,0.0,0.0,,2017-05-01 11:20:48,,3,2,,2,,,,1
468154881489998,306335994489998,2016,54,75,1654,315,3,2,2016,1,0.0,0.0,,2017-05-01 11:20:48,,3,2,,2,,,,1
468154878489998,306335994489998,2016,54,75,1654,360,2,2,2016,1,0.0,0.0,,2017-05-01 11:20:48,,3,2,,2,,,,1
468657104489998,306336017489998,2016,54,75,3599,45,4,2,,1,0.7,1.0,,2017-05-02 14:31:20,,3,1,,1,,,,1
468657098489998,306336017489998,2016,54,75,3599,90,1,2,,1,1.0,0.6,,2017-05-02 14:31:20,,3,1,,1,,,,1
468657102489998,306336017489998,2016,54,75,3599,135,3,2,,2,,,,2017-05-02 14:31:20,,3,,,,,,,1
468657100489998,306336017489998,2016,54,75,3599,180,2,2,,1,1.0,2.8,,2017-05-02 14:31:20,,3,1,,1,,,,1
468657105489998,306336017489998,2016,54,75,3599,225,4,2,,1,1.6,2.1,,2017-05-02 14:31:20,,3,1,,1,,,,1
468657099489998,306336017489998,2016,54,75,3599,270,1,2,,1,0.9,0.4,,2017-05-02 14:31:20,,3,1,,1,,,,1
468657103489998,306336017489998,2016,54,75,3599,315,3,2,,1,0.2,1.4,,2017-05-02 14:31:20,,3,1,,1,,,,1
468657101489998,306336017489998,2016,54,75,3599,360,2,2,,1,0.6,3.8,,2017-05-02 14:31:20,,3,1,,1,,,,1
468155194489998,306336223489998,2016,54,77,1033,45,4,2,2016,1,0.0,0.0,,2017-05-01 11:20:49,,3,2,,2,,,,1
468155182489998,306336223489998,2016,54,77,1033,90,1,2,2016,1,0.0,0.0,,2017-05-01 11:20:49,,3,2,,2,,,,1
468155190489998,306336223489998,2016,54,77,1033,135,3,2,2016,1,0.0,0.0,,2017-05-01 11:20:49,,3,2,,2,,,,1
468155187489998,306336223489998,2016,54,77,1033,180,2,2,2016,1,0.0,0.0,,2017-05-01 11:20:49,,3,2,,2,,,,1
468155196489998,306336223489998,2016,54,77,1033,225,4,2,2016,1,0.0,0.0,,2017-05-01 11:20:49,,3,2,,2,,,,1
468155184489998,306336223489998,2016,54,77,1033,270,1,2,2016,1,0.0,0.0,,2017-05-01 11:20:49,,3,2,,2,,,,1
468155192489998,306336223489998,2016,54,77,1033,315,3,2,2016,1,0.0,0.0,,2017-05-01 11:20:49,,3,2,,2,,,,1
468155186489998,306336223489998,2016,54,77,1033,360,2,2,2016,1,0.0,0.0,,2017-05-01 11:20:49,,3,2,,2,,,,1
468136850489998,306335959489998,2016,54,77,1835,45,4,2,,1,0.8,2.0,,2017-05-01 11:20:48,,3,1,,1,,,,1
468136844489998,306335959489998,2016,54,77,1835,90,1,2,,1,0.1,2.0,,2017-05-01 11:20:48,,3,1,,1,,,,1
468136848489998,306335959489998,2016,54,77,1835,135,3,2,,1,0.5,1.0,,2017-05-01 11:20:48,,3,1,,1,,,,1
468136846489998,306335959489998,2016,54,77,1835,180,2,2,,1,0.2,0.9,,2017-05-01 11:20:48,,3,1,,1,,,,1
468136851489998,306335959489998,2016,54,77,1835,225,4,2,,1,0.4,1.3,,2017-05-01 11:20:48,,3,1,,1,,,,1
468136845489998,306335959489998,2016,54,77,1835,270,1,2,,1,0.5,0.5,,2017-05-01 11:20:48,,3,1,,1,,,,1
468136849489998,306335959489998,2016,54,77,1835,315,3,2,,1,1.5,2.5,,2017-05-01 11:20:48,,3,1,,1,,,,1
468136847489998,306335959489998,2016,54,77,1835,360,2,2,,1,0.1,0.8,,2017-05-01 11:20:48,,3,1,,1,,,,1
468147830489998,306336227489998,2016,54,77,2255,45,4,2,,1,2.0,0.8,,2017-05-01 11:20:49,,3,1,,1,,,,1
468147824489998,306336227489998,2016,54,77,2255,90,1,2,,1,0.5,1.5,,2017-05-01 11:20:49,,3,1,,1,,,,1
468147828489998,306336227489998,2016,54,77,2255,135,3,2,,1,0.9,1.5,,2017-05-01 11:20:49,,3,1,,1,,,,1
468147826489998,306336227489998,2016,54,77,2255,180,2,2,,1,0.1,0.3,,2017-05-01 11:20:49,,3,1,,1,,,,1
468147831489998,306336227489998,2016,54,77,2255,225,4,2,,1,0.6,1.0,,2017-05-01 11:20:49,,3,1,,1,,,,1
468147825489998,306336227489998,2016,54,77,2255,270,1,2,,1,0.1,0.7,,2017-05-01 11:20:49,,3,1,,1,,,,1
468147829489998,306336227489998,2016,54,77,2255,315,3,2,,1,0.1,0.1,,2017-05-01 11:20:49,,3,1,,1,,,,1
468147827489998,306336227489998,2016,54,77,2255,360,2,2,,1,0.2,1.0,,2017-05-01 11:20:49,,3,1,,1,,,,1
468154914489998,306336031489998,2016,54,77,3237,45,4,2,2016,1,0.0,0.0,,2017-05-01 11:20:48,,3,2,,2,,,,1
468154908489998,306336031489998,2016,54,77,3237,90,1,2,2016,1,0.0,0.0,,2017-05-01 11:20:48,,3,2,,2,,,,1
468154912489998,306336031489998,2016,54,77,3237,135,3,2,2016,1,0.0,0.0,,2017-05-01 11:20:48,,3,2,,2,,,,1
468154911489998,306336031489998,2016,54,77,3237,180,2,2,2016,1,0.0,0.0,,2017-05-01 11:20:48,,3,2,,2,,,,1
468154915489998,306336031489998,2016,54,77,3237,225,4,2,2016,1,0.0,0.0,,2017-05-01 11:20:48,,3,2,,2,,,,1
468154909489998,306336031489998,2016,54,77,3237,270,1,2,2016,1,0.0,0.0,,2017-05-01 11:20:48,,3,2,,2,,,,1
468154913489998,306336031489998,2016,54,77,3237,315,3,2,2016,1,0.0,0.0,,2017-05-01 11:20:48,,3,2,,2,,,,1
468154910489998,306336031489998,2016,54,77,3237,360,2,2,2016,1,0.0,0.0,,2017-05-01 11:20:48,,3,2,,2,,,,1
468154973489998,306336070489998,2016,54,79,1530,45,4,2,2016,1,0.0,0.0,,2017-05-01 11:20:48,,3,2,,2,,,,1
468154967489998,306336070489998,2016,54,79,1530,90,1,2,2016,1,0.0,0.0,,2017-05-01 11:20:48,,3,2,,2,,,,1
468154971489998,306336070489998,2016,54,79,1530,135,3,2,2016,1,0.0,0.0,,2017-05-01 11:20:48,,3,2,,2,,,,1
468154970489998,306336070489998,2016,54,79,1530,180,2,2,2016,1,0.0,0.0,,2017-05-01 11:20:48,,3,2,,2,,,,1
468154974489998,306336070489998,2016,54,79,1530,225,4,2,2016,1,0.0,0.0,,2017-05-01 11:20:48,,3,2,,2,,,,1
468154968489998,306336070489998,2016,54,79,1530,270,1,2,2016,1,0.0,0.0,,2017-05-01 11:20:48,,3,2,,2,,,,1
468154972489998,306336070489998,2016,54,79,1530,315,3,2,2016,1,0.0,0.0,,2017-05-01 11:20:48,,3,2,,2,,,,1
468154969489998,306336070489998,2016,54,79,1530,360,2,2,2016,1,0.0,0.0,,2017-05-01 11:20:48,,3,2,,2,,,,1
468136377489998,306335952489998,2016,54,81,1604,45,4,2,,1,,,,2017-05-01 11:20:48,,3,,,,,,,1
468136371489998,306335952489998,2016,54,81,1604,90,1,2,,1,,,,2017-05-01 11:20:48,,3,,,,,,,1
468136375489998,306335952489998,2016,54,81,1604,135,3,2,,1,,,,2017-05-01 11:20:48,,3,,,,,,,1
468136373489998,306335952489998,2016,54,81,1604,180,2,2,,1,,,,2017-05-01 11:20:48,,3,,,,,,,1
468136378489998,306335952489998,2016,54,81,1604,225,4,2,,1,,,,2017-05-01 11:20:48,,3,,,,,,,1
468136372489998,306335952489998,2016,54,81,1604,270,1,2,,1,,,,2017-05-01 11:20:48,,3,,,,,,,1
468136376489998,306335952489998,2016,54,81,1604,315,3,2,,1,,,,2017-05-01 11:20:48,,3,,,,,,,1
468136374489998,306335952489998,2016,54,81,1604,360,2,2,,1,,,,2017-05-01 11:20:48,,3,,,,,,,1
468138954489998,306336016489998,2016,54,83,237,45,4,2,,1,2.2,1.1,,2017-05-01 11:20:48,,3,1,,1,,,,1
468138948489998,306336016489998,2016,54,83,237,90,1,2,,1,0.7,0.9,,2017-05-01 11:20:48,,3,1,,1,,,,1
468138952489998,306336016489998,2016,54,83,237,135,3,2,,1,0.0,0.9,,2017-05-01 11:20:48,,3,1,,1,,,,1
468138950489998,306336016489998,2016,54,83,237,180,2,2,,1,1.2,0.8,,2017-05-01 11:20:48,,3,1,,1,,,,1
468138955489998,306336016489998,2016,54,83,237,225,4,2,,1,2.1,1.0,,2017-05-01 11:20:48,,3,1,,1,,,,1
468138949489998,306336016489998,2016,54,83,237,270,1,2,,1,0.1,0.2,,2017-05-01 11:20:48,,3,1,,1,,,,1
468138953489998,306336016489998,2016,54,83,237,315,3,2,,1,0.1,0.4,,2017-05-01 11:20:48,,3,1,,1,,,,1
468138951489998,306336016489998,2016,54,83,237,360,2,2,,1,1.1,2.2,,2017-05-01 11:20:48,,3,1,,1,,,,1
468154936489998,306336041489998,2016,54,83,765,45,4,2,2016,1,0.0,0.0,,2017-05-01 11:20:48,,3,2,,2,,,,1
468154930489998,306336041489998,2016,54,83,765,90,1,2,2016,1,0.0,0.0,,2017-05-01 11:20:48,,3,2,,2,,,,1
468154934489998,306336041489998,2016,54,83,765,135,3,2,2016,1,0.0,0.0,,2017-05-01 11:20:48,,3,2,,2,,,,1
468154933489998,306336041489998,2016,54,83,765,180,2,2,2016,1,0.0,0.0,,2017-05-01 11:20:48,,3,2,,2,,,,1
468154937489998,306336041489998,2016,54,83,765,225,4,2,2016,1,0.0,0.0,,2017-05-01 11:20:48,,3,2,,2,,,,1
468154931489998,306336041489998,2016,54,83,765,270,1,2,2016,1,0.0,0.0,,2017-05-01 11:20:48,,3,2,,2,,,,1
468154935489998,306336041489998,2016,54,83,765,315,3,2,2016,1,0.0,0.0,,2017-05-01 11:20:48,,3,2,,2,,,,1
468154932489998,306336041489998,2016,54,83,765,360,2,2,2016,1,0.0,0.0,,2017-05-01 11:20:48,,3,2,,2,,,,1
468150177489998,306336282489998,2016,54,83,1083,45,4,2,,1,2.0,1.3,,2017-05-01 11:20:49,,3,1,,1,,,,1
468150171489998,306336282489998,2016,54,83,1083,90,1,2,,1,3.5,1.4,,2017-05-01 11:20:49,,3,1,,1,,,,1
468150175489998,306336282489998,2016,54,83,1083,135,3,2,,1,4.6,1.0,,2017-05-01 11:20:49,,3,1,,1,,,,1
468150173489998,306336282489998,2016,54,83,1083,180,2,2,,1,2.9,1.2,,2017-05-01 11:20:49,,3,1,,1,,,,1
468150178489998,306336282489998,2016,54,83,1083,225,4,2,,1,2.5,1.5,,2017-05-01 11:20:49,,3,1,,1,,,,1
468150172489998,306336282489998,2016,54,83,1083,270,1,2,,1,0.2,4.2,,2017-05-01 11:20:49,,3,1,,1,,,,1
468150176489998,306336282489998,2016,54,83,1083,315,3,2,,1,4.5,1.5,,2017-05-01 11:20:49,,3,1,,1,,,,1
468150174489998,306336282489998,2016,54,83,1083,360,2,2,,1,1.0,1.1,,2017-05-01 11:20:49,,3,1,,1,,,,1
468149124489998,306336260489998,2016,54,83,1282,45,4,2,,1,0.7,0.7,,2017-05-01 11:20:49,,3,1,,1,,,,1
468149118489998,306336260489998,2016,54,83,1282,90,1,2,,1,2.5,2.8,,2017-05-01 11:20:49,,3,1,,1,,,,1
468149122489998,306336260489998,2016,54,83,1282,135,3,2,,1,0.5,2.2,,2017-05-01 11:20:49,,3,1,,1,,,,1
468149120489998,306336260489998,2016,54,83,1282,180,2,2,,1,0.1,0.7,,2017-05-01 11:20:49,,3,1,,1,,,,1
468149125489998,306336260489998,2016,54,83,1282,225,4,2,,1,0.5,0.7,,2017-05-01 11:20:49,,3,1,,1,,,,1
468149119489998,306336260489998,2016,54,83,1282,270,1,2,,1,0.1,0.7,,2017-05-01 11:20:49,,3,1,,1,,,,1
468149123489998,306336260489998,2016,54,83,1282,315,3,2,,1,0.2,0.8,,2017-05-01 11:20:49,,3,1,,1,,,,1
468149121489998,306336260489998,2016,54,83,1282,360,2,2,,1,0.5,0.9,,2017-05-01 11:20:49,,3,1,,1,,,,1
468150346489998,306336284489998,2016,54,83,2127,45,4,2,,3,,,,2017-05-01 11:20:49,,3,,,,,,,1
468150340489998,306336284489998,2016,54,83,2127,90,1,2,,1,2.1,0.7,,2017-05-01 11:20:49,,3,1,,1,,,,1
468150344489998,306336284489998,2016,54,83,2127,135,3,2,,1,0.6,0.0,,2017-05-01 11:20:49,,3,1,,1,,,,1
468150342489998,306336284489998,2016,54,83,2127,180,2,2,,1,1.1,0.0,,2017-05-01 11:20:49,,3,1,,1,,,,1
468150347489998,306336284489998,2016,54,83,2127,225,4,2,,3,,,,2017-05-01 11:20:49,,3,,,,,,,1
468150341489998,306336284489998,2016,54,83,2127,270,1,2,,1,0.4,0.1,,2017-05-01 11:20:49,,3,1,,1,,,,1
468150345489998,306336284489998,2016,54,83,2127,315,3,2,,1,1.0,0.5,,2017-05-01 11:20:49,,3,1,,1,,,,1
468150343489998,306336284489998,2016,54,83,2127,360,2,2,,2,2.1,0.0,,2017-05-01 11:20:49,,3,1,,1,,,,1
468143981489998,306336130489998,2016,54,87,1586,45,4,2,,1,0.1,1.0,,2017-05-01 11:20:49,,3,1,,1,,,,1
468143975489998,306336130489998,2016,54,87,1586,90,1,2,,1,0.2,1.5,,2017-05-01 11:20:49,,3,1,,1,,,,1
468143979489998,306336130489998,2016,54,87,1586,135,3,2,,1,0.2,1.2,,2017-05-01 11:20:49,,3,1,,1,,,,1
468143977489998,306336130489998,2016,54,87,1586,180,2,2,,1,0.1,0.2,,2017-05-01 11:20:49,,3,1,,1,,,,1
468143982489998,306336130489998,2016,54,87,1586,225,4,2,,1,0.0,0.0,,2017-05-01 11:20:49,,3,1,,1,,,,1
468143976489998,306336130489998,2016,54,87,1586,270,1,2,,1,0.1,1.6,,2017-05-01 11:20:49,,3,1,,1,,,,1
468143980489998,306336130489998,2016,54,87,1586,315,3,2,,1,0.2,0.4,,2017-05-01 11:20:49,,3,1,,1,,,,1
468143978489998,306336130489998,2016,54,87,1586,360,2,2,,1,1.4,2.5,,2017-05-01 11:20:49,,3,1,,1,,,,1
468149971489998,306336278489998,2016,54,93,1099,45,4,2,,1,0.2,0.0,,2017-05-01 11:20:49,,3,1,,1,,,,1
468149965489998,306336278489998,2016,54,93,1099,90,1,2,,1,0.0,0.0,,2017-05-01 11:20:49,,3,1,,1,,,,1
468149969489998,306336278489998,2016,54,93,1099,135,3,2,,2,2.7,2.2,,2017-05-01 11:20:49,,3,1,,1,,,,1
468149967489998,306336278489998,2016,54,93,1099,180,2,2,,1,0.0,0.0,,2017-05-01 11:20:49,,3,1,,1,,,,1
468149972489998,306336278489998,2016,54,93,1099,225,4,2,,1,0.0,0.5,,2017-05-01 11:20:49,,3,1,,1,,,,1
468149966489998,306336278489998,2016,54,93,1099,270,1,2,,1,0.0,0.5,,2017-05-01 11:20:49,,3,1,,1,,,,1
468149970489998,306336278489998,2016,54,93,1099,315,3,2,,2,0.1,1.0,,2017-05-01 11:20:49,,3,1,,1,,,,1
468149968489998,306336278489998,2016,54,93,1099,360,2,2,,1,0.0,0.2,,2017-05-01 11:20:49,,3,1,,1,,,,1
468144421489998,306336143489998,2016,54,95,1258,45,4,2,,1,,,,2017-05-01 11:20:49,,3,,,,,,,1
468144415489998,306336143489998,2016,54,95,1258,90,1,2,,1,,,,2017-05-01 11:20:49,,3,,,,,,,1
468144419489998,306336143489998,2016,54,95,1258,135,3,2,,1,,,,2017-05-01 11:20:49,,3,,,,,,,1
468144417489998,306336143489998,2016,54,95,1258,180,2,2,,1,,,,2017-05-01 11:20:49,,3,,,,,,,1
468144422489998,306336143489998,2016,54,95,1258,225,4,2,,1,,,,2017-05-01 11:20:49,,3,,,,,,,1
468144416489998,306336143489998,2016,54,95,1258,270,1,2,,1,,,,2017-05-01 11:20:49,,3,,,,,,,1
468144420489998,306336143489998,2016,54,95,1258,315,3,2,,1,,,,2017-05-01 11:20:49,,3,,,,,,,1
468144418489998,306336143489998,2016,54,95,1258,360,2,2,,1,,,,2017-05-01 11:20:49,,3,,,,,,,1
468146486489998,306336200489998,2016,54,97,1210,45,4,2,,1,0.2,0.5,,2017-05-01 11:20:49,,3,1,,1,,,,1
468146480489998,306336200489998,2016,54,97,1210,90,1,2,,1,3.2,1.4,,2017-05-01 11:20:49,,3,1,,1,,,,1
468146484489998,306336200489998,2016,54,97,1210,135,3,2,,1,0.0,1.0,,2017-05-01 11:20:49,,3,1,,1,,,,1
468146482489998,306336200489998,2016,54,97,1210,180,2,2,,2,0.5,0.2,,2017-05-01 11:20:49,,3,1,,1,,,,1
468146487489998,306336200489998,2016,54,97,1210,225,4,2,,1,1.0,1.7,,2017-05-01 11:20:49,,3,1,,1,,,,1
468146481489998,306336200489998,2016,54,97,1210,270,1,2,,1,0.2,1.0,,2017-05-01 11:20:49,,3,1,,1,,,,1
468146485489998,306336200489998,2016,54,97,1210,315,3,2,,1,0.1,0.2,,2017-05-01 11:20:49,,3,1,,1,,,,1
468146483489998,306336200489998,2016,54,97,1210,360,2,2,,2,0.1,0.2,,2017-05-01 11:20:49,,3,1,,1,,,,1
468141475489998,306336063489998,2016,54,99,1003,45,4,2,,1,,,,2017-05-01 11:20:48,,3,,,,,,,1
468141469489998,306336063489998,2016,54,99,1003,90,1,2,,1,,,,2017-05-01 11:20:48,,3,,,,,,,1
468141473489998,306336063489998,2016,54,99,1003,135,3,2,,1,,,,2017-05-01 11:20:48,,3,,,,,,,1
468141471489998,306336063489998,2016,54,99,1003,180,2,2,,1,,,,2017-05-01 11:20:48,,3,,,,,,,1
468141476489998,306336063489998,2016,54,99,1003,225,4,2,,1,,,,2017-05-01 11:20:48,,3,,,,,,,1
468141470489998,306336063489998,2016,54,99,1003,270,1,2,,1,,,,2017-05-01 11:20:48,,3,,,,,,,1
468141474489998,306336063489998,2016,54,99,1003,315,3,2,,1,,,,2017-05-01 11:20:48,,3,,,,,,,1
468141472489998,306336063489998,2016,54,99,1003,360,2,2,,1,,,,2017-05-01 11:20:48,,3,,,,,,,1
468137256489998,306335970489998,2016,54,101,516,45,4,2,,1,0.0,0.1,,2017-05-01 11:20:48,,3,1,,1,,,,1
468137250489998,306335970489998,2016,54,101,516,90,1,2,,1,1.0,3.5,,2017-05-01 11:20:48,,3,1,,1,,,,1
468137254489998,306335970489998,2016,54,101,516,135,3,2,,1,1.9,1.0,,2017-05-01 11:20:48,,3,1,,1,,,,1
468137252489998,306335970489998,2016,54,101,516,180,2,2,,1,1.3,2.3,,2017-05-01 11:20:48,,3,1,,1,,,,1
468137257489998,306335970489998,2016,54,101,516,225,4,2,,1,0.0,0.1,,2017-05-01 11:20:48,,3,1,,1,,,,1
468137251489998,306335970489998,2016,54,101,516,270,1,2,,1,2.2,1.2,,2017-05-01 11:20:48,,3,1,,1,,,,1
468137255489998,306335970489998,2016,54,101,516,315,3,2,,1,1.0,1.8,,2017-05-01 11:20:48,,3,1,,1,,,,1
468137253489998,306335970489998,2016,54,101,516,360,2,2,,1,1.3,4.1,,2017-05-01 11:20:48,,3,1,,1,,,,1
468145120489998,306336162489998,2016,54,107,1124,45,4,2,,1,0.3,0.3,,2017-05-01 11:20:49,,3,1,,1,,,,1
468145114489998,306336162489998,2016,54,107,1124,90,1,2,,1,0.1,3.0,,2017-05-01 11:20:49,,3,1,,1,,,,1
468145118489998,306336162489998,2016,54,107,1124,135,3,2,,1,0.2,1.0,,2017-05-01 11:20:49,,3,1,,1,,,,1
468145116489998,306336162489998,2016,54,107,1124,180,2,2,,1,0.1,0.1,,2017-05-01 11:20:49,,3,1,,1,,,,1
468145121489998,306336162489998,2016,54,107,1124,225,4,2,,1,0.1,0.5,,2017-05-01 11:20:49,,3,1,,1,,,,1
468145115489998,306336162489998,2016,54,107,1124,270,1,2,,1,0.2,1.0,,2017-05-01 11:20:49,,3,1,,1,,,,1
468145119489998,306336162489998,2016,54,107,1124,315,3,2,,1,0.1,2.0,,2017-05-01 11:20:49,,3,1,,1,,,,1
468145117489998,306336162489998,2016,54,107,1124,360,2,2,,1,0.1,1.5,,2017-05-01 11:20:49,,3,1,,1,,,,1
468145306489998,306336165489998,2016,54,107,2443,45,4,2,,1,0.1,3.0,,2017-05-01 11:20:49,,3,1,,1,,,,1
468145300489998,306336165489998,2016,54,107,2443,90,1,2,,1,0.0,0.3,,2017-05-01 11:20:49,,3,1,,1,,,,1
468145304489998,306336165489998,2016,54,107,2443,135,3,2,,1,0.2,1.0,,2017-05-01 11:20:49,,3,1,,1,,,,1
468145302489998,306336165489998,2016,54,107,2443,180,2,2,,1,0.3,1.0,,2017-05-01 11:20:49,,3,1,,1,,,,1
468145307489998,306336165489998,2016,54,107,2443,225,4,2,,1,0.4,2.0,,2017-05-01 11:20:49,,3,1,,1,,,,1
468145301489998,306336165489998,2016,54,107,2443,270,1,2,,1,0.1,0.2,,2017-05-01 11:20:49,,3,1,,1,,,,1
468145305489998,306336165489998,2016,54,107,2443,315,3,2,,1,0.4,2.0,,2017-05-01 11:20:49,,3,1,,1,,,,1
468145303489998,306336165489998,2016,54,107,2443,360,2,2,,1,0.2,0.4,,2017-05-01 11:20:49,,3,1,,1,,,,1
534029482126144,374961270489998,2017,54,1,2458,45,4,2,,1,,,,2018-05-04 07:21:12,,3,,,,,,,1
534029476126144,374961270489998,2017,54,1,2458,90,1,2,,1,,,,2018-05-04 07:21:12,,3,,,,,,,1
534029480126144,374961270489998,2017,54,1,2458,135,3,2,,1,,,,2018-05-04 07:21:12,,3,,,,,,,1
534029478126144,374961270489998,2017,54,1,2458,180,2,2,,1,,,,2018-05-04 07:21:12,,3,,,,,,,1
534029483126144,374961270489998,2017,54,1,2458,225,4,2,,1,,,,2018-05-04 07:21:12,,3,,,,,,,1
534029477126144,374961270489998,2017,54,1,2458,270,1,2,,1,,,,2018-05-04 07:21:12,,3,,,,,,,1
534029481126144,374961270489998,2017,54,1,2458,315,3,2,,1,,,,2018-05-04 07:21:12,,3,,,,,,,1
534029479126144,374961270489998,2017,54,1,2458,360,2,2,,1,,,,2018-05-04 07:21:12,,3,,,,,,,1
534025417126144,374961169489998,2017,54,17,2157,45,4,2,,1,,,,2018-05-04 07:21:12,,3,,,,,,,1
534025411126144,374961169489998,2017,54,17,2157,90,1,2,,1,,,,2018-05-04 07:21:12,,3,,,,,,,1
534025415126144,374961169489998,2017,54,17,2157,135,3,2,,1,,,,2018-05-04 07:21:12,,3,,,,,,,1
534025413126144,374961169489998,2017,54,17,2157,180,2,2,,1,,,,2018-05-04 07:21:12,,3,,,,,,,1
534025418126144,374961169489998,2017,54,17,2157,225,4,2,,1,,,,2018-05-04 07:21:12,,3,,,,,,,1
534025412126144,374961169489998,2017,54,17,2157,270,1,2,,1,,,,2018-05-04 07:21:12,,3,,,,,,,1
534025416126144,374961169489998,2017,54,17,2157,315,3,2,,1,,,,2018-05-04 07:21:12,,3,,,,,,,1
534025414126144,374961169489998,2017,54,17,2157,360,2,2,,1,,,,2018-05-04 07:21:12,,3,,,,,,,1
534036988126144,374961456489998,2017,54,19,898,45,4,2,,1,,,,2018-05-04 07:21:12,,3,,,,,,,1
534036982126144,374961456489998,2017,54,19,898,90,1,2,,1,,,,2018-05-04 07:21:12,,3,,,,,,,1
534036986126144,374961456489998,2017,54,19,898,135,3,2,,2,0.7,0.3,,2018-05-04 07:21:12,,3,1,,1,,,,1
534036984126144,374961456489998,2017,54,19,898,180,2,2,,1,,,,2018-05-04 07:21:12,,3,,,,,,,1
534036989126144,374961456489998,2017,54,19,898,225,4,2,,1,,,,2018-05-04 07:21:12,,3,,,,,,,1
534036983126144,374961456489998,2017,54,19,898,270,1,2,,1,,,,2018-05-04 07:21:12,,3,,,,,,,1
534036987126144,374961456489998,2017,54,19,898,315,3,2,,1,,,,2018-05-04 07:21:12,,3,,,,,,,1
534036985126144,374961456489998,2017,54,19,898,360,2,2,,1,,,,2018-05-04 07:21:12,,3,,,,,,,1
534028574126144,374961245489998,2017,54,25,268,45,4,2,,1,0.1,0.6,,2018-05-04 07:21:12,,3,1,,1,,,,1
534028568126144,374961245489998,2017,54,25,268,90,1,2,,1,0.3,1.0,,2018-05-04 07:21:12,,3,1,,1,,,,1
534028572126144,374961245489998,2017,54,25,268,135,3,2,,1,0.5,0.7,,2018-05-04 07:21:12,,3,1,,1,,,,1
534028570126144,374961245489998,2017,54,25,268,180,2,2,,1,0.0,0.1,,2018-05-04 07:21:12,,3,1,,1,,,,1
534028575126144,374961245489998,2017,54,25,268,225,4,2,,1,1.2,0.6,,2018-05-04 07:21:12,,3,1,,1,,,,1
534028569126144,374961245489998,2017,54,25,268,270,1,2,,1,0.5,0.7,,2018-05-04 07:21:12,,3,1,,1,,,,1
534028573126144,374961245489998,2017,54,25,268,315,3,2,,1,0.7,0.7,,2018-05-04 07:21:12,,3,1,,1,,,,1
534028571126144,374961245489998,2017,54,25,268,360,2,2,,1,6.5,0.7,,2018-05-04 07:21:12,,3,1,,1,,,,1
534018617126144,374961246489998,2017,54,25,390,45,4,2,2017,1,0.0,0.0,,2018-05-04 07:21:12,,3,2,,2,,,,1
534018611126144,374961246489998,2017,54,25,390,90,1,2,2017,1,0.0,0.0,,2018-05-04 07:21:12,,3,2,,2,,,,1
534018615126144,374961246489998,2017,54,25,390,135,3,2,2017,1,0.0,0.0,,2018-05-04 07:21:12,,3,2,,2,,,,1
534018614126144,374961246489998,2017,54,25,390,180,2,2,2017,1,0.0,0.0,,2018-05-04 07:21:12,,3,2,,2,,,,1
534018618126144,374961246489998,2017,54,25,390,225,4,2,2017,1,0.0,0.0,,2018-05-04 07:21:12,,3,2,,2,,,,1
534018612126144,374961246489998,2017,54,25,390,270,1,2,2017,1,0.0,0.0,,2018-05-04 07:21:12,,3,2,,2,,,,1
534018616126144,374961246489998,2017,54,25,390,315,3,2,2017,1,0.0,0.0,,2018-05-04 07:21:12,,3,2,,2,,,,1
534018613126144,374961246489998,2017,54,25,390,360,2,2,2017,1,0.0,0.0,,2018-05-04 07:21:12,,3,2,,2,,,,1
534027708126144,374961226489998,2017,54,25,1520,45,4,2,,1,0.2,1.5,,2018-05-04 07:21:12,,3,1,,1,,,,1
534027702126144,374961226489998,2017,54,25,1520,90,1,2,,1,0.1,0.6,,2018-05-04 07:21:12,,3,1,,1,,,,1
534027706126144,374961226489998,2017,54,25,1520,135,3,2,,2,,,,2018-05-04 07:21:12,,3,,,,,,,1
534027704126144,374961226489998,2017,54,25,1520,180,2,2,,1,0.6,0.6,,2018-05-04 07:21:12,,3,1,,1,,,,1
534027709126144,374961226489998,2017,54,25,1520,225,4,2,,1,0.1,2.0,,2018-05-04 07:21:12,,3,1,,1,,,,1
534027703126144,374961226489998,2017,54,25,1520,270,1,2,,1,0.2,0.2,,2018-05-04 07:21:12,,3,1,,1,,,,1
534027707126144,374961226489998,2017,54,25,1520,315,3,2,,2,,,,2018-05-04 07:21:12,,3,,,,,,,1
534027705126144,374961226489998,2017,54,25,1520,360,2,2,,1,0.7,1.5,,2018-05-04 07:21:12,,3,1,,1,,,,1
534021838126144,374961524489998,2017,54,27,48,45,4,2,,1,0.0,0.4,,2018-05-04 07:21:12,,3,1,,1,,,,1
534021832126144,374961524489998,2017,54,27,48,90,1,2,,1,0.0,0.1,,2018-05-04 07:21:12,,3,1,,1,,,,1
534021836126144,374961524489998,2017,54,27,48,135,3,2,,1,0.0,2.0,,2018-05-04 07:21:12,,3,1,,1,,,,1
534021834126144,374961524489998,2017,54,27,48,180,2,2,,1,0.0,0.3,,2018-05-04 07:21:12,,3,1,,1,,,,1
534021839126144,374961524489998,2017,54,27,48,225,4,2,,1,0.0,0.2,,2018-05-04 07:21:12,,3,1,,1,,,,1
534021833126144,374961524489998,2017,54,27,48,270,1,2,,1,0.0,0.3,,2018-05-04 07:21:12,,3,1,,1,,,,1
534021837126144,374961524489998,2017,54,27,48,315,3,2,,1,0.0,0.1,,2018-05-04 07:21:12,,3,1,,1,,,,1
534021835126144,374961524489998,2017,54,27,48,360,2,2,,1,0.0,1.0,,2018-05-04 07:21:12,,3,1,,1,,,,1
534029163126144,374961261489998,2017,54,27,370,45,4,2,,1,1.0,0.0,,2018-05-04 07:21:12,,3,1,,1,,,,1
534029157126144,374961261489998,2017,54,27,370,90,1,2,,1,0.1,3.0,,2018-05-04 07:21:12,,3,1,,1,,,,1
534029161126144,374961261489998,2017,54,27,370,135,3,2,,1,0.3,2.0,,2018-05-04 07:21:12,,3,1,,1,,,,1
534029159126144,374961261489998,2017,54,27,370,180,2,2,,1,2.0,2.5,,2018-05-04 07:21:12,,3,1,,1,,,,1
534029164126144,374961261489998,2017,54,27,370,225,4,2,,1,0.4,0.2,,2018-05-04 07:21:12,,3,1,,1,,,,1
534029158126144,374961261489998,2017,54,27,370,270,1,2,,1,0.2,0.1,,2018-05-04 07:21:12,,3,1,,1,,,,1
534029162126144,374961261489998,2017,54,27,370,315,3,2,,1,1.5,2.0,,2018-05-04 07:21:12,,3,1,,1,,,,1
534029160126144,374961261489998,2017,54,27,370,360,2,2,,1,1.5,0.3,,2018-05-04 07:21:12,,3,1,,1,,,,1
534025285126144,374961167489998,2017,54,33,3590,45,4,2,,1,0.3,1.5,,2018-05-04 07:21:12,,3,1,,1,,,,1
534025279126144,374961167489998,2017,54,33,3590,90,1,2,,1,0.2,1.8,,2018-05-04 07:21:12,,3,1,,1,,,,1
534025283126144,374961167489998,2017,54,33,3590,135,3,2,,1,1.0,1.0,,2018-05-04 07:21:12,,3,1,,1,,,,1
534025281126144,374961167489998,2017,54,33,3590,180,2,2,,1,0.1,0.5,,2018-05-04 07:21:12,,3,1,,1,,,,1
534025286126144,374961167489998,2017,54,33,3590,225,4,2,,1,0.1,1.8,,2018-05-04 07:21:12,,3,1,,1,,,,1
534025280126144,374961167489998,2017,54,33,3590,270,1,2,,1,1.2,2.2,,2018-05-04 07:21:12,,3,1,,1,,,,1
534025284126144,374961167489998,2017,54,33,3590,315,3,2,,1,1.0,1.2,,2018-05-04 07:21:12,,3,1,,1,,,,1
534025282126144,374961167489998,2017,54,33,3590,360,2,2,,1,0.0,0.2,,2018-05-04 07:21:12,,3,1,,1,,,,1
534034193126144,374961385489998,2017,54,35,759,45,4,2,,1,0.1,0.5,,2018-05-04 07:21:12,,3,1,,1,,,,1
534034187126144,374961385489998,2017,54,35,759,90,1,2,,1,0.1,0.9,,2018-05-04 07:21:12,,3,1,,1,,,,1
534034191126144,374961385489998,2017,54,35,759,135,3,2,,1,0.1,0.2,,2018-05-04 07:21:12,,3,1,,1,,,,1
534034189126144,374961385489998,2017,54,35,759,180,2,2,,1,0.1,0.6,,2018-05-04 07:21:12,,3,1,,1,,,,1
534034194126144,374961385489998,2017,54,35,759,225,4,2,,1,0.1,0.4,,2018-05-04 07:21:12,,3,1,,1,,,,1
534034188126144,374961385489998,2017,54,35,759,270,1,2,,1,0.1,0.2,,2018-05-04 07:21:12,,3,1,,1,,,,1
534034192126144,374961385489998,2017,54,35,759,315,3,2,,1,0.1,0.5,,2018-05-04 07:21:12,,3,1,,1,,,,1
534034190126144,374961385489998,2017,54,35,759,360,2,2,,1,0.1,0.6,,2018-05-04 07:21:12,,3,1,,1,,,,1
534036109126144,374961433489998,2017,54,35,1005,45,4,2,,1,0.1,0.6,,2018-05-04 07:21:12,,3,1,,1,,,,1
534036103126144,374961433489998,2017,54,35,1005,90,1,2,,1,0.1,0.4,,2018-05-04 07:21:12,,3,1,,1,,,,1
534036107126144,374961433489998,2017,54,35,1005,135,3,2,,1,0.1,0.7,,2018-05-04 07:21:12,,3,1,,1,,,,1
534036105126144,374961433489998,2017,54,35,1005,180,2,2,,1,0.1,0.2,,2018-05-04 07:21:12,,3,1,,1,,,,1
534036110126144,374961433489998,2017,54,35,1005,225,4,2,,1,0.1,0.5,,2018-05-04 07:21:12,,3,1,,1,,,,1
534036104126144,374961433489998,2017,54,35,1005,270,1,2,,1,0.1,0.5,,2018-05-04 07:21:12,,3,1,,1,,,,1
534036108126144,374961433489998,2017,54,35,1005,315,3,2,,1,0.1,0.2,,2018-05-04 07:21:12,,3,1,,1,,,,1
534036106126144,374961433489998,2017,54,35,1005,360,2,2,,1,0.1,0.3,,2018-05-04 07:21:12,,3,1,,1,,,,1
534031619126144,374961323489998,2017,54,35,1553,45,4,2,,1,,,,2018-05-04 07:21:12,,3,,,,,,,1
534031613126144,374961323489998,2017,54,35,1553,90,1,2,,1,,,,2018-05-04 07:21:12,,3,,,,,,,1
534031617126144,374961323489998,2017,54,35,1553,135,3,2,,1,,,,2018-05-04 07:21:12,,3,,,,,,,1
534031615126144,374961323489998,2017,54,35,1553,180,2,2,,1,,,,2018-05-04 07:21:12,,3,,,,,,,1
534031620126144,374961323489998,2017,54,35,1553,225,4,2,,1,,,,2018-05-04 07:21:12,,3,,,,,,,1
534031614126144,374961323489998,2017,54,35,1553,270,1,2,,1,,,,2018-05-04 07:21:12,,3,,,,,,,1
534031618126144,374961323489998,2017,54,35,1553,315,3,2,,1,,,,2018-05-04 07:21:12,,3,,,,,,,1
534031616126144,374961323489998,2017,54,35,1553,360,2,2,,1,,,,2018-05-04 07:21:12,,3,,,,,,,1
534018565126144,374961188489998,2017,54,37,2289,45,4,2,2017,1,0.0,0.0,,2018-05-04 07:21:12,,3,2,,2,,,,1
534018559126144,374961188489998,2017,54,37,2289,90,1,2,2017,1,0.0,0.0,,2018-05-04 07:21:12,,3,2,,2,,,,1
534018563126144,374961188489998,2017,54,37,2289,135,3,2,2017,1,0.0,0.0,,2018-05-04 07:21:12,,3,2,,2,,,,1
534018562126144,374961188489998,2017,54,37,2289,180,2,2,2017,1,0.0,0.0,,2018-05-04 07:21:12,,3,2,,2,,,,1
534018566126144,374961188489998,2017,54,37,2289,225,4,2,2017,1,0.0,0.0,,2018-05-04 07:21:12,,3,2,,2,,,,1
534018560126144,374961188489998,2017,54,37,2289,270,1,2,2017,1,0.0,0.0,,2018-05-04 07:21:12,,3,2,,2,,,,1
534018564126144,374961188489998,2017,54,37,2289,315,3,2,2017,1,0.0,0.0,,2018-05-04 07:21:12,,3,2,,2,,,,1
534018561126144,374961188489998,2017,54,37,2289,360,2,2,2017,1,0.0,0.0,,2018-05-04 07:21:12,,3,2,,2,,,,1
534031336126144,374961312489998,2017,54,39,1127,45,4,2,,1,1.0,1.5,,2018-05-04 07:21:12,,3,1,,1,,,,1
534031330126144,374961312489998,2017,54,39,1127,90,1,2,,1,2.7,0.0,,2018-05-04 07:21:12,,3,1,,1,,,,1
534031334126144,374961312489998,2017,54,39,1127,135,3,2,,3,,,,2018-05-04 07:21:12,,3,,,,,,,1
534031332126144,374961312489998,2017,54,39,1127,180,2,2,,2,0.3,0.5,,2018-05-04 07:21:12,,3,1,,1,,,,1
534031337126144,374961312489998,2017,54,39,1127,225,4,2,,1,1.0,1.5,,2018-05-04 07:21:12,,3,1,,1,,,,1
534031331126144,374961312489998,2017,54,39,1127,270,1,2,,1,3.5,0.0,,2018-05-04 07:21:12,,3,1,,1,,,,1
534031335126144,374961312489998,2017,54,39,1127,315,3,2,,3,,,,2018-05-04 07:21:12,,3,,,,,,,1
534031333126144,374961312489998,2017,54,39,1127,360,2,2,,2,1.0,2.5,,2018-05-04 07:21:12,,3,1,,1,,,,1
534033045126144,374961361489998,2017,54,43,1146,45,4,2,,1,,,,2018-05-04 07:21:12,,3,,,,,,,1
534033039126144,374961361489998,2017,54,43,1146,90,1,2,,1,,,,2018-05-04 07:21:12,,3,,,,,,,1
534033043126144,374961361489998,2017,54,43,1146,135,3,2,,2,0.1,0.2,,2018-05-04 07:21:12,,3,1,,1,,,,1
534033041126144,374961361489998,2017,54,43,1146,180,2,2,,1,,,,2018-05-04 07:21:12,,3,,,,,,,1
534033046126144,374961361489998,2017,54,43,1146,225,4,2,,1,,,,2018-05-04 07:21:12,,3,,,,,,,1
534033040126144,374961361489998,2017,54,43,1146,270,1,2,,1,,,,2018-05-04 07:21:12,,3,,,,,,,1
534033044126144,374961361489998,2017,54,43,1146,315,3,2,,2,0.1,1.4,,2018-05-04 07:21:12,,3,1,,1,,,,1
534033042126144,374961361489998,2017,54,43,1146,360,2,2,,1,,,,2018-05-04 07:21:12,,3,,,,,,,1
534031917126144,374961330489998,2017,54,43,2281,45,4,2,,1,1.4,1.0,,2018-05-04 07:21:12,,3,1,,1,,,,1
534031911126144,374961330489998,2017,54,43,2281,90,1,2,,1,0.5,1.8,,2018-05-04 07:21:12,,3,1,,1,,,,1
534031915126144,374961330489998,2017,54,43,2281,135,3,2,,1,0.4,3.0,,2018-05-04 07:21:12,,3,1,,1,,,,1
534031913126144,374961330489998,2017,54,43,2281,180,2,2,,1,0.2,1.5,,2018-05-04 07:21:12,,3,1,,1,,,,1
534031918126144,374961330489998,2017,54,43,2281,225,4,2,,1,0.3,2.0,,2018-05-04 07:21:12,,3,1,,1,,,,1
534031912126144,374961330489998,2017,54,43,2281,270,1,2,,1,0.3,2.0,,2018-05-04 07:21:12,,3,1,,1,,,,1
534031916126144,374961330489998,2017,54,43,2281,315,3,2,,1,0.3,1.0,,2018-05-04 07:21:12,,3,1,,1,,,,1
534031914126144,374961330489998,2017,54,43,2281,360,2,2,,1,0.8,2.0,,2018-05-04 07:21:12,,3,1,,1,,,,1
534026755126144,374961198489998,2017,54,49,1963,45,4,2,,1,,,,2018-05-04 07:21:12,,3,,,,,,,1
534026749126144,374961198489998,2017,54,49,1963,90,1,2,,1,,,,2018-05-04 07:21:12,,3,,,,,,,1
534026753126144,374961198489998,2017,54,49,1963,135,3,2,,1,,,,2018-05-04 07:21:12,,3,,,,,,,1
534026751126144,374961198489998,2017,54,49,1963,180,2,2,,1,,,,2018-05-04 07:21:12,,3,,,,,,,1
534026756126144,374961198489998,2017,54,49,1963,225,4,2,,1,,,,2018-05-04 07:21:12,,3,,,,,,,1
534026750126144,374961198489998,2017,54,49,1963,270,1,2,,1,,,,2018-05-04 07:21:12,,3,,,,,,,1
534026754126144,374961198489998,2017,54,49,1963,315,3,2,,1,,,,2018-05-04 07:21:12,,3,,,,,,,1
534026752126144,374961198489998,2017,54,49,1963,360,2,2,,1,,,,2018-05-04 07:21:12,,3,,,,,,,1
534018721126144,374961391489998,2017,54,53,1875,45,4,2,2017,1,0.0,0.0,,2018-05-04 07:21:12,,3,2,,2,,,,1
534018715126144,374961391489998,2017,54,53,1875,90,1,2,2017,1,0.0,0.0,,2018-05-04 07:21:12,,3,2,,2,,,,1
534018719126144,374961391489998,2017,54,53,1875,135,3,2,2017,1,0.0,0.0,,2018-05-04 07:21:12,,3,2,,2,,,,1
534018718126144,374961391489998,2017,54,53,1875,180,2,2,2017,1,0.0,0.0,,2018-05-04 07:21:12,,3,2,,2,,,,1
534018722126144,374961391489998,2017,54,53,1875,225,4,2,2017,1,0.0,0.0,,2018-05-04 07:21:12,,3,2,,2,,,,1
534018716126144,374961391489998,2017,54,53,1875,270,1,2,2017,1,0.0,0.0,,2018-05-04 07:21:12,,3,2,,2,,,,1
534018720126144,374961391489998,2017,54,53,1875,315,3,2,2017,1,0.0,0.0,,2018-05-04 07:21:12,,3,2,,2,,,,1
534018717126144,374961391489998,2017,54,53,1875,360,2,2,2017,1,0.0,0.0,,2018-05-04 07:21:12,,3,2,,2,,,,1
534019673126144,374961475489998,2017,54,55,2287,45,4,2,,1,,,,2018-05-04 07:21:12,,3,,,,,,,1
534019667126144,374961475489998,2017,54,55,2287,90,1,2,,1,,,,2018-05-04 07:21:12,,3,,,,,,,1
534019671126144,374961475489998,2017,54,55,2287,135,3,2,,1,,,,2018-05-04 07:21:12,,3,,,,,,,1
534019669126144,374961475489998,2017,54,55,2287,180,2,2,,1,,,,2018-05-04 07:21:12,,3,,,,,,,1
534019674126144,374961475489998,2017,54,55,2287,225,4,2,,1,,,,2018-05-04 07:21:12,,3,,,,,,,1
534019668126144,374961475489998,2017,54,55,2287,270,1,2,,1,,,,2018-05-04 07:21:12,,3,,,,,,,1
534019672126144,374961475489998,2017,54,55,2287,315,3,2,,1,,,,2018-05-04 07:21:12,,3,,,,,,,1
534019670126144,374961475489998,2017,54,55,2287,360,2,2,,1,,,,2018-05-04 07:21:12,,3,,,,,,,1
534035311126144,374961413489998,2017,54,57,102,45,4,2,,1,0.1,1.8,,2018-05-04 07:21:12,,3,1,,1,,,,1
534035305126144,374961413489998,2017,54,57,102,90,1,2,,1,1.0,3.0,,2018-05-04 07:21:12,,3,1,,1,,,,1
534035309126144,374961413489998,2017,54,57,102,135,3,2,,1,0.5,0.7,,2018-05-04 07:21:12,,3,1,,1,,,,1
534035307126144,374961413489998,2017,54,57,102,180,2,2,,1,0.4,0.1,,2018-05-04 07:21:12,,3,1,,1,,,,1
534035312126144,374961413489998,2017,54,57,102,225,4,2,,1,1.0,0.8,,2018-05-04 07:21:12,,3,1,,1,,,,1
534035306126144,374961413489998,2017,54,57,102,270,1,2,,1,,,,2018-05-04 07:21:12,,3,,10,,10,,,0
534035310126144,374961413489998,2017,54,57,102,315,3,2,,1,0.0,0.0,,2018-05-04 07:21:12,,3,1,,1,,,,1
534035308126144,374961413489998,2017,54,57,102,360,2,2,,2,,,,2018-05-04 07:21:12,,3,,,,,,,1
534018649126144,374961258489998,2017,54,57,1837,45,4,2,2017,1,0.0,0.0,,2018-05-04 07:21:12,,3,2,,2,,,,1
534018643126144,374961258489998,2017,54,57,1837,90,1,2,2017,1,0.0,0.0,,2018-05-04 07:21:12,,3,2,,2,,,,1
534018647126144,374961258489998,2017,54,57,1837,135,3,2,2017,1,0.0,0.0,,2018-05-04 07:21:12,,3,2,,2,,,,1
534018646126144,374961258489998,2017,54,57,1837,180,2,2,2017,1,0.0,0.0,,2018-05-04 07:21:12,,3,2,,2,,,,1
534018650126144,374961258489998,2017,54,57,1837,225,4,2,2017,1,0.0,0.0,,2018-05-04 07:21:12,,3,2,,2,,,,1
534018644126144,374961258489998,2017,54,57,1837,270,1,2,2017,1,0.0,0.0,,2018-05-04 07:21:12,,3,2,,2,,,,1
534018648126144,374961258489998,2017,54,57,1837,315,3,2,2017,1,0.0,0.0,,2018-05-04 07:21:12,,3,2,,2,,,,1
534018645126144,374961258489998,2017,54,57,1837,360,2,2,2017,1,0.0,0.0,,2018-05-04 07:21:12,,3,2,,2,,,,1
534033375126144,374961367489998,2017,54,59,2252,45,4,2,,1,0.3,1.4,,2018-05-04 07:21:12,,3,1,,1,,,,1
534033369126144,374961367489998,2017,54,59,2252,90,1,2,,1,0.1,1.0,,2018-05-04 07:21:12,,3,1,,1,,,,1
534033373126144,374961367489998,2017,54,59,2252,135,3,2,,1,0.1,1.0,,2018-05-04 07:21:12,,3,1,,1,,,,1
534033371126144,374961367489998,2017,54,59,2252,180,2,2,,1,0.2,0.5,,2018-05-04 07:21:12,,3,1,,1,,,,1
534033376126144,374961367489998,2017,54,59,2252,225,4,2,,1,0.6,3.0,,2018-05-04 07:21:12,,3,1,,1,,,,1
534033370126144,374961367489998,2017,54,59,2252,270,1,2,,1,1.5,0.1,,2018-05-04 07:21:12,,3,1,,1,,,,1
534033374126144,374961367489998,2017,54,59,2252,315,3,2,,1,0.2,2.0,,2018-05-04 07:21:12,,3,1,,1,,,,1
534033372126144,374961367489998,2017,54,59,2252,360,2,2,,1,0.2,0.3,,2018-05-04 07:21:12,,3,1,,1,,,,1
534027548126144,374961223489998,2017,54,61,997,45,4,2,,1,,,,2018-05-04 07:21:12,,3,,,,,,,1
534027542126144,374961223489998,2017,54,61,997,90,1,2,,1,,,,2018-05-04 07:21:12,,3,,,,,,,1
534027546126144,374961223489998,2017,54,61,997,135,3,2,,1,,,,2018-05-04 07:21:12,,3,,,,,,,1
534027544126144,374961223489998,2017,54,61,997,180,2,2,,1,,,,2018-05-04 07:21:12,,3,,,,,,,1
534027549126144,374961223489998,2017,54,61,997,225,4,2,,1,,,,2018-05-04 07:21:12,,3,,,,,,,1
534027543126144,374961223489998,2017,54,61,997,270,1,2,,1,,,,2018-05-04 07:21:12,,3,,,,,,,1
534027547126144,374961223489998,2017,54,61,997,315,3,2,,1,,,,2018-05-04 07:21:12,,3,,,,,,,1
534027545126144,374961223489998,2017,54,61,997,360,2,2,,1,,,,2018-05-04 07:21:12,,3,,,,,,,1
534036503126144,374961444489998,2017,54,63,173,45,4,2,,1,,,,2018-05-04 07:21:12,,3,,,,,,,1
534036497126144,374961444489998,2017,54,63,173,90,1,2,,1,,,,2018-05-04 07:21:12,,3,,,,,,,1
534036501126144,374961444489998,2017,54,63,173,135,3,2,,1,,,,2018-05-04 07:21:12,,3,,,,,,,1
534036499126144,374961444489998,2017,54,63,173,180,2,2,,1,,,,2018-05-04 07:21:12,,3,,,,,,,1
534036504126144,374961444489998,2017,54,63,173,225,4,2,,1,,,,2018-05-04 07:21:12,,3,,,,,,,1
534036498126144,374961444489998,2017,54,63,173,270,1,2,,1,,,,2018-05-04 07:21:12,,3,,,,,,,1
534036502126144,374961444489998,2017,54,63,173,315,3,2,,1,,,,2018-05-04 07:21:12,,3,,,,,,,1
534036500126144,374961444489998,2017,54,63,173,360,2,2,,1,,,,2018-05-04 07:21:12,,3,,,,,,,1
534018493126144,374961530489998,2017,54,65,2244,45,4,2,2017,1,0.0,0.0,,2018-05-04 07:21:12,,3,2,,2,,,,1
534018487126144,374961530489998,2017,54,65,2244,90,1,2,2017,1,0.0,0.0,,2018-05-04 07:21:12,,3,2,,2,,,,1
534018491126144,374961530489998,2017,54,65,2244,135,3,2,2017,1,0.0,0.0,,2018-05-04 07:21:12,,3,2,,2,,,,1
534018490126144,374961530489998,2017,54,65,2244,180,2,2,2017,1,0.0,0.0,,2018-05-04 07:21:12,,3,2,,2,,,,1
534018494126144,374961530489998,2017,54,65,2244,225,4,2,2017,1,0.0,0.0,,2018-05-04 07:21:12,,3,2,,2,,,,1
534018488126144,374961530489998,2017,54,65,2244,270,1,2,2017,1,0.0,0.0,,2018-05-04 07:21:12,,3,2,,2,,,,1
534018492126144,374961530489998,2017,54,65,2244,315,3,2,2017,1,0.0,0.0,,2018-05-04 07:21:12,,3,2,,2,,,,1
534018489126144,374961530489998,2017,54,65,2244,360,2,2,2017,1,0.0,0.0,,2018-05-04 07:21:12,,3,2,,2,,,,1
534020739126144,374961502489998,2017,54,67,512,45,4,2,,1,0.1,0.3,,2018-05-04 07:21:12,,3,1,,1,,,,1
534020733126144,374961502489998,2017,54,67,512,90,1,2,,1,0.1,2.1,,2018-05-04 07:21:12,,3,1,,1,,,,1
534020737126144,374961502489998,2017,54,67,512,135,3,2,,1,0.2,0.9,,2018-05-04 07:21:12,,3,1,,1,,,,1
534020735126144,374961502489998,2017,54,67,512,180,2,2,,1,1.8,1.5,,2018-05-04 07:21:12,,3,1,,1,,,,1
534020740126144,374961502489998,2017,54,67,512,225,4,2,,1,0.1,1.3,,2018-05-04 07:21:12,,3,1,,1,,,,1
534020734126144,374961502489998,2017,54,67,512,270,1,2,,1,0.6,1.1,,2018-05-04 07:21:12,,3,1,,1,,,,1
534020738126144,374961502489998,2017,54,67,512,315,3,2,,1,2.1,0.0,,2018-05-04 07:21:12,,3,1,,1,,,,1
534020736126144,374961502489998,2017,54,67,512,360,2,2,,1,0.3,1.0,,2018-05-04 07:21:12,,3,1,,1,,,,1
534036825126144,374961452489998,2017,54,67,2129,45,4,2,,1,0.1,0.8,,2018-05-04 07:21:12,,3,1,,1,,,,1
534036819126144,374961452489998,2017,54,67,2129,90,1,2,,1,0.1,1.6,,2018-05-04 07:21:12,,3,1,,1,,,,1
534036823126144,374961452489998,2017,54,67,2129,135,3,2,,1,0.3,2.0,,2018-05-04 07:21:12,,3,1,,1,,,,1
534036821126144,374961452489998,2017,54,67,2129,180,2,2,,1,0.6,2.3,,2018-05-04 07:21:12,,3,1,,1,,,,1
534036826126144,374961452489998,2017,54,67,2129,225,4,2,,1,0.1,0.6,,2018-05-04 07:21:12,,3,1,,1,,,,1
534036820126144,374961452489998,2017,54,67,2129,270,1,2,,1,1.5,1.0,,2018-05-04 07:21:12,,3,1,,1,,,,1
534036824126144,374961452489998,2017,54,67,2129,315,3,2,,1,0.1,1.7,,2018-05-04 07:21:12,,3,1,,1,,,,1
534036822126144,374961452489998,2017,54,67,2129,360,2,2,,1,0.1,1.5,,2018-05-04 07:21:12,,3,1,,1,,,,1
534030328126144,374961288489998,2017,54,71,822,45,4,2,,1,1.9,0.7,,2018-05-04 07:21:12,,3,1,,1,,,,1
534030322126144,374961288489998,2017,54,71,822,90,1,2,,1,0.2,0.7,,2018-05-04 07:21:12,,3,1,,1,,,,1
534030326126144,374961288489998,2017,54,71,822,135,3,2,,2,0.6,5.6,,2018-05-04 07:21:12,,3,1,,1,,,,1
534030324126144,374961288489998,2017,54,71,822,180,2,2,,1,0.2,0.4,,2018-05-04 07:21:12,,3,1,,1,,,,1
534030329126144,374961288489998,2017,54,71,822,225,4,2,,1,0.3,0.8,,2018-05-04 07:21:12,,3,1,,1,,,,1
534030323126144,374961288489998,2017,54,71,822,270,1,2,,1,0.4,0.5,,2018-05-04 07:21:12,,3,1,,1,,,,1
534030327126144,374961288489998,2017,54,71,822,315,3,2,,2,1.0,1.8,,2018-05-04 07:21:12,,3,1,,1,,,,1
534030325126144,374961288489998,2017,54,71,822,360,2,2,,1,0.6,2.4,,2018-05-04 07:21:12,,3,1,,1,,,,1
534026541126144,374961195489998,2017,54,75,202,45,4,2,,1,2.4,1.5,,2018-05-04 07:21:12,,3,1,,1,,,,1
534026535126144,374961195489998,2017,54,75,202,90,1,2,,1,0.0,1.7,,2018-05-04 07:21:12,,3,1,,1,,,,1
534026539126144,374961195489998,2017,54,75,202,135,3,2,,1,0.5,1.5,,2018-05-04 07:21:12,,3,1,,1,,,,1
534026537126144,374961195489998,2017,54,75,202,180,2,2,,1,0.4,1.0,,2018-05-04 07:21:12,,3,1,,1,,,,1
534026542126144,374961195489998,2017,54,75,202,225,4,2,,1,0.2,0.4,,2018-05-04 07:21:12,,3,1,,1,,,,1
534026536126144,374961195489998,2017,54,75,202,270,1,2,,1,1.0,0.8,,2018-05-04 07:21:12,,3,1,,1,,,,1
534026540126144,374961195489998,2017,54,75,202,315,3,2,,1,0.5,1.5,,2018-05-04 07:21:12,,3,1,,1,,,,1
534026538126144,374961195489998,2017,54,75,202,360,2,2,,1,0.4,0.6,,2018-05-04 07:21:12,,3,1,,1,,,,1
534028810126144,374961253489998,2017,54,77,363,45,4,2,,1,2.9,1.5,,2018-05-04 07:21:12,,3,1,,1,,,,1
534028804126144,374961253489998,2017,54,77,363,90,1,2,,1,1.7,1.0,,2018-05-04 07:21:12,,3,1,,1,,,,1
534028808126144,374961253489998,2017,54,77,363,135,3,2,,1,0.8,0.6,,2018-05-04 07:21:12,,3,1,,1,,,,1
534028806126144,374961253489998,2017,54,77,363,180,2,2,,1,1.1,0.4,,2018-05-04 07:21:12,,3,1,,1,,,,1
534028811126144,374961253489998,2017,54,77,363,225,4,2,,1,0.0,0.3,,2018-05-04 07:21:12,,3,1,,1,,,,1
534028805126144,374961253489998,2017,54,77,363,270,1,2,,1,1.7,0.9,,2018-05-04 07:21:12,,3,1,,1,,,,1
534028809126144,374961253489998,2017,54,77,363,315,3,2,,1,2.2,1.1,,2018-05-04 07:21:12,,3,1,,1,,,,1
534028807126144,374961253489998,2017,54,77,363,360,2,2,,1,0.8,0.2,,2018-05-04 07:21:12,,3,1,,1,,,,1
534025674126144,374961176489998,2017,54,79,337,45,4,2,,2,,,,2018-05-04 07:21:12,,3,,,,,,,1
534025668126144,374961176489998,2017,54,79,337,90,1,2,,1,0.1,0.3,,2018-05-04 07:21:12,,3,1,,1,,,,1
534025672126144,374961176489998,2017,54,79,337,135,3,2,,1,0.1,0.2,,2018-05-04 07:21:12,,3,1,,1,,,,1
534025670126144,374961176489998,2017,54,79,337,180,2,2,,1,0.1,0.3,,2018-05-04 07:21:12,,3,1,,1,,,,1
534025675126144,374961176489998,2017,54,79,337,225,4,2,,2,,,,2018-05-04 07:21:12,,3,,,,,,,1
534025669126144,374961176489998,2017,54,79,337,270,1,2,,2,,,,2018-05-04 07:21:12,,3,,,,,,,1
534025673126144,374961176489998,2017,54,79,337,315,3,2,,1,0.1,0.2,,2018-05-04 07:21:12,,3,1,,1,,,,1
534025671126144,374961176489998,2017,54,79,337,360,2,2,,1,0.1,0.3,,2018-05-04 07:21:12,,3,1,,1,,,,1
534027824126144,374961229489998,2017,54,81,1197,45,4,2,,1,,,,2018-05-04 07:21:12,,3,,,,,,,1
534027818126144,374961229489998,2017,54,81,1197,90,1,2,,1,,,,2018-05-04 07:21:12,,3,,,,,,,1
534027822126144,374961229489998,2017,54,81,1197,135,3,2,,1,,,,2018-05-04 07:21:12,,3,,,,,,,1
534027820126144,374961229489998,2017,54,81,1197,180,2,2,,1,,,,2018-05-04 07:21:12,,3,,,,,,,1
534027825126144,374961229489998,2017,54,81,1197,225,4,2,,1,,,,2018-05-04 07:21:12,,3,,,,,,,1
534027819126144,374961229489998,2017,54,81,1197,270,1,2,,1,,,,2018-05-04 07:21:12,,3,,,,,,,1
534027823126144,374961229489998,2017,54,81,1197,315,3,2,,1,,,,2018-05-04 07:21:12,,3,,,,,,,1
534027821126144,374961229489998,2017,54,81,1197,360,2,2,,1,,,,2018-05-04 07:21:12,,3,,,,,,,1
534037181126144,374961459489998,2017,54,81,1666,45,4,2,,2,,,,2018-05-04 07:21:12,,3,,,,,,,1
534037175126144,374961459489998,2017,54,81,1666,90,1,2,,1,0.1,0.4,,2018-05-04 07:21:12,,3,1,,1,,,,1
534037179126144,374961459489998,2017,54,81,1666,135,3,2,,2,,,,2018-05-04 07:21:12,,3,,,,,,,1
534037177126144,374961459489998,2017,54,81,1666,180,2,2,,1,0.1,0.7,,2018-05-04 07:21:12,,3,1,,1,,,,1
534037182126144,374961459489998,2017,54,81,1666,225,4,2,,2,,,,2018-05-04 07:21:12,,3,,,,,,,1
534037176126144,374961459489998,2017,54,81,1666,270,1,2,,1,0.2,1.8,,2018-05-04 07:21:12,,3,1,,1,,,,1
534037180126144,374961459489998,2017,54,81,1666,315,3,2,,2,,,,2018-05-04 07:21:12,,3,,,,,,,1
534037178126144,374961459489998,2017,54,81,1666,360,2,2,,1,0.1,1.1,,2018-05-04 07:21:12,,3,1,,1,,,,1
534025368126144,374961168489998,2017,54,81,2239,45,4,2,,1,3.3,0.2,,2018-05-04 07:21:12,,3,1,,1,,,,1
534025362126144,374961168489998,2017,54,81,2239,90,1,2,,1,0.7,1.3,,2018-05-04 07:21:12,,3,1,,1,,,,1
534025366126144,374961168489998,2017,54,81,2239,135,3,2,,1,0.3,0.7,,2018-05-04 07:21:12,,3,1,,1,,,,1
534025364126144,374961168489998,2017,54,81,2239,180,2,2,,1,1.2,0.1,,2018-05-04 07:21:12,,3,1,,1,,,,1
534025369126144,374961168489998,2017,54,81,2239,225,4,2,,1,0.8,0.2,,2018-05-04 07:21:12,,3,1,,1,,,,1
534025363126144,374961168489998,2017,54,81,2239,270,1,2,,1,2.2,0.3,,2018-05-04 07:21:12,,3,1,,1,,,,1
534025367126144,374961168489998,2017,54,81,2239,315,3,2,,1,0.8,0.7,,2018-05-04 07:21:12,,3,1,,1,,,,1
534025365126144,374961168489998,2017,54,81,2239,360,2,2,,1,1.2,1.0,,2018-05-04 07:21:12,,3,1,,1,,,,1
534020091126144,374961487489998,2017,54,83,1314,45,4,2,,1,2.2,1.1,,2018-05-04 07:21:12,,3,1,,1,,,,1
534020085126144,374961487489998,2017,54,83,1314,90,1,2,,1,1.9,0.2,,2018-05-04 07:21:12,,3,1,,1,,,,1
534020089126144,374961487489998,2017,54,83,1314,135,3,2,,1,0.8,0.8,,2018-05-04 07:21:12,,3,1,,1,,,,1
534020087126144,374961487489998,2017,54,83,1314,180,2,2,,1,0.9,1.0,,2018-05-04 07:21:12,,3,1,,1,,,,1
534020092126144,374961487489998,2017,54,83,1314,225,4,2,,1,2.0,1.0,,2018-05-04 07:21:12,,3,1,,1,,,,1
534020086126144,374961487489998,2017,54,83,1314,270,1,2,,1,1.2,0.4,,2018-05-04 07:21:12,,3,1,,1,,,,1
534020090126144,374961487489998,2017,54,83,1314,315,3,2,,1,2.2,2.0,,2018-05-04 07:21:12,,3,1,,1,,,,1
534020088126144,374961487489998,2017,54,83,1314,360,2,2,,1,1.8,1.4,,2018-05-04 07:21:12,,3,1,,1,,,,1
534025958126144,374961180489998,2017,54,85,347,45,4,2,,1,0.0,0.0,,2018-05-04 07:21:12,,3,1,,1,,,,1
534025952126144,374961180489998,2017,54,85,347,90,1,2,,1,0.1,0.2,,2018-05-04 07:21:12,,3,1,,1,,,,1
534025956126144,374961180489998,2017,54,85,347,135,3,2,,1,0.1,0.4,,2018-05-04 07:21:12,,3,1,,1,,,,1
534025954126144,374961180489998,2017,54,85,347,180,2,2,,1,0.1,0.5,,2018-05-04 07:21:12,,3,1,,1,,,,1
534025959126144,374961180489998,2017,54,85,347,225,4,2,,1,0.1,0.3,,2018-05-04 07:21:12,,3,1,,1,,,,1
534025953126144,374961180489998,2017,54,85,347,270,1,2,,1,0.1,0.4,,2018-05-04 07:21:12,,3,1,,1,,,,1
534025957126144,374961180489998,2017,54,85,347,315,3,2,,1,0.1,0.2,,2018-05-04 07:21:12,,3,1,,1,,,,1
534025955126144,374961180489998,2017,54,85,347,360,2,2,,1,0.1,0.4,,2018-05-04 07:21:12,,3,1,,1,,,,1
534026279126144,374961191489998,2017,54,87,2346,45,4,2,,2,,,,2018-05-04 07:21:12,,3,,,,,,,1
534026273126144,374961191489998,2017,54,87,2346,90,1,2,,1,0.1,0.5,,2018-05-04 07:21:12,,3,1,,1,,,,1
534026277126144,374961191489998,2017,54,87,2346,135,3,2,,1,0.1,0.4,,2018-05-04 07:21:12,,3,1,,1,,,,1
534026275126144,374961191489998,2017,54,87,2346,180,2,2,,1,0.1,0.3,,2018-05-04 07:21:12,,3,1,,1,,,,1
534026280126144,374961191489998,2017,54,87,2346,225,4,2,,2,,,,2018-05-04 07:21:12,,3,,,,,,,1
534026274126144,374961191489998,2017,54,87,2346,270,1,2,,1,0.1,0.2,,2018-05-04 07:21:12,,3,1,,1,,,,1
534026278126144,374961191489998,2017,54,87,2346,315,3,2,,1,0.1,0.2,,2018-05-04 07:21:12,,3,1,,1,,,,1
534026276126144,374961191489998,2017,54,87,2346,360,2,2,,1,0.1,0.2,,2018-05-04 07:21:12,,3,1,,1,,,,1
534026573126144,374961196489998,2017,54,89,1684,45,4,2,,1,,,,2018-05-04 07:21:12,,3,,,,,,,1
534026567126144,374961196489998,2017,54,89,1684,90,1,2,,1,,,,2018-05-04 07:21:12,,3,,,,,,,1
534026571126144,374961196489998,2017,54,89,1684,135,3,2,,1,,,,2018-05-04 07:21:12,,3,,,,,,,1
534026569126144,374961196489998,2017,54,89,1684,180,2,2,,1,,,,2018-05-04 07:21:12,,3,,,,,,,1
534026574126144,374961196489998,2017,54,89,1684,225,4,2,,1,,,,2018-05-04 07:21:12,,3,,,,,,,1
534026568126144,374961196489998,2017,54,89,1684,270,1,2,,1,,,,2018-05-04 07:21:12,,3,,,,,,,1
534026572126144,374961196489998,2017,54,89,1684,315,3,2,,1,,,,2018-05-04 07:21:12,,3,,,,,,,1
534026570126144,374961196489998,2017,54,89,1684,360,2,2,,1,,,,2018-05-04 07:21:12,,3,,,,,,,1
534026704126144,374961197489998,2017,54,89,2122,45,4,2,,1,0.1,0.1,,2018-05-04 07:21:12,,3,1,,1,,,,1
534026698126144,374961197489998,2017,54,89,2122,90,1,2,,1,0.1,0.9,,2018-05-04 07:21:12,,3,1,,1,,,,1
534026702126144,374961197489998,2017,54,89,2122,135,3,2,,1,0.1,0.4,,2018-05-04 07:21:12,,3,1,,1,,,,1
534026700126144,374961197489998,2017,54,89,2122,180,2,2,,1,0.1,0.3,,2018-05-04 07:21:12,,3,1,,1,,,,1
534026705126144,374961197489998,2017,54,89,2122,225,4,2,,1,0.1,0.1,,2018-05-04 07:21:12,,3,1,,1,,,,1
534026699126144,374961197489998,2017,54,89,2122,270,1,2,,1,0.1,0.3,,2018-05-04 07:21:12,,3,1,,1,,,,1
534026703126144,374961197489998,2017,54,89,2122,315,3,2,,1,0.1,0.6,,2018-05-04 07:21:12,,3,1,,1,,,,1
534026701126144,374961197489998,2017,54,89,2122,360,2,2,,1,0.1,1.3,,2018-05-04 07:21:12,,3,1,,1,,,,1
534025535126144,374961172489998,2017,54,93,1199,45,4,2,,1,,,,2018-05-04 07:21:12,,3,,,,,,,1
534025529126144,374961172489998,2017,54,93,1199,90,1,2,,1,,,,2018-05-04 07:21:12,,3,,,,,,,1
534025533126144,374961172489998,2017,54,93,1199,135,3,2,,1,,,,2018-05-04 07:21:12,,3,,,,,,,1
534025531126144,374961172489998,2017,54,93,1199,180,2,2,,1,,,,2018-05-04 07:21:12,,3,,,,,,,1
534025536126144,374961172489998,2017,54,93,1199,225,4,2,,1,,,,2018-05-04 07:21:12,,3,,,,,,,1
534025530126144,374961172489998,2017,54,93,1199,270,1,2,,1,,,,2018-05-04 07:21:12,,3,,,,,,,1
534025534126144,374961172489998,2017,54,93,1199,315,3,2,,1,,,,2018-05-04 07:21:12,,3,,,,,,,1
534025532126144,374961172489998,2017,54,93,1199,360,2,2,,1,,,,2018-05-04 07:21:12,,3,,,,,,,1
534034749126144,374961399489998,2017,54,99,56,45,4,2,,1,0.1,0.1,,2018-05-04 07:21:12,,3,1,,1,,,,1
534034743126144,374961399489998,2017,54,99,56,90,1,2,,1,0.1,0.3,,2018-05-04 07:21:12,,3,1,,1,,,,1
534034747126144,374961399489998,2017,54,99,56,135,3,2,,1,0.1,0.3,,2018-05-04 07:21:12,,3,1,,1,,,,1
534034745126144,374961399489998,2017,54,99,56,180,2,2,,1,0.1,0.2,,2018-05-04 07:21:12,,3,1,,1,,,,1
534034750126144,374961399489998,2017,54,99,56,225,4,2,,1,0.1,0.2,,2018-05-04 07:21:12,,3,1,,1,,,,1
534034744126144,374961399489998,2017,54,99,56,270,1,2,,1,0.1,0.6,,2018-05-04 07:21:12,,3,1,,1,,,,1
534034748126144,374961399489998,2017,54,99,56,315,3,2,,1,0.1,0.5,,2018-05-04 07:21:12,,3,1,,1,,,,1
534034746126144,374961399489998,2017,54,99,56,360,2,2,,1,0.1,0.2,,2018-05-04 07:21:12,,3,1,,1,,,,1
534032753126144,374961351489998,2017,54,99,883,45,4,2,,2,,,,2018-05-04 07:21:12,,3,,,,,,,1
534032747126144,374961351489998,2017,54,99,883,90,1,2,,1,0.1,0.9,,2018-05-04 07:21:12,,3,1,,1,,,,1
534032751126144,374961351489998,2017,54,99,883,135,3,2,,1,0.1,1.3,,2018-05-04 07:21:12,,3,1,,1,,,,1
534032749126144,374961351489998,2017,54,99,883,180,2,2,,1,0.1,0.3,,2018-05-04 07:21:12,,3,1,,1,,,,1
534032754126144,374961351489998,2017,54,99,883,225,4,2,,2,,,,2018-05-04 07:21:12,,3,,,,,,,1
534032748126144,374961351489998,2017,54,99,883,270,1,2,,1,0.1,0.7,,2018-05-04 07:21:12,,3,1,,1,,,,1
534032752126144,374961351489998,2017,54,99,883,315,3,2,,1,0.1,1.6,,2018-05-04 07:21:12,,3,1,,1,,,,1
534032750126144,374961351489998,2017,54,99,883,360,2,2,,1,0.1,0.7,,2018-05-04 07:21:12,,3,1,,1,,,,1
534032593126144,374961349489998,2017,54,99,2210,45,4,2,,1,,,,2018-05-04 07:21:12,,3,,,,,,,1
534032587126144,374961349489998,2017,54,99,2210,90,1,2,,1,,,,2018-05-04 07:21:12,,3,,,,,,,1
534032591126144,374961349489998,2017,54,99,2210,135,3,2,,2,0.1,0.3,,2018-05-04 07:21:12,,3,1,,1,,,,1
534032589126144,374961349489998,2017,54,99,2210,180,2,2,,1,,,,2018-05-04 07:21:12,,3,,,,,,,1
534032594126144,374961349489998,2017,54,99,2210,225,4,2,,1,,,,2018-05-04 07:21:12,,3,,,,,,,1
534032588126144,374961349489998,2017,54,99,2210,270,1,2,,1,,,,2018-05-04 07:21:12,,3,,,,,,,1
534032592126144,374961349489998,2017,54,99,2210,315,3,2,,2,0.1,0.4,,2018-05-04 07:21:12,,3,1,,1,,,,1
534032590126144,374961349489998,2017,54,99,2210,360,2,2,,1,,,,2018-05-04 07:21:12,,3,,,,,,,1
534022420126144,374961543489998,2017,54,101,2253,45,4,2,,1,0.3,0.5,,2018-05-04 07:21:12,,3,1,,1,,,,1
534022414126144,374961543489998,2017,54,101,2253,90,1,2,,1,0.4,1.2,,2018-05-04 07:21:12,,3,1,,1,,,,1
534022418126144,374961543489998,2017,54,101,2253,135,3,2,,1,0.3,1.5,,2018-05-04 07:21:12,,3,1,,1,,,,1
534022416126144,374961543489998,2017,54,101,2253,180,2,2,,1,0.5,0.8,,2018-05-04 07:21:12,,3,1,,1,,,,1
534022421126144,374961543489998,2017,54,101,2253,225,4,2,,1,0.2,0.5,,2018-05-04 07:21:12,,3,1,,1,,,,1
534022415126144,374961543489998,2017,54,101,2253,270,1,2,,1,0.3,1.7,,2018-05-04 07:21:12,,3,1,,1,,,,1
534022419126144,374961543489998,2017,54,101,2253,315,3,2,,1,0.0,0.5,,2018-05-04 07:21:12,,3,1,,1,,,,1
534022417126144,374961543489998,2017,54,101,2253,360,2,2,,1,0.5,1.3,,2018-05-04 07:21:12,,3,1,,1,,,,1
534030733126144,374961299489998,2017,54,109,2439,45,4,2,,1,0.6,2.3,,2018-05-04 07:21:12,,3,1,,1,,,,1
534030727126144,374961299489998,2017,54,109,2439,90,1,2,,1,0.6,2.7,,2018-05-04 07:21:12,,3,1,,1,,,,1
534030731126144,374961299489998,2017,54,109,2439,135,3,2,,1,0.3,1.5,,2018-05-04 07:21:12,,3,1,,1,,,,1
534030729126144,374961299489998,2017,54,109,2439,180,2,2,,1,0.1,1.2,,2018-05-04 07:21:12,,3,1,,1,,,,1
534030734126144,374961299489998,2017,54,109,2439,225,4,2,,2,,,,2018-05-04 07:21:12,,3,,,,,,,1
534030728126144,374961299489998,2017,54,109,2439,270,1,2,,1,0.4,2.0,,2018-05-04 07:21:12,,3,1,,1,,,,1
534030732126144,374961299489998,2017,54,109,2439,315,3,2,,1,,,,2018-05-04 07:21:12,,3,,10,,10,,,0
534030730126144,374961299489998,2017,54,109,2439,360,2,2,,2,,,,2018-05-04 07:21:12,,3,,,,,,,1
661282457126144,465275897489998,2018,54,7,954,45,4,2,,3,0.5,2.1,,2019-05-10 08:05:39,,3,1,,1,,,,1
661282450126144,465275897489998,2018,54,7,954,90,1,2,,1,,,,2019-05-10 08:05:39,,3,,,,,,,1
661282455126144,465275897489998,2018,54,7,954,135,3,2,,3,0.5,1.0,,2019-05-10 08:05:39,,3,1,,1,,,,1
661282453126144,465275897489998,2018,54,7,954,180,2,2,,2,1.0,1.1,,2019-05-10 08:05:39,,3,1,,1,,,,1
661282458126144,465275897489998,2018,54,7,954,225,4,2,,3,0.8,0.9,,2019-05-10 08:05:39,,3,1,,1,,,,1
661282452126144,465275897489998,2018,54,7,954,270,1,2,,1,,,,2019-05-10 08:05:39,,3,,,,,,,1
661282456126144,465275897489998,2018,54,7,954,315,3,2,,3,0.0,0.3,,2019-05-10 08:05:39,,3,1,,1,,,,1
661282454126144,465275897489998,2018,54,7,954,360,2,2,,2,0.2,2.0,,2019-05-10 08:05:39,,3,1,,1,,,,1
661276838126144,465275786489998,2018,54,7,1681,45,4,2,,1,0.2,0.9,,2019-05-10 08:05:38,,3,1,,1,,,,1
661276832126144,465275786489998,2018,54,7,1681,90,1,2,,1,0.1,1.0,,2019-05-10 08:05:38,,3,1,,1,,,,1
661276836126144,465275786489998,2018,54,7,1681,135,3,2,,1,0.2,0.1,,2019-05-10 08:05:38,,3,1,,1,,,,1
661276834126144,465275786489998,2018,54,7,1681,180,2,2,,1,0.0,0.0,,2019-05-10 08:05:38,,3,1,,1,,,,1
661276839126144,465275786489998,2018,54,7,1681,225,4,2,,1,0.0,3.9,,2019-05-10 08:05:38,,3,1,,1,,,,1
661276833126144,465275786489998,2018,54,7,1681,270,1,2,,1,0.1,1.5,,2019-05-10 08:05:38,,3,1,,1,,,,1
661276837126144,465275786489998,2018,54,7,1681,315,3,2,,1,0.1,0.1,,2019-05-10 08:05:38,,3,1,,1,,,,1
661276835126144,465275786489998,2018,54,7,1681,360,2,2,,1,0.0,2.0,,2019-05-10 08:05:38,,3,1,,1,,,,1
661277594126144,465275811489998,2018,54,7,2373,45,4,2,,1,,,,2019-05-10 08:05:38,,3,,,,,,,1
661277588126144,465275811489998,2018,54,7,2373,90,1,2,,1,,,,2019-05-10 08:05:38,,3,,,,,,,1
661277592126144,465275811489998,2018,54,7,2373,135,3,2,,3,0.0,1.4,,2019-05-10 08:05:38,,3,1,,1,,,,1
661277590126144,465275811489998,2018,54,7,2373,180,2,2,,2,,,,2019-05-10 08:05:38,,3,,,,,,,1
661277595126144,465275811489998,2018,54,7,2373,225,4,2,,1,,,,2019-05-10 08:05:38,,3,,,,,,,1
661277589126144,465275811489998,2018,54,7,2373,270,1,2,,1,,,,2019-05-10 08:05:38,,3,,,,,,,1
661277593126144,465275811489998,2018,54,7,2373,315,3,2,,3,0.0,0.1,,2019-05-10 08:05:38,,3,1,,1,,,,1
661277591126144,465275811489998,2018,54,7,2373,360,2,2,,2,,,,2019-05-10 08:05:38,,3,,,,,,,1
661320363126144,465275712489998,2018,54,11,111,45,4,2,2018,1,0.0,0.0,,2019-05-10 08:05:38,,3,2,,2,,,,1
661320357126144,465275712489998,2018,54,11,111,90,1,2,2018,1,0.0,0.0,,2019-05-10 08:05:38,,3,2,,2,,,,1
661320361126144,465275712489998,2018,54,11,111,135,3,2,2018,1,0.0,0.0,,2019-05-10 08:05:38,,3,2,,2,,,,1
661320360126144,465275712489998,2018,54,11,111,180,2,2,2018,1,0.0,0.0,,2019-05-10 08:05:38,,3,2,,2,,,,1
661320364126144,465275712489998,2018,54,11,111,225,4,2,2018,1,0.0,0.0,,2019-05-10 08:05:38,,3,2,,2,,,,1
661320358126144,465275712489998,2018,54,11,111,270,1,2,2018,1,0.0,0.0,,2019-05-10 08:05:38,,3,2,,2,,,,1
661320362126144,465275712489998,2018,54,11,111,315,3,2,2018,1,0.0,0.0,,2019-05-10 08:05:38,,3,2,,2,,,,1
661320359126144,465275712489998,2018,54,11,111,360,2,2,2018,1,0.0,0.0,,2019-05-10 08:05:38,,3,2,,2,,,,1
661276299126144,465275776489998,2018,54,11,1711,45,4,2,,1,,,,2019-05-10 08:05:39,,3,,,,,,,1
661276293126144,465275776489998,2018,54,11,1711,90,1,2,,1,,,,2019-05-10 08:05:39,,3,,,,,,,1
661276297126144,465275776489998,2018,54,11,1711,135,3,2,,1,,,,2019-05-10 08:05:39,,3,,,,,,,1
661276295126144,465275776489998,2018,54,11,1711,180,2,2,,1,,,,2019-05-10 08:05:39,,3,,,,,,,1
661276300126144,465275776489998,2018,54,11,1711,225,4,2,,1,,,,2019-05-10 08:05:39,,3,,,,,,,1
661276294126144,465275776489998,2018,54,11,1711,270,1,2,,1,,,,2019-05-10 08:05:39,,3,,,,,,,1
661276298126144,465275776489998,2018,54,11,1711,315,3,2,,1,,,,2019-05-10 08:05:39,,3,,,,,,,1
661276296126144,465275776489998,2018,54,11,1711,360,2,2,,1,,,,2019-05-10 08:05:39,,3,,,,,,,1
661274272126144,465275727489998,2018,54,13,1984,45,4,2,,1,0.2,2.1,,2019-05-10 08:05:39,,3,1,,1,,,,1
661274266126144,465275727489998,2018,54,13,1984,90,1,2,,1,0.8,1.2,,2019-05-10 08:05:39,,3,1,,1,,,,1
661274270126144,465275727489998,2018,54,13,1984,135,3,2,,1,0.0,0.1,,2019-05-10 08:05:39,,3,1,,1,,,,1
661274268126144,465275727489998,2018,54,13,1984,180,2,2,,1,0.0,0.7,,2019-05-10 08:05:39,,3,1,,1,,,,1
661274273126144,465275727489998,2018,54,13,1984,225,4,2,,1,0.0,0.8,,2019-05-10 08:05:39,,3,1,,1,,,,1
661274267126144,465275727489998,2018,54,13,1984,270,1,2,,1,0.1,2.2,,2019-05-10 08:05:39,,3,1,,1,,,,1
661274271126144,465275727489998,2018,54,13,1984,315,3,2,,1,0.7,2.0,,2019-05-10 08:05:39,,3,1,,1,,,,1
661274269126144,465275727489998,2018,54,13,1984,360,2,2,,1,0.4,0.4,,2019-05-10 08:05:39,,3,1,,1,,,,1
661279806126144,465275847489998,2018,54,15,1739,45,4,2,,1,1.3,1.0,,2019-05-10 08:05:39,,3,1,,1,,,,1
661279800126144,465275847489998,2018,54,15,1739,90,1,2,,1,1.0,1.0,,2019-05-10 08:05:39,,3,1,,1,,,,1
661279804126144,465275847489998,2018,54,15,1739,135,3,2,,1,1.1,1.3,,2019-05-10 08:05:39,,3,1,,1,,,,1
661279802126144,465275847489998,2018,54,15,1739,180,2,2,,1,0.7,1.0,,2019-05-10 08:05:39,,3,1,,1,,,,1
661279807126144,465275847489998,2018,54,15,1739,225,4,2,,1,0.7,1.2,,2019-05-10 08:05:39,,3,1,,1,,,,1
661279801126144,465275847489998,2018,54,15,1739,270,1,2,,1,1.5,1.0,,2019-05-10 08:05:39,,3,1,,1,,,,1
661279805126144,465275847489998,2018,54,15,1739,315,3,2,,1,0.8,0.8,,2019-05-10 08:05:39,,3,1,,1,,,,1
661279803126144,465275847489998,2018,54,15,1739,360,2,2,,1,1.2,1.0,,2019-05-10 08:05:39,,3,1,,1,,,,1
661276496126144,465275779489998,2018,54,17,1592,45,4,2,,1,,,,2019-05-10 08:05:39,,3,,,,,,,1
661276490126144,465275779489998,2018,54,17,1592,90,1,2,,1,,,,2019-05-10 08:05:39,,3,,,,,,,1
661276494126144,465275779489998,2018,54,17,1592,135,3,2,,1,,,,2019-05-10 08:05:39,,3,,,,,,,1
661276492126144,465275779489998,2018,54,17,1592,180,2,2,,1,,,,2019-05-10 08:05:39,,3,,,,,,,1
661276497126144,465275779489998,2018,54,17,1592,225,4,2,,1,,,,2019-05-10 08:05:39,,3,,,,,,,1
661276491126144,465275779489998,2018,54,17,1592,270,1,2,,1,,,,2019-05-10 08:05:39,,3,,,,,,,1
661276495126144,465275779489998,2018,54,17,1592,315,3,2,,1,,,,2019-05-10 08:05:39,,3,,,,,,,1
661276493126144,465275779489998,2018,54,17,1592,360,2,2,,1,,,,2019-05-10 08:05:39,,3,,,,,,,1
661276443126144,465275778489998,2018,54,17,1836,45,4,2,,1,0.1,0.5,,2019-05-10 08:05:39,,3,1,,1,,,,1
661276437126144,465275778489998,2018,54,17,1836,90,1,2,,1,0.0,0.5,,2019-05-10 08:05:39,,3,1,,1,,,,1
661276441126144,465275778489998,2018,54,17,1836,135,3,2,,1,0.0,0.8,,2019-05-10 08:05:39,,3,1,,1,,,,1
661276439126144,465275778489998,2018,54,17,1836,180,2,2,,1,0.4,0.7,,2019-05-10 08:05:39,,3,1,,1,,,,1
661276444126144,465275778489998,2018,54,17,1836,225,4,2,,1,0.2,1.7,,2019-05-10 08:05:39,,3,1,,1,,,,1
661276438126144,465275778489998,2018,54,17,1836,270,1,2,,1,0.0,1.1,,2019-05-10 08:05:39,,3,1,,1,,,,1
661276442126144,465275778489998,2018,54,17,1836,315,3,2,,1,0.0,0.2,,2019-05-10 08:05:39,,3,1,,1,,,,1
661276440126144,465275778489998,2018,54,17,1836,360,2,2,,1,0.0,0.0,,2019-05-10 08:05:39,,3,1,,1,,,,1
661269514126144,465275611489998,2018,54,19,361,45,4,2,,1,,,,2019-05-10 08:05:39,,3,,,,,,,1
661269508126144,465275611489998,2018,54,19,361,90,1,2,,1,,,,2019-05-10 08:05:39,,3,,,,,,,1
661269512126144,465275611489998,2018,54,19,361,135,3,2,,1,,,,2019-05-10 08:05:39,,3,,,,,,,1
661269510126144,465275611489998,2018,54,19,361,180,2,2,,1,,,,2019-05-10 08:05:39,,3,,,,,,,1
661269515126144,465275611489998,2018,54,19,361,225,4,2,,1,,,,2019-05-10 08:05:39,,3,,,,,,,1
661269509126144,465275611489998,2018,54,19,361,270,1,2,,1,,,,2019-05-10 08:05:39,,3,,,,,,,1
661269513126144,465275611489998,2018,54,19,361,315,3,2,,1,,,,2019-05-10 08:05:39,,3,,,,,,,1
661269511126144,465275611489998,2018,54,19,361,360,2,2,,1,,,,2019-05-10 08:05:39,,3,,,,,,,1
661276745126144,465275785489998,2018,54,21,1777,45,4,2,,1,0.1,0.9,,2019-05-10 08:05:39,,3,1,,1,,,,1
661276739126144,465275785489998,2018,54,21,1777,90,1,2,,1,0.1,3.5,,2019-05-10 08:05:39,,3,1,,1,,,,1
661276743126144,465275785489998,2018,54,21,1777,135,3,2,,1,0.0,0.8,,2019-05-10 08:05:39,,3,1,,1,,,,1
661276741126144,465275785489998,2018,54,21,1777,180,2,2,,1,0.1,0.5,,2019-05-10 08:05:39,,3,1,,1,,,,1
661276746126144,465275785489998,2018,54,21,1777,225,4,2,,1,0.0,0.2,,2019-05-10 08:05:39,,3,1,,1,,,,1
661276740126144,465275785489998,2018,54,21,1777,270,1,2,,1,0.0,0.6,,2019-05-10 08:05:39,,3,1,,1,,,,1
661276744126144,465275785489998,2018,54,21,1777,315,3,2,,1,0.5,0.8,,2019-05-10 08:05:39,,3,1,,1,,,,1
661276742126144,465275785489998,2018,54,21,1777,360,2,2,,1,0.1,0.2,,2019-05-10 08:05:39,,3,1,,1,,,,1
661272198126144,465275674489998,2018,54,23,2282,45,4,2,,1,0.1,0.7,,2019-05-10 08:05:39,,3,1,,1,,,,1
661272192126144,465275674489998,2018,54,23,2282,90,1,2,,1,0.1,1.0,,2019-05-10 08:05:39,,3,1,,1,,,,1
661272196126144,465275674489998,2018,54,23,2282,135,3,2,,2,,,,2019-05-10 08:05:39,,3,,,,,,,1
661272194126144,465275674489998,2018,54,23,2282,180,2,2,,1,1.2,1.8,,2019-05-10 08:05:39,,3,1,,1,,,,1
661272199126144,465275674489998,2018,54,23,2282,225,4,2,,1,2.5,5.0,,2019-05-10 08:05:39,,3,1,,1,,,,1
661272193126144,465275674489998,2018,54,23,2282,270,1,2,,1,0.1,1.0,,2019-05-10 08:05:39,,3,1,,1,,,,1
661272197126144,465275674489998,2018,54,23,2282,315,3,2,,2,,,,2019-05-10 08:05:39,,3,,,,,,,1
661272195126144,465275674489998,2018,54,23,2282,360,2,2,,1,2.1,0.4,,2019-05-10 08:05:39,,3,1,,1,,,,1
661278731126144,465275833489998,2018,54,25,677,45,4,2,,1,1.0,1.2,,2019-05-10 08:05:39,,3,1,,1,,,,1
661278725126144,465275833489998,2018,54,25,677,90,1,2,,1,0.1,0.2,,2019-05-10 08:05:39,,3,1,,1,,,,1
661278729126144,465275833489998,2018,54,25,677,135,3,2,,1,1.0,1.0,,2019-05-10 08:05:39,,3,1,,1,,,,1
661278727126144,465275833489998,2018,54,25,677,180,2,2,,3,,,,2019-05-10 08:05:39,,3,,,,,,,1
661278732126144,465275833489998,2018,54,25,677,225,4,2,,1,0.8,1.3,,2019-05-10 08:05:39,,3,1,,1,,,,1
661278726126144,465275833489998,2018,54,25,677,270,1,2,,1,0.8,1.0,,2019-05-10 08:05:39,,3,1,,1,,,,1
661278730126144,465275833489998,2018,54,25,677,315,3,2,,1,0.8,1.4,,2019-05-10 08:05:39,,3,1,,1,,,,1
661278728126144,465275833489998,2018,54,25,677,360,2,2,,2,0.7,2.5,,2019-05-10 08:05:39,,3,1,,1,,,,1
661284084126144,465275918489998,2018,54,27,1443,45,4,2,,1,2.0,0.5,,2019-05-10 08:05:38,,3,1,,1,,,,1
661284078126144,465275918489998,2018,54,27,1443,90,1,2,,1,2.3,4.0,,2019-05-10 08:05:38,,3,1,,1,,,,1
661284082126144,465275918489998,2018,54,27,1443,135,3,2,,1,0.1,5.0,,2019-05-10 08:05:38,,3,1,,1,,,,1
661284080126144,465275918489998,2018,54,27,1443,180,2,2,,1,,,,2019-05-10 08:05:38,,3,,10,,10,,,0
661284085126144,465275918489998,2018,54,27,1443,225,4,2,,1,2.0,0.2,,2019-05-10 08:05:38,,3,1,,1,,,,1
661284079126144,465275918489998,2018,54,27,1443,270,1,2,,1,1.8,3.0,,2019-05-10 08:05:38,,3,1,,1,,,,1
661284083126144,465275918489998,2018,54,27,1443,315,3,2,,1,0.7,0.5,,2019-05-10 08:05:38,,3,1,,1,,,,1
661284081126144,465275918489998,2018,54,27,1443,360,2,2,,1,2.0,0.1,,2019-05-10 08:05:38,,3,1,,1,,,,1
661284290126144,465275922489998,2018,54,27,2293,45,4,2,,1,1.8,0.4,,2019-05-10 08:05:38,,3,1,,1,,,,1
661284284126144,465275922489998,2018,54,27,2293,90,1,2,,1,1.8,0.2,,2019-05-10 08:05:38,,3,1,,1,,,,1
661284288126144,465275922489998,2018,54,27,2293,135,3,2,,1,1.7,2.0,,2019-05-10 08:05:38,,3,1,,1,,,,1
661284286126144,465275922489998,2018,54,27,2293,180,2,2,,1,1.6,1.0,,2019-05-10 08:05:38,,3,1,,1,,,,1
661284291126144,465275922489998,2018,54,27,2293,225,4,2,,1,0.0,0.1,,2019-05-10 08:05:38,,3,1,,1,,,,1
661284285126144,465275922489998,2018,54,27,2293,270,1,2,,1,2.4,2.0,,2019-05-10 08:05:38,,3,1,,1,,,,1
661284289126144,465275922489998,2018,54,27,2293,315,3,2,,1,1.1,1.8,,2019-05-10 08:05:38,,3,1,,1,,,,1
661284287126144,465275922489998,2018,54,27,2293,360,2,2,,1,0.0,0.2,,2019-05-10 08:05:38,,3,1,,1,,,,1
661284584126144,465275926489998,2018,54,31,990,45,4,2,,1,1.2,2.2,,2019-05-10 08:05:38,,3,1,,1,,,,1
661284578126144,465275926489998,2018,54,31,990,90,1,2,,1,0.1,0.2,,2019-05-10 08:05:38,,3,1,,1,,,,1
661284582126144,465275926489998,2018,54,31,990,135,3,2,,1,0.1,0.2,,2019-05-10 08:05:38,,3,1,,1,,,,1
661284580126144,465275926489998,2018,54,31,990,180,2,2,,2,0.8,2.3,,2019-05-10 08:05:38,,3,1,,1,,,,1
661284585126144,465275926489998,2018,54,31,990,225,4,2,,1,0.1,0.8,,2019-05-10 08:05:38,,3,1,,1,,,,1
661284579126144,465275926489998,2018,54,31,990,270,1,2,,1,0.1,2.1,,2019-05-10 08:05:38,,3,1,,1,,,,1
661284583126144,465275926489998,2018,54,31,990,315,3,2,,1,1.0,0.9,,2019-05-10 08:05:38,,3,1,,1,,,,1
661284581126144,465275926489998,2018,54,31,990,360,2,2,,2,2.0,5.9,,2019-05-10 08:05:38,,3,1,,1,,,,1
661273446126144,465275706489998,2018,54,35,1488,45,4,2,,3,,,,2019-05-10 08:05:39,,3,,,,,,,1
661273440126144,465275706489998,2018,54,35,1488,90,1,2,,1,,,,2019-05-10 08:05:39,,3,,,,,,,1
661273444126144,465275706489998,2018,54,35,1488,135,3,2,,1,,,,2019-05-10 08:05:39,,3,,,,,,,1
661273442126144,465275706489998,2018,54,35,1488,180,2,2,,1,,,,2019-05-10 08:05:39,,3,,,,,,,1
661273447126144,465275706489998,2018,54,35,1488,225,4,2,,2,0.1,0.3,,2019-05-10 08:05:39,,3,1,,1,,,,1
661273441126144,465275706489998,2018,54,35,1488,270,1,2,,1,,,,2019-05-10 08:05:39,,3,,,,,,,1
661273445126144,465275706489998,2018,54,35,1488,315,3,2,,1,,,,2019-05-10 08:05:39,,3,,,,,,,1
661273443126144,465275706489998,2018,54,35,1488,360,2,2,,1,,,,2019-05-10 08:05:39,,3,,,,,,,1
661320447126144,465275804489998,2018,54,41,620,45,4,2,2018,1,0.0,0.0,,2019-05-10 08:05:39,,3,2,,2,,,,1
661320441126144,465275804489998,2018,54,41,620,90,1,2,2018,1,0.0,0.0,,2019-05-10 08:05:39,,3,2,,2,,,,1
661320445126144,465275804489998,2018,54,41,620,135,3,2,2018,1,0.0,0.0,,2019-05-10 08:05:39,,3,2,,2,,,,1
661320444126144,465275804489998,2018,54,41,620,180,2,2,2018,1,0.0,0.0,,2019-05-10 08:05:39,,3,2,,2,,,,1
661320448126144,465275804489998,2018,54,41,620,225,4,2,2018,1,0.0,0.0,,2019-05-10 08:05:39,,3,2,,2,,,,1
661320442126144,465275804489998,2018,54,41,620,270,1,2,2018,1,0.0,0.0,,2019-05-10 08:05:39,,3,2,,2,,,,1
661320446126144,465275804489998,2018,54,41,620,315,3,2,2018,1,0.0,0.0,,2019-05-10 08:05:39,,3,2,,2,,,,1
661320443126144,465275804489998,2018,54,41,620,360,2,2,2018,1,0.0,0.0,,2019-05-10 08:05:39,,3,2,,2,,,,1
661281294126144,465275881489998,2018,54,41,1053,45,4,2,,2,0.9,2.3,,2019-05-10 08:05:38,,3,1,,1,,,,1
661281288126144,465275881489998,2018,54,41,1053,90,1,2,,1,,,,2019-05-10 08:05:38,,3,,,,,,,1
661281292126144,465275881489998,2018,54,41,1053,135,3,2,,3,,,,2019-05-10 08:05:38,,3,,,,,,,1
661281290126144,465275881489998,2018,54,41,1053,180,2,2,,2,1.7,2.5,,2019-05-10 08:05:38,,3,1,,1,,,,1
661281295126144,465275881489998,2018,54,41,1053,225,4,2,,2,1.3,2.2,,2019-05-10 08:05:38,,3,1,,1,,,,1
661281289126144,465275881489998,2018,54,41,1053,270,1,2,,1,,,,2019-05-10 08:05:38,,3,,,,,,,1
661281293126144,465275881489998,2018,54,41,1053,315,3,2,,2,1.8,2.7,,2019-05-10 08:05:38,,3,1,,1,,,,1
661281291126144,465275881489998,2018,54,41,1053,360,2,2,,2,0.1,1.8,,2019-05-10 08:05:38,,3,1,,1,,,,1
661275597126144,465275760489998,2018,54,47,3,45,4,2,,2,0.1,0.8,,2019-05-10 08:05:39,,3,1,,1,,,,1
661275591126144,465275760489998,2018,54,47,3,90,1,2,,1,,,,2019-05-10 08:05:39,,3,,,,,,,1
661275595126144,465275760489998,2018,54,47,3,135,3,2,,1,,,,2019-05-10 08:05:39,,3,,,,,,,1
661275593126144,465275760489998,2018,54,47,3,180,2,2,,1,,,,2019-05-10 08:05:39,,3,,,,,,,1
661275598126144,465275760489998,2018,54,47,3,225,4,2,,2,0.1,0.3,,2019-05-10 08:05:39,,3,1,,1,,,,1
661275592126144,465275760489998,2018,54,47,3,270,1,2,,1,,,,2019-05-10 08:05:39,,3,,,,,,,1
661275596126144,465275760489998,2018,54,47,3,315,3,2,,1,,,,2019-05-10 08:05:39,,3,,,,,,,1
661275594126144,465275760489998,2018,54,47,3,360,2,2,,1,,,,2019-05-10 08:05:39,,3,,,,,,,1
661280466126144,465275863489998,2018,54,49,1263,45,4,2,,1,0.1,0.5,,2019-05-10 08:05:38,,3,1,,1,,,,1
661280460126144,465275863489998,2018,54,49,1263,90,1,2,,1,0.0,0.5,,2019-05-10 08:05:38,,3,1,,1,,,,1
661280464126144,465275863489998,2018,54,49,1263,135,3,2,,1,0.1,0.2,,2019-05-10 08:05:38,,3,1,,1,,,,1
661280462126144,465275863489998,2018,54,49,1263,180,2,2,,1,0.0,0.1,,2019-05-10 08:05:38,,3,1,,1,,,,1
661280467126144,465275863489998,2018,54,49,1263,225,4,2,,1,0.0,0.3,,2019-05-10 08:05:38,,3,1,,1,,,,1
661280461126144,465275863489998,2018,54,49,1263,270,1,2,,1,0.0,0.0,,2019-05-10 08:05:38,,3,1,,1,,,,1
661280465126144,465275863489998,2018,54,49,1263,315,3,2,,1,0.0,0.9,,2019-05-10 08:05:38,,3,1,,1,,,,1
661280463126144,465275863489998,2018,54,49,1263,360,2,2,,1,0.0,0.1,,2019-05-10 08:05:38,,3,1,,1,,,,1
661281158126144,465275877489998,2018,54,49,1524,45,4,2,,2,,,,2019-05-10 08:05:38,,3,,,,,,,1
661281152126144,465275877489998,2018,54,49,1524,90,1,2,,1,0.0,0.2,,2019-05-10 08:05:38,,3,1,,1,,,,1
661281156126144,465275877489998,2018,54,49,1524,135,3,2,,1,0.0,1.5,,2019-05-10 08:05:38,,3,1,,1,,,,1
661281154126144,465275877489998,2018,54,49,1524,180,2,2,,3,0.0,0.1,,2019-05-10 08:05:38,,3,1,,1,,,,1
661281159126144,465275877489998,2018,54,49,1524,225,4,2,,3,0.8,1.1,,2019-05-10 08:05:38,,3,1,,1,,,,1
661281153126144,465275877489998,2018,54,49,1524,270,1,2,,2,,,,2019-05-10 08:05:38,,3,,,,,,,1
661281157126144,465275877489998,2018,54,49,1524,315,3,2,,1,0.0,0.1,,2019-05-10 08:05:38,,3,1,,1,,,,1
661281155126144,465275877489998,2018,54,49,1524,360,2,2,,3,0.0,0.2,,2019-05-10 08:05:38,,3,1,,1,,,,1
661270093126144,465275622489998,2018,54,49,1935,45,4,2,,1,0.2,0.8,,2019-05-10 08:05:38,,3,1,,1,,,,1
661270087126144,465275622489998,2018,54,49,1935,90,1,2,,1,0.1,0.8,,2019-05-10 08:05:38,,3,1,,1,,,,1
661270091126144,465275622489998,2018,54,49,1935,135,3,2,,1,0.0,0.8,,2019-05-10 08:05:38,,3,1,,1,,,,1
661270089126144,465275622489998,2018,54,49,1935,180,2,2,,1,0.1,0.7,,2019-05-10 08:05:38,,3,1,,1,,,,1
661270094126144,465275622489998,2018,54,49,1935,225,4,2,,1,0.9,0.6,,2019-05-10 08:05:38,,3,1,,1,,,,1
661270088126144,465275622489998,2018,54,49,1935,270,1,2,,1,1.1,0.9,,2019-05-10 08:05:38,,3,1,,1,,,,1
661270092126144,465275622489998,2018,54,49,1935,315,3,2,,1,0.0,0.2,,2019-05-10 08:05:38,,3,1,,1,,,,1
661270090126144,465275622489998,2018,54,49,1935,360,2,2,,1,0.0,0.5,,2019-05-10 08:05:38,,3,1,,1,,,,1
661273322126144,465275702489998,2018,54,51,944,45,4,2,,1,,,,2019-05-10 08:05:38,,3,,,,,,,1
661273316126144,465275702489998,2018,54,51,944,90,1,2,,1,,,,2019-05-10 08:05:38,,3,,,,,,,1
661273320126144,465275702489998,2018,54,51,944,135,3,2,,1,,,,2019-05-10 08:05:38,,3,,,,,,,1
661273318126144,465275702489998,2018,54,51,944,180,2,2,,1,,,,2019-05-10 08:05:38,,3,,,,,,,1
661273323126144,465275702489998,2018,54,51,944,225,4,2,,1,,,,2019-05-10 08:05:38,,3,,,,,,,1
661273317126144,465275702489998,2018,54,51,944,270,1,2,,1,,,,2019-05-10 08:05:38,,3,,,,,,,1
661273321126144,465275702489998,2018,54,51,944,315,3,2,,1,,,,2019-05-10 08:05:38,,3,,,,,,,1
661273319126144,465275702489998,2018,54,51,944,360,2,2,,1,,,,2019-05-10 08:05:38,,3,,,,,,,1
661276107126144,465275771489998,2018,54,53,1601,45,4,2,,1,0.1,0.5,,2019-05-10 08:05:39,,3,1,,1,,,,1
661276101126144,465275771489998,2018,54,53,1601,90,1,2,,1,0.2,1.8,,2019-05-10 08:05:39,,3,1,,1,,,,1
661276105126144,465275771489998,2018,54,53,1601,135,3,2,,1,0.1,0.4,,2019-05-10 08:05:39,,3,1,,1,,,,1
661276103126144,465275771489998,2018,54,53,1601,180,2,2,,1,0.1,1.4,,2019-05-10 08:05:39,,3,1,,1,,,,1
661276108126144,465275771489998,2018,54,53,1601,225,4,2,,1,0.1,0.3,,2019-05-10 08:05:39,,3,1,,1,,,,1
661276102126144,465275771489998,2018,54,53,1601,270,1,2,,1,0.1,0.9,,2019-05-10 08:05:39,,3,1,,1,,,,1
661276106126144,465275771489998,2018,54,53,1601,315,3,2,,1,0.1,1.7,,2019-05-10 08:05:39,,3,1,,1,,,,1
661276104126144,465275771489998,2018,54,53,1601,360,2,2,,1,0.1,0.6,,2019-05-10 08:05:39,,3,1,,1,,,,1
661320410126144,465275794489998,2018,54,55,301,45,4,2,2018,1,0.0,0.0,,2019-05-10 08:05:38,,3,2,,2,,,,1
661320404126144,465275794489998,2018,54,55,301,90,1,2,2018,1,0.0,0.0,,2019-05-10 08:05:38,,3,2,,2,,,,1
661320408126144,465275794489998,2018,54,55,301,135,3,2,2018,1,0.0,0.0,,2019-05-10 08:05:38,,3,2,,2,,,,1
661320407126144,465275794489998,2018,54,55,301,180,2,2,2018,1,0.0,0.0,,2019-05-10 08:05:38,,3,2,,2,,,,1
661320411126144,465275794489998,2018,54,55,301,225,4,2,2018,1,0.0,0.0,,2019-05-10 08:05:38,,3,2,,2,,,,1
661320405126144,465275794489998,2018,54,55,301,270,1,2,2018,1,0.0,0.0,,2019-05-10 08:05:38,,3,2,,2,,,,1
661320409126144,465275794489998,2018,54,55,301,315,3,2,2018,1,0.0,0.0,,2019-05-10 08:05:38,,3,2,,2,,,,1
661320406126144,465275794489998,2018,54,55,301,360,2,2,2018,1,0.0,0.0,,2019-05-10 08:05:38,,3,2,,2,,,,1
661269916126144,465275619489998,2018,54,61,412,45,4,2,,1,,,,2019-05-10 08:05:38,,3,,,,,,,1
661269910126144,465275619489998,2018,54,61,412,90,1,2,,1,,,,2019-05-10 08:05:38,,3,,,,,,,1
661269914126144,465275619489998,2018,54,61,412,135,3,2,,1,,,,2019-05-10 08:05:38,,3,,,,,,,1
661269912126144,465275619489998,2018,54,61,412,180,2,2,,1,,,,2019-05-10 08:05:38,,3,,,,,,,1
661269917126144,465275619489998,2018,54,61,412,225,4,2,,1,,,,2019-05-10 08:05:38,,3,,,,,,,1
661269911126144,465275619489998,2018,54,61,412,270,1,2,,1,,,,2019-05-10 08:05:38,,3,,,,,,,1
661269915126144,465275619489998,2018,54,61,412,315,3,2,,1,,,,2019-05-10 08:05:38,,3,,,,,,,1
661269913126144,465275619489998,2018,54,61,412,360,2,2,,1,,,,2019-05-10 08:05:38,,3,,,,,,,1
661279850126144,465275848489998,2018,54,67,642,45,4,2,,1,,,,2019-05-10 08:05:39,,3,,,,,,,1
661279844126144,465275848489998,2018,54,67,642,90,1,2,,1,,,,2019-05-10 08:05:39,,3,,,,,,,1
661279848126144,465275848489998,2018,54,67,642,135,3,2,,2,0.0,0.5,,2019-05-10 08:05:39,,3,1,,1,,,,1
661279846126144,465275848489998,2018,54,67,642,180,2,2,,1,,,,2019-05-10 08:05:39,,3,,,,,,,1
661279851126144,465275848489998,2018,54,67,642,225,4,2,,1,,,,2019-05-10 08:05:39,,3,,,,,,,1
661279845126144,465275848489998,2018,54,67,642,270,1,2,,1,,,,2019-05-10 08:05:39,,3,,,,,,,1
661279849126144,465275848489998,2018,54,67,642,315,3,2,,2,0.0,0.2,,2019-05-10 08:05:39,,3,1,,1,,,,1
661279847126144,465275848489998,2018,54,67,642,360,2,2,,1,,,,2019-05-10 08:05:39,,3,,,,,,,1
661278612126144,465275832489998,2018,54,67,3068,45,4,2,,2,0.2,0.8,,2019-05-10 08:05:38,,3,1,,1,,,,1
661278606126144,465275832489998,2018,54,67,3068,90,1,2,,1,0.2,0.6,,2019-05-10 08:05:38,,3,1,,1,,,,1
661278610126144,465275832489998,2018,54,67,3068,135,3,2,,1,0.1,0.3,,2019-05-10 08:05:38,,3,1,,1,,,,1
661278608126144,465275832489998,2018,54,67,3068,180,2,2,,1,0.8,1.5,,2019-05-10 08:05:38,,3,1,,1,,,,1
661278613126144,465275832489998,2018,54,67,3068,225,4,2,,2,0.5,1.0,,2019-05-10 08:05:38,,3,1,,1,,,,1
661278607126144,465275832489998,2018,54,67,3068,270,1,2,,1,0.3,1.0,,2019-05-10 08:05:38,,3,1,,1,,,,1
661278611126144,465275832489998,2018,54,67,3068,315,3,2,,1,0.2,0.5,,2019-05-10 08:05:38,,3,1,,1,,,,1
661278609126144,465275832489998,2018,54,67,3068,360,2,2,,1,0.8,1.5,,2019-05-10 08:05:38,,3,1,,1,,,,1
661285139126144,465275934489998,2018,54,71,440,45,4,2,,1,,,,2019-05-10 08:05:38,,3,,,,,,,1
661285133126144,465275934489998,2018,54,71,440,90,1,2,,1,,,,2019-05-10 08:05:38,,3,,,,,,,1
661285137126144,465275934489998,2018,54,71,440,135,3,2,,1,,,,2019-05-10 08:05:38,,3,,,,,,,1
661285135126144,465275934489998,2018,54,71,440,180,2,2,,1,,,,2019-05-10 08:05:38,,3,,,,,,,1
661285140126144,465275934489998,2018,54,71,440,225,4,2,,1,,,,2019-05-10 08:05:38,,3,,,,,,,1
661285134126144,465275934489998,2018,54,71,440,270,1,2,,1,,,,2019-05-10 08:05:38,,3,,,,,,,1
661285138126144,465275934489998,2018,54,71,440,315,3,2,,1,,,,2019-05-10 08:05:38,,3,,,,,,,1
661285136126144,465275934489998,2018,54,71,440,360,2,2,,1,,,,2019-05-10 08:05:38,,3,,,,,,,1
661270452126144,465275630489998,2018,54,75,1943,45,4,2,,1,,,,2019-05-10 08:05:38,,3,,,,,,,1
661270446126144,465275630489998,2018,54,75,1943,90,1,2,,1,,,,2019-05-10 08:05:38,,3,,,,,,,1
661270450126144,465275630489998,2018,54,75,1943,135,3,2,,1,,,,2019-05-10 08:05:38,,3,,,,,,,1
661270448126144,465275630489998,2018,54,75,1943,180,2,2,,1,,,,2019-05-10 08:05:38,,3,,,,,,,1
661270453126144,465275630489998,2018,54,75,1943,225,4,2,,1,,,,2019-05-10 08:05:38,,3,,,,,,,1
661270447126144,465275630489998,2018,54,75,1943,270,1,2,,1,,,,2019-05-10 08:05:38,,3,,,,,,,1
661270451126144,465275630489998,2018,54,75,1943,315,3,2,,1,,,,2019-05-10 08:05:38,,3,,,,,,,1
661270449126144,465275630489998,2018,54,75,1943,360,2,2,,1,,,,2019-05-10 08:05:38,,3,,,,,,,1
661283563126144,465275911489998,2018,54,75,2500,45,4,2,,1,0.2,1.7,,2019-05-10 08:05:39,,3,1,,1,,,,1
661283557126144,465275911489998,2018,54,75,2500,90,1,2,,1,0.1,1.0,,2019-05-10 08:05:39,,3,1,,1,,,,1
661283561126144,465275911489998,2018,54,75,2500,135,3,2,,1,0.1,0.4,,2019-05-10 08:05:39,,3,1,,1,,,,1
661283559126144,465275911489998,2018,54,75,2500,180,2,2,,1,1.2,1.2,,2019-05-10 08:05:39,,3,1,,1,,,,1
661283564126144,465275911489998,2018,54,75,2500,225,4,2,,1,1.8,0.7,,2019-05-10 08:05:39,,3,1,,1,,,,1
661283558126144,465275911489998,2018,54,75,2500,270,1,2,,1,0.1,1.1,,2019-05-10 08:05:39,,3,1,,1,,,,1
661283562126144,465275911489998,2018,54,75,2500,315,3,2,,1,0.1,1.0,,2019-05-10 08:05:39,,3,1,,1,,,,1
661283560126144,465275911489998,2018,54,75,2500,360,2,2,,1,1.1,3.0,,2019-05-10 08:05:39,,3,1,,1,,,,1
661272891126144,465275687489998,2018,54,79,879,45,4,2,,1,0.1,0.5,,2019-05-10 08:05:38,,3,1,,1,,,,1
661272885126144,465275687489998,2018,54,79,879,90,1,2,,1,0.1,0.6,,2019-05-10 08:05:38,,3,1,,1,,,,1
661272889126144,465275687489998,2018,54,79,879,135,3,2,,1,0.1,0.3,,2019-05-10 08:05:38,,3,1,,1,,,,1
661272887126144,465275687489998,2018,54,79,879,180,2,2,,1,0.1,0.8,,2019-05-10 08:05:38,,3,1,,1,,,,1
661272892126144,465275687489998,2018,54,79,879,225,4,2,,1,0.1,0.4,,2019-05-10 08:05:38,,3,1,,1,,,,1
661272886126144,465275687489998,2018,54,79,879,270,1,2,,1,0.1,0.4,,2019-05-10 08:05:38,,3,1,,1,,,,1
661272890126144,465275687489998,2018,54,79,879,315,3,2,,1,0.1,0.4,,2019-05-10 08:05:38,,3,1,,1,,,,1
661272888126144,465275687489998,2018,54,79,879,360,2,2,,1,0.1,0.3,,2019-05-10 08:05:38,,3,1,,1,,,,1
661269615126144,465275612489998,2018,54,81,128,45,4,2,,3,,,,2019-05-10 08:05:38,,3,,,,,,,1
661269609126144,465275612489998,2018,54,81,128,90,1,2,,1,0.8,1.3,,2019-05-10 08:05:38,,3,1,,1,,,,1
661269613126144,465275612489998,2018,54,81,128,135,3,2,,1,1.2,1.8,,2019-05-10 08:05:38,,3,1,,1,,,,1
661269611126144,465275612489998,2018,54,81,128,180,2,2,,1,0.5,1.8,,2019-05-10 08:05:38,,3,1,,1,,,,1
661269616126144,465275612489998,2018,54,81,128,225,4,2,,3,,,,2019-05-10 08:05:38,,3,,,,,,,1
661269610126144,465275612489998,2018,54,81,128,270,1,2,,1,0.6,1.8,,2019-05-10 08:05:38,,3,1,,1,,,,1
661269614126144,465275612489998,2018,54,81,128,315,3,2,,2,,,,2019-05-10 08:05:38,,3,,,,,,,1
661269612126144,465275612489998,2018,54,81,128,360,2,2,,1,3.1,1.2,,2019-05-10 08:05:38,,3,1,,1,,,,1
661276998126144,465275790489998,2018,54,81,769,45,4,2,,1,,,,2019-05-10 08:05:39,,3,,,,,,,1
661276992126144,465275790489998,2018,54,81,769,90,1,2,,1,,,,2019-05-10 08:05:39,,3,,,,,,,1
661276996126144,465275790489998,2018,54,81,769,135,3,2,,1,,,,2019-05-10 08:05:39,,3,,,,,,,1
661276994126144,465275790489998,2018,54,81,769,180,2,2,,1,,,,2019-05-10 08:05:39,,3,,,,,,,1
661276999126144,465275790489998,2018,54,81,769,225,4,2,,1,,,,2019-05-10 08:05:39,,3,,,,,,,1
661276993126144,465275790489998,2018,54,81,769,270,1,2,,1,,,,2019-05-10 08:05:39,,3,,,,,,,1
661276997126144,465275790489998,2018,54,81,769,315,3,2,,1,,,,2019-05-10 08:05:39,,3,,,,,,,1
661276995126144,465275790489998,2018,54,81,769,360,2,2,,1,,,,2019-05-10 08:05:39,,3,,,,,,,1
661281740126144,465275887489998,2018,54,83,112,45,4,2,,1,0.0,0.2,,2019-05-10 08:05:39,,3,1,,1,,,,1
661281732126144,465275887489998,2018,54,83,112,90,1,2,,1,0.7,0.2,,2019-05-10 08:05:39,,3,1,,1,,,,1
661281736126144,465275887489998,2018,54,83,112,135,3,2,,1,0.2,0.2,,2019-05-10 08:05:39,,3,1,,1,,,,1
661281734126144,465275887489998,2018,54,83,112,180,2,2,,1,0.0,0.1,,2019-05-10 08:05:39,,3,1,,1,,,,1
661281742126144,465275887489998,2018,54,83,112,225,4,2,,1,0.0,0.1,,2019-05-10 08:05:39,,3,1,,1,,,,1
661281733126144,465275887489998,2018,54,83,112,270,1,2,,1,0.6,2.0,,2019-05-10 08:05:39,,3,1,,1,,,,1
661281738126144,465275887489998,2018,54,83,112,315,3,2,,1,0.1,0.7,,2019-05-10 08:05:39,,3,1,,1,,,,1
661281735126144,465275887489998,2018,54,83,112,360,2,2,,1,1.0,0.2,,2019-05-10 08:05:39,,3,1,,1,,,,1
661271660126144,465275664489998,2018,54,83,3587,45,4,2,,1,0.5,0.7,,2019-05-10 08:05:39,,3,1,,1,,,,1
661271654126144,465275664489998,2018,54,83,3587,90,1,2,,1,1.0,1.2,,2019-05-10 08:05:39,,3,1,,1,,,,1
661271658126144,465275664489998,2018,54,83,3587,135,3,2,,1,0.1,4.5,,2019-05-10 08:05:39,,3,1,,1,,,,1
661271656126144,465275664489998,2018,54,83,3587,180,2,2,,1,0.7,1.1,,2019-05-10 08:05:39,,3,1,,1,,,,1
661271661126144,465275664489998,2018,54,83,3587,225,4,2,,1,1.2,1.0,,2019-05-10 08:05:39,,3,1,,1,,,,1
661271655126144,465275664489998,2018,54,83,3587,270,1,2,,1,0.7,1.0,,2019-05-10 08:05:39,,3,1,,1,,,,1
661271659126144,465275664489998,2018,54,83,3587,315,3,2,,1,0.2,1.5,,2019-05-10 08:05:39,,3,1,,1,,,,1
661271657126144,465275664489998,2018,54,83,3587,360,2,2,,1,0.3,0.5,,2019-05-10 08:05:39,,3,1,,1,,,,1
661283046126144,465275905489998,2018,54,93,857,45,4,2,,1,2.6,1.6,,2019-05-10 08:05:38,,3,1,,1,,,,1
661283040126144,465275905489998,2018,54,93,857,90,1,2,,1,0.7,0.5,,2019-05-10 08:05:38,,3,1,,1,,,,1
661283044126144,465275905489998,2018,54,93,857,135,3,2,,1,3.0,3.2,,2019-05-10 08:05:38,,3,1,,1,,,,1
661283042126144,465275905489998,2018,54,93,857,180,2,2,,1,4.5,2.5,,2019-05-10 08:05:38,,3,1,,1,,,,1
661283047126144,465275905489998,2018,54,93,857,225,4,2,,1,1.7,1.9,,2019-05-10 08:05:38,,3,1,,1,,,,1
661283041126144,465275905489998,2018,54,93,857,270,1,2,,1,0.1,0.8,,2019-05-10 08:05:38,,3,1,,1,,,,1
661283045126144,465275905489998,2018,54,93,857,315,3,2,,1,1.6,1.6,,2019-05-10 08:05:38,,3,1,,1,,,,1
661283043126144,465275905489998,2018,54,93,857,360,2,2,,1,0.9,0.9,,2019-05-10 08:05:38,,3,1,,1,,,,1
661320326126144,465275663489998,2018,54,97,2224,45,4,2,2018,1,0.0,0.0,,2019-05-10 08:05:38,,3,2,,2,,,,1
661320320126144,465275663489998,2018,54,97,2224,90,1,2,2018,1,0.0,0.0,,2019-05-10 08:05:38,,3,2,,2,,,,1
661320324126144,465275663489998,2018,54,97,2224,135,3,2,2018,1,0.0,0.0,,2019-05-10 08:05:38,,3,2,,2,,,,1
661320323126144,465275663489998,2018,54,97,2224,180,2,2,2018,1,0.0,0.0,,2019-05-10 08:05:38,,3,2,,2,,,,1
661320327126144,465275663489998,2018,54,97,2224,225,4,2,2018,1,0.0,0.0,,2019-05-10 08:05:38,,3,2,,2,,,,1
661320321126144,465275663489998,2018,54,97,2224,270,1,2,2018,1,0.0,0.0,,2019-05-10 08:05:38,,3,2,,2,,,,1
661320325126144,465275663489998,2018,54,97,2224,315,3,2,2018,1,0.0,0.0,,2019-05-10 08:05:38,,3,2,,2,,,,1
661320322126144,465275663489998,2018,54,97,2224,360,2,2,2018,1,0.0,0.0,,2019-05-10 08:05:38,,3,2,,2,,,,1
661273850126144,465275719489998,2018,54,99,673,45,4,2,,1,,,,2019-05-10 08:05:39,,3,,,,,,,1
661273844126144,465275719489998,2018,54,99,673,90,1,2,,1,,,,2019-05-10 08:05:39,,3,,,,,,,1
661273848126144,465275719489998,2018,54,99,673,135,3,2,,1,,,,2019-05-10 08:05:39,,3,,,,,,,1
661273846126144,465275719489998,2018,54,99,673,180,2,2,,1,,,,2019-05-10 08:05:39,,3,,,,,,,1
661273851126144,465275719489998,2018,54,99,673,225,4,2,,1,,,,2019-05-10 08:05:39,,3,,,,,,,1
661273845126144,465275719489998,2018,54,99,673,270,1,2,,1,,,,2019-05-10 08:05:39,,3,,,,,,,1
661273849126144,465275719489998,2018,54,99,673,315,3,2,,1,,,,2019-05-10 08:05:39,,3,,,,,,,1
661273847126144,465275719489998,2018,54,99,673,360,2,2,,1,,,,2019-05-10 08:05:39,,3,,,,,,,1
661272561126144,465275679489998,2018,54,99,1250,45,4,2,,1,0.1,0.3,,2019-05-10 08:05:38,,3,1,,1,,,,1
661272555126144,465275679489998,2018,54,99,1250,90,1,2,,1,0.1,0.4,,2019-05-10 08:05:38,,3,1,,1,,,,1
661272559126144,465275679489998,2018,54,99,1250,135,3,2,,1,0.1,0.6,,2019-05-10 08:05:38,,3,1,,1,,,,1
661272557126144,465275679489998,2018,54,99,1250,180,2,2,,1,0.1,0.3,,2019-05-10 08:05:38,,3,1,,1,,,,1
661272562126144,465275679489998,2018,54,99,1250,225,4,2,,1,0.1,0.2,,2019-05-10 08:05:38,,3,1,,1,,,,1
661272556126144,465275679489998,2018,54,99,1250,270,1,2,,1,0.1,0.5,,2019-05-10 08:05:38,,3,1,,1,,,,1
661272560126144,465275679489998,2018,54,99,1250,315,3,2,,1,0.1,0.5,,2019-05-10 08:05:38,,3,1,,1,,,,1
661272558126144,465275679489998,2018,54,99,1250,360,2,2,,1,0.1,1.3,,2019-05-10 08:05:38,,3,1,,1,,,,1
661274709126144,465275737489998,2018,54,103,1046,45,4,2,,1,0.1,0.5,,2019-05-10 08:05:38,,3,1,,1,,,,1
661274703126144,465275737489998,2018,54,103,1046,90,1,2,,1,0.1,0.3,,2019-05-10 08:05:38,,3,1,,1,,,,1
661274707126144,465275737489998,2018,54,103,1046,135,3,2,,1,0.1,0.2,,2019-05-10 08:05:38,,3,1,,1,,,,1
661274705126144,465275737489998,2018,54,103,1046,180,2,2,,1,0.1,0.3,,2019-05-10 08:05:38,,3,1,,1,,,,1
661274710126144,465275737489998,2018,54,103,1046,225,4,2,,1,0.1,0.3,,2019-05-10 08:05:38,,3,1,,1,,,,1
661274704126144,465275737489998,2018,54,103,1046,270,1,2,,2,,,,2019-05-10 08:05:38,,3,,,,,,,1
661274708126144,465275737489998,2018,54,103,1046,315,3,2,,1,0.1,0.2,,2019-05-10 08:05:38,,3,1,,1,,,,1
661274706126144,465275737489998,2018,54,103,1046,360,2,2,,1,0.1,0.1,,2019-05-10 08:05:38,,3,1,,1,,,,1
661277928126144,465275819489998,2018,54,107,1506,45,4,2,,2,,,,2019-05-10 08:05:39,,3,,,,,,,1
661277922126144,465275819489998,2018,54,107,1506,90,1,2,,1,0.1,0.2,,2019-05-10 08:05:39,,3,1,,1,,,,1
661277926126144,465275819489998,2018,54,107,1506,135,3,2,,1,0.1,0.2,,2019-05-10 08:05:39,,3,1,,1,,,,1
661277924126144,465275819489998,2018,54,107,1506,180,2,2,,2,,,,2019-05-10 08:05:39,,3,,,,,,,1
661277929126144,465275819489998,2018,54,107,1506,225,4,2,,2,,,,2019-05-10 08:05:39,,3,,,,,,,1
661277923126144,465275819489998,2018,54,107,1506,270,1,2,,2,,,,2019-05-10 08:05:39,,3,,,,,,,1
661277927126144,465275819489998,2018,54,107,1506,315,3,2,,1,0.1,0.1,,2019-05-10 08:05:39,,3,1,,1,,,,1
661277925126144,465275819489998,2018,54,107,1506,360,2,2,,1,0.1,0.2,,2019-05-10 08:05:39,,3,1,,1,,,,1
661275535126144,465275759489998,2018,54,109,379,45,4,2,,1,0.1,0.4,,2019-05-10 08:05:38,,3,1,,1,,,,1
661275529126144,465275759489998,2018,54,109,379,90,1,2,,2,0.1,0.7,,2019-05-10 08:05:38,,3,1,,1,,,,1
661275533126144,465275759489998,2018,54,109,379,135,3,2,,2,0.1,0.3,,2019-05-10 08:05:38,,3,1,,1,,,,1
661275531126144,465275759489998,2018,54,109,379,180,2,2,,1,0.1,0.3,,2019-05-10 08:05:38,,3,1,,1,,,,1
661275536126144,465275759489998,2018,54,109,379,225,4,2,,1,0.1,1.3,,2019-05-10 08:05:38,,3,1,,1,,,,1
661275530126144,465275759489998,2018,54,109,379,270,1,2,,1,0.1,0.4,,2019-05-10 08:05:38,,3,1,,1,,,,1
661275534126144,465275759489998,2018,54,109,379,315,3,2,,2,0.1,0.4,,2019-05-10 08:05:38,,3,1,,1,,,,1
661275532126144,465275759489998,2018,54,109,379,360,2,2,,1,0.1,0.3,,2019-05-10 08:05:38,,3,1,,1,,,,1
757077140290487,513410568126144,2019,54,5,2111,45,4,2,,1,3.7,1.0,,2020-06-26 16:05:10,,3,1,,1,,,,1
757077134290487,513410568126144,2019,54,5,2111,90,1,2,,1,1.5,0.3,,2020-06-26 16:05:10,,3,1,,1,,,,1
757077138290487,513410568126144,2019,54,5,2111,135,3,2,,2,,,,2020-06-26 16:05:10,,3,,,,,,,1
757077136290487,513410568126144,2019,54,5,2111,180,2,2,,1,3.3,2.8,,2020-06-26 16:05:10,,3,1,,1,,,,1
757077141290487,513410568126144,2019,54,5,2111,225,4,2,,1,1.5,2.5,,2020-06-26 16:05:10,,3,1,,1,,,,1
757077135290487,513410568126144,2019,54,5,2111,270,1,2,,1,0.0,0.0,,2020-06-26 16:05:10,,3,1,,1,,,,1
757077139290487,513410568126144,2019,54,5,2111,315,3,2,,2,,,,2020-06-26 16:05:10,,3,,,,,,,1
757077137290487,513410568126144,2019,54,5,2111,360,2,2,,1,1.3,0.3,,2020-06-26 16:05:10,,3,1,,1,,,,1
757081124290487,513410661126144,2019,54,11,26,45,4,2,,1,0.1,0.3,,2020-06-26 16:05:10,,3,1,,1,,,,1
757081118290487,513410661126144,2019,54,11,26,90,1,2,,1,0.1,0.3,,2020-06-26 16:05:10,,3,1,,1,,,,1
757081122290487,513410661126144,2019,54,11,26,135,3,2,,1,0.1,0.2,,2020-06-26 16:05:10,,3,1,,1,,,,1
757081120290487,513410661126144,2019,54,11,26,180,2,2,,1,0.1,0.3,,2020-06-26 16:05:10,,3,1,,1,,,,1
757081125290487,513410661126144,2019,54,11,26,225,4,2,,1,0.1,0.4,,2020-06-26 16:05:10,,3,1,,1,,,,1
757081119290487,513410661126144,2019,54,11,26,270,1,2,,1,0.1,0.2,,2020-06-26 16:05:10,,3,1,,1,,,,1
757081123290487,513410661126144,2019,54,11,26,315,3,2,,1,0.1,0.3,,2020-06-26 16:05:10,,3,1,,1,,,,1
757081121290487,513410661126144,2019,54,11,26,360,2,2,,2,0.1,0.4,,2020-06-26 16:05:10,,3,1,,1,,,,1
757074077290487,513410485126144,2019,54,19,442,45,4,2,,1,0.3,1.2,,2020-06-26 16:05:09,,3,1,,1,,,,1
757074071290487,513410485126144,2019,54,19,442,90,1,2,,1,3.2,2.2,,2020-06-26 16:05:09,,3,1,,1,,,,1
757074075290487,513410485126144,2019,54,19,442,135,3,2,,1,0.3,1.2,,2020-06-26 16:05:09,,3,1,,1,,,,1
757074073290487,513410485126144,2019,54,19,442,180,2,2,,1,0.2,1.5,,2020-06-26 16:05:09,,3,1,,1,,,,1
757074078290487,513410485126144,2019,54,19,442,225,4,2,,1,0.3,1.1,,2020-06-26 16:05:09,,3,1,,1,,,,1
757074072290487,513410485126144,2019,54,19,442,270,1,2,,1,0.3,1.5,,2020-06-26 16:05:09,,3,1,,1,,,,1
757074076290487,513410485126144,2019,54,19,442,315,3,2,,1,0.5,1.2,,2020-06-26 16:05:09,,3,1,,1,,,,1
757074074290487,513410485126144,2019,54,19,442,360,2,2,,1,0.5,2.3,,2020-06-26 16:05:09,,3,1,,1,,,,1
757075350290487,513410521126144,2019,54,19,987,45,4,2,,1,,,,2020-06-26 16:05:10,,3,,,,,,,1
757075344290487,513410521126144,2019,54,19,987,90,1,2,,1,,,,2020-06-26 16:05:10,,3,,,,,,,1
757075348290487,513410521126144,2019,54,19,987,135,3,2,,1,,,,2020-06-26 16:05:10,,3,,,,,,,1
757075346290487,513410521126144,2019,54,19,987,180,2,2,,1,,,,2020-06-26 16:05:10,,3,,,,,,,1
757075351290487,513410521126144,2019,54,19,987,225,4,2,,1,,,,2020-06-26 16:05:10,,3,,,,,,,1
757075345290487,513410521126144,2019,54,19,987,270,1,2,,1,,,,2020-06-26 16:05:10,,3,,,,,,,1
757075349290487,513410521126144,2019,54,19,987,315,3,2,,1,,,,2020-06-26 16:05:10,,3,,,,,,,1
757075347290487,513410521126144,2019,54,19,987,360,2,2,,1,,,,2020-06-26 16:05:10,,3,,,,,,,1
757072833290487,513410442126144,2019,54,19,1242,45,4,2,,1,0.2,1.5,,2020-06-26 16:05:09,,3,1,,1,,,,1
757072827290487,513410442126144,2019,54,19,1242,90,1,2,,2,,,,2020-06-26 16:05:09,,3,,,,,,,1
757072831290487,513410442126144,2019,54,19,1242,135,3,2,,1,0.1,1.5,,2020-06-26 16:05:09,,3,1,,1,,,,1
757072829290487,513410442126144,2019,54,19,1242,180,2,2,,1,0.1,0.3,,2020-06-26 16:05:09,,3,1,,1,,,,1
757072834290487,513410442126144,2019,54,19,1242,225,4,2,,1,0.3,1.2,,2020-06-26 16:05:09,,3,1,,1,,,,1
757072828290487,513410442126144,2019,54,19,1242,270,1,2,,1,0.2,1.1,,2020-06-26 16:05:09,,3,1,,1,,,,1
757072832290487,513410442126144,2019,54,19,1242,315,3,2,,1,2.0,1.5,,2020-06-26 16:05:09,,3,1,,1,,,,1
757072830290487,513410442126144,2019,54,19,1242,360,2,2,,2,,,,2020-06-26 16:05:09,,3,,,,,,,1
757084768290487,513410483126144,2019,54,19,1473,45,4,2,2019,1,0.0,0.0,,2020-06-26 16:05:09,,3,2,,2,,,,1
757084762290487,513410483126144,2019,54,19,1473,90,1,2,2019,1,0.0,0.0,,2020-06-26 16:05:09,,3,2,,2,,,,1
757084766290487,513410483126144,2019,54,19,1473,135,3,2,2019,1,0.0,0.0,,2020-06-26 16:05:09,,3,2,,2,,,,1
757084765290487,513410483126144,2019,54,19,1473,180,2,2,2019,1,0.0,0.0,,2020-06-26 16:05:09,,3,2,,2,,,,1
757084769290487,513410483126144,2019,54,19,1473,225,4,2,2019,1,0.0,0.0,,2020-06-26 16:05:09,,3,2,,2,,,,1
757084763290487,513410483126144,2019,54,19,1473,270,1,2,2019,1,0.0,0.0,,2020-06-26 16:05:09,,3,2,,2,,,,1
757084767290487,513410483126144,2019,54,19,1473,315,3,2,2019,1,0.0,0.0,,2020-06-26 16:05:09,,3,2,,2,,,,1
757084764290487,513410483126144,2019,54,19,1473,360,2,2,2019,1,0.0,0.0,,2020-06-26 16:05:09,,3,2,,2,,,,1
757067734290487,513410322126144,2019,54,23,629,45,4,2,,1,,,,2020-06-26 16:05:09,,3,,,,,,,1
757067728290487,513410322126144,2019,54,23,629,90,1,2,,1,,,,2020-06-26 16:05:09,,3,,,,,,,1
757067732290487,513410322126144,2019,54,23,629,135,3,2,,1,,,,2020-06-26 16:05:09,,3,,,,,,,1
757067730290487,513410322126144,2019,54,23,629,180,2,2,,1,,,,2020-06-26 16:05:09,,3,,,,,,,1
757067735290487,513410322126144,2019,54,23,629,225,4,2,,1,,,,2020-06-26 16:05:09,,3,,,,,,,1
757067729290487,513410322126144,2019,54,23,629,270,1,2,,1,,,,2020-06-26 16:05:09,,3,,,,,,,1
757067733290487,513410322126144,2019,54,23,629,315,3,2,,1,,,,2020-06-26 16:05:09,,3,,,,,,,1
757067731290487,513410322126144,2019,54,23,629,360,2,2,,1,,,,2020-06-26 16:05:09,,3,,,,,,,1
757084612290487,513410336126144,2019,54,23,1064,45,4,2,2019,1,0.0,0.0,,2020-06-26 16:05:09,,3,2,,2,,,,1
757084606290487,513410336126144,2019,54,23,1064,90,1,2,2019,1,0.0,0.0,,2020-06-26 16:05:09,,3,2,,2,,,,1
757084610290487,513410336126144,2019,54,23,1064,135,3,2,2019,1,0.0,0.0,,2020-06-26 16:05:09,,3,2,,2,,,,1
757084609290487,513410336126144,2019,54,23,1064,180,2,2,2019,1,0.0,0.0,,2020-06-26 16:05:09,,3,2,,2,,,,1
757084613290487,513410336126144,2019,54,23,1064,225,4,2,2019,1,0.0,0.0,,2020-06-26 16:05:09,,3,2,,2,,,,1
757084607290487,513410336126144,2019,54,23,1064,270,1,2,2019,1,0.0,0.0,,2020-06-26 16:05:09,,3,2,,2,,,,1
757084611290487,513410336126144,2019,54,23,1064,315,3,2,2019,1,0.0,0.0,,2020-06-26 16:05:09,,3,2,,2,,,,1
757084608290487,513410336126144,2019,54,23,1064,360,2,2,2019,1,0.0,0.0,,2020-06-26 16:05:09,,3,2,,2,,,,1
757077807290487,513410581126144,2019,54,29,2007,45,4,2,,1,0.1,0.2,,2020-06-26 16:05:10,,3,1,,1,,,,1
757077801290487,513410581126144,2019,54,29,2007,90,1,2,,1,0.0,0.3,,2020-06-26 16:05:10,,3,1,,1,,,,1
757077805290487,513410581126144,2019,54,29,2007,135,3,2,,1,0.0,2.4,,2020-06-26 16:05:10,,3,1,,1,,,,1
757077803290487,513410581126144,2019,54,29,2007,180,2,2,,1,0.0,3.5,,2020-06-26 16:05:10,,3,1,,1,,,,1
757077808290487,513410581126144,2019,54,29,2007,225,4,2,,1,0.2,2.6,,2020-06-26 16:05:10,,3,1,,1,,,,1
757077802290487,513410581126144,2019,54,29,2007,270,1,2,,1,0.0,0.1,,2020-06-26 16:05:10,,3,1,,1,,,,1
757077806290487,513410581126144,2019,54,29,2007,315,3,2,,1,0.2,1.6,,2020-06-26 16:05:10,,3,1,,1,,,,1
757077804290487,513410581126144,2019,54,29,2007,360,2,2,,1,0.3,2.4,,2020-06-26 16:05:10,,3,1,,1,,,,1
757067569290487,513410314126144,2019,54,31,1511,45,4,2,,1,3.7,2.3,,2020-06-26 16:05:09,,3,1,,1,,,,1
757067563290487,513410314126144,2019,54,31,1511,90,1,2,,1,2.0,1.3,,2020-06-26 16:05:09,,3,1,,1,,,,1
757067567290487,513410314126144,2019,54,31,1511,135,3,2,,1,0.1,0.2,,2020-06-26 16:05:09,,3,1,,1,,,,1
757067565290487,513410314126144,2019,54,31,1511,180,2,2,,1,1.7,1.5,,2020-06-26 16:05:09,,3,1,,1,,,,1
757067570290487,513410314126144,2019,54,31,1511,225,4,2,,1,1.0,1.7,,2020-06-26 16:05:09,,3,1,,1,,,,1
757067564290487,513410314126144,2019,54,31,1511,270,1,2,,1,2.3,1.1,,2020-06-26 16:05:09,,3,1,,1,,,,1
757067568290487,513410314126144,2019,54,31,1511,315,3,2,,1,1.0,1.1,,2020-06-26 16:05:09,,3,1,,1,,,,1
757067566290487,513410314126144,2019,54,31,1511,360,2,2,,1,1.2,1.5,,2020-06-26 16:05:09,,3,1,,1,,,,1
757067766290487,513410323126144,2019,54,31,1534,45,4,2,,1,,,,2020-06-26 16:05:09,,3,,,,,,,1
757067760290487,513410323126144,2019,54,31,1534,90,1,2,,1,,,,2020-06-26 16:05:09,,3,,,,,,,1
757067764290487,513410323126144,2019,54,31,1534,135,3,2,,1,,,,2020-06-26 16:05:09,,3,,,,,,,1
757067762290487,513410323126144,2019,54,31,1534,180,2,2,,1,,,,2020-06-26 16:05:09,,3,,,,,,,1
757067767290487,513410323126144,2019,54,31,1534,225,4,2,,1,,,,2020-06-26 16:05:09,,3,,,,,,,1
757067761290487,513410323126144,2019,54,31,1534,270,1,2,,1,,,,2020-06-26 16:05:09,,3,,,,,,,1
757067765290487,513410323126144,2019,54,31,1534,315,3,2,,1,,,,2020-06-26 16:05:09,,3,,,,,,,1
757067763290487,513410323126144,2019,54,31,1534,360,2,2,,1,,,,2020-06-26 16:05:09,,3,,,,,,,1
757073452290487,513410464126144,2019,54,33,968,45,4,2,,1,,,,2020-06-26 16:05:09,,3,,,,,,,1
757073446290487,513410464126144,2019,54,33,968,90,1,2,,1,,,,2020-06-26 16:05:09,,3,,,,,,,1
757073450290487,513410464126144,2019,54,33,968,135,3,2,,1,,,,2020-06-26 16:05:09,,3,,,,,,,1
757073448290487,513410464126144,2019,54,33,968,180,2,2,,1,,,,2020-06-26 16:05:09,,3,,,,,,,1
757073453290487,513410464126144,2019,54,33,968,225,4,2,,1,,,,2020-06-26 16:05:09,,3,,,,,,,1
757073447290487,513410464126144,2019,54,33,968,270,1,2,,1,,,,2020-06-26 16:05:09,,3,,,,,,,1
757073451290487,513410464126144,2019,54,33,968,315,3,2,,1,,,,2020-06-26 16:05:09,,3,,,,,,,1
757073449290487,513410464126144,2019,54,33,968,360,2,2,,1,,,,2020-06-26 16:05:09,,3,,,,,,,1
757084689290487,513410414126144,2019,54,33,2432,45,4,2,2019,1,0.0,0.0,,2020-06-26 16:05:09,,3,2,,2,,,,1
757084683290487,513410414126144,2019,54,33,2432,90,1,2,2019,1,0.0,0.0,,2020-06-26 16:05:09,,3,2,,2,,,,1
757084687290487,513410414126144,2019,54,33,2432,135,3,2,2019,1,0.0,0.0,,2020-06-26 16:05:09,,3,2,,2,,,,1
757084686290487,513410414126144,2019,54,33,2432,180,2,2,2019,1,0.0,0.0,,2020-06-26 16:05:09,,3,2,,2,,,,1
757084690290487,513410414126144,2019,54,33,2432,225,4,2,2019,1,0.0,0.0,,2020-06-26 16:05:09,,3,2,,2,,,,1
757084684290487,513410414126144,2019,54,33,2432,270,1,2,2019,1,0.0,0.0,,2020-06-26 16:05:09,,3,2,,2,,,,1
757084688290487,513410414126144,2019,54,33,2432,315,3,2,2019,1,0.0,0.0,,2020-06-26 16:05:09,,3,2,,2,,,,1
757084685290487,513410414126144,2019,54,33,2432,360,2,2,2019,1,0.0,0.0,,2020-06-26 16:05:09,,3,2,,2,,,,1
757078869290487,513410604126144,2019,54,39,2504,45,4,2,,3,0.2,0.7,,2020-06-26 16:05:10,,3,1,,1,,,,1
757078863290487,513410604126144,2019,54,39,2504,90,1,2,,1,,,,2020-06-26 16:05:10,,3,,,,,,,1
757078867290487,513410604126144,2019,54,39,2504,135,3,2,,2,0.0,0.0,,2020-06-26 16:05:10,,3,1,,1,,,,1
757078865290487,513410604126144,2019,54,39,2504,180,2,2,,1,,,,2020-06-26 16:05:10,,3,,,,,,,1
757078870290487,513410604126144,2019,54,39,2504,225,4,2,,3,0.2,1.0,,2020-06-26 16:05:10,,3,1,,1,,,,1
757078864290487,513410604126144,2019,54,39,2504,270,1,2,,1,,,,2020-06-26 16:05:10,,3,,,,,,,1
757078868290487,513410604126144,2019,54,39,2504,315,3,2,,2,0.0,0.3,,2020-06-26 16:05:10,,3,1,,1,,,,1
757078866290487,513410604126144,2019,54,39,2504,360,2,2,,1,,,,2020-06-26 16:05:10,,3,,,,,,,1
757074775290487,513410505126144,2019,54,41,2804,45,4,2,,1,,,,2020-06-26 16:05:10,,3,,,,,,,1
757074769290487,513410505126144,2019,54,41,2804,90,1,2,,1,,,,2020-06-26 16:05:10,,3,,,,,,,1
757074773290487,513410505126144,2019,54,41,2804,135,3,2,,1,,,,2020-06-26 16:05:10,,3,,,,,,,1
757074771290487,513410505126144,2019,54,41,2804,180,2,2,,1,,,,2020-06-26 16:05:10,,3,,,,,,,1
757074776290487,513410505126144,2019,54,41,2804,225,4,2,,1,,,,2020-06-26 16:05:10,,3,,,,,,,1
757074770290487,513410505126144,2019,54,41,2804,270,1,2,,1,,,,2020-06-26 16:05:10,,3,,,,,,,1
757074774290487,513410505126144,2019,54,41,2804,315,3,2,,1,,,,2020-06-26 16:05:10,,3,,,,,,,1
757074772290487,513410505126144,2019,54,41,2804,360,2,2,,1,,,,2020-06-26 16:05:10,,3,,,,,,,1
757071815290487,513410425126144,2019,54,41,3169,45,4,2,,3,0.0,1.0,,2020-06-26 16:05:09,,3,1,,1,,,,1
757071809290487,513410425126144,2019,54,41,3169,90,1,2,,2,0.0,1.7,,2020-06-26 16:05:09,,3,1,,1,,,,1
757071813290487,513410425126144,2019,54,41,3169,135,3,2,,2,0.1,0.8,,2020-06-26 16:05:09,,3,1,,1,,,,1
757071811290487,513410425126144,2019,54,41,3169,180,2,2,,2,0.0,0.5,,2020-06-26 16:05:09,,3,1,,1,,,,1
757071816290487,513410425126144,2019,54,41,3169,225,4,2,,3,0.8,1.0,,2020-06-26 16:05:09,,3,1,,1,,,,1
757071810290487,513410425126144,2019,54,41,3169,270,1,2,,1,,,,2020-06-26 16:05:09,,3,,,,,,,1
757071814290487,513410425126144,2019,54,41,3169,315,3,2,,2,0.0,1.3,,2020-06-26 16:05:09,,3,1,,1,,,,1
757071812290487,513410425126144,2019,54,41,3169,360,2,2,,2,0.0,0.5,,2020-06-26 16:05:09,,3,1,,1,,,,1
757080241290487,513410639126144,2019,54,43,794,45,4,2,,1,0.1,0.4,,2020-06-26 16:05:10,,3,1,,1,,,,1
757080235290487,513410639126144,2019,54,43,794,90,1,2,,1,0.1,0.4,,2020-06-26 16:05:10,,3,1,,1,,,,1
757080239290487,513410639126144,2019,54,43,794,135,3,2,,1,0.1,0.5,,2020-06-26 16:05:10,,3,1,,1,,,,1
757080237290487,513410639126144,2019,54,43,794,180,2,2,,1,0.1,0.5,,2020-06-26 16:05:10,,3,1,,1,,,,1
757080242290487,513410639126144,2019,54,43,794,225,4,2,,1,0.1,0.7,,2020-06-26 16:05:10,,3,1,,1,,,,1
757080236290487,513410639126144,2019,54,43,794,270,1,2,,1,0.1,0.2,,2020-06-26 16:05:10,,3,1,,1,,,,1
757080240290487,513410639126144,2019,54,43,794,315,3,2,,1,0.1,0.1,,2020-06-26 16:05:10,,3,1,,1,,,,1
757080238290487,513410639126144,2019,54,43,794,360,2,2,,1,0.1,0.3,,2020-06-26 16:05:10,,3,1,,1,,,,1
757080432290487,513410642126144,2019,54,43,2271,45,4,2,,3,0.1,0.4,,2020-06-26 16:05:10,,3,1,,1,,,,1
757080426290487,513410642126144,2019,54,43,2271,90,1,2,,1,0.1,0.2,,2020-06-26 16:05:10,,3,1,,1,,,,1
757080430290487,513410642126144,2019,54,43,2271,135,3,2,,1,0.1,0.6,,2020-06-26 16:05:10,,3,1,,1,,,,1
757080428290487,513410642126144,2019,54,43,2271,180,2,2,,2,,,,2020-06-26 16:05:10,,3,,,,,,,1
757080433290487,513410642126144,2019,54,43,2271,225,4,2,,3,0.1,0.2,,2020-06-26 16:05:10,,3,1,,1,,,,1
757080427290487,513410642126144,2019,54,43,2271,270,1,2,,1,0.1,0.2,,2020-06-26 16:05:10,,3,1,,1,,,,1
757080431290487,513410642126144,2019,54,43,2271,315,3,2,,1,0.1,0.6,,2020-06-26 16:05:10,,3,1,,1,,,,1
757080429290487,513410642126144,2019,54,43,2271,360,2,2,,2,,,,2020-06-26 16:05:10,,3,,,,,,,1
757084850290487,513410616126144,2019,54,45,263,45,4,2,2019,1,0.0,0.0,,2020-06-26 16:05:10,,3,2,,2,,,,1
757084844290487,513410616126144,2019,54,45,263,90,1,2,2019,1,0.0,0.0,,2020-06-26 16:05:10,,3,2,,2,,,,1
757084848290487,513410616126144,2019,54,45,263,135,3,2,2019,1,0.0,0.0,,2020-06-26 16:05:10,,3,2,,2,,,,1
757084847290487,513410616126144,2019,54,45,263,180,2,2,2019,1,0.0,0.0,,2020-06-26 16:05:10,,3,2,,2,,,,1
757084851290487,513410616126144,2019,54,45,263,225,4,2,2019,1,0.0,0.0,,2020-06-26 16:05:10,,3,2,,2,,,,1
757084845290487,513410616126144,2019,54,45,263,270,1,2,2019,1,0.0,0.0,,2020-06-26 16:05:10,,3,2,,2,,,,1
757084849290487,513410616126144,2019,54,45,263,315,3,2,2019,1,0.0,0.0,,2020-06-26 16:05:10,,3,2,,2,,,,1
757084846290487,513410616126144,2019,54,45,263,360,2,2,2019,1,0.0,0.0,,2020-06-26 16:05:10,,3,2,,2,,,,1
757079210290487,513410613126144,2019,54,45,284,45,4,2,,1,0.1,0.4,,2020-06-26 16:05:10,,3,1,,1,,,,1
757079204290487,513410613126144,2019,54,45,284,90,1,2,,1,0.1,0.4,,2020-06-26 16:05:10,,3,1,,1,,,,1
757079208290487,513410613126144,2019,54,45,284,135,3,2,,1,0.1,0.3,,2020-06-26 16:05:10,,3,1,,1,,,,1
757079206290487,513410613126144,2019,54,45,284,180,2,2,,1,0.1,0.3,,2020-06-26 16:05:10,,3,1,,1,,,,1
757079211290487,513410613126144,2019,54,45,284,225,4,2,,1,,,,2020-06-26 16:05:10,,3,,10,,10,,,0
757079205290487,513410613126144,2019,54,45,284,270,1,2,,1,0.1,0.3,,2020-06-26 16:05:10,,3,1,,1,,,,1
757079209290487,513410613126144,2019,54,45,284,315,3,2,,1,0.1,0.3,,2020-06-26 16:05:10,,3,1,,1,,,,1
757079207290487,513410613126144,2019,54,45,284,360,2,2,,1,0.1,0.4,,2020-06-26 16:05:10,,3,1,,1,,,,1
757077692290487,513410579126144,2019,54,47,1914,45,4,2,,2,0.2,0.9,,2020-06-26 16:05:10,,3,1,,1,,,,1
757077686290487,513410579126144,2019,54,47,1914,90,1,2,,1,,,,2020-06-26 16:05:10,,3,,,,,,,1
757077690290487,513410579126144,2019,54,47,1914,135,3,2,,2,0.2,2.8,,2020-06-26 16:05:10,,3,1,,1,,,,1
757077688290487,513410579126144,2019,54,47,1914,180,2,2,,1,,,,2020-06-26 16:05:10,,3,,,,,,,1
757077693290487,513410579126144,2019,54,47,1914,225,4,2,,2,0.1,0.4,,2020-06-26 16:05:10,,3,1,,1,,,,1
757077687290487,513410579126144,2019,54,47,1914,270,1,2,,1,,,,2020-06-26 16:05:10,,3,,,,,,,1
757077691290487,513410579126144,2019,54,47,1914,315,3,2,,2,0.1,1.2,,2020-06-26 16:05:10,,3,1,,1,,,,1
757077689290487,513410579126144,2019,54,47,1914,360,2,2,,1,,,,2020-06-26 16:05:10,,3,,,,,,,1
757073406290487,513410460126144,2019,54,49,1104,45,4,2,,1,,,,2020-06-26 16:05:09,,3,,,,,,,1
757073400290487,513410460126144,2019,54,49,1104,90,1,2,,1,,,,2020-06-26 16:05:09,,3,,,,,,,1
757073404290487,513410460126144,2019,54,49,1104,135,3,2,,2,0.1,0.1,,2020-06-26 16:05:09,,3,1,,1,,,,1
757073402290487,513410460126144,2019,54,49,1104,180,2,2,,1,,,,2020-06-26 16:05:09,,3,,,,,,,1
757073407290487,513410460126144,2019,54,49,1104,225,4,2,,1,,,,2020-06-26 16:05:09,,3,,,,,,,1
757073401290487,513410460126144,2019,54,49,1104,270,1,2,,1,,,,2020-06-26 16:05:09,,3,,,,,,,1
757073405290487,513410460126144,2019,54,49,1104,315,3,2,,2,0.1,1.5,,2020-06-26 16:05:09,,3,1,,1,,,,1
757073403290487,513410460126144,2019,54,49,1104,360,2,2,,1,,,,2020-06-26 16:05:09,,3,,,,,,,1
757076140290487,513410542126144,2019,54,51,785,45,4,2,,2,,,,2020-06-26 16:05:10,,3,,,,,,,1
757076134290487,513410542126144,2019,54,51,785,90,1,2,,1,0.1,1.0,,2020-06-26 16:05:10,,3,1,,1,,,,1
757076138290487,513410542126144,2019,54,51,785,135,3,2,,1,0.2,0.7,,2020-06-26 16:05:10,,3,1,,1,,,,1
757076136290487,513410542126144,2019,54,51,785,180,2,2,,1,0.3,0.8,,2020-06-26 16:05:10,,3,1,,1,,,,1
757076141290487,513410542126144,2019,54,51,785,225,4,2,,2,,,,2020-06-26 16:05:10,,3,,,,,,,1
757076135290487,513410542126144,2019,54,51,785,270,1,2,,1,0.2,1.1,,2020-06-26 16:05:10,,3,1,,1,,,,1
757076139290487,513410542126144,2019,54,51,785,315,3,2,,1,0.4,1.0,,2020-06-26 16:05:10,,3,1,,1,,,,1
757076137290487,513410542126144,2019,54,51,785,360,2,2,,1,0.3,0.9,,2020-06-26 16:05:10,,3,1,,1,,,,1
757080004290487,513410634126144,2019,54,53,1482,45,4,2,,1,0.1,0.9,,2020-06-26 16:05:10,,3,1,,1,,,,1
757079998290487,513410634126144,2019,54,53,1482,90,1,2,,1,0.1,0.7,,2020-06-26 16:05:10,,3,1,,1,,,,1
757080002290487,513410634126144,2019,54,53,1482,135,3,2,,1,0.1,0.6,,2020-06-26 16:05:10,,3,1,,1,,,,1
757080000290487,513410634126144,2019,54,53,1482,180,2,2,,1,0.1,0.9,,2020-06-26 16:05:10,,3,1,,1,,,,1
757080005290487,513410634126144,2019,54,53,1482,225,4,2,,1,0.1,0.4,,2020-06-26 16:05:10,,3,1,,1,,,,1
757079999290487,513410634126144,2019,54,53,1482,270,1,2,,1,0.1,0.3,,2020-06-26 16:05:10,,3,1,,1,,,,1
757080003290487,513410634126144,2019,54,53,1482,315,3,2,,1,0.1,0.3,,2020-06-26 16:05:10,,3,1,,1,,,,1
757080001290487,513410634126144,2019,54,53,1482,360,2,2,,1,0.1,0.4,,2020-06-26 16:05:10,,3,1,,1,,,,1
757073174290487,513410453126144,2019,54,55,657,45,4,2,,1,,,,2020-06-26 16:05:09,,3,,,,,,,1
757073168290487,513410453126144,2019,54,55,657,90,1,2,,1,,,,2020-06-26 16:05:09,,3,,,,,,,1
757073172290487,513410453126144,2019,54,55,657,135,3,2,,1,,,,2020-06-26 16:05:09,,3,,,,,,,1
757073170290487,513410453126144,2019,54,55,657,180,2,2,,1,,,,2020-06-26 16:05:09,,3,,,,,,,1
757073175290487,513410453126144,2019,54,55,657,225,4,2,,1,,,,2020-06-26 16:05:09,,3,,,,,,,1
757073169290487,513410453126144,2019,54,55,657,270,1,2,,1,,,,2020-06-26 16:05:09,,3,,,,,,,1
757073173290487,513410453126144,2019,54,55,657,315,3,2,,1,,,,2020-06-26 16:05:09,,3,,,,,,,1
757073171290487,513410453126144,2019,54,55,657,360,2,2,,1,,,,2020-06-26 16:05:09,,3,,,,,,,1
757072303290487,513410435126144,2019,54,67,2069,45,4,2,,1,,,,2020-06-26 16:05:09,,3,,,,,,,1
757072297290487,513410435126144,2019,54,67,2069,90,1,2,,1,,,,2020-06-26 16:05:09,,3,,,,,,,1
757072301290487,513410435126144,2019,54,67,2069,135,3,2,,1,,,,2020-06-26 16:05:09,,3,,,,,,,1
757072299290487,513410435126144,2019,54,67,2069,180,2,2,,1,,,,2020-06-26 16:05:09,,3,,,,,,,1
757072304290487,513410435126144,2019,54,67,2069,225,4,2,,1,,,,2020-06-26 16:05:09,,3,,,,,,,1
757072298290487,513410435126144,2019,54,67,2069,270,1,2,,1,,,,2020-06-26 16:05:09,,3,,,,,,,1
757072302290487,513410435126144,2019,54,67,2069,315,3,2,,1,,,,2020-06-26 16:05:09,,3,,,,,,,1
757072300290487,513410435126144,2019,54,67,2069,360,2,2,,1,,,,2020-06-26 16:05:09,,3,,,,,,,1
757073925290487,513410481126144,2019,54,67,2125,45,4,2,,1,,,,2020-06-26 16:05:09,,3,,,,,,,1
757073919290487,513410481126144,2019,54,67,2125,90,1,2,,1,,,,2020-06-26 16:05:09,,3,,,,,,,1
757073923290487,513410481126144,2019,54,67,2125,135,3,2,,1,,,,2020-06-26 16:05:09,,3,,,,,,,1
757073921290487,513410481126144,2019,54,67,2125,180,2,2,,1,,,,2020-06-26 16:05:09,,3,,,,,,,1
757073926290487,513410481126144,2019,54,67,2125,225,4,2,,1,,,,2020-06-26 16:05:09,,3,,,,,,,1
757073920290487,513410481126144,2019,54,67,2125,270,1,2,,1,,,,2020-06-26 16:05:09,,3,,,,,,,1
757073924290487,513410481126144,2019,54,67,2125,315,3,2,,1,,,,2020-06-26 16:05:09,,3,,,,,,,1
757073922290487,513410481126144,2019,54,67,2125,360,2,2,,1,,,,2020-06-26 16:05:09,,3,,,,,,,1
757068665290487,513410343126144,2019,54,71,480,45,4,2,,1,0.1,0.7,,2020-06-26 16:05:09,,3,1,,1,,,,1
757068659290487,513410343126144,2019,54,71,480,90,1,2,,1,0.1,0.4,,2020-06-26 16:05:09,,3,1,,1,,,,1
757068663290487,513410343126144,2019,54,71,480,135,3,2,,1,0.1,0.5,,2020-06-26 16:05:09,,3,1,,1,,,,1
757068661290487,513410343126144,2019,54,71,480,180,2,2,,1,0.1,0.4,,2020-06-26 16:05:09,,3,1,,1,,,,1
757068666290487,513410343126144,2019,54,71,480,225,4,2,,1,0.1,0.3,,2020-06-26 16:05:09,,3,1,,1,,,,1
757068660290487,513410343126144,2019,54,71,480,270,1,2,,1,0.1,0.6,,2020-06-26 16:05:09,,3,1,,1,,,,1
757068664290487,513410343126144,2019,54,71,480,315,3,2,,1,0.1,0.7,,2020-06-26 16:05:09,,3,1,,1,,,,1
757068662290487,513410343126144,2019,54,71,480,360,2,2,,1,0.1,0.4,,2020-06-26 16:05:09,,3,1,,1,,,,1
757068105290487,513410329126144,2019,54,71,525,45,4,2,,1,0.1,0.5,,2020-06-26 16:05:09,,3,1,,1,,,,1
757068099290487,513410329126144,2019,54,71,525,90,1,2,,1,0.1,0.5,,2020-06-26 16:05:09,,3,1,,1,,,,1
757068103290487,513410329126144,2019,54,71,525,135,3,2,,1,0.5,1.5,,2020-06-26 16:05:09,,3,1,,1,,,,1
757068101290487,513410329126144,2019,54,71,525,180,2,2,,1,1.1,1.0,,2020-06-26 16:05:09,,3,1,,1,,,,1
757068106290487,513410329126144,2019,54,71,525,225,4,2,,1,0.1,0.5,,2020-06-26 16:05:09,,3,1,,1,,,,1
757068100290487,513410329126144,2019,54,71,525,270,1,2,,1,0.1,0.5,,2020-06-26 16:05:09,,3,1,,1,,,,1
757068104290487,513410329126144,2019,54,71,525,315,3,2,,1,0.2,1.0,,2020-06-26 16:05:09,,3,1,,1,,,,1
757068102290487,513410329126144,2019,54,71,525,360,2,2,,1,1.0,2.7,,2020-06-26 16:05:09,,3,1,,1,,,,1
757074199290487,513410490126144,2019,54,81,474,45,4,2,,1,,,,2020-06-26 16:05:10,,3,,,,,,,1
757074193290487,513410490126144,2019,54,81,474,90,1,2,,1,,,,2020-06-26 16:05:10,,3,,,,,,,1
757074197290487,513410490126144,2019,54,81,474,135,3,2,,1,,,,2020-06-26 16:05:10,,3,,,,,,,1
757074195290487,513410490126144,2019,54,81,474,180,2,2,,1,,,,2020-06-26 16:05:10,,3,,,,,,,1
757074200290487,513410490126144,2019,54,81,474,225,4,2,,1,,,,2020-06-26 16:05:10,,3,,,,,,,1
757074194290487,513410490126144,2019,54,81,474,270,1,2,,1,,,,2020-06-26 16:05:10,,3,,,,,,,1
757074198290487,513410490126144,2019,54,81,474,315,3,2,,1,,,,2020-06-26 16:05:10,,3,,,,,,,1
757074196290487,513410490126144,2019,54,81,474,360,2,2,,1,,,,2020-06-26 16:05:10,,3,,,,,,,1
757069042290487,513410353126144,2019,54,83,119,45,4,2,,1,0.1,0.2,,2020-06-26 16:05:09,,3,1,,1,,,,1
757069036290487,513410353126144,2019,54,83,119,90,1,2,,1,2.5,1.0,,2020-06-26 16:05:09,,3,1,,1,,,,1
757069040290487,513410353126144,2019,54,83,119,135,3,2,,1,0.1,0.1,,2020-06-26 16:05:09,,3,1,,1,,,,1
757069038290487,513410353126144,2019,54,83,119,180,2,2,,1,0.5,1.2,,2020-06-26 16:05:09,,3,1,,1,,,,1
757069043290487,513410353126144,2019,54,83,119,225,4,2,,1,0.5,0.5,,2020-06-26 16:05:09,,3,1,,1,,,,1
757069037290487,513410353126144,2019,54,83,119,270,1,2,,1,0.5,0.2,,2020-06-26 16:05:09,,3,1,,1,,,,1
757069041290487,513410353126144,2019,54,83,119,315,3,2,,1,0.5,1.2,,2020-06-26 16:05:09,,3,1,,1,,,,1
757069039290487,513410353126144,2019,54,83,119,360,2,2,,1,0.2,0.2,,2020-06-26 16:05:09,,3,1,,1,,,,1
757078060290487,513410587126144,2019,54,85,240,45,4,2,,1,0.1,1.3,,2020-06-26 16:05:10,,3,1,,1,,,,1
757078054290487,513410587126144,2019,54,85,240,90,1,2,,1,0.1,0.2,,2020-06-26 16:05:10,,3,1,,1,,,,1
757078058290487,513410587126144,2019,54,85,240,135,3,2,,1,0.1,0.2,,2020-06-26 16:05:10,,3,1,,1,,,,1
757078056290487,513410587126144,2019,54,85,240,180,2,2,,1,0.1,0.4,,2020-06-26 16:05:10,,3,1,,1,,,,1
757078061290487,513410587126144,2019,54,85,240,225,4,2,,1,0.1,0.2,,2020-06-26 16:05:10,,3,1,,1,,,,1
757078055290487,513410587126144,2019,54,85,240,270,1,2,,1,0.1,0.3,,2020-06-26 16:05:10,,3,1,,1,,,,1
757078059290487,513410587126144,2019,54,85,240,315,3,2,,1,0.1,0.2,,2020-06-26 16:05:10,,3,1,,1,,,,1
757078057290487,513410587126144,2019,54,85,240,360,2,2,,1,0.1,0.2,,2020-06-26 16:05:10,,3,1,,1,,,,1
757076478290487,513410551126144,2019,54,85,1620,45,4,2,,1,,,,2020-06-26 16:05:10,,3,,,,,,,1
757076472290487,513410551126144,2019,54,85,1620,90,1,2,,1,,,,2020-06-26 16:05:10,,3,,,,,,,1
757076476290487,513410551126144,2019,54,85,1620,135,3,2,,1,,,,2020-06-26 16:05:10,,3,,,,,,,1
757076474290487,513410551126144,2019,54,85,1620,180,2,2,,1,,,,2020-06-26 16:05:10,,3,,,,,,,1
757076479290487,513410551126144,2019,54,85,1620,225,4,2,,1,,,,2020-06-26 16:05:10,,3,,,,,,,1
757076473290487,513410551126144,2019,54,85,1620,270,1,2,,1,,,,2020-06-26 16:05:10,,3,,,,,,,1
757076477290487,513410551126144,2019,54,85,1620,315,3,2,,1,,,,2020-06-26 16:05:10,,3,,,,,,,1
757076475290487,513410551126144,2019,54,85,1620,360,2,2,,1,,,,2020-06-26 16:05:10,,3,,,,,,,1
757078638290487,513410596126144,2019,54,87,275,45,4,2,,1,0.1,0.3,,2020-06-26 16:05:10,,3,1,,1,,,,1
757078632290487,513410596126144,2019,54,87,275,90,1,2,,1,0.1,0.1,,2020-06-26 16:05:10,,3,1,,1,,,,1
757078636290487,513410596126144,2019,54,87,275,135,3,2,,1,0.1,0.3,,2020-06-26 16:05:10,,3,1,,1,,,,1
757078634290487,513410596126144,2019,54,87,275,180,2,2,,1,0.1,0.2,,2020-06-26 16:05:10,,3,1,,1,,,,1
757078639290487,513410596126144,2019,54,87,275,225,4,2,,1,0.1,0.5,,2020-06-26 16:05:10,,3,1,,1,,,,1
757078633290487,513410596126144,2019,54,87,275,270,1,2,,1,0.1,0.3,,2020-06-26 16:05:10,,3,1,,1,,,,1
757078637290487,513410596126144,2019,54,87,275,315,3,2,,1,0.1,0.1,,2020-06-26 16:05:10,,3,1,,1,,,,1
757078635290487,513410596126144,2019,54,87,275,360,2,2,,1,0.1,0.3,,2020-06-26 16:05:10,,3,1,,1,,,,1
757076804290487,513410559126144,2019,54,87,744,45,4,2,,2,,,,2020-06-26 16:05:10,,3,,,,,,,1
757076798290487,513410559126144,2019,54,87,744,90,1,2,,1,0.1,0.4,,2020-06-26 16:05:10,,3,1,,1,,,,1
757076802290487,513410559126144,2019,54,87,744,135,3,2,,1,0.1,1.4,,2020-06-26 16:05:10,,3,1,,1,,,,1
757076800290487,513410559126144,2019,54,87,744,180,2,2,,2,,,,2020-06-26 16:05:10,,3,,,,,,,1
757076805290487,513410559126144,2019,54,87,744,225,4,2,,3,,,,2020-06-26 16:05:10,,3,,,,,,,1
757076799290487,513410559126144,2019,54,87,744,270,1,2,,1,0.1,0.6,,2020-06-26 16:05:10,,3,1,,1,,,,1
757076803290487,513410559126144,2019,54,87,744,315,3,2,,1,0.1,0.7,,2020-06-26 16:05:10,,3,1,,1,,,,1
757076801290487,513410559126144,2019,54,87,744,360,2,2,,4,0.1,0.4,,2020-06-26 16:05:10,,3,1,,1,,,,1
757073142290487,513410451126144,2019,54,89,2159,45,4,2,,2,,,,2020-06-26 16:05:09,,3,,,,,,,1
757073136290487,513410451126144,2019,54,89,2159,90,1,2,,1,0.1,2.5,,2020-06-26 16:05:09,,3,1,,1,,,,1
757073140290487,513410451126144,2019,54,89,2159,135,3,2,,1,1.5,1.0,,2020-06-26 16:05:09,,3,1,,1,,,,1
757073138290487,513410451126144,2019,54,89,2159,180,2,2,,3,,,,2020-06-26 16:05:09,,3,,,,,,,1
757073143290487,513410451126144,2019,54,89,2159,225,4,2,,2,,,,2020-06-26 16:05:09,,3,,,,,,,1
757073137290487,513410451126144,2019,54,89,2159,270,1,2,,1,4.0,0.5,,2020-06-26 16:05:09,,3,1,,1,,,,1
757073141290487,513410451126144,2019,54,89,2159,315,3,2,,1,1.8,1.2,,2020-06-26 16:05:09,,3,1,,1,,,,1
757073139290487,513410451126144,2019,54,89,2159,360,2,2,,3,,,,2020-06-26 16:05:09,,3,,,,,,,1
757072979290487,513410447126144,2019,54,89,2204,45,4,2,,1,0.2,0.7,,2020-06-26 16:05:09,,3,1,,1,,,,1
757072973290487,513410447126144,2019,54,89,2204,90,1,2,,1,0.3,1.8,,2020-06-26 16:05:09,,3,1,,1,,,,1
757072977290487,513410447126144,2019,54,89,2204,135,3,2,,1,0.4,1.0,,2020-06-26 16:05:09,,3,1,,1,,,,1
757072975290487,513410447126144,2019,54,89,2204,180,2,2,,1,0.4,0.9,,2020-06-26 16:05:09,,3,1,,1,,,,1
757072980290487,513410447126144,2019,54,89,2204,225,4,2,,1,0.8,1.0,,2020-06-26 16:05:09,,3,1,,1,,,,1
757072974290487,513410447126144,2019,54,89,2204,270,1,2,,1,0.3,0.8,,2020-06-26 16:05:09,,3,1,,1,,,,1
757072978290487,513410447126144,2019,54,89,2204,315,3,2,,1,2.0,1.7,,2020-06-26 16:05:09,,3,1,,1,,,,1
757072976290487,513410447126144,2019,54,89,2204,360,2,2,,1,2.3,1.5,,2020-06-26 16:05:09,,3,1,,1,,,,1
757071279290487,513410410126144,2019,54,91,1952,45,4,2,,1,,,,2020-06-26 16:05:09,,3,,,,,,,1
757071273290487,513410410126144,2019,54,91,1952,90,1,2,,1,,,,2020-06-26 16:05:09,,3,,,,,,,1
757071277290487,513410410126144,2019,54,91,1952,135,3,2,,1,,,,2020-06-26 16:05:09,,3,,,,,,,1
757071275290487,513410410126144,2019,54,91,1952,180,2,2,,1,,,,2020-06-26 16:05:09,,3,,,,,,,1
757071280290487,513410410126144,2019,54,91,1952,225,4,2,,1,,,,2020-06-26 16:05:09,,3,,,,,,,1
757071274290487,513410410126144,2019,54,91,1952,270,1,2,,1,,,,2020-06-26 16:05:09,,3,,,,,,,1
757071278290487,513410410126144,2019,54,91,1952,315,3,2,,1,,,,2020-06-26 16:05:09,,3,,,,,,,1
757071276290487,513410410126144,2019,54,91,1952,360,2,2,,1,,,,2020-06-26 16:05:09,,3,,,,,,,1
757068556290487,513410341126144,2019,54,93,218,45,4,2,,1,1.7,1.4,,2020-06-26 16:05:09,,3,1,,1,,,,1
757068550290487,513410341126144,2019,54,93,218,90,1,2,,1,2.2,1.8,,2020-06-26 16:05:09,,3,1,,1,,,,1
757068554290487,513410341126144,2019,54,93,218,135,3,2,,1,0.8,1.1,,2020-06-26 16:05:09,,3,1,,1,,,,1
757068552290487,513410341126144,2019,54,93,218,180,2,2,,1,1.5,1.7,,2020-06-26 16:05:09,,3,1,,1,,,,1
757068557290487,513410341126144,2019,54,93,218,225,4,2,,1,2.5,1.7,,2020-06-26 16:05:09,,3,1,,1,,,,1
757068551290487,513410341126144,2019,54,93,218,270,1,2,,1,1.9,1.8,,2020-06-26 16:05:09,,3,1,,1,,,,1
757068555290487,513410341126144,2019,54,93,218,315,3,2,,1,1.7,1.7,,2020-06-26 16:05:09,,3,1,,1,,,,1
757068553290487,513410341126144,2019,54,93,218,360,2,2,,1,3.5,2.7,,2020-06-26 16:05:09,,3,1,,1,,,,1
757084716290487,513410423126144,2019,54,97,1920,45,4,2,2019,1,0.0,0.0,,2020-06-26 16:05:09,,3,2,,2,,,,1
757084710290487,513410423126144,2019,54,97,1920,90,1,2,2019,1,0.0,0.0,,2020-06-26 16:05:09,,3,2,,2,,,,1
757084714290487,513410423126144,2019,54,97,1920,135,3,2,2019,1,0.0,0.0,,2020-06-26 16:05:09,,3,2,,2,,,,1
757084713290487,513410423126144,2019,54,97,1920,180,2,2,2019,1,0.0,0.0,,2020-06-26 16:05:09,,3,2,,2,,,,1
757084717290487,513410423126144,2019,54,97,1920,225,4,2,2019,1,0.0,0.0,,2020-06-26 16:05:09,,3,2,,2,,,,1
757084711290487,513410423126144,2019,54,97,1920,270,1,2,2019,1,0.0,0.0,,2020-06-26 16:05:09,,3,2,,2,,,,1
757084715290487,513410423126144,2019,54,97,1920,315,3,2,2019,1,0.0,0.0,,2020-06-26 16:05:09,,3,2,,2,,,,1
757084712290487,513410423126144,2019,54,97,1920,360,2,2,2019,1,0.0,0.0,,2020-06-26 16:05:09,,3,2,,2,,,,1
757071533290487,513410418126144,2019,54,97,2408,45,4,2,,1,,,,2020-06-26 16:05:09,,3,,,,,,,1
757071527290487,513410418126144,2019,54,97,2408,90,1,2,,1,,,,2020-06-26 16:05:09,,3,,,,,,,1
757071531290487,513410418126144,2019,54,97,2408,135,3,2,,2,0.2,1.2,,2020-06-26 16:05:09,,3,1,,1,,,,1
757071529290487,513410418126144,2019,54,97,2408,180,2,2,,1,,,,2020-06-26 16:05:09,,3,,,,,,,1
757071534290487,513410418126144,2019,54,97,2408,225,4,2,,2,1.5,0.1,,2020-06-26 16:05:09,,3,1,,1,,,,1
757071528290487,513410418126144,2019,54,97,2408,270,1,2,,1,,,,2020-06-26 16:05:09,,3,,,,,,,1
757071532290487,513410418126144,2019,54,97,2408,315,3,2,,2,0.2,0.2,,2020-06-26 16:05:09,,3,1,,1,,,,1
757071530290487,513410418126144,2019,54,97,2408,360,2,2,,1,,,,2020-06-26 16:05:09,,3,,,,,,,1
757081397290487,513410666126144,2019,54,99,1644,45,4,2,,2,0.1,0.5,,2020-06-26 16:05:10,,3,1,,1,,,,1
757081391290487,513410666126144,2019,54,99,1644,90,1,2,,1,,,,2020-06-26 16:05:10,,3,,,,,,,1
757081395290487,513410666126144,2019,54,99,1644,135,3,2,,1,,,,2020-06-26 16:05:10,,3,,,,,,,1
757081393290487,513410666126144,2019,54,99,1644,180,2,2,,1,,,,2020-06-26 16:05:10,,3,,,,,,,1
757081398290487,513410666126144,2019,54,99,1644,225,4,2,,2,0.1,0.3,,2020-06-26 16:05:10,,3,1,,1,,,,1
757081392290487,513410666126144,2019,54,99,1644,270,1,2,,1,,,,2020-06-26 16:05:10,,3,,,,,,,1
757081396290487,513410666126144,2019,54,99,1644,315,3,2,,1,,,,2020-06-26 16:05:10,,3,,,,,,,1
757081394290487,513410666126144,2019,54,99,1644,360,2,2,,1,,,,2020-06-26 16:05:10,,3,,,,,,,1
757072068290487,513410429126144,2019,54,101,696,45,4,2,,2,,,,2020-06-26 16:05:09,,3,,,,,,,1
757072062290487,513410429126144,2019,54,101,696,90,1,2,,1,0.1,0.1,,2020-06-26 16:05:09,,3,1,,1,,,,1
757072066290487,513410429126144,2019,54,101,696,135,3,2,,1,0.1,1.3,,2020-06-26 16:05:09,,3,1,,1,,,,1
757072064290487,513410429126144,2019,54,101,696,180,2,2,,1,0.1,0.7,,2020-06-26 16:05:09,,3,1,,1,,,,1
757072069290487,513410429126144,2019,54,101,696,225,4,2,,2,,,,2020-06-26 16:05:09,,3,,,,,,,1
757072063290487,513410429126144,2019,54,101,696,270,1,2,,1,0.1,0.1,,2020-06-26 16:05:09,,3,1,,1,,,,1
757072067290487,513410429126144,2019,54,101,696,315,3,2,,1,0.1,0.9,,2020-06-26 16:05:09,,3,1,,1,,,,1
757072065290487,513410429126144,2019,54,101,696,360,2,2,,1,0.1,0.4,,2020-06-26 16:05:09,,3,1,,1,,,,1
757076294290487,513410545126144,2019,54,103,1018,45,4,2,,2,,,,2020-06-26 16:05:10,,3,,,,,,,1
757076288290487,513410545126144,2019,54,103,1018,90,1,2,,1,0.1,0.2,,2020-06-26 16:05:10,,3,1,,1,,,,1
757076292290487,513410545126144,2019,54,103,1018,135,3,2,,1,0.1,0.2,,2020-06-26 16:05:10,,3,1,,1,,,,1
757076290290487,513410545126144,2019,54,103,1018,180,2,2,,1,0.1,0.3,,2020-06-26 16:05:10,,3,1,,1,,,,1
757076295290487,513410545126144,2019,54,103,1018,225,4,2,,2,,,,2020-06-26 16:05:10,,3,,,,,,,1
757076289290487,513410545126144,2019,54,103,1018,270,1,2,,1,0.1,0.2,,2020-06-26 16:05:10,,3,1,,1,,,,1
757076293290487,513410545126144,2019,54,103,1018,315,3,2,,1,0.1,0.6,,2020-06-26 16:05:10,,3,1,,1,,,,1
757076291290487,513410545126144,2019,54,103,1018,360,2,2,,2,,,,2020-06-26 16:05:10,,3,,,,,,,1
757078375290487,513410591126144,2019,54,107,934,45,4,2,,2,0.1,1.2,,2020-06-26 16:05:10,,3,1,,1,,,,1
757078369290487,513410591126144,2019,54,107,934,90,1,2,,1,0.1,0.7,,2020-06-26 16:05:10,,3,1,,1,,,,1
757078373290487,513410591126144,2019,54,107,934,135,3,2,,1,0.1,1.3,,2020-06-26 16:05:10,,3,1,,1,,,,1
757078371290487,513410591126144,2019,54,107,934,180,2,2,,1,0.1,1.5,,2020-06-26 16:05:10,,3,1,,1,,,,1
757078376290487,513410591126144,2019,54,107,934,225,4,2,,2,0.1,0.7,,2020-06-26 16:05:10,,3,1,,1,,,,1
757078370290487,513410591126144,2019,54,107,934,270,1,2,,2,0.1,0.4,,2020-06-26 16:05:10,,3,1,,1,,,,1
757078374290487,513410591126144,2019,54,107,934,315,3,2,,1,0.1,0.8,,2020-06-26 16:05:10,,3,1,,1,,,,1
757078372290487,513410591126144,2019,54,107,934,360,2,2,,1,0.1,1.3,,2020-06-26 16:05:10,,3,1,,1,,,,1
757077385290487,513410574126144,2019,54,109,250,45,4,2,,1,0.3,1.2,,2020-06-26 16:05:10,,3,1,,1,,,,1
757077379290487,513410574126144,2019,54,109,250,90,1,2,,1,0.3,0.6,,2020-06-26 16:05:10,,3,1,,1,,,,1
757077383290487,513410574126144,2019,54,109,250,135,3,2,,1,0.2,1.5,,2020-06-26 16:05:10,,3,1,,1,,,,1
757077381290487,513410574126144,2019,54,109,250,180,2,2,,1,0.1,0.7,,2020-06-26 16:05:10,,3,1,,1,,,,1
757077386290487,513410574126144,2019,54,109,250,225,4,2,,1,0.3,0.4,,2020-06-26 16:05:10,,3,1,,1,,,,1
757077380290487,513410574126144,2019,54,109,250,270,1,2,,1,0.6,0.8,,2020-06-26 16:05:10,,3,1,,1,,,,1
757077384290487,513410574126144,2019,54,109,250,315,3,2,,1,0.7,1.5,,2020-06-26 16:05:10,,3,1,,1,,,,1
757077382290487,513410574126144,2019,54,109,250,360,2,2,,1,0.2,0.7,,2020-06-26 16:05:10,,3,1,,1,,,,1
757075697290487,513410530126144,2019,54,109,1857,45,4,2,,1,,,,2020-06-26 16:05:10,,3,,,,,,,1
757075691290487,513410530126144,2019,54,109,1857,90,1,2,,1,,,,2020-06-26 16:05:10,,3,,,,,,,1
757075695290487,513410530126144,2019,54,109,1857,135,3,2,,1,,,,2020-06-26 16:05:10,,3,,,,,,,1
757075693290487,513410530126144,2019,54,109,1857,180,2,2,,1,,,,2020-06-26 16:05:10,,3,,,,,,,1
757075698290487,513410530126144,2019,54,109,1857,225,4,2,,1,,,,2020-06-26 16:05:10,,3,,,,,,,1
757075692290487,513410530126144,2019,54,109,1857,270,1,2,,1,,,,2020-06-26 16:05:10,,3,,,,,,,1
757075696290487,513410530126144,2019,54,109,1857,315,3,2,,1,,,,2020-06-26 16:05:10,,3,,,,,,,1
757075694290487,513410530126144,2019,54,109,1857,360,2,2,,1,,,,2020-06-26 16:05:10,,3,,,,,,,1
1227690774290487,618642718126144,2020,54,1,2226,45,4,2,,1,0.1,0.5,,2022-07-28 16:00:43,,3,1,,1,,,,1
1227690768290487,618642718126144,2020,54,1,2226,90,1,2,,1,0.1,0.1,,2022-07-28 16:00:43,,3,1,,1,,,,1
1227690772290487,618642718126144,2020,54,1,2226,135,3,2,,1,0.1,0.7,,2022-07-28 16:00:43,,3,1,,1,,,,1
1227690770290487,618642718126144,2020,54,1,2226,180,2,2,,1,0.5,0.5,,2022-07-28 16:00:43,,3,1,,1,,,,1
1227690775290487,618642718126144,2020,54,1,2226,225,4,2,,1,0.2,1.2,,2022-07-28 16:00:43,,3,1,,1,,,,1
1227690769290487,618642718126144,2020,54,1,2226,270,1,2,,1,0.1,0.7,,2022-07-28 16:00:43,,3,1,,1,,,,1
1227690773290487,618642718126144,2020,54,1,2226,315,3,2,,1,0.7,1.0,,2022-07-28 16:00:43,,3,1,,1,,,,1
1227690771290487,618642718126144,2020,54,1,2226,360,2,2,,1,0.5,0.6,,2022-07-28 16:00:43,,3,1,,1,,,,1
1227698274290487,618642911126144,2020,54,5,421,45,4,2,,1,,,,2022-07-28 16:00:44,,3,,,,,,,1
1227698268290487,618642911126144,2020,54,5,421,90,1,2,,1,,,,2022-07-28 16:00:44,,3,,,,,,,1
1227698272290487,618642911126144,2020,54,5,421,135,3,2,,1,,,,2022-07-28 16:00:44,,3,,,,,,,1
1227698270290487,618642911126144,2020,54,5,421,180,2,2,,1,,,,2022-07-28 16:00:44,,3,,,,,,,1
1227698275290487,618642911126144,2020,54,5,421,225,4,2,,1,,,,2022-07-28 16:00:44,,3,,,,,,,1
1227698269290487,618642911126144,2020,54,5,421,270,1,2,,1,,,,2022-07-28 16:00:44,,3,,,,,,,1
1227698273290487,618642911126144,2020,54,5,421,315,3,2,,1,,,,2022-07-28 16:00:44,,3,,,,,,,1
1227698271290487,618642911126144,2020,54,5,421,360,2,2,,1,,,,2022-07-28 16:00:44,,3,,,,,,,1
1227693947290487,618642808126144,2020,54,7,1131,45,4,2,,1,,,,2022-07-28 16:00:43,,3,,,,,,,1
1227693941290487,618642808126144,2020,54,7,1131,90,1,2,,1,,,,2022-07-28 16:00:43,,3,,,,,,,1
1227693945290487,618642808126144,2020,54,7,1131,135,3,2,,1,,,,2022-07-28 16:00:43,,3,,,,,,,1
1227693943290487,618642808126144,2020,54,7,1131,180,2,2,,1,,,,2022-07-28 16:00:43,,3,,,,,,,1
1227693948290487,618642808126144,2020,54,7,1131,225,4,2,,1,,,,2022-07-28 16:00:43,,3,,,,,,,1
1227693942290487,618642808126144,2020,54,7,1131,270,1,2,,1,,,,2022-07-28 16:00:43,,3,,,,,,,1
1227693946290487,618642808126144,2020,54,7,1131,315,3,2,,1,,,,2022-07-28 16:00:43,,3,,,,,,,1
1227693944290487,618642808126144,2020,54,7,1131,360,2,2,,1,,,,2022-07-28 16:00:43,,3,,,,,,,1
1227694066290487,618642810126144,2020,54,7,1147,45,4,2,,1,0.1,0.6,,2022-07-28 16:00:43,,3,1,,1,,,,1
1227694060290487,618642810126144,2020,54,7,1147,90,1,2,,2,,,,2022-07-28 16:00:43,,3,,,,,,,1
1227694064290487,618642810126144,2020,54,7,1147,135,3,2,,3,,,,2022-07-28 16:00:43,,3,,,,,,,1
1227694062290487,618642810126144,2020,54,7,1147,180,2,2,,1,0.1,0.7,,2022-07-28 16:00:43,,3,1,,1,,,,1
1227694067290487,618642810126144,2020,54,7,1147,225,4,2,,1,0.1,0.4,,2022-07-28 16:00:43,,3,1,,1,,,,1
1227694061290487,618642810126144,2020,54,7,1147,270,1,2,,1,0.1,0.4,,2022-07-28 16:00:43,,3,1,,1,,,,1
1227694065290487,618642810126144,2020,54,7,1147,315,3,2,,3,,,,2022-07-28 16:00:43,,3,,,,,,,1
1227694063290487,618642810126144,2020,54,7,1147,360,2,2,,1,0.1,0.2,,2022-07-28 16:00:43,,3,1,,1,,,,1
1227693770290487,618642804126144,2020,54,7,1587,45,4,2,,1,0.1,0.3,,2022-07-28 16:00:43,,3,1,,1,,,,1
1227693764290487,618642804126144,2020,54,7,1587,90,1,2,,1,0.1,0.3,,2022-07-28 16:00:43,,3,1,,1,,,,1
1227693768290487,618642804126144,2020,54,7,1587,135,3,2,,1,0.1,0.3,,2022-07-28 16:00:43,,3,1,,1,,,,1
1227693766290487,618642804126144,2020,54,7,1587,180,2,2,,1,0.1,0.3,,2022-07-28 16:00:43,,3,1,,1,,,,1
1227693771290487,618642804126144,2020,54,7,1587,225,4,2,,1,0.1,1.8,,2022-07-28 16:00:43,,3,1,,1,,,,1
1227693765290487,618642804126144,2020,54,7,1587,270,1,2,,1,0.1,0.3,,2022-07-28 16:00:43,,3,1,,1,,,,1
1227693769290487,618642804126144,2020,54,7,1587,315,3,2,,1,0.1,0.2,,2022-07-28 16:00:43,,3,1,,1,,,,1
1227693767290487,618642804126144,2020,54,7,1587,360,2,2,,1,0.1,0.2,,2022-07-28 16:00:43,,3,1,,1,,,,1
1227697547290487,618642896126144,2020,54,13,17,45,4,2,,1,0.1,0.3,,2022-07-28 16:00:44,,3,1,,1,,,,1
1227697541290487,618642896126144,2020,54,13,17,90,1,2,,1,0.1,0.4,,2022-07-28 16:00:44,,3,1,,1,,,,1
1227697545290487,618642896126144,2020,54,13,17,135,3,2,,3,,,,2022-07-28 16:00:44,,3,,,,,,,1
1227697543290487,618642896126144,2020,54,13,17,180,2,2,,1,0.1,0.2,,2022-07-28 16:00:44,,3,1,,1,,,,1
1227697548290487,618642896126144,2020,54,13,17,225,4,2,,1,0.1,0.4,,2022-07-28 16:00:44,,3,1,,1,,,,1
1227697542290487,618642896126144,2020,54,13,17,270,1,2,,1,0.1,0.3,,2022-07-28 16:00:44,,3,1,,1,,,,1
1227697546290487,618642896126144,2020,54,13,17,315,3,2,,3,,,,2022-07-28 16:00:44,,3,,,,,,,1
1227697544290487,618642896126144,2020,54,13,17,360,2,2,,2,,,,2022-07-28 16:00:44,,3,,,,,,,1
1227695799290487,618642853126144,2020,54,15,1484,45,4,2,,1,0.1,0.2,,2022-07-28 16:00:43,,3,1,,1,,,,1
1227695793290487,618642853126144,2020,54,15,1484,90,1,2,,1,0.1,0.7,,2022-07-28 16:00:43,,3,1,,1,,,,1
1227695797290487,618642853126144,2020,54,15,1484,135,3,2,,1,0.1,0.2,,2022-07-28 16:00:43,,3,1,,1,,,,1
1227695795290487,618642853126144,2020,54,15,1484,180,2,2,,1,0.1,0.8,,2022-07-28 16:00:43,,3,1,,1,,,,1
1227695800290487,618642853126144,2020,54,15,1484,225,4,2,,1,0.1,0.3,,2022-07-28 16:00:43,,3,1,,1,,,,1
1227695794290487,618642853126144,2020,54,15,1484,270,1,2,,1,0.1,0.5,,2022-07-28 16:00:43,,3,1,,1,,,,1
1227695798290487,618642853126144,2020,54,15,1484,315,3,2,,1,0.1,1.0,,2022-07-28 16:00:43,,3,1,,1,,,,1
1227695796290487,618642853126144,2020,54,15,1484,360,2,2,,1,0.1,0.2,,2022-07-28 16:00:43,,3,1,,1,,,,1
1227694645290487,618642824126144,2020,54,19,1116,45,4,2,,1,0.4,2.0,,2022-07-28 16:00:43,,3,1,,1,,,,1
1227694639290487,618642824126144,2020,54,19,1116,90,1,2,,1,1.0,2.0,,2022-07-28 16:00:43,,3,1,,1,,,,1
1227694643290487,618642824126144,2020,54,19,1116,135,3,2,,1,0.6,1.8,,2022-07-28 16:00:43,,3,1,,1,,,,1
1227694641290487,618642824126144,2020,54,19,1116,180,2,2,,1,0.5,0.9,,2022-07-28 16:00:43,,3,1,,1,,,,1
1227694646290487,618642824126144,2020,54,19,1116,225,4,2,,1,0.3,1.0,,2022-07-28 16:00:43,,3,1,,1,,,,1
1227694640290487,618642824126144,2020,54,19,1116,270,1,2,,1,0.5,1.7,,2022-07-28 16:00:43,,3,1,,1,,,,1
1227694644290487,618642824126144,2020,54,19,1116,315,3,2,,1,0.5,1.6,,2022-07-28 16:00:43,,3,1,,1,,,,1
1227694642290487,618642824126144,2020,54,19,1116,360,2,2,,1,0.5,1.5,,2022-07-28 16:00:43,,3,1,,1,,,,1
1227697285290487,618642892126144,2020,54,21,521,45,4,2,,1,,,,2022-07-28 16:00:44,,3,,,,,,,1
1227697279290487,618642892126144,2020,54,21,521,90,1,2,,1,,,,2022-07-28 16:00:44,,3,,,,,,,1
1227697283290487,618642892126144,2020,54,21,521,135,3,2,,1,,,,2022-07-28 16:00:44,,3,,,,,,,1
1227697281290487,618642892126144,2020,54,21,521,180,2,2,,1,,,,2022-07-28 16:00:44,,3,,,,,,,1
1227697286290487,618642892126144,2020,54,21,521,225,4,2,,1,,,,2022-07-28 16:00:44,,3,,,,,,,1
1227697280290487,618642892126144,2020,54,21,521,270,1,2,,1,,,,2022-07-28 16:00:44,,3,,,,,,,1
1227697284290487,618642892126144,2020,54,21,521,315,3,2,,1,,,,2022-07-28 16:00:44,,3,,,,,,,1
1227697282290487,618642892126144,2020,54,21,521,360,2,2,,1,,,,2022-07-28 16:00:44,,3,,,,,,,1
1227704476290487,618642843126144,2020,54,21,543,45,4,2,2020,1,0.0,0.0,,2022-07-28 16:00:43,,3,2,,2,,,,1
1227704470290487,618642843126144,2020,54,21,543,90,1,2,2020,1,0.0,0.0,,2022-07-28 16:00:43,,3,2,,2,,,,1
1227704474290487,618642843126144,2020,54,21,543,135,3,2,2020,1,0.0,0.0,,2022-07-28 16:00:43,,3,2,,2,,,,1
1227704473290487,618642843126144,2020,54,21,543,180,2,2,2020,1,0.0,0.0,,2022-07-28 16:00:43,,3,2,,2,,,,1
1227704477290487,618642843126144,2020,54,21,543,225,4,2,2020,1,0.0,0.0,,2022-07-28 16:00:43,,3,2,,2,,,,1
1227704471290487,618642843126144,2020,54,21,543,270,1,2,2020,1,0.0,0.0,,2022-07-28 16:00:43,,3,2,,2,,,,1
1227704475290487,618642843126144,2020,54,21,543,315,3,2,2020,1,0.0,0.0,,2022-07-28 16:00:43,,3,2,,2,,,,1
1227704472290487,618642843126144,2020,54,21,543,360,2,2,2020,1,0.0,0.0,,2022-07-28 16:00:43,,3,2,,2,,,,1
1227687979290487,618642661126144,2020,54,23,717,45,4,2,,1,,,,2022-07-28 16:00:43,,3,,,,,,,1
1227687973290487,618642661126144,2020,54,23,717,90,1,2,,1,,,,2022-07-28 16:00:43,,3,,,,,,,1
1227687977290487,618642661126144,2020,54,23,717,135,3,2,,1,,,,2022-07-28 16:00:43,,3,,,,,,,1
1227687975290487,618642661126144,2020,54,23,717,180,2,2,,1,,,,2022-07-28 16:00:43,,3,,,,,,,1
1227687980290487,618642661126144,2020,54,23,717,225,4,2,,1,,,,2022-07-28 16:00:43,,3,,,,,,,1
1227687974290487,618642661126144,2020,54,23,717,270,1,2,,1,,,,2022-07-28 16:00:43,,3,,,,,,,1
1227687978290487,618642661126144,2020,54,23,717,315,3,2,,1,,,,2022-07-28 16:00:43,,3,,,,,,,1
1227687976290487,618642661126144,2020,54,23,717,360,2,2,,1,,,,2022-07-28 16:00:43,,3,,,,,,,1
1227691323290487,618642733126144,2020,54,25,286,45,4,2,,1,,,,2022-07-28 16:00:43,,3,,,,,,,1
1227691317290487,618642733126144,2020,54,25,286,90,1,2,,1,,,,2022-07-28 16:00:43,,3,,,,,,,1
1227691321290487,618642733126144,2020,54,25,286,135,3,2,,1,,,,2022-07-28 16:00:43,,3,,,,,,,1
1227691319290487,618642733126144,2020,54,25,286,180,2,2,,1,,,,2022-07-28 16:00:43,,3,,,,,,,1
1227691324290487,618642733126144,2020,54,25,286,225,4,2,,1,,,,2022-07-28 16:00:43,,3,,,,,,,1
1227691318290487,618642733126144,2020,54,25,286,270,1,2,,1,,,,2022-07-28 16:00:43,,3,,,,,,,1
1227691322290487,618642733126144,2020,54,25,286,315,3,2,,1,,,,2022-07-28 16:00:43,,3,,,,,,,1
1227691320290487,618642733126144,2020,54,25,286,360,2,2,,1,,,,2022-07-28 16:00:43,,3,,,,,,,1
1227687171290487,618642638126144,2020,54,27,188,45,4,2,,1,,,,2022-07-28 16:00:43,,3,,,,,,,1
1227687165290487,618642638126144,2020,54,27,188,90,1,2,,1,,,,2022-07-28 16:00:43,,3,,,,,,,1
1227687169290487,618642638126144,2020,54,27,188,135,3,2,,1,,,,2022-07-28 16:00:43,,3,,,,,,,1
1227687167290487,618642638126144,2020,54,27,188,180,2,2,,1,,,,2022-07-28 16:00:43,,3,,,,,,,1
1227687172290487,618642638126144,2020,54,27,188,225,4,2,,1,,,,2022-07-28 16:00:43,,3,,,,,,,1
1227687166290487,618642638126144,2020,54,27,188,270,1,2,,1,,,,2022-07-28 16:00:43,,3,,,,,,,1
1227687170290487,618642638126144,2020,54,27,188,315,3,2,,1,,,,2022-07-28 16:00:43,,3,,,,,,,1
1227687168290487,618642638126144,2020,54,27,188,360,2,2,,1,,,,2022-07-28 16:00:43,,3,,,,,,,1
1227687833290487,618642655126144,2020,54,27,1658,45,4,2,,1,,,,2022-07-28 16:00:43,,3,,,,,,,1
1227687827290487,618642655126144,2020,54,27,1658,90,1,2,,1,,,,2022-07-28 16:00:43,,3,,,,,,,1
1227687831290487,618642655126144,2020,54,27,1658,135,3,2,,1,,,,2022-07-28 16:00:43,,3,,,,,,,1
1227687829290487,618642655126144,2020,54,27,1658,180,2,2,,1,,,,2022-07-28 16:00:43,,3,,,,,,,1
1227687834290487,618642655126144,2020,54,27,1658,225,4,2,,1,,,,2022-07-28 16:00:43,,3,,,,,,,1
1227687828290487,618642655126144,2020,54,27,1658,270,1,2,,1,,,,2022-07-28 16:00:43,,3,,,,,,,1
1227687832290487,618642655126144,2020,54,27,1658,315,3,2,,1,,,,2022-07-28 16:00:43,,3,,,,,,,1
1227687830290487,618642655126144,2020,54,27,1658,360,2,2,,1,,,,2022-07-28 16:00:43,,3,,,,,,,1
1227687536290487,618642647126144,2020,54,31,608,45,4,2,,1,0.1,0.3,,2022-07-28 16:00:43,,3,1,,1,,,,1
1227687530290487,618642647126144,2020,54,31,608,90,1,2,,1,0.1,0.3,,2022-07-28 16:00:43,,3,1,,1,,,,1
1227687534290487,618642647126144,2020,54,31,608,135,3,2,,1,0.1,1.4,,2022-07-28 16:00:43,,3,1,,1,,,,1
1227687532290487,618642647126144,2020,54,31,608,180,2,2,,1,0.1,0.3,,2022-07-28 16:00:43,,3,1,,1,,,,1
1227687537290487,618642647126144,2020,54,31,608,225,4,2,,1,0.1,0.5,,2022-07-28 16:00:43,,3,1,,1,,,,1
1227687531290487,618642647126144,2020,54,31,608,270,1,2,,1,0.1,0.3,,2022-07-28 16:00:43,,3,1,,1,,,,1
1227687535290487,618642647126144,2020,54,31,608,315,3,2,,1,0.1,0.7,,2022-07-28 16:00:43,,3,1,,1,,,,1
1227687533290487,618642647126144,2020,54,31,608,360,2,2,,1,0.1,1.5,,2022-07-28 16:00:43,,3,1,,1,,,,1
1227693496290487,618642796126144,2020,54,33,1497,45,4,2,,1,0.9,1.0,,2022-07-28 16:00:43,,3,1,,1,,,,1
1227693490290487,618642796126144,2020,54,33,1497,90,1,2,,1,0.0,0.3,,2022-07-28 16:00:43,,3,1,,1,,,,1
1227693494290487,618642796126144,2020,54,33,1497,135,3,2,,3,,,,2022-07-28 16:00:43,,3,,,,,,,1
1227693492290487,618642796126144,2020,54,33,1497,180,2,2,,1,0.1,1.0,,2022-07-28 16:00:43,,3,1,,1,,,,1
1227693497290487,618642796126144,2020,54,33,1497,225,4,2,,1,0.1,1.0,,2022-07-28 16:00:43,,3,1,,1,,,,1
1227693491290487,618642796126144,2020,54,33,1497,270,1,2,,1,0.0,0.2,,2022-07-28 16:00:43,,3,1,,1,,,,1
1227693495290487,618642796126144,2020,54,33,1497,315,3,2,,3,,,,2022-07-28 16:00:43,,3,,,,,,,1
1227693493290487,618642796126144,2020,54,33,1497,360,2,2,,1,0.1,0.2,,2022-07-28 16:00:43,,3,1,,1,,,,1
1227699933290487,618642955126144,2020,54,35,893,45,4,2,,1,,,,2022-07-28 16:00:44,,3,,,,,,,1
1227699927290487,618642955126144,2020,54,35,893,90,1,2,,1,,,,2022-07-28 16:00:44,,3,,,,,,,1
1227699931290487,618642955126144,2020,54,35,893,135,3,2,,1,,,,2022-07-28 16:00:44,,3,,,,,,,1
1227699929290487,618642955126144,2020,54,35,893,180,2,2,,1,,,,2022-07-28 16:00:44,,3,,,,,,,1
1227699934290487,618642955126144,2020,54,35,893,225,4,2,,1,,,,2022-07-28 16:00:44,,3,,,,,,,1
1227699928290487,618642955126144,2020,54,35,893,270,1,2,,1,,,,2022-07-28 16:00:44,,3,,,,,,,1
1227699932290487,618642955126144,2020,54,35,893,315,3,2,,1,,,,2022-07-28 16:00:44,,3,,,,,,,1
1227699930290487,618642955126144,2020,54,35,893,360,2,2,,1,,,,2022-07-28 16:00:44,,3,,,,,,,1
1227686998290487,618642632126144,2020,54,37,222,45,4,2,,1,,,,2022-07-28 16:00:43,,3,,,,,,,1
1227686992290487,618642632126144,2020,54,37,222,90,1,2,,1,,,,2022-07-28 16:00:43,,3,,,,,,,1
1227686996290487,618642632126144,2020,54,37,222,135,3,2,,1,,,,2022-07-28 16:00:43,,3,,,,,,,1
1227686994290487,618642632126144,2020,54,37,222,180,2,2,,1,,,,2022-07-28 16:00:43,,3,,,,,,,1
1227686999290487,618642632126144,2020,54,37,222,225,4,2,,1,,,,2022-07-28 16:00:43,,3,,,,,,,1
1227686993290487,618642632126144,2020,54,37,222,270,1,2,,1,,,,2022-07-28 16:00:43,,3,,,,,,,1
1227686997290487,618642632126144,2020,54,37,222,315,3,2,,1,,,,2022-07-28 16:00:43,,3,,,,,,,1
1227686995290487,618642632126144,2020,54,37,222,360,2,2,,1,,,,2022-07-28 16:00:43,,3,,,,,,,1
1227704344290487,618642629126144,2020,54,37,259,45,4,2,2020,1,0.0,0.0,,2022-07-28 16:00:43,,3,2,,2,,,,1
1227704338290487,618642629126144,2020,54,37,259,90,1,2,2020,1,0.0,0.0,,2022-07-28 16:00:43,,3,2,,2,,,,1
1227704342290487,618642629126144,2020,54,37,259,135,3,2,2020,1,0.0,0.0,,2022-07-28 16:00:43,,3,2,,2,,,,1
1227704341290487,618642629126144,2020,54,37,259,180,2,2,2020,1,0.0,0.0,,2022-07-28 16:00:43,,3,2,,2,,,,1
1227704345290487,618642629126144,2020,54,37,259,225,4,2,2020,1,0.0,0.0,,2022-07-28 16:00:43,,3,2,,2,,,,1
1227704339290487,618642629126144,2020,54,37,259,270,1,2,2020,1,0.0,0.0,,2022-07-28 16:00:43,,3,2,,2,,,,1
1227704343290487,618642629126144,2020,54,37,259,315,3,2,2020,1,0.0,0.0,,2022-07-28 16:00:43,,3,2,,2,,,,1
1227704340290487,618642629126144,2020,54,37,259,360,2,2,2020,1,0.0,0.0,,2022-07-28 16:00:43,,3,2,,2,,,,1
1227698123290487,618642908126144,2020,54,39,692,45,4,2,,1,,,,2022-07-28 16:00:44,,3,,,,,,,1
1227698117290487,618642908126144,2020,54,39,692,90,1,2,,1,,,,2022-07-28 16:00:44,,3,,,,,,,1
1227698121290487,618642908126144,2020,54,39,692,135,3,2,,1,,,,2022-07-28 16:00:44,,3,,,,,,,1
1227698119290487,618642908126144,2020,54,39,692,180,2,2,,1,,,,2022-07-28 16:00:44,,3,,,,,,,1
1227698124290487,618642908126144,2020,54,39,692,225,4,2,,1,,,,2022-07-28 16:00:44,,3,,,,,,,1
1227698118290487,618642908126144,2020,54,39,692,270,1,2,,1,,,,2022-07-28 16:00:44,,3,,,,,,,1
1227698122290487,618642908126144,2020,54,39,692,315,3,2,,1,,,,2022-07-28 16:00:44,,3,,,,,,,1
1227698120290487,618642908126144,2020,54,39,692,360,2,2,,1,,,,2022-07-28 16:00:44,,3,,,,,,,1
1227699304290487,618642936126144,2020,54,39,1428,45,4,2,,1,,,,2022-07-28 16:00:44,,3,,,,,,,1
1227699298290487,618642936126144,2020,54,39,1428,90,1,2,,1,,,,2022-07-28 16:00:44,,3,,,,,,,1
1227699302290487,618642936126144,2020,54,39,1428,135,3,2,,2,,,,2022-07-28 16:00:44,,3,,,,,,,1
1227699300290487,618642936126144,2020,54,39,1428,180,2,2,,1,,,,2022-07-28 16:00:44,,3,,,,,,,1
1227699305290487,618642936126144,2020,54,39,1428,225,4,2,,3,0.1,0.1,,2022-07-28 16:00:44,,3,1,,1,,,,1
1227699299290487,618642936126144,2020,54,39,1428,270,1,2,,1,,,,2022-07-28 16:00:44,,3,,,,,,,1
1227699303290487,618642936126144,2020,54,39,1428,315,3,2,,2,,,,2022-07-28 16:00:44,,3,,,,,,,1
1227699301290487,618642936126144,2020,54,39,1428,360,2,2,,1,,,,2022-07-28 16:00:44,,3,,,,,,,1
1227697970290487,618642904126144,2020,54,39,1505,45,4,2,,1,,,,2022-07-28 16:00:44,,3,,,,,,,1
1227697964290487,618642904126144,2020,54,39,1505,90,1,2,,1,,,,2022-07-28 16:00:44,,3,,,,,,,1
1227697968290487,618642904126144,2020,54,39,1505,135,3,2,,1,,,,2022-07-28 16:00:44,,3,,,,,,,1
1227697966290487,618642904126144,2020,54,39,1505,180,2,2,,1,,,,2022-07-28 16:00:44,,3,,,,,,,1
1227697971290487,618642904126144,2020,54,39,1505,225,4,2,,1,,,,2022-07-28 16:00:44,,3,,,,,,,1
1227697965290487,618642904126144,2020,54,39,1505,270,1,2,,1,,,,2022-07-28 16:00:44,,3,,,,,,,1
1227697969290487,618642904126144,2020,54,39,1505,315,3,2,,1,,,,2022-07-28 16:00:44,,3,,,,,,,1
1227697967290487,618642904126144,2020,54,39,1505,360,2,2,,1,,,,2022-07-28 16:00:44,,3,,,,,,,1
1227697797290487,618642900126144,2020,54,39,1660,45,4,2,,1,0.1,0.6,,2022-07-28 16:00:44,,3,1,,1,,,,1
1227697791290487,618642900126144,2020,54,39,1660,90,1,2,,1,0.1,0.6,,2022-07-28 16:00:44,,3,1,,1,,,,1
1227697795290487,618642900126144,2020,54,39,1660,135,3,2,,1,0.1,0.5,,2022-07-28 16:00:44,,3,1,,1,,,,1
1227697793290487,618642900126144,2020,54,39,1660,180,2,2,,1,0.1,0.6,,2022-07-28 16:00:44,,3,1,,1,,,,1
1227697798290487,618642900126144,2020,54,39,1660,225,4,2,,1,0.1,0.7,,2022-07-28 16:00:44,,3,1,,1,,,,1
1227697792290487,618642900126144,2020,54,39,1660,270,1,2,,1,0.1,0.3,,2022-07-28 16:00:44,,3,1,,1,,,,1
1227697796290487,618642900126144,2020,54,39,1660,315,3,2,,1,0.1,0.5,,2022-07-28 16:00:44,,3,1,,1,,,,1
1227697794290487,618642900126144,2020,54,39,1660,360,2,2,,1,0.1,1.2,,2022-07-28 16:00:44,,3,1,,1,,,,1
1227693571290487,618642800126144,2020,54,41,1449,45,4,2,,1,,,,2022-07-28 16:00:43,,3,,,,,,,1
1227693565290487,618642800126144,2020,54,41,1449,90,1,2,,1,,,,2022-07-28 16:00:43,,3,,,,,,,1
1227693569290487,618642800126144,2020,54,41,1449,135,3,2,,1,,,,2022-07-28 16:00:43,,3,,,,,,,1
1227693567290487,618642800126144,2020,54,41,1449,180,2,2,,1,,,,2022-07-28 16:00:43,,3,,,,,,,1
1227693572290487,618642800126144,2020,54,41,1449,225,4,2,,1,,,,2022-07-28 16:00:43,,3,,,,,,,1
1227693566290487,618642800126144,2020,54,41,1449,270,1,2,,1,,,,2022-07-28 16:00:43,,3,,,,,,,1
1227693570290487,618642800126144,2020,54,41,1449,315,3,2,,1,,,,2022-07-28 16:00:43,,3,,,,,,,1
1227693568290487,618642800126144,2020,54,41,1449,360,2,2,,1,,,,2022-07-28 16:00:43,,3,,,,,,,1
1227695101290487,618642831126144,2020,54,47,1518,45,4,2,,3,,,,2022-07-28 16:00:43,,3,,,,,,,1
1227695095290487,618642831126144,2020,54,47,1518,90,1,2,,1,0.1,0.6,,2022-07-28 16:00:43,,3,1,,1,,,,1
1227695099290487,618642831126144,2020,54,47,1518,135,3,2,,1,0.1,0.8,,2022-07-28 16:00:43,,3,1,,1,,,,1
1227695097290487,618642831126144,2020,54,47,1518,180,2,2,,1,0.1,0.3,,2022-07-28 16:00:43,,3,1,,1,,,,1
1227695102290487,618642831126144,2020,54,47,1518,225,4,2,,2,0.1,0.7,,2022-07-28 16:00:43,,3,1,,1,,,,1
1227695096290487,618642831126144,2020,54,47,1518,270,1,2,,1,0.1,1.6,,2022-07-28 16:00:43,,3,1,,1,,,,1
1227695100290487,618642831126144,2020,54,47,1518,315,3,2,,1,0.1,0.6,,2022-07-28 16:00:43,,3,1,,1,,,,1
1227695098290487,618642831126144,2020,54,47,1518,360,2,2,,1,0.1,0.4,,2022-07-28 16:00:43,,3,1,,1,,,,1
1227696547290487,618642873126144,2020,54,51,1867,45,4,2,,2,0.1,0.3,,2022-07-28 16:00:44,,3,1,,1,,,,1
1227696541290487,618642873126144,2020,54,51,1867,90,1,2,,1,,,,2022-07-28 16:00:44,,3,,,,,,,1
1227696545290487,618642873126144,2020,54,51,1867,135,3,2,,3,,,,2022-07-28 16:00:44,,3,,,,,,,1
1227696543290487,618642873126144,2020,54,51,1867,180,2,2,,3,,,,2022-07-28 16:00:44,,3,,,,,,,1
1227696548290487,618642873126144,2020,54,51,1867,225,4,2,,1,,,,2022-07-28 16:00:44,,3,,,,,,,1
1227696542290487,618642873126144,2020,54,51,1867,270,1,2,,2,0.1,0.4,,2022-07-28 16:00:44,,3,1,,1,,,,1
1227696546290487,618642873126144,2020,54,51,1867,315,3,2,,3,,,,2022-07-28 16:00:44,,3,,,,,,,1
1227696544290487,618642873126144,2020,54,51,1867,360,2,2,,3,,,,2022-07-28 16:00:44,,3,,,,,,,1
1227691639290487,618642743126144,2020,54,61,1158,45,4,2,,1,,,,2022-07-28 16:00:43,,3,,,,,,,1
1227691633290487,618642743126144,2020,54,61,1158,90,1,2,,1,,,,2022-07-28 16:00:43,,3,,,,,,,1
1227691637290487,618642743126144,2020,54,61,1158,135,3,2,,1,,,,2022-07-28 16:00:43,,3,,,,,,,1
1227691635290487,618642743126144,2020,54,61,1158,180,2,2,,1,,,,2022-07-28 16:00:43,,3,,,,,,,1
1227691640290487,618642743126144,2020,54,61,1158,225,4,2,,1,,,,2022-07-28 16:00:43,,3,,,,,,,1
1227691634290487,618642743126144,2020,54,61,1158,270,1,2,,1,,,,2022-07-28 16:00:43,,3,,,,,,,1
1227691638290487,618642743126144,2020,54,61,1158,315,3,2,,1,,,,2022-07-28 16:00:43,,3,,,,,,,1
1227691636290487,618642743126144,2020,54,61,1158,360,2,2,,1,,,,2022-07-28 16:00:43,,3,,,,,,,1
1227694331290487,618642815126144,2020,54,67,991,45,4,2,,1,,,,2022-07-28 16:00:43,,3,,,,,,,1
1227694325290487,618642815126144,2020,54,67,991,90,1,2,,1,,,,2022-07-28 16:00:43,,3,,,,,,,1
1227694329290487,618642815126144,2020,54,67,991,135,3,2,,1,,,,2022-07-28 16:00:43,,3,,,,,,,1
1227694327290487,618642815126144,2020,54,67,991,180,2,2,,1,,,,2022-07-28 16:00:43,,3,,,,,,,1
1227694332290487,618642815126144,2020,54,67,991,225,4,2,,1,,,,2022-07-28 16:00:43,,3,,,,,,,1
1227694326290487,618642815126144,2020,54,67,991,270,1,2,,1,,,,2022-07-28 16:00:43,,3,,,,,,,1
1227694330290487,618642815126144,2020,54,67,991,315,3,2,,1,,,,2022-07-28 16:00:43,,3,,,,,,,1
1227694328290487,618642815126144,2020,54,67,991,360,2,2,,1,,,,2022-07-28 16:00:43,,3,,,,,,,1
1227692818290487,618642771126144,2020,54,67,1365,45,4,2,,1,0.1,0.3,,2022-07-28 16:00:43,,3,1,,1,,,,1
1227692812290487,618642771126144,2020,54,67,1365,90,1,2,,1,0.1,0.5,,2022-07-28 16:00:43,,3,1,,1,,,,1
1227692816290487,618642771126144,2020,54,67,1365,135,3,2,,1,0.1,0.3,,2022-07-28 16:00:43,,3,1,,1,,,,1
1227692814290487,618642771126144,2020,54,67,1365,180,2,2,,1,0.1,0.3,,2022-07-28 16:00:43,,3,1,,1,,,,1
1227692819290487,618642771126144,2020,54,67,1365,225,4,2,,1,0.1,0.5,,2022-07-28 16:00:43,,3,1,,1,,,,1
1227692813290487,618642771126144,2020,54,67,1365,270,1,2,,1,0.1,0.3,,2022-07-28 16:00:43,,3,1,,1,,,,1
1227692817290487,618642771126144,2020,54,67,1365,315,3,2,,1,0.1,0.3,,2022-07-28 16:00:43,,3,1,,1,,,,1
1227692815290487,618642771126144,2020,54,67,1365,360,2,2,,1,0.1,0.3,,2022-07-28 16:00:43,,3,1,,1,,,,1
1227696486290487,618642871126144,2020,54,69,354,45,4,2,,2,,,,2022-07-28 16:00:44,,3,,,,,,,1
1227696487290487,618642871126144,2020,54,69,354,225,4,2,,2,,,,2022-07-28 16:00:44,,3,,,,,,,1
1227688247290487,618642666126144,2020,54,71,1630,45,4,2,,1,0.1,0.8,,2022-07-28 16:00:43,,3,1,,1,,,,1
1227688241290487,618642666126144,2020,54,71,1630,90,1,2,,1,0.1,0.9,,2022-07-28 16:00:43,,3,1,,1,,,,1
1227688245290487,618642666126144,2020,54,71,1630,135,3,2,,1,0.1,1.3,,2022-07-28 16:00:43,,3,1,,1,,,,1
1227688243290487,618642666126144,2020,54,71,1630,180,2,2,,2,0.1,0.4,,2022-07-28 16:00:43,,3,1,,1,,,,1
1227688248290487,618642666126144,2020,54,71,1630,225,4,2,,1,0.1,0.2,,2022-07-28 16:00:43,,3,1,,1,,,,1
1227688242290487,618642666126144,2020,54,71,1630,270,1,2,,1,0.1,0.2,,2022-07-28 16:00:43,,3,1,,1,,,,1
1227688246290487,618642666126144,2020,54,71,1630,315,3,2,,1,0.1,0.7,,2022-07-28 16:00:43,,3,1,,1,,,,1
1227688244290487,618642666126144,2020,54,71,1630,360,2,2,,2,0.1,0.3,,2022-07-28 16:00:43,,3,1,,1,,,,1
1227688403290487,618642668126144,2020,54,71,2190,45,4,2,,2,0.1,0.4,,2022-07-28 16:00:43,,3,1,,1,,,,1
1227688397290487,618642668126144,2020,54,71,2190,90,1,2,,1,0.1,0.3,,2022-07-28 16:00:43,,3,1,,1,,,,1
1227688401290487,618642668126144,2020,54,71,2190,135,3,2,,1,0.1,0.3,,2022-07-28 16:00:43,,3,1,,1,,,,1
1227688399290487,618642668126144,2020,54,71,2190,180,2,2,,1,0.1,0.9,,2022-07-28 16:00:43,,3,1,,1,,,,1
1227688404290487,618642668126144,2020,54,71,2190,225,4,2,,2,0.1,0.3,,2022-07-28 16:00:43,,3,1,,1,,,,1
1227688398290487,618642668126144,2020,54,71,2190,270,1,2,,2,0.1,0.2,,2022-07-28 16:00:43,,3,1,,1,,,,1
1227688402290487,618642668126144,2020,54,71,2190,315,3,2,,1,0.1,0.2,,2022-07-28 16:00:43,,3,1,,1,,,,1
1227688400290487,618642668126144,2020,54,71,2190,360,2,2,,1,0.1,0.2,,2022-07-28 16:00:43,,3,1,,1,,,,1
1227688110290487,618642664126144,2020,54,71,2821,45,4,2,,1,0.2,0.7,,2022-07-28 16:00:43,,3,1,,1,,,,1
1227688104290487,618642664126144,2020,54,71,2821,90,1,2,,1,0.1,0.2,,2022-07-28 16:00:43,,3,1,,1,,,,1
1227688108290487,618642664126144,2020,54,71,2821,135,3,2,,1,0.3,1.0,,2022-07-28 16:00:43,,3,1,,1,,,,1
1227688106290487,618642664126144,2020,54,71,2821,180,2,2,,1,0.2,0.9,,2022-07-28 16:00:43,,3,1,,1,,,,1
1227688111290487,618642664126144,2020,54,71,2821,225,4,2,,1,0.2,0.9,,2022-07-28 16:00:43,,3,1,,1,,,,1
1227688105290487,618642664126144,2020,54,71,2821,270,1,2,,1,0.1,0.2,,2022-07-28 16:00:43,,3,1,,1,,,,1
1227688109290487,618642664126144,2020,54,71,2821,315,3,2,,1,0.2,0.8,,2022-07-28 16:00:43,,3,1,,1,,,,1
1227688107290487,618642664126144,2020,54,71,2821,360,2,2,,1,0.1,0.3,,2022-07-28 16:00:43,,3,1,,1,,,,1
1227690303290487,618642707126144,2020,54,75,1110,45,4,2,,1,0.1,0.6,,2022-07-28 16:00:43,,3,1,,1,,,,1
1227690297290487,618642707126144,2020,54,75,1110,90,1,2,,1,0.1,0.8,,2022-07-28 16:00:43,,3,1,,1,,,,1
1227690301290487,618642707126144,2020,54,75,1110,135,3,2,,1,0.1,1.3,,2022-07-28 16:00:43,,3,1,,1,,,,1
1227690299290487,618642707126144,2020,54,75,1110,180,2,2,,1,0.1,1.6,,2022-07-28 16:00:43,,3,1,,1,,,,1
1227690304290487,618642707126144,2020,54,75,1110,225,4,2,,1,0.1,0.7,,2022-07-28 16:00:43,,3,1,,1,,,,1
1227690298290487,618642707126144,2020,54,75,1110,270,1,2,,1,0.1,0.7,,2022-07-28 16:00:43,,3,1,,1,,,,1
1227690302290487,618642707126144,2020,54,75,1110,315,3,2,,1,0.1,0.6,,2022-07-28 16:00:43,,3,1,,1,,,,1
1227690300290487,618642707126144,2020,54,75,1110,360,2,2,,1,0.1,0.3,,2022-07-28 16:00:43,,3,1,,1,,,,1
1227689968290487,618642701126144,2020,54,75,2128,45,4,2,,1,0.1,0.5,,2022-07-28 16:00:43,,3,1,,1,,,,1
1227689962290487,618642701126144,2020,54,75,2128,90,1,2,,1,0.1,0.6,,2022-07-28 16:00:43,,3,1,,1,,,,1
1227689966290487,618642701126144,2020,54,75,2128,135,3,2,,1,0.1,0.5,,2022-07-28 16:00:43,,3,1,,1,,,,1
1227689964290487,618642701126144,2020,54,75,2128,180,2,2,,1,0.1,0.2,,2022-07-28 16:00:43,,3,1,,1,,,,1
1227689969290487,618642701126144,2020,54,75,2128,225,4,2,,1,0.1,0.5,,2022-07-28 16:00:43,,3,1,,1,,,,1
1227689963290487,618642701126144,2020,54,75,2128,270,1,2,,1,0.1,0.9,,2022-07-28 16:00:43,,3,1,,1,,,,1
1227689967290487,618642701126144,2020,54,75,2128,315,3,2,,1,0.1,0.4,,2022-07-28 16:00:43,,3,1,,1,,,,1
1227689965290487,618642701126144,2020,54,75,2128,360,2,2,,1,0.1,0.4,,2022-07-28 16:00:43,,3,1,,1,,,,1
1227689559290487,618642694126144,2020,54,83,214,45,4,2,,1,1.4,1.2,,2022-07-28 16:00:43,,3,1,,1,,,,1
1227689553290487,618642694126144,2020,54,83,214,90,1,2,,1,3.0,1.8,,2022-07-28 16:00:43,,3,1,,1,,,,1
1227689557290487,618642694126144,2020,54,83,214,135,3,2,,1,3.7,1.0,,2022-07-28 16:00:43,,3,1,,1,,,,1
1227689555290487,618642694126144,2020,54,83,214,180,2,2,,1,1.1,0.2,,2022-07-28 16:00:43,,3,1,,1,,,,1
1227689560290487,618642694126144,2020,54,83,214,225,4,2,,1,3.0,0.4,,2022-07-28 16:00:43,,3,1,,1,,,,1
1227689554290487,618642694126144,2020,54,83,214,270,1,2,,1,2.7,1.0,,2022-07-28 16:00:43,,3,1,,1,,,,1
1227689558290487,618642694126144,2020,54,83,214,315,3,2,,1,2.0,1.7,,2022-07-28 16:00:43,,3,1,,1,,,,1
1227689556290487,618642694126144,2020,54,83,214,360,2,2,,1,1.0,0.5,,2022-07-28 16:00:43,,3,1,,1,,,,1
1227689372290487,618642692126144,2020,54,83,265,45,4,2,,1,1.1,2.0,,2022-07-28 16:00:43,,3,1,,1,,,,1
1227689366290487,618642692126144,2020,54,83,265,90,1,2,,1,0.1,1.7,,2022-07-28 16:00:43,,3,1,,1,,,,1
1227689370290487,618642692126144,2020,54,83,265,135,3,2,,3,0.5,0.5,,2022-07-28 16:00:43,,3,1,,1,,,,1
1227689368290487,618642692126144,2020,54,83,265,180,2,2,,2,,,,2022-07-28 16:00:43,,3,,,,,,,1
1227689373290487,618642692126144,2020,54,83,265,225,4,2,,1,1.5,1.2,,2022-07-28 16:00:43,,3,1,,1,,,,1
1227689367290487,618642692126144,2020,54,83,265,270,1,2,,1,0.1,0.7,,2022-07-28 16:00:43,,3,1,,1,,,,1
1227689371290487,618642692126144,2020,54,83,265,315,3,2,,3,0.2,0.2,,2022-07-28 16:00:43,,3,1,,1,,,,1
1227689369290487,618642692126144,2020,54,83,265,360,2,2,,2,,,,2022-07-28 16:00:43,,3,,,,,,,1
1227688890290487,618642682126144,2020,54,93,1268,45,4,2,,1,0.0,0.0,,2022-07-28 16:00:43,,3,1,,1,,,,1
1227688884290487,618642682126144,2020,54,93,1268,90,1,2,,1,0.1,0.2,,2022-07-28 16:00:43,,3,1,,1,,,,1
1227688888290487,618642682126144,2020,54,93,1268,135,3,2,,1,0.1,0.3,,2022-07-28 16:00:43,,3,1,,1,,,,1
1227688886290487,618642682126144,2020,54,93,1268,180,2,2,,1,0.8,0.7,,2022-07-28 16:00:43,,3,1,,1,,,,1
1227688891290487,618642682126144,2020,54,93,1268,225,4,2,,1,0.0,0.0,,2022-07-28 16:00:43,,3,1,,1,,,,1
1227688885290487,618642682126144,2020,54,93,1268,270,1,2,,1,0.0,0.0,,2022-07-28 16:00:43,,3,1,,1,,,,1
1227688889290487,618642682126144,2020,54,93,1268,315,3,2,,1,0.0,0.0,,2022-07-28 16:00:43,,3,1,,1,,,,1
1227688887290487,618642682126144,2020,54,93,1268,360,2,2,,1,0.1,1.0,,2022-07-28 16:00:43,,3,1,,1,,,,1
1227697003290487,618642884126144,2020,54,95,808,45,4,2,,1,0.1,0.4,,2022-07-28 16:00:44,,3,1,,1,,,,1
1227696997290487,618642884126144,2020,54,95,808,90,1,2,,1,0.1,0.6,,2022-07-28 16:00:44,,3,1,,1,,,,1
1227697001290487,618642884126144,2020,54,95,808,135,3,2,,1,0.1,0.4,,2022-07-28 16:00:44,,3,1,,1,,,,1
1227696999290487,618642884126144,2020,54,95,808,180,2,2,,1,0.1,0.2,,2022-07-28 16:00:44,,3,1,,1,,,,1
1227697004290487,618642884126144,2020,54,95,808,225,4,2,,1,0.1,0.7,,2022-07-28 16:00:44,,3,1,,1,,,,1
1227696998290487,618642884126144,2020,54,95,808,270,1,2,,1,0.1,0.4,,2022-07-28 16:00:44,,3,1,,1,,,,1
1227697002290487,618642884126144,2020,54,95,808,315,3,2,,1,0.1,0.7,,2022-07-28 16:00:44,,3,1,,1,,,,1
1227697000290487,618642884126144,2020,54,95,808,360,2,2,,1,0.1,0.4,,2022-07-28 16:00:44,,3,1,,1,,,,1
1227696832290487,618642881126144,2020,54,95,964,45,4,2,,1,0.1,1.2,,2022-07-28 16:00:44,,3,1,,1,,,,1
1227696826290487,618642881126144,2020,54,95,964,90,1,2,,1,0.1,0.4,,2022-07-28 16:00:44,,3,1,,1,,,,1
1227696830290487,618642881126144,2020,54,95,964,135,3,2,,2,,,,2022-07-28 16:00:44,,3,,,,,,,1
1227696828290487,618642881126144,2020,54,95,964,180,2,2,,1,0.1,0.5,,2022-07-28 16:00:44,,3,1,,1,,,,1
1227696833290487,618642881126144,2020,54,95,964,225,4,2,,1,0.1,1.1,,2022-07-28 16:00:44,,3,1,,1,,,,1
1227696827290487,618642881126144,2020,54,95,964,270,1,2,,1,0.1,0.4,,2022-07-28 16:00:44,,3,1,,1,,,,1
1227696831290487,618642881126144,2020,54,95,964,315,3,2,,1,0.0,0.0,,2022-07-28 16:00:44,,3,1,,1,,,,1
1227696829290487,618642881126144,2020,54,95,964,360,2,2,,1,0.1,0.3,,2022-07-28 16:00:44,,3,1,,1,,,,1
1227701287290487,618642993126144,2020,54,99,274,45,4,2,,1,,,,2022-07-28 16:00:44,,3,,,,,,,1
1227701281290487,618642993126144,2020,54,99,274,90,1,2,,1,,,,2022-07-28 16:00:44,,3,,,,,,,1
1227701285290487,618642993126144,2020,54,99,274,135,3,2,,1,,,,2022-07-28 16:00:44,,3,,,,,,,1
1227701283290487,618642993126144,2020,54,99,274,180,2,2,,1,,,,2022-07-28 16:00:44,,3,,,,,,,1
1227701288290487,618642993126144,2020,54,99,274,225,4,2,,1,,,,2022-07-28 16:00:44,,3,,,,,,,1
1227701282290487,618642993126144,2020,54,99,274,270,1,2,,1,,,,2022-07-28 16:00:44,,3,,,,,,,1
1227701286290487,618642993126144,2020,54,99,274,315,3,2,,1,,,,2022-07-28 16:00:44,,3,,,,,,,1
1227701284290487,618642993126144,2020,54,99,274,360,2,2,,1,,,,2022-07-28 16:00:44,,3,,,,,,,1
1227691123290487,618642726126144,2020,54,101,1753,45,4,2,,1,0.2,2.3,,2022-07-28 16:00:43,,3,1,,1,,,,1
1227691117290487,618642726126144,2020,54,101,1753,90,1,2,,1,0.1,0.5,,2022-07-28 16:00:43,,3,1,,1,,,,1
1227691121290487,618642726126144,2020,54,101,1753,135,3,2,,1,0.2,1.3,,2022-07-28 16:00:43,,3,1,,1,,,,1
1227691119290487,618642726126144,2020,54,101,1753,180,2,2,,1,0.4,2.7,,2022-07-28 16:00:43,,3,1,,1,,,,1
1227691124290487,618642726126144,2020,54,101,1753,225,4,2,,1,0.2,1.9,,2022-07-28 16:00:43,,3,1,,1,,,,1
1227691118290487,618642726126144,2020,54,101,1753,270,1,2,,1,0.1,1.4,,2022-07-28 16:00:43,,3,1,,1,,,,1
1227691122290487,618642726126144,2020,54,101,1753,315,3,2,,1,0.1,1.0,,2022-07-28 16:00:43,,3,1,,1,,,,1
1227691120290487,618642726126144,2020,54,101,1753,360,2,2,,1,0.3,2.7,,2022-07-28 16:00:43,,3,1,,1,,,,1
1227696146290487,618642863126144,2020,54,109,1029,45,4,2,,1,,,,2022-07-28 16:00:43,,3,,,,,,,1
1227696140290487,618642863126144,2020,54,109,1029,90,1,2,,1,,,,2022-07-28 16:00:43,,3,,,,,,,1
1227696144290487,618642863126144,2020,54,109,1029,135,3,2,,1,,,,2022-07-28 16:00:43,,3,,,,,,,1
1227696142290487,618642863126144,2020,54,109,1029,180,2,2,,1,,,,2022-07-28 16:00:43,,3,,,,,,,1
1227696147290487,618642863126144,2020,54,109,1029,225,4,2,,1,,,,2022-07-28 16:00:43,,3,,,,,,,1
1227696141290487,618642863126144,2020,54,109,1029,270,1,2,,1,,,,2022-07-28 16:00:43,,3,,,,,,,1
1227696145290487,618642863126144,2020,54,109,1029,315,3,2,,1,,,,2022-07-28 16:00:43,,3,,,,,,,1
1227696143290487,618642863126144,2020,54,109,1029,360,2,2,,2,0.1,0.3,,2022-07-28 16:00:43,,3,1,,1,,,,1
1227698587290487,618642918126144,2020,54,109,1679,45,4,2,,1,,,,2022-07-28 16:00:44,,3,,,,,,,1
1227698581290487,618642918126144,2020,54,109,1679,90,1,2,,1,,,,2022-07-28 16:00:44,,3,,,,,,,1
1227698585290487,618642918126144,2020,54,109,1679,135,3,2,,1,,,,2022-07-28 16:00:44,,3,,,,,,,1
1227698583290487,618642918126144,2020,54,109,1679,180,2,2,,1,,,,2022-07-28 16:00:44,,3,,,,,,,1
1227698588290487,618642918126144,2020,54,109,1679,225,4,2,,1,,,,2022-07-28 16:00:44,,3,,,,,,,1
1227698582290487,618642918126144,2020,54,109,1679,270,1,2,,1,,,,2022-07-28 16:00:44,,3,,,,,,,1
1227698586290487,618642918126144,2020,54,109,1679,315,3,2,,1,,,,2022-07-28 16:00:44,,3,,,,,,,1
1227698584290487,618642918126144,2020,54,109,1679,360,2,2,,1,,,,2022-07-28 16:00:44,,3,,,,,,,1
1281471090290487,722581201290487,2021,54,1,1932,45,4,2,,1,0.1,0.3,,2023-01-18 06:39:38,,3,1,,1,,,,1
1281471084290487,722581201290487,2021,54,1,1932,90,1,2,,1,0.1,0.5,,2023-01-18 06:39:38,,3,1,,1,,,,1
1281471088290487,722581201290487,2021,54,1,1932,135,3,2,,2,,,,2023-01-18 06:39:38,,3,,,,,,,1
1281471086290487,722581201290487,2021,54,1,1932,180,2,2,,1,0.1,0.2,,2023-01-18 06:39:38,,3,1,,1,,,,1
1281471091290487,722581201290487,2021,54,1,1932,225,4,2,,1,0.2,0.5,,2023-01-18 06:39:38,,3,1,,1,,,,1
1281471085290487,722581201290487,2021,54,1,1932,270,1,2,,1,0.1,0.5,,2023-01-18 06:39:38,,3,1,,1,,,,1
1281471089290487,722581201290487,2021,54,1,1932,315,3,2,,2,,,,2023-01-18 06:39:38,,3,,,,,,,1
1281471087290487,722581201290487,2021,54,1,1932,360,2,2,,1,0.0,0.1,,2023-01-18 06:39:38,,3,1,,1,,,,1
1281473906290487,722581259290487,2021,54,3,1703,45,4,2,,1,0.4,2.6,,2023-01-18 06:39:38,,3,1,,1,,,,1
1281473900290487,722581259290487,2021,54,3,1703,90,1,2,,1,0.2,3.1,,2023-01-18 06:39:38,,3,1,,1,,,,1
1281473904290487,722581259290487,2021,54,3,1703,135,3,2,,1,0.4,0.9,,2023-01-18 06:39:38,,3,1,,1,,,,1
1281473902290487,722581259290487,2021,54,3,1703,180,2,2,,1,2.6,3.4,,2023-01-18 06:39:38,,3,1,,1,,,,1
1281473907290487,722581259290487,2021,54,3,1703,225,4,2,,1,0.1,0.8,,2023-01-18 06:39:38,,3,1,,1,,,,1
1281473901290487,722581259290487,2021,54,3,1703,270,1,2,,1,0.2,2.2,,2023-01-18 06:39:38,,3,1,,1,,,,1
1281473905290487,722581259290487,2021,54,3,1703,315,3,2,,1,0.0,0.4,,2023-01-18 06:39:38,,3,1,,1,,,,1
1281473903290487,722581259290487,2021,54,3,1703,360,2,2,,1,0.2,0.9,,2023-01-18 06:39:38,,3,1,,1,,,,1
1281462162290487,722580947290487,2021,54,5,1861,45,4,2,,1,0.1,0.2,,2023-01-18 06:39:38,,3,1,,1,,,,1
1281462156290487,722580947290487,2021,54,5,1861,90,1,2,,1,0.1,0.5,,2023-01-18 06:39:38,,3,1,,1,,,,1
1281462160290487,722580947290487,2021,54,5,1861,135,3,2,,2,,,,2023-01-18 06:39:38,,3,,,,,,,1
1281462158290487,722580947290487,2021,54,5,1861,180,2,2,,1,0.1,0.4,,2023-01-18 06:39:38,,3,1,,1,,,,1
1281462163290487,722580947290487,2021,54,5,1861,225,4,2,,1,0.1,0.7,,2023-01-18 06:39:38,,3,1,,1,,,,1
1281462157290487,722580947290487,2021,54,5,1861,270,1,2,,1,0.1,1.2,,2023-01-18 06:39:38,,3,1,,1,,,,1
1281462161290487,722580947290487,2021,54,5,1861,315,3,2,,2,,,,2023-01-18 06:39:38,,3,,,,,,,1
1281462159290487,722580947290487,2021,54,5,1861,360,2,2,,1,0.1,0.3,,2023-01-18 06:39:38,,3,1,,1,,,,1
1281467136290487,722581093290487,2021,54,5,2003,45,4,2,,1,,,,2023-01-18 06:39:38,,3,,,,,,,1
1281467130290487,722581093290487,2021,54,5,2003,90,1,2,,1,,,,2023-01-18 06:39:38,,3,,,,,,,1
1281467134290487,722581093290487,2021,54,5,2003,135,3,2,,1,,,,2023-01-18 06:39:38,,3,,,,,,,1
1281467132290487,722581093290487,2021,54,5,2003,180,2,2,,1,,,,2023-01-18 06:39:38,,3,,,,,,,1
1281467137290487,722581093290487,2021,54,5,2003,225,4,2,,1,,,,2023-01-18 06:39:38,,3,,,,,,,1
1281467131290487,722581093290487,2021,54,5,2003,270,1,2,,1,,,,2023-01-18 06:39:38,,3,,,,,,,1
1281467135290487,722581093290487,2021,54,5,2003,315,3,2,,1,,,,2023-01-18 06:39:38,,3,,,,,,,1
1281467133290487,722581093290487,2021,54,5,2003,360,2,2,,1,,,,2023-01-18 06:39:38,,3,,,,,,,1
1281472470290487,722581233290487,2021,54,7,1744,45,4,2,,1,0.0,0.2,,2023-01-18 06:39:38,,3,1,,1,,,,1
1281472464290487,722581233290487,2021,54,7,1744,90,1,2,,1,0.4,0.6,,2023-01-18 06:39:38,,3,1,,1,,,,1
1281472468290487,722581233290487,2021,54,7,1744,135,3,2,,1,0.1,2.1,,2023-01-18 06:39:38,,3,1,,1,,,,1
1281472466290487,722581233290487,2021,54,7,1744,180,2,2,,1,0.4,2.4,,2023-01-18 06:39:38,,3,1,,1,,,,1
1281472471290487,722581233290487,2021,54,7,1744,225,4,2,,1,0.0,0.0,,2023-01-18 06:39:38,,3,1,,1,,,,1
1281472465290487,722581233290487,2021,54,7,1744,270,1,2,,1,0.3,1.0,,2023-01-18 06:39:38,,3,1,,1,,,,1
1281472469290487,722581233290487,2021,54,7,1744,315,3,2,,1,0.1,1.0,,2023-01-18 06:39:38,,3,1,,1,,,,1
1281472467290487,722581233290487,2021,54,7,1744,360,2,2,,1,0.0,2.5,,2023-01-18 06:39:38,,3,1,,1,,,,1
1281468296290487,722581119290487,2021,54,11,797,45,4,2,,1,,,,2023-01-18 06:39:38,,3,,,,,,,1
1281468290290487,722581119290487,2021,54,11,797,90,1,2,,1,,,,2023-01-18 06:39:38,,3,,,,,,,1
1281468294290487,722581119290487,2021,54,11,797,135,3,2,,1,,,,2023-01-18 06:39:38,,3,,,,,,,1
1281468292290487,722581119290487,2021,54,11,797,180,2,2,,1,,,,2023-01-18 06:39:38,,3,,,,,,,1
1281468297290487,722581119290487,2021,54,11,797,225,4,2,,1,,,,2023-01-18 06:39:38,,3,,,,,,,1
1281468291290487,722581119290487,2021,54,11,797,270,1,2,,1,,,,2023-01-18 06:39:38,,3,,,,,,,1
1281468295290487,722581119290487,2021,54,11,797,315,3,2,,1,,,,2023-01-18 06:39:38,,3,,,,,,,1
1281468293290487,722581119290487,2021,54,11,797,360,2,2,,1,,,,2023-01-18 06:39:38,,3,,,,,,,1
1281468580290487,722581129290487,2021,54,17,1054,45,4,2,,1,,,,2023-01-18 06:39:38,,3,,,,,,,1
1281468574290487,722581129290487,2021,54,17,1054,90,1,2,,1,,,,2023-01-18 06:39:38,,3,,,,,,,1
1281468578290487,722581129290487,2021,54,17,1054,135,3,2,,1,,,,2023-01-18 06:39:38,,3,,,,,,,1
1281468576290487,722581129290487,2021,54,17,1054,180,2,2,,1,,,,2023-01-18 06:39:38,,3,,,,,,,1
1281468581290487,722581129290487,2021,54,17,1054,225,4,2,,1,,,,2023-01-18 06:39:38,,3,,,,,,,1
1281468575290487,722581129290487,2021,54,17,1054,270,1,2,,1,,,,2023-01-18 06:39:38,,3,,,,,,,1
1281468579290487,722581129290487,2021,54,17,1054,315,3,2,,1,,,,2023-01-18 06:39:38,,3,,,,,,,1
1281468577290487,722581129290487,2021,54,17,1054,360,2,2,,1,,,,2023-01-18 06:39:38,,3,,,,,,,1
1281477142290487,722580962290487,2021,54,25,950,45,4,2,2021,1,0.0,0.0,,2023-01-18 06:39:38,,3,2,,2,,,,1
1281477136290487,722580962290487,2021,54,25,950,90,1,2,2021,1,0.0,0.0,,2023-01-18 06:39:38,,3,2,,2,,,,1
1281477140290487,722580962290487,2021,54,25,950,135,3,2,2021,1,0.0,0.0,,2023-01-18 06:39:38,,3,2,,2,,,,1
1281477139290487,722580962290487,2021,54,25,950,180,2,2,2021,1,0.0,0.0,,2023-01-18 06:39:38,,3,2,,2,,,,1
1281477143290487,722580962290487,2021,54,25,950,225,4,2,2021,1,0.0,0.0,,2023-01-18 06:39:38,,3,2,,2,,,,1
1281477137290487,722580962290487,2021,54,25,950,270,1,2,2021,1,0.0,0.0,,2023-01-18 06:39:38,,3,2,,2,,,,1
1281477141290487,722580962290487,2021,54,25,950,315,3,2,2021,1,0.0,0.0,,2023-01-18 06:39:38,,3,2,,2,,,,1
1281477138290487,722580962290487,2021,54,25,950,360,2,2,2021,1,0.0,0.0,,2023-01-18 06:39:38,,3,2,,2,,,,1
1281463863290487,722580988290487,2021,54,25,1278,45,4,2,,1,,,,2023-01-18 06:39:38,,3,,,,,,,1
1281463857290487,722580988290487,2021,54,25,1278,90,1,2,,1,,,,2023-01-18 06:39:38,,3,,,,,,,1
1281463861290487,722580988290487,2021,54,25,1278,135,3,2,,1,,,,2023-01-18 06:39:38,,3,,,,,,,1
1281463859290487,722580988290487,2021,54,25,1278,180,2,2,,1,,,,2023-01-18 06:39:38,,3,,,,,,,1
1281463864290487,722580988290487,2021,54,25,1278,225,4,2,,1,,,,2023-01-18 06:39:38,,3,,,,,,,1
1281463858290487,722580988290487,2021,54,25,1278,270,1,2,,1,,,,2023-01-18 06:39:38,,3,,,,,,,1
1281463862290487,722580988290487,2021,54,25,1278,315,3,2,,1,,,,2023-01-18 06:39:38,,3,,,,,,,1
1281463860290487,722580988290487,2021,54,25,1278,360,2,2,,1,,,,2023-01-18 06:39:38,,3,,,,,,,1
1281472990290487,722581244290487,2021,54,25,1561,45,4,2,,1,,,,2023-01-18 06:39:38,,3,,,,,,,1
1281472984290487,722581244290487,2021,54,25,1561,90,1,2,,1,,,,2023-01-18 06:39:38,,3,,,,,,,1
1281472988290487,722581244290487,2021,54,25,1561,135,3,2,,1,,,,2023-01-18 06:39:38,,3,,,,,,,1
1281472986290487,722581244290487,2021,54,25,1561,180,2,2,,1,,,,2023-01-18 06:39:38,,3,,,,,,,1
1281472991290487,722581244290487,2021,54,25,1561,225,4,2,,1,,,,2023-01-18 06:39:38,,3,,,,,,,1
1281472985290487,722581244290487,2021,54,25,1561,270,1,2,,1,,,,2023-01-18 06:39:38,,3,,,,,,,1
1281472989290487,722581244290487,2021,54,25,1561,315,3,2,,1,,,,2023-01-18 06:39:38,,3,,,,,,,1
1281472987290487,722581244290487,2021,54,25,1561,360,2,2,,1,,,,2023-01-18 06:39:38,,3,,,,,,,1
1281468879290487,722581136290487,2021,54,25,2197,45,4,2,,1,0.1,0.7,,2023-01-18 06:39:39,,3,1,,1,,,,1
1281468873290487,722581136290487,2021,54,25,2197,90,1,2,,1,0.1,0.3,,2023-01-18 06:39:39,,3,1,,1,,,,1
1281468877290487,722581136290487,2021,54,25,2197,135,3,2,,1,0.1,0.2,,2023-01-18 06:39:39,,3,1,,1,,,,1
1281468875290487,722581136290487,2021,54,25,2197,180,2,2,,1,0.1,0.3,,2023-01-18 06:39:39,,3,1,,1,,,,1
1281468880290487,722581136290487,2021,54,25,2197,225,4,2,,1,0.1,0.2,,2023-01-18 06:39:39,,3,1,,1,,,,1
1281468874290487,722581136290487,2021,54,25,2197,270,1,2,,1,0.1,0.3,,2023-01-18 06:39:39,,3,1,,1,,,,1
1281468878290487,722581136290487,2021,54,25,2197,315,3,2,,1,0.1,0.2,,2023-01-18 06:39:39,,3,1,,1,,,,1
1281468876290487,722581136290487,2021,54,25,2197,360,2,2,,1,0.1,0.2,,2023-01-18 06:39:39,,3,1,,1,,,,1
1281477206290487,722581004290487,2021,54,27,1214,45,4,2,2021,1,0.0,0.0,,2023-01-18 06:39:38,,3,2,,2,,,,1
1281477200290487,722581004290487,2021,54,27,1214,90,1,2,2021,1,0.0,0.0,,2023-01-18 06:39:38,,3,2,,2,,,,1
1281477204290487,722581004290487,2021,54,27,1214,135,3,2,2021,1,0.0,0.0,,2023-01-18 06:39:38,,3,2,,2,,,,1
1281477203290487,722581004290487,2021,54,27,1214,180,2,2,2021,1,0.0,0.0,,2023-01-18 06:39:38,,3,2,,2,,,,1
1281477207290487,722581004290487,2021,54,27,1214,225,4,2,2021,1,0.0,0.0,,2023-01-18 06:39:38,,3,2,,2,,,,1
1281477201290487,722581004290487,2021,54,27,1214,270,1,2,2021,1,0.0,0.0,,2023-01-18 06:39:38,,3,2,,2,,,,1
1281477205290487,722581004290487,2021,54,27,1214,315,3,2,2021,1,0.0,0.0,,2023-01-18 06:39:38,,3,2,,2,,,,1
1281477202290487,722581004290487,2021,54,27,1214,360,2,2,2021,1,0.0,0.0,,2023-01-18 06:39:38,,3,2,,2,,,,1
1281472269290487,722581230290487,2021,54,29,248,45,4,2,,1,0.3,0.9,,2023-01-18 06:39:38,,3,1,,1,,,,1
1281472263290487,722581230290487,2021,54,29,248,90,1,2,,1,0.0,0.0,,2023-01-18 06:39:38,,3,1,,1,,,,1
1281472267290487,722581230290487,2021,54,29,248,135,3,2,,1,0.0,0.5,,2023-01-18 06:39:38,,3,1,,1,,,,1
1281472265290487,722581230290487,2021,54,29,248,180,2,2,,2,,,,2023-01-18 06:39:38,,3,,,,,,,1
1281472270290487,722581230290487,2021,54,29,248,225,4,2,,1,0.3,2.1,,2023-01-18 06:39:38,,3,1,,1,,,,1
1281472264290487,722581230290487,2021,54,29,248,270,1,2,,1,0.1,1.5,,2023-01-18 06:39:38,,3,1,,1,,,,1
1281472268290487,722581230290487,2021,54,29,248,315,3,2,,1,0.0,0.4,,2023-01-18 06:39:38,,3,1,,1,,,,1
1281472266290487,722581230290487,2021,54,29,248,360,2,2,,2,,,,2023-01-18 06:39:38,,3,,,,,,,1
1281474325290487,722581270290487,2021,54,31,598,45,4,2,,1,,,,2023-01-18 06:39:39,,3,,,,,,,1
1281474319290487,722581270290487,2021,54,31,598,90,1,2,,1,,,,2023-01-18 06:39:39,,3,,,,,,,1
1281474323290487,722581270290487,2021,54,31,598,135,3,2,,1,,,,2023-01-18 06:39:39,,3,,,,,,,1
1281474321290487,722581270290487,2021,54,31,598,180,2,2,,1,,,,2023-01-18 06:39:39,,3,,,,,,,1
1281474326290487,722581270290487,2021,54,31,598,225,4,2,,1,,,,2023-01-18 06:39:39,,3,,,,,,,1
1281474320290487,722581270290487,2021,54,31,598,270,1,2,,1,,,,2023-01-18 06:39:39,,3,,,,,,,1
1281474324290487,722581270290487,2021,54,31,598,315,3,2,,1,,,,2023-01-18 06:39:39,,3,,,,,,,1
1281474322290487,722581270290487,2021,54,31,598,360,2,2,,1,,,,2023-01-18 06:39:39,,3,,,,,,,1
1281464672290487,722581021290487,2021,54,31,2183,45,4,2,,1,0.2,1.7,,2023-01-18 06:39:38,,3,1,,1,,,,1
1281464666290487,722581021290487,2021,54,31,2183,90,1,2,,1,0.2,2.8,,2023-01-18 06:39:38,,3,1,,1,,,,1
1281464670290487,722581021290487,2021,54,31,2183,135,3,2,,1,0.1,2.1,,2023-01-18 06:39:38,,3,1,,1,,,,1
1281464668290487,722581021290487,2021,54,31,2183,180,2,2,,2,0.0,0.1,,2023-01-18 06:39:38,,3,1,,1,,,,1
1281464673290487,722581021290487,2021,54,31,2183,225,4,2,,1,0.2,1.5,,2023-01-18 06:39:38,,3,1,,1,,,,1
1281464667290487,722581021290487,2021,54,31,2183,270,1,2,,1,0.1,1.2,,2023-01-18 06:39:38,,3,1,,1,,,,1
1281464671290487,722581021290487,2021,54,31,2183,315,3,2,,1,0.1,1.2,,2023-01-18 06:39:38,,3,1,,1,,,,1
1281464669290487,722581021290487,2021,54,31,2183,360,2,2,,2,0.1,2.7,,2023-01-18 06:39:38,,3,2,,1,,,,1
1281473706290487,722581256290487,2021,54,37,213,45,4,2,,1,0.2,1.2,,2023-01-18 06:39:39,,3,1,,1,,,,1
1281473700290487,722581256290487,2021,54,37,213,90,1,2,,1,0.1,1.6,,2023-01-18 06:39:38,,3,1,,1,,,,1
1281473704290487,722581256290487,2021,54,37,213,135,3,2,,1,0.3,1.5,,2023-01-18 06:39:38,,3,1,,1,,,,1
1281473702290487,722581256290487,2021,54,37,213,180,2,2,,1,0.0,4.5,,2023-01-18 06:39:38,,3,1,,1,,,,1
1281473707290487,722581256290487,2021,54,37,213,225,4,2,,1,0.4,1.0,,2023-01-18 06:39:39,,3,1,,1,,,,1
1281473701290487,722581256290487,2021,54,37,213,270,1,2,,1,0.2,3.3,,2023-01-18 06:39:38,,3,1,,1,,,,1
1281473705290487,722581256290487,2021,54,37,213,315,3,2,,1,0.2,3.1,,2023-01-18 06:39:38,,3,1,,1,,,,1
1281473703290487,722581256290487,2021,54,37,213,360,2,2,,1,0.0,3.4,,2023-01-18 06:39:38,,3,1,,1,,,,1
1281466037290487,722581061290487,2021,54,39,649,45,4,2,,1,,,,2023-01-18 06:39:38,,3,,,,,,,1
1281466031290487,722581061290487,2021,54,39,649,90,1,2,,1,,,,2023-01-18 06:39:38,,3,,,,,,,1
1281466035290487,722581061290487,2021,54,39,649,135,3,2,,1,,,,2023-01-18 06:39:38,,3,,,,,,,1
1281466033290487,722581061290487,2021,54,39,649,180,2,2,,1,,,,2023-01-18 06:39:38,,3,,,,,,,1
1281466038290487,722581061290487,2021,54,39,649,225,4,2,,1,,,,2023-01-18 06:39:38,,3,,,,,,,1
1281466032290487,722581061290487,2021,54,39,649,270,1,2,,1,,,,2023-01-18 06:39:38,,3,,,,,,,1
1281466036290487,722581061290487,2021,54,39,649,315,3,2,,1,,,,2023-01-18 06:39:38,,3,,,,,,,1
1281466034290487,722581061290487,2021,54,39,649,360,2,2,,1,,,,2023-01-18 06:39:38,,3,,,,,,,1
1281466151290487,722581065290487,2021,54,39,1133,45,4,2,,1,0.1,0.4,,2023-01-18 06:39:38,,3,1,,1,,,,1
1281466145290487,722581065290487,2021,54,39,1133,90,1,2,,1,0.1,0.6,,2023-01-18 06:39:38,,3,1,,1,,,,1
1281466149290487,722581065290487,2021,54,39,1133,135,3,2,,1,0.1,0.4,,2023-01-18 06:39:38,,3,1,,1,,,,1
1281466147290487,722581065290487,2021,54,39,1133,180,2,2,,1,0.1,0.5,,2023-01-18 06:39:38,,3,1,,1,,,,1
1281466152290487,722581065290487,2021,54,39,1133,225,4,2,,1,0.1,0.5,,2023-01-18 06:39:38,,3,1,,1,,,,1
1281466146290487,722581065290487,2021,54,39,1133,270,1,2,,1,0.1,0.2,,2023-01-18 06:39:38,,3,1,,1,,,,1
1281466150290487,722581065290487,2021,54,39,1133,315,3,2,,1,0.1,0.5,,2023-01-18 06:39:38,,3,1,,1,,,,1
1281466148290487,722581065290487,2021,54,39,1133,360,2,2,,1,0.1,0.3,,2023-01-18 06:39:38,,3,1,,1,,,,1
1281462659290487,722580956290487,2021,54,39,1137,45,4,2,,3,,,,2023-01-18 06:39:38,,3,,,,,,,1
1281462653290487,722580956290487,2021,54,39,1137,90,1,2,,1,0.1,0.3,,2023-01-18 06:39:38,,3,1,,1,,,,1
1281462657290487,722580956290487,2021,54,39,1137,135,3,2,,2,,,,2023-01-18 06:39:38,,3,,,,,,,1
1281462655290487,722580956290487,2021,54,39,1137,180,2,2,,1,0.1,0.2,,2023-01-18 06:39:38,,3,1,,1,,,,1
1281462660290487,722580956290487,2021,54,39,1137,225,4,2,,1,0.1,0.3,,2023-01-18 06:39:38,,3,1,,1,,,,1
1281462654290487,722580956290487,2021,54,39,1137,270,1,2,,1,0.1,0.3,,2023-01-18 06:39:38,,3,1,,1,,,,1
1281462658290487,722580956290487,2021,54,39,1137,315,3,2,,2,,,,2023-01-18 06:39:38,,3,,,,,,,1
1281462656290487,722580956290487,2021,54,39,1137,360,2,2,,2,,,,2023-01-18 06:39:38,,3,,,,,,,1
1281465747290487,722581052290487,2021,54,39,1369,45,4,2,,1,0.1,0.4,,2023-01-18 06:39:38,,3,1,,1,,,,1
1281465741290487,722581052290487,2021,54,39,1369,90,1,2,,1,0.1,0.3,,2023-01-18 06:39:38,,3,1,,1,,,,1
1281465745290487,722581052290487,2021,54,39,1369,135,3,2,,1,0.1,0.7,,2023-01-18 06:39:38,,3,1,,1,,,,1
1281465743290487,722581052290487,2021,54,39,1369,180,2,2,,2,,,,2023-01-18 06:39:38,,3,,,,,,,1
1281465748290487,722581052290487,2021,54,39,1369,225,4,2,,1,0.1,0.4,,2023-01-18 06:39:38,,3,1,,1,,,,1
1281465742290487,722581052290487,2021,54,39,1369,270,1,2,,1,0.1,0.4,,2023-01-18 06:39:38,,3,1,,1,,,,1
1281465746290487,722581052290487,2021,54,39,1369,315,3,2,,1,0.1,0.3,,2023-01-18 06:39:38,,3,1,,1,,,,1
1281465744290487,722581052290487,2021,54,39,1369,360,2,2,,2,,,,2023-01-18 06:39:38,,3,,,,,,,1
1281462975290487,722580965290487,2021,54,39,2173,45,4,2,,1,,,,2023-01-18 06:39:38,,3,,,,,,,1
1281462969290487,722580965290487,2021,54,39,2173,90,1,2,,1,,,,2023-01-18 06:39:38,,3,,,,,,,1
1281462973290487,722580965290487,2021,54,39,2173,135,3,2,,1,,,,2023-01-18 06:39:38,,3,,,,,,,1
1281462971290487,722580965290487,2021,54,39,2173,180,2,2,,1,,,,2023-01-18 06:39:38,,3,,,,,,,1
1281462976290487,722580965290487,2021,54,39,2173,225,4,2,,1,,,,2023-01-18 06:39:38,,3,,,,,,,1
1281462970290487,722580965290487,2021,54,39,2173,270,1,2,,1,,,,2023-01-18 06:39:38,,3,,,,,,,1
1281462974290487,722580965290487,2021,54,39,2173,315,3,2,,1,,,,2023-01-18 06:39:38,,3,,,,,,,1
1281462972290487,722580965290487,2021,54,39,2173,360,2,2,,1,,,,2023-01-18 06:39:38,,3,,,,,,,1
1281467469290487,722581101290487,2021,54,45,534,45,4,2,,1,,,,2023-01-18 06:39:38,,3,,,,,,,1
1281467463290487,722581101290487,2021,54,45,534,90,1,2,,1,,,,2023-01-18 06:39:38,,3,,,,,,,1
1281467467290487,722581101290487,2021,54,45,534,135,3,2,,1,,,,2023-01-18 06:39:38,,3,,,,,,,1
1281467465290487,722581101290487,2021,54,45,534,180,2,2,,1,,,,2023-01-18 06:39:38,,3,,,,,,,1
1281467470290487,722581101290487,2021,54,45,534,225,4,2,,1,,,,2023-01-18 06:39:38,,3,,,,,,,1
1281467464290487,722581101290487,2021,54,45,534,270,1,2,,1,,,,2023-01-18 06:39:38,,3,,,,,,,1
1281467468290487,722581101290487,2021,54,45,534,315,3,2,,1,,,,2023-01-18 06:39:38,,3,,,,,,,1
1281467466290487,722581101290487,2021,54,45,534,360,2,2,,1,,,,2023-01-18 06:39:38,,3,,,,,,,1
1281467957290487,722581109290487,2021,54,47,437,45,4,2,,1,0.1,0.4,,2023-01-18 06:39:38,,3,1,,1,,,,1
1281467951290487,722581109290487,2021,54,47,437,90,1,2,,1,0.1,0.2,,2023-01-18 06:39:38,,3,1,,1,,,,1
1281467955290487,722581109290487,2021,54,47,437,135,3,2,,1,0.1,0.7,,2023-01-18 06:39:38,,3,1,,1,,,,1
1281467953290487,722581109290487,2021,54,47,437,180,2,2,,1,0.1,1.5,,2023-01-18 06:39:38,,3,1,,1,,,,1
1281467958290487,722581109290487,2021,54,47,437,225,4,2,,1,0.1,0.7,,2023-01-18 06:39:38,,3,1,,1,,,,1
1281467952290487,722581109290487,2021,54,47,437,270,1,2,,1,0.1,0.4,,2023-01-18 06:39:38,,3,1,,1,,,,1
1281467956290487,722581109290487,2021,54,47,437,315,3,2,,1,0.1,0.4,,2023-01-18 06:39:38,,3,1,,1,,,,1
1281467954290487,722581109290487,2021,54,47,437,360,2,2,,1,0.1,0.5,,2023-01-18 06:39:38,,3,1,,1,,,,1
1281471402290487,722581209290487,2021,54,55,961,45,4,2,,1,0.1,0.5,,2023-01-18 06:39:38,,3,1,,1,,,,1
1281471396290487,722581209290487,2021,54,55,961,90,1,2,,1,0.1,0.6,,2023-01-18 06:39:38,,3,1,,1,,,,1
1281471400290487,722581209290487,2021,54,55,961,135,3,2,,1,0.1,0.2,,2023-01-18 06:39:38,,3,1,,1,,,,1
1281471398290487,722581209290487,2021,54,55,961,180,2,2,,1,0.1,0.2,,2023-01-18 06:39:38,,3,1,,1,,,,1
1281471403290487,722581209290487,2021,54,55,961,225,4,2,,1,0.1,0.3,,2023-01-18 06:39:38,,3,1,,1,,,,1
1281471397290487,722581209290487,2021,54,55,961,270,1,2,,1,0.1,0.2,,2023-01-18 06:39:38,,3,1,,1,,,,1
1281471401290487,722581209290487,2021,54,55,961,315,3,2,,1,0.1,0.2,,2023-01-18 06:39:38,,3,1,,1,,,,1
1281471399290487,722581209290487,2021,54,55,961,360,2,2,,1,0.1,0.3,,2023-01-18 06:39:38,,3,1,,1,,,,1
1281469071290487,722581141290487,2021,54,55,2278,45,4,2,,1,,,,2023-01-18 06:39:38,,3,,,,,,,1
1281469065290487,722581141290487,2021,54,55,2278,90,1,2,,1,,,,2023-01-18 06:39:38,,3,,,,,,,1
1281469069290487,722581141290487,2021,54,55,2278,135,3,2,,1,,,,2023-01-18 06:39:38,,3,,,,,,,1
1281469067290487,722581141290487,2021,54,55,2278,180,2,2,,1,,,,2023-01-18 06:39:38,,3,,,,,,,1
1281469072290487,722581141290487,2021,54,55,2278,225,4,2,,1,,,,2023-01-18 06:39:38,,3,,,,,,,1
1281469066290487,722581141290487,2021,54,55,2278,270,1,2,,1,,,,2023-01-18 06:39:38,,3,,,,,,,1
1281469070290487,722581141290487,2021,54,55,2278,315,3,2,,1,,,,2023-01-18 06:39:38,,3,,,,,,,1
1281469068290487,722581141290487,2021,54,55,2278,360,2,2,,1,,,,2023-01-18 06:39:38,,3,,,,,,,1
1281462353290487,722580950290487,2021,54,59,257,45,4,2,,2,0.1,0.7,,2023-01-18 06:39:38,,3,1,,1,,,,1
1281462347290487,722580950290487,2021,54,59,257,90,1,2,,1,0.1,0.3,,2023-01-18 06:39:38,,3,1,,1,,,,1
1281462351290487,722580950290487,2021,54,59,257,135,3,2,,1,0.1,0.8,,2023-01-18 06:39:38,,3,1,,1,,,,1
1281462349290487,722580950290487,2021,54,59,257,180,2,2,,1,0.1,0.5,,2023-01-18 06:39:38,,3,1,,1,,,,1
1281462354290487,722580950290487,2021,54,59,257,225,4,2,,2,0.1,0.6,,2023-01-18 06:39:38,,3,1,,1,,,,1
1281462348290487,722580950290487,2021,54,59,257,270,1,2,,1,0.1,0.5,,2023-01-18 06:39:38,,3,1,,1,,,,1
1281462352290487,722580950290487,2021,54,59,257,315,3,2,,1,0.1,0.9,,2023-01-18 06:39:38,,3,1,,1,,,,1
1281462350290487,722580950290487,2021,54,59,257,360,2,2,,1,0.1,0.4,,2023-01-18 06:39:38,,3,1,,1,,,,1
1281467501290487,722581102290487,2021,54,59,835,45,4,2,,1,,,,2023-01-18 06:39:38,,3,,,,,,,1
1281467495290487,722581102290487,2021,54,59,835,90,1,2,,1,,,,2023-01-18 06:39:38,,3,,,,,,,1
1281467499290487,722581102290487,2021,54,59,835,135,3,2,,1,,,,2023-01-18 06:39:38,,3,,,,,,,1
1281467497290487,722581102290487,2021,54,59,835,180,2,2,,1,,,,2023-01-18 06:39:38,,3,,,,,,,1
1281467502290487,722581102290487,2021,54,59,835,225,4,2,,1,,,,2023-01-18 06:39:38,,3,,,,,,,1
1281467496290487,722581102290487,2021,54,59,835,270,1,2,,1,,,,2023-01-18 06:39:38,,3,,,,,,,1
1281467500290487,722581102290487,2021,54,59,835,315,3,2,,1,,,,2023-01-18 06:39:38,,3,,,,,,,1
1281467498290487,722581102290487,2021,54,59,835,360,2,2,,1,,,,2023-01-18 06:39:38,,3,,,,,,,1
1281470132290487,722581172290487,2021,54,61,2189,45,4,2,,1,0.3,0.2,,2023-01-18 06:39:38,,3,1,,1,,,,1
1281470126290487,722581172290487,2021,54,61,2189,90,1,2,,1,0.2,0.1,,2023-01-18 06:39:38,,3,1,,1,,,,1
1281470130290487,722581172290487,2021,54,61,2189,135,3,2,,1,1.0,0.1,,2023-01-18 06:39:38,,3,1,,1,,,,1
1281470128290487,722581172290487,2021,54,61,2189,180,2,2,,1,,,,2023-01-18 06:39:38,,3,,10,,10,,,0
1281470133290487,722581172290487,2021,54,61,2189,225,4,2,,1,0.4,0.3,,2023-01-18 06:39:38,,3,1,,1,,,,1
1281470127290487,722581172290487,2021,54,61,2189,270,1,2,,1,0.1,0.3,,2023-01-18 06:39:38,,3,1,,1,,,,1
1281470131290487,722581172290487,2021,54,61,2189,315,3,2,,1,3.0,0.1,,2023-01-18 06:39:38,,3,1,,1,,,,1
1281470129290487,722581172290487,2021,54,61,2189,360,2,2,,1,3.0,0.2,,2023-01-18 06:39:38,,3,1,,1,,,,1
1281477164290487,722580992290487,2021,54,63,2098,45,4,2,2021,1,0.0,0.0,,2023-01-18 06:39:38,,3,2,,2,,,,1
1281477158290487,722580992290487,2021,54,63,2098,90,1,2,2021,1,0.0,0.0,,2023-01-18 06:39:38,,3,2,,2,,,,1
1281477162290487,722580992290487,2021,54,63,2098,135,3,2,2021,1,0.0,0.0,,2023-01-18 06:39:38,,3,2,,2,,,,1
1281477161290487,722580992290487,2021,54,63,2098,180,2,2,2021,1,0.0,0.0,,2023-01-18 06:39:38,,3,2,,2,,,,1
1281477165290487,722580992290487,2021,54,63,2098,225,4,2,2021,1,0.0,0.0,,2023-01-18 06:39:38,,3,2,,2,,,,1
1281477159290487,722580992290487,2021,54,63,2098,270,1,2,2021,1,0.0,0.0,,2023-01-18 06:39:38,,3,2,,2,,,,1
1281477163290487,722580992290487,2021,54,63,2098,315,3,2,2021,1,0.0,0.0,,2023-01-18 06:39:38,,3,2,,2,,,,1
1281477160290487,722580992290487,2021,54,63,2098,360,2,2,2021,1,0.0,0.0,,2023-01-18 06:39:38,,3,2,,2,,,,1
1281474189290487,722581267290487,2021,54,65,623,45,4,2,,1,,,,2023-01-18 06:39:38,,3,,,,,,,1
1281474182290487,722581267290487,2021,54,65,623,90,1,2,,1,,,,2023-01-18 06:39:38,,3,,,,,,,1
1281474187290487,722581267290487,2021,54,65,623,135,3,2,,2,0.1,0.7,,2023-01-18 06:39:38,,3,1,,1,,,,1
1281474184290487,722581267290487,2021,54,65,623,180,2,2,,1,,,,2023-01-18 06:39:38,,3,,,,,,,1
1281474186290487,722581267290487,2021,54,65,623,225,4,2,,1,,,,2023-01-18 06:39:38,,3,,,,,,,1
1281474183290487,722581267290487,2021,54,65,623,270,1,2,,1,,,,2023-01-18 06:39:38,,3,,,,,,,1
1281474188290487,722581267290487,2021,54,65,623,315,3,2,,2,0.1,0.5,,2023-01-18 06:39:38,,3,1,,1,,,,1
1281474185290487,722581267290487,2021,54,65,623,360,2,2,,1,,,,2023-01-18 06:39:38,,3,,,,,,,1
1281463612290487,722580982290487,2021,54,75,1492,45,4,2,,1,,,,2023-01-18 06:39:38,,3,,,,,,,1
1281463606290487,722580982290487,2021,54,75,1492,90,1,2,,1,,,,2023-01-18 06:39:38,,3,,,,,,,1
1281463610290487,722580982290487,2021,54,75,1492,135,3,2,,1,,,,2023-01-18 06:39:38,,3,,,,,,,1
1281463608290487,722580982290487,2021,54,75,1492,180,2,2,,1,,,,2023-01-18 06:39:38,,3,,,,,,,1
1281463613290487,722580982290487,2021,54,75,1492,225,4,2,,1,,,,2023-01-18 06:39:38,,3,,,,,,,1
1281463607290487,722580982290487,2021,54,75,1492,270,1,2,,1,,,,2023-01-18 06:39:38,,3,,,,,,,1
1281463611290487,722580982290487,2021,54,75,1492,315,3,2,,1,,,,2023-01-18 06:39:38,,3,,,,,,,1
1281463609290487,722580982290487,2021,54,75,1492,360,2,2,,1,,,,2023-01-18 06:39:38,,3,,,,,,,1
1281471879290487,722581222290487,2021,54,75,2194,45,4,2,,1,0.1,0.7,,2023-01-18 06:39:38,,3,1,,1,,,,1
1281471873290487,722581222290487,2021,54,75,2194,90,1,2,,1,0.1,0.2,,2023-01-18 06:39:38,,3,1,,1,,,,1
1281471877290487,722581222290487,2021,54,75,2194,135,3,2,,1,0.1,0.3,,2023-01-18 06:39:38,,3,1,,1,,,,1
1281471875290487,722581222290487,2021,54,75,2194,180,2,2,,1,0.1,0.5,,2023-01-18 06:39:38,,3,1,,1,,,,1
1281471880290487,722581222290487,2021,54,75,2194,225,4,2,,1,0.1,0.2,,2023-01-18 06:39:38,,3,1,,1,,,,1
1281471874290487,722581222290487,2021,54,75,2194,270,1,2,,1,0.1,0.8,,2023-01-18 06:39:38,,3,1,,1,,,,1
1281471878290487,722581222290487,2021,54,75,2194,315,3,2,,1,0.1,0.4,,2023-01-18 06:39:38,,3,1,,1,,,,1
1281471876290487,722581222290487,2021,54,75,2194,360,2,2,,1,0.1,0.4,,2023-01-18 06:39:38,,3,1,,1,,,,1
1281464137290487,722580998290487,2021,54,77,273,45,4,2,,1,0.5,0.1,,2023-01-18 06:39:38,,3,1,,1,,,,1
1281464131290487,722580998290487,2021,54,77,273,90,1,2,,1,0.2,1.5,,2023-01-18 06:39:38,,3,1,,1,,,,1
1281464135290487,722580998290487,2021,54,77,273,135,3,2,,1,0.0,0.0,,2023-01-18 06:39:38,,3,1,,1,,,,1
1281464133290487,722580998290487,2021,54,77,273,180,2,2,,2,,,,2023-01-18 06:39:38,,3,,,,,,,1
1281464138290487,722580998290487,2021,54,77,273,225,4,2,,1,1.1,1.0,,2023-01-18 06:39:38,,3,1,,1,,,,1
1281464132290487,722580998290487,2021,54,77,273,270,1,2,,1,0.5,0.5,,2023-01-18 06:39:38,,3,1,,1,,,,1
1281464136290487,722580998290487,2021,54,77,273,315,3,2,,1,1.2,2.5,,2023-01-18 06:39:38,,3,1,,1,,,,1
1281464134290487,722580998290487,2021,54,77,273,360,2,2,,2,,,,2023-01-18 06:39:38,,3,,,,,,,1
1281461487290487,722580929290487,2021,54,77,1290,45,4,2,,1,0.1,0.9,,2023-01-18 06:39:38,,3,1,,1,,,,1
1281461481290487,722580929290487,2021,54,77,1290,90,1,2,,1,0.2,1.1,,2023-01-18 06:39:38,,3,1,,1,,,,1
1281461485290487,722580929290487,2021,54,77,1290,135,3,2,,1,0.8,3.1,,2023-01-18 06:39:38,,3,1,,1,,,,1
1281461483290487,722580929290487,2021,54,77,1290,180,2,2,,1,1.3,0.7,,2023-01-18 06:39:38,,3,1,,1,,,,1
1281461488290487,722580929290487,2021,54,77,1290,225,4,2,,1,0.5,1.1,,2023-01-18 06:39:38,,3,1,,1,,,,1
1281461482290487,722580929290487,2021,54,77,1290,270,1,2,,1,0.9,2.3,,2023-01-18 06:39:38,,3,1,,1,,,,1
1281461486290487,722580929290487,2021,54,77,1290,315,3,2,,1,0.3,0.6,,2023-01-18 06:39:38,,3,1,,1,,,,1
1281461484290487,722580929290487,2021,54,77,1290,360,2,2,,1,0.3,1.2,,2023-01-18 06:39:38,,3,1,,1,,,,1
1281461356290487,722580927290487,2021,54,77,1498,45,4,2,,1,0.2,0.1,,2023-01-18 06:39:38,,3,1,,1,,,,1
1281461350290487,722580927290487,2021,54,77,1498,90,1,2,,1,0.2,1.1,,2023-01-18 06:39:38,,3,1,,1,,,,1
1281461354290487,722580927290487,2021,54,77,1498,135,3,2,,1,0.2,0.7,,2023-01-18 06:39:38,,3,1,,1,,,,1
1281461352290487,722580927290487,2021,54,77,1498,180,2,2,,1,0.5,0.7,,2023-01-18 06:39:38,,3,1,,1,,,,1
1281461357290487,722580927290487,2021,54,77,1498,225,4,2,,1,1.0,0.7,,2023-01-18 06:39:38,,3,1,,1,,,,1
1281461351290487,722580927290487,2021,54,77,1498,270,1,2,,1,1.8,0.7,,2023-01-18 06:39:38,,3,1,,1,,,,1
1281461355290487,722580927290487,2021,54,77,1498,315,3,2,,1,1.3,0.5,,2023-01-18 06:39:38,,3,1,,1,,,,1
1281461353290487,722580927290487,2021,54,77,1498,360,2,2,,1,0.3,0.7,,2023-01-18 06:39:38,,3,1,,1,,,,1
1281463140290487,722580969290487,2021,54,81,914,45,4,2,,1,0.1,0.4,,2023-01-18 06:39:38,,3,1,,1,,,,1
1281463134290487,722580969290487,2021,54,81,914,90,1,2,,1,0.1,0.3,,2023-01-18 06:39:38,,3,1,,1,,,,1
1281463138290487,722580969290487,2021,54,81,914,135,3,2,,1,0.1,0.4,,2023-01-18 06:39:38,,3,1,,1,,,,1
1281463136290487,722580969290487,2021,54,81,914,180,2,2,,1,0.1,1.0,,2023-01-18 06:39:38,,3,1,,1,,,,1
1281463141290487,722580969290487,2021,54,81,914,225,4,2,,1,0.1,1.7,,2023-01-18 06:39:38,,3,1,,1,,,,1
1281463135290487,722580969290487,2021,54,81,914,270,1,2,,1,0.1,0.3,,2023-01-18 06:39:38,,3,1,,1,,,,1
1281463139290487,722580969290487,2021,54,81,914,315,3,2,,1,0.1,0.4,,2023-01-18 06:39:38,,3,1,,1,,,,1
1281463137290487,722580969290487,2021,54,81,914,360,2,2,,1,0.1,0.4,,2023-01-18 06:39:38,,3,1,,1,,,,1
1281477243290487,722581013290487,2021,54,83,1089,45,4,2,2021,1,0.0,0.0,,2023-01-18 06:39:38,,3,2,,2,,,,1
1281477237290487,722581013290487,2021,54,83,1089,90,1,2,2021,1,0.0,0.0,,2023-01-18 06:39:38,,3,2,,2,,,,1
1281477241290487,722581013290487,2021,54,83,1089,135,3,2,2021,1,0.0,0.0,,2023-01-18 06:39:38,,3,2,,2,,,,1
1281477240290487,722581013290487,2021,54,83,1089,180,2,2,2021,1,0.0,0.0,,2023-01-18 06:39:38,,3,2,,2,,,,1
1281477244290487,722581013290487,2021,54,83,1089,225,4,2,2021,1,0.0,0.0,,2023-01-18 06:39:38,,3,2,,2,,,,1
1281477238290487,722581013290487,2021,54,83,1089,270,1,2,2021,1,0.0,0.0,,2023-01-18 06:39:38,,3,2,,2,,,,1
1281477242290487,722581013290487,2021,54,83,1089,315,3,2,2021,1,0.0,0.0,,2023-01-18 06:39:38,,3,2,,2,,,,1
1281477239290487,722581013290487,2021,54,83,1089,360,2,2,2021,1,0.0,0.0,,2023-01-18 06:39:38,,3,2,,2,,,,1
1281473329290487,722581250290487,2021,54,83,1402,45,4,2,,2,,,,2023-01-18 06:39:39,,3,,,,,,,1
1281473323290487,722581250290487,2021,54,83,1402,90,1,2,,1,0.9,2.0,,2023-01-18 06:39:39,,3,1,,1,,,,1
1281473327290487,722581250290487,2021,54,83,1402,135,3,2,,1,0.2,0.5,,2023-01-18 06:39:39,,3,1,,1,,,,1
1281473325290487,722581250290487,2021,54,83,1402,180,2,2,,1,0.2,0.5,,2023-01-18 06:39:39,,3,1,,1,,,,1
1281473330290487,722581250290487,2021,54,83,1402,225,4,2,,2,,,,2023-01-18 06:39:39,,3,,,,,,,1
1281473324290487,722581250290487,2021,54,83,1402,270,1,2,,1,0.2,0.5,,2023-01-18 06:39:39,,3,1,,1,,,,1
1281473328290487,722581250290487,2021,54,83,1402,315,3,2,,1,0.2,0.5,,2023-01-18 06:39:39,,3,1,,1,,,,1
1281473326290487,722581250290487,2021,54,83,1402,360,2,2,,1,1.0,2.5,,2023-01-18 06:39:39,,3,1,,1,,,,1
1281472834290487,722581242290487,2021,54,83,2332,45,4,2,,1,0.8,1.0,,2023-01-18 06:39:38,,3,1,,1,,,,1
1281472828290487,722581242290487,2021,54,83,2332,90,1,2,,1,0.6,1.2,,2023-01-18 06:39:38,,3,1,,1,,,,1
1281472832290487,722581242290487,2021,54,83,2332,135,3,2,,1,1.0,0.7,,2023-01-18 06:39:38,,3,1,,1,,,,1
1281472830290487,722581242290487,2021,54,83,2332,180,2,2,,1,2.0,2.0,,2023-01-18 06:39:38,,3,1,,1,,,,1
1281472835290487,722581242290487,2021,54,83,2332,225,4,2,,1,0.5,1.0,,2023-01-18 06:39:38,,3,1,,1,,,,1
1281472829290487,722581242290487,2021,54,83,2332,270,1,2,,1,1.7,2.2,,2023-01-18 06:39:38,,3,1,,1,,,,1
1281472833290487,722581242290487,2021,54,83,2332,315,3,2,,1,0.6,3.0,,2023-01-18 06:39:38,,3,1,,1,,,,1
1281472831290487,722581242290487,2021,54,83,2332,360,2,2,,1,1.0,1.8,,2023-01-18 06:39:38,,3,1,,1,,,,1
1281469663290487,722581158290487,2021,54,85,2833,45,4,2,,1,,,,2023-01-18 06:39:38,,3,,,,,,,1
1281469657290487,722581158290487,2021,54,85,2833,90,1,2,,1,,,,2023-01-18 06:39:38,,3,,,,,,,1
1281469661290487,722581158290487,2021,54,85,2833,135,3,2,,1,,,,2023-01-18 06:39:38,,3,,,,,,,1
1281469659290487,722581158290487,2021,54,85,2833,180,2,2,,1,,,,2023-01-18 06:39:38,,3,,,,,,,1
1281469664290487,722581158290487,2021,54,85,2833,225,4,2,,1,,,,2023-01-18 06:39:38,,3,,,,,,,1
1281469658290487,722581158290487,2021,54,85,2833,270,1,2,,1,,,,2023-01-18 06:39:38,,3,,,,,,,1
1281469662290487,722581158290487,2021,54,85,2833,315,3,2,,1,,,,2023-01-18 06:39:38,,3,,,,,,,1
1281469660290487,722581158290487,2021,54,85,2833,360,2,2,,1,,,,2023-01-18 06:39:38,,3,,,,,,,1
1281470444290487,722581182290487,2021,54,87,2094,45,4,2,,1,,,,2023-01-18 06:39:38,,3,,,,,,,1
1281470438290487,722581182290487,2021,54,87,2094,90,1,2,,1,,,,2023-01-18 06:39:38,,3,,,,,,,1
1281470442290487,722581182290487,2021,54,87,2094,135,3,2,,1,,,,2023-01-18 06:39:38,,3,,,,,,,1
1281470440290487,722581182290487,2021,54,87,2094,180,2,2,,1,,,,2023-01-18 06:39:38,,3,,,,,,,1
1281470445290487,722581182290487,2021,54,87,2094,225,4,2,,1,,,,2023-01-18 06:39:38,,3,,,,,,,1
1281470439290487,722581182290487,2021,54,87,2094,270,1,2,,1,,,,2023-01-18 06:39:38,,3,,,,,,,1
1281470443290487,722581182290487,2021,54,87,2094,315,3,2,,1,,,,2023-01-18 06:39:38,,3,,,,,,,1
1281470441290487,722581182290487,2021,54,87,2094,360,2,2,,1,,,,2023-01-18 06:39:38,,3,,,,,,,1
1281477285290487,722581031290487,2021,54,93,856,45,4,2,2021,1,0.0,0.0,,2023-01-18 06:39:38,,3,2,,2,,,,1
1281477279290487,722581031290487,2021,54,93,856,90,1,2,2021,1,0.0,0.0,,2023-01-18 06:39:38,,3,2,,2,,,,1
1281477283290487,722581031290487,2021,54,93,856,135,3,2,2021,1,0.0,0.0,,2023-01-18 06:39:38,,3,2,,2,,,,1
1281477282290487,722581031290487,2021,54,93,856,180,2,2,2021,1,0.0,0.0,,2023-01-18 06:39:38,,3,2,,2,,,,1
1281477286290487,722581031290487,2021,54,93,856,225,4,2,2021,1,0.0,0.0,,2023-01-18 06:39:38,,3,2,,2,,,,1
1281477280290487,722581031290487,2021,54,93,856,270,1,2,2021,1,0.0,0.0,,2023-01-18 06:39:38,,3,2,,2,,,,1
1281477284290487,722581031290487,2021,54,93,856,315,3,2,2021,1,0.0,0.0,,2023-01-18 06:39:38,,3,2,,2,,,,1
1281477281290487,722581031290487,2021,54,93,856,360,2,2,2021,1,0.0,0.0,,2023-01-18 06:39:38,,3,2,,2,,,,1
1281468415290487,722581125290487,2021,54,95,1969,45,4,2,,1,,,,2023-01-18 06:39:38,,3,,,,,,,1
1281468409290487,722581125290487,2021,54,95,1969,90,1,2,,1,,,,2023-01-18 06:39:38,,3,,,,,,,1
1281468413290487,722581125290487,2021,54,95,1969,135,3,2,,1,,,,2023-01-18 06:39:38,,3,,,,,,,1
1281468411290487,722581125290487,2021,54,95,1969,180,2,2,,1,,,,2023-01-18 06:39:38,,3,,,,,,,1
1281468416290487,722581125290487,2021,54,95,1969,225,4,2,,1,,,,2023-01-18 06:39:38,,3,,,,,,,1
1281468410290487,722581125290487,2021,54,95,1969,270,1,2,,1,,,,2023-01-18 06:39:38,,3,,,,,,,1
1281468414290487,722581125290487,2021,54,95,1969,315,3,2,,1,,,,2023-01-18 06:39:38,,3,,,,,,,1
1281468412290487,722581125290487,2021,54,95,1969,360,2,2,,1,,,,2023-01-18 06:39:38,,3,,,,,,,1
1281469498290487,722581155290487,2021,54,97,2114,45,4,2,,1,1.0,1.5,,2023-01-18 06:39:38,,3,1,,1,,,,1
1281469492290487,722581155290487,2021,54,97,2114,90,1,2,,1,0.2,0.3,,2023-01-18 06:39:38,,3,1,,1,,,,1
1281469496290487,722581155290487,2021,54,97,2114,135,3,2,,2,,,,2023-01-18 06:39:38,,3,,,,,,,1
1281469494290487,722581155290487,2021,54,97,2114,180,2,2,,2,,,,2023-01-18 06:39:38,,3,,,,,,,1
1281469499290487,722581155290487,2021,54,97,2114,225,4,2,,1,1.0,0.5,,2023-01-18 06:39:38,,3,1,,1,,,,1
1281469493290487,722581155290487,2021,54,97,2114,270,1,2,,1,0.1,0.2,,2023-01-18 06:39:38,,3,1,,1,,,,1
1281469497290487,722581155290487,2021,54,97,2114,315,3,2,,2,,,,2023-01-18 06:39:38,,3,,,,,,,1
1281469495290487,722581155290487,2021,54,97,2114,360,2,2,,1,0.4,1.1,,2023-01-18 06:39:38,,3,1,,1,,,,1
1281460783290487,722580910290487,2021,54,101,2463,45,4,2,,1,0.1,0.5,,2023-01-18 06:39:39,,3,1,,1,,,,1
1281460777290487,722580910290487,2021,54,101,2463,90,1,2,,1,0.1,0.3,,2023-01-18 06:39:39,,3,1,,1,,,,1
1281460781290487,722580910290487,2021,54,101,2463,135,3,2,,1,0.1,0.7,,2023-01-18 06:39:39,,3,1,,1,,,,1
1281460779290487,722580910290487,2021,54,101,2463,180,2,2,,1,0.1,0.2,,2023-01-18 06:39:39,,3,1,,1,,,,1
1281460784290487,722580910290487,2021,54,101,2463,225,4,2,,1,0.1,0.5,,2023-01-18 06:39:39,,3,1,,1,,,,1
1281460778290487,722580910290487,2021,54,101,2463,270,1,2,,1,0.1,0.1,,2023-01-18 06:39:39,,3,1,,1,,,,1
1281460782290487,722580910290487,2021,54,101,2463,315,3,2,,1,0.1,0.3,,2023-01-18 06:39:39,,3,1,,1,,,,1
1281460780290487,722580910290487,2021,54,101,2463,360,2,2,,1,0.1,0.4,,2023-01-18 06:39:39,,3,1,,1,,,,1
1281469803290487,722581161290487,2021,54,105,1773,45,4,2,,2,,,,2023-01-18 06:39:38,,3,,,,,,,1
1281469797290487,722581161290487,2021,54,105,1773,90,1,2,,1,0.1,0.2,,2023-01-18 06:39:38,,3,1,,1,,,,1
1281469801290487,722581161290487,2021,54,105,1773,135,3,2,,2,,,,2023-01-18 06:39:38,,3,,,,,,,1
1281469799290487,722581161290487,2021,54,105,1773,180,2,2,,1,0.1,1.2,,2023-01-18 06:39:38,,3,1,,1,,,,1
1281469804290487,722581161290487,2021,54,105,1773,225,4,2,,2,,,,2023-01-18 06:39:38,,3,,,,,,,1
1281469798290487,722581161290487,2021,54,105,1773,270,1,2,,1,0.1,0.4,,2023-01-18 06:39:38,,3,1,,1,,,,1
1281469802290487,722581161290487,2021,54,105,1773,315,3,2,,2,,,,2023-01-18 06:39:38,,3,,,,,,,1
1281469800290487,722581161290487,2021,54,105,1773,360,2,2,,1,0.1,0.2,,2023-01-18 06:39:38,,3,1,,1,,,,1
1281468120290487,722581113290487,2021,54,107,1633,45,4,2,,1,,,,2023-01-18 06:39:38,,3,,,,,,,1
1281468114290487,722581113290487,2021,54,107,1633,90,1,2,,1,,,,2023-01-18 06:39:38,,3,,,,,,,1
1281468118290487,722581113290487,2021,54,107,1633,135,3,2,,2,0.1,0.3,,2023-01-18 06:39:38,,3,1,,1,,,,1
1281468116290487,722581113290487,2021,54,107,1633,180,2,2,,1,,,,2023-01-18 06:39:38,,3,,,,,,,1
1281468121290487,722581113290487,2021,54,107,1633,225,4,2,,1,,,,2023-01-18 06:39:38,,3,,,,,,,1
1281468115290487,722581113290487,2021,54,107,1633,270,1,2,,1,,,,2023-01-18 06:39:38,,3,,,,,,,1
1281468119290487,722581113290487,2021,54,107,1633,315,3,2,,2,0.1,0.3,,2023-01-18 06:39:38,,3,1,,1,,,,1
1281468117290487,722581113290487,2021,54,107,1633,360,2,2,,1,,,,2023-01-18 06:39:38,,3,,,,,,,1
1281467704290487,722581106290487,2021,54,109,328,45,4,2,,2,,,,2023-01-18 06:39:38,,3,,,,,,,1
1281467698290487,722581106290487,2021,54,109,328,90,1,2,,1,0.1,0.3,,2023-01-18 06:39:38,,3,1,,1,,,,1
1281467702290487,722581106290487,2021,54,109,328,135,3,2,,1,0.1,0.5,,2023-01-18 06:39:38,,3,1,,1,,,,1
1281467700290487,722581106290487,2021,54,109,328,180,2,2,,1,0.1,0.1,,2023-01-18 06:39:38,,3,1,,1,,,,1
1281467705290487,722581106290487,2021,54,109,328,225,4,2,,2,,,,2023-01-18 06:39:38,,3,,,,,,,1
1281467699290487,722581106290487,2021,54,109,328,270,1,2,,1,0.1,0.3,,2023-01-18 06:39:38,,3,1,,1,,,,1
1281467703290487,722581106290487,2021,54,109,328,315,3,2,,1,0.1,0.5,,2023-01-18 06:39:38,,3,1,,1,,,,1
1281467701290487,722581106290487,2021,54,109,328,360,2,2,,1,0.1,0.2,,2023-01-18 06:39:38,,3,1,,1,,,,1
1674863008290487,816547379290487,2022,54,3,610,45,4,2,,1,,,,2024-09-11 07:44:06,,3,,,,,,,1
1674863002290487,816547379290487,2022,54,3,610,90,1,2,,1,,,,2024-09-11 07:44:06,,3,,,,,,,1
1674863006290487,816547379290487,2022,54,3,610,135,3,2,,1,,,,2024-09-11 07:44:06,,3,,,,,,,1
1674863004290487,816547379290487,2022,54,3,610,180,2,2,,1,,,,2024-09-11 07:44:06,,3,,,,,,,1
1674863009290487,816547379290487,2022,54,3,610,225,4,2,,2,,,,2024-09-11 07:44:06,,3,,10,,10,,,0
1674863003290487,816547379290487,2022,54,3,610,270,1,2,,1,,,,2024-09-11 07:44:06,,3,,,,,,,1
1674863007290487,816547379290487,2022,54,3,610,315,3,2,,1,,,,2024-09-11 07:44:06,,3,,,,,,,1
1674863005290487,816547379290487,2022,54,3,610,360,2,2,,1,,,,2024-09-11 07:44:06,,3,,,,,,,1
1674850251290487,816547148290487,2022,54,5,139,45,4,2,,1,0.1,0.3,,2024-09-11 07:44:06,,3,1,,1,,,,1
1674850245290487,816547148290487,2022,54,5,139,90,1,2,,1,0.1,0.4,,2024-09-11 07:44:06,,3,1,,1,,,,1
1674850249290487,816547148290487,2022,54,5,139,135,3,2,,3,,,,2024-09-11 07:44:06,,3,,,,,,,1
1674850247290487,816547148290487,2022,54,5,139,180,2,2,,2,0.1,0.2,,2024-09-11 07:44:06,,3,1,,1,,,,1
1674850252290487,816547148290487,2022,54,5,139,225,4,2,,1,0.1,0.2,,2024-09-11 07:44:06,,3,1,,1,,,,1
1674850246290487,816547148290487,2022,54,5,139,270,1,2,,1,0.1,0.7,,2024-09-11 07:44:06,,3,1,,1,,,,1
1674850250290487,816547148290487,2022,54,5,139,315,3,2,,3,,,,2024-09-11 07:44:06,,3,,,,,,,1
1674850248290487,816547148290487,2022,54,5,139,360,2,2,,2,0.1,0.3,,2024-09-11 07:44:06,,3,1,,1,,,,1
1674860535290487,816547300290487,2022,54,7,1499,45,4,2,,1,0.1,1.0,,2024-09-11 07:44:06,,3,1,,1,,,,1
1674860529290487,816547300290487,2022,54,7,1499,90,1,2,,1,0.2,0.7,,2024-09-11 07:44:06,,3,1,,1,,,,1
1674860533290487,816547300290487,2022,54,7,1499,135,3,2,,1,0.1,1.7,,2024-09-11 07:44:06,,3,1,,1,,,,1
1674860531290487,816547300290487,2022,54,7,1499,180,2,2,,1,0.1,1.1,,2024-09-11 07:44:06,,3,1,,1,,,,1
1674860536290487,816547300290487,2022,54,7,1499,225,4,2,,1,0.0,2.1,,2024-09-11 07:44:06,,3,1,,1,,,,1
1674860530290487,816547300290487,2022,54,7,1499,270,1,2,,1,0.0,1.0,,2024-09-11 07:44:06,,3,1,,1,,,,1
1674860534290487,816547300290487,2022,54,7,1499,315,3,2,,1,0.1,1.2,,2024-09-11 07:44:06,,3,1,,1,,,,1
1674860532290487,816547300290487,2022,54,7,1499,360,2,2,,1,0.1,1.0,,2024-09-11 07:44:06,,3,1,,1,,,,1
1674850036290487,816547036290487,2022,54,9,576,45,4,2,,1,0.2,1.9,,2024-09-11 07:44:06,,3,1,,1,,,,1
1674850030290487,816547036290487,2022,54,9,576,90,1,2,,1,0.0,1.3,,2024-09-11 07:44:06,,3,1,,1,,,,1
1674850034290487,816547036290487,2022,54,9,576,135,3,2,,1,0.1,1.1,,2024-09-11 07:44:06,,3,1,,1,,,,1
1674850032290487,816547036290487,2022,54,9,576,180,2,2,,2,,,,2024-09-11 07:44:06,,3,,,,,,,1
1674850037290487,816547036290487,2022,54,9,576,225,4,2,,1,0.0,0.8,,2024-09-11 07:44:06,,3,1,,1,,,,1
1674850031290487,816547036290487,2022,54,9,576,270,1,2,,1,0.1,1.5,,2024-09-11 07:44:06,,3,1,,1,,,,1
1674850035290487,816547036290487,2022,54,9,576,315,3,2,,1,0.2,1.4,,2024-09-11 07:44:06,,3,1,,1,,,,1
1674850033290487,816547036290487,2022,54,9,576,360,2,2,,2,,,,2024-09-11 07:44:06,,3,,,,,,,1
1674860465290487,816547299290487,2022,54,13,1500,45,4,2,,1,0.0,0.6,,2024-09-11 07:44:06,,3,1,,1,,,,1
1674860459290487,816547299290487,2022,54,13,1500,90,1,2,,1,0.1,0.5,,2024-09-11 07:44:06,,3,1,,1,,,,1
1674860463290487,816547299290487,2022,54,13,1500,135,3,2,,1,0.1,3.1,,2024-09-11 07:44:06,,3,1,,1,,,,1
1674860461290487,816547299290487,2022,54,13,1500,180,2,2,,1,0.0,0.7,,2024-09-11 07:44:06,,3,1,,1,,,,1
1674860466290487,816547299290487,2022,54,13,1500,225,4,2,,1,0.0,1.0,,2024-09-11 07:44:06,,3,1,,1,,,,1
1674860460290487,816547299290487,2022,54,13,1500,270,1,2,,1,0.2,0.0,,2024-09-11 07:44:06,,3,1,,1,,,,1
1674860464290487,816547299290487,2022,54,13,1500,315,3,2,,1,0.1,2.4,,2024-09-11 07:44:06,,3,1,,1,,,,1
1674860462290487,816547299290487,2022,54,13,1500,360,2,2,,1,0.0,0.7,,2024-09-11 07:44:06,,3,1,,1,,,,1
1674858321290487,816547239290487,2022,54,17,2692,45,4,2,,1,0.0,1.8,,2024-09-11 07:44:06,,3,1,,1,,,,1
1674858315290487,816547239290487,2022,54,17,2692,90,1,2,,1,0.0,1.4,,2024-09-11 07:44:06,,3,1,,1,,,,1
1674858319290487,816547239290487,2022,54,17,2692,135,3,2,,1,0.0,0.8,,2024-09-11 07:44:06,,3,1,,1,,,,1
1674858317290487,816547239290487,2022,54,17,2692,180,2,2,,1,0.0,2.1,,2024-09-11 07:44:06,,3,1,,1,,,,1
1674858322290487,816547239290487,2022,54,17,2692,225,4,2,,1,0.0,1.5,,2024-09-11 07:44:06,,3,1,,1,,,,1
1674858316290487,816547239290487,2022,54,17,2692,270,1,2,,1,0.0,1.7,,2024-09-11 07:44:06,,3,1,,1,,,,1
1674858320290487,816547239290487,2022,54,17,2692,315,3,2,,1,0.0,1.0,,2024-09-11 07:44:06,,3,1,,1,,,,1
1674858318290487,816547239290487,2022,54,17,2692,360,2,2,,2,,,,2024-09-11 07:44:06,,3,,,,,,,1
1674854785290487,816547125290487,2022,54,23,2149,45,4,2,,1,,,,2024-09-11 07:44:06,,3,,,,,,,1
1674854779290487,816547125290487,2022,54,23,2149,90,1,2,,1,,,,2024-09-11 07:44:06,,3,,,,,,,1
1674854783290487,816547125290487,2022,54,23,2149,135,3,2,,1,,,,2024-09-11 07:44:06,,3,,,,,,,1
1674854781290487,816547125290487,2022,54,23,2149,180,2,2,,1,,,,2024-09-11 07:44:06,,3,,,,,,,1
1674854786290487,816547125290487,2022,54,23,2149,225,4,2,,1,,,,2024-09-11 07:44:06,,3,,,,,,,1
1674854780290487,816547125290487,2022,54,23,2149,270,1,2,,1,,,,2024-09-11 07:44:06,,3,,,,,,,1
1674854784290487,816547125290487,2022,54,23,2149,315,3,2,,1,,,,2024-09-11 07:44:06,,3,,,,,,,1
1674854782290487,816547125290487,2022,54,23,2149,360,2,2,,1,,,,2024-09-11 07:44:06,,3,,,,,,,1
1674876819290487,816547291290487,2022,54,25,353,45,4,2,2022,1,0.0,0.0,,2024-09-11 07:44:06,,3,2,,2,,,,1
1674876813290487,816547291290487,2022,54,25,353,90,1,2,2022,1,0.0,0.0,,2024-09-11 07:44:06,,3,2,,2,,,,1
1674876817290487,816547291290487,2022,54,25,353,135,3,2,2022,1,0.0,0.0,,2024-09-11 07:44:06,,3,2,,2,,,,1
1674876816290487,816547291290487,2022,54,25,353,180,2,2,2022,1,0.0,0.0,,2024-09-11 07:44:06,,3,2,,2,,,,1
1674876820290487,816547291290487,2022,54,25,353,225,4,2,2022,1,0.0,0.0,,2024-09-11 07:44:06,,3,2,,2,,,,1
1674876814290487,816547291290487,2022,54,25,353,270,1,2,2022,1,0.0,0.0,,2024-09-11 07:44:06,,3,2,,2,,,,1
1674876818290487,816547291290487,2022,54,25,353,315,3,2,2022,1,0.0,0.0,,2024-09-11 07:44:06,,3,2,,2,,,,1
1674876815290487,816547291290487,2022,54,25,353,360,2,2,2022,1,0.0,0.0,,2024-09-11 07:44:06,,3,2,,2,,,,1
1674850639290487,816547285290487,2022,54,25,580,45,4,2,,1,0.1,0.2,,2024-09-11 07:44:06,,3,1,,1,,,,1
1674850633290487,816547285290487,2022,54,25,580,90,1,2,,1,0.1,0.2,,2024-09-11 07:44:06,,3,1,,1,,,,1
1674850637290487,816547285290487,2022,54,25,580,135,3,2,,2,,,,2024-09-11 07:44:06,,3,,,,,,,1
1674850635290487,816547285290487,2022,54,25,580,180,2,2,,1,0.1,0.3,,2024-09-11 07:44:06,,3,1,,1,,,,1
1674850640290487,816547285290487,2022,54,25,580,225,4,2,,1,0.1,0.3,,2024-09-11 07:44:06,,3,1,,1,,,,1
1674850634290487,816547285290487,2022,54,25,580,270,1,2,,1,0.1,0.2,,2024-09-11 07:44:06,,3,1,,1,,,,1
1674850638290487,816547285290487,2022,54,25,580,315,3,2,,2,,,,2024-09-11 07:44:06,,3,,,,,,,1
1674850636290487,816547285290487,2022,54,25,580,360,2,2,,1,0.1,0.3,,2024-09-11 07:44:06,,3,1,,1,,,,1
1674863364290487,816547390290487,2022,54,25,2331,45,4,2,,1,0.1,0.2,,2024-09-11 07:44:06,,3,1,,1,,,,1
1674863358290487,816547390290487,2022,54,25,2331,90,1,2,,1,0.1,0.2,,2024-09-11 07:44:06,,3,1,,1,,,,1
1674863362290487,816547390290487,2022,54,25,2331,135,3,2,,2,,,,2024-09-11 07:44:06,,3,,,,,,,1
1674863360290487,816547390290487,2022,54,25,2331,180,2,2,,1,0.1,0.2,,2024-09-11 07:44:06,,3,1,,1,,,,1
1674863365290487,816547390290487,2022,54,25,2331,225,4,2,,1,0.1,0.2,,2024-09-11 07:44:06,,3,1,,1,,,,1
1674863359290487,816547390290487,2022,54,25,2331,270,1,2,,1,0.1,0.2,,2024-09-11 07:44:06,,3,1,,1,,,,1
1674863363290487,816547390290487,2022,54,25,2331,315,3,2,,1,0.1,0.2,,2024-09-11 07:44:06,,3,1,,1,,,,1
1674863361290487,816547390290487,2022,54,25,2331,360,2,2,,1,0.1,0.2,,2024-09-11 07:44:06,,3,1,,1,,,,1
1674850139290487,816547050290487,2022,54,31,1695,45,4,2,,2,2.0,2.0,,2024-09-11 07:44:06,,3,1,,1,,,,1
1674850133290487,816547050290487,2022,54,31,1695,90,1,2,,2,2.7,1.8,,2024-09-11 07:44:06,,3,1,,1,,,,1
1674850137290487,816547050290487,2022,54,31,1695,135,3,2,,2,1.5,0.5,,2024-09-11 07:44:06,,3,1,,1,,,,1
1674850135290487,816547050290487,2022,54,31,1695,180,2,2,,2,0.1,0.3,,2024-09-11 07:44:06,,3,1,,1,,,,1
1674850140290487,816547050290487,2022,54,31,1695,225,4,2,,2,1.9,2.3,,2024-09-11 07:44:06,,3,1,,1,,,,1
1674850134290487,816547050290487,2022,54,31,1695,270,1,2,,2,1.1,0.9,,2024-09-11 07:44:06,,3,1,,1,,,,1
1674850138290487,816547050290487,2022,54,31,1695,315,3,2,,2,1.2,0.8,,2024-09-11 07:44:06,,3,1,,1,,,,1
1674850136290487,816547050290487,2022,54,31,1695,360,2,2,,2,2.3,2.7,,2024-09-11 07:44:06,,3,1,,1,,,,1
1674850939290487,816547331290487,2022,54,33,830,45,4,2,,1,,,,2024-09-11 07:44:06,,3,,,,,,,1
1674850933290487,816547331290487,2022,54,33,830,90,1,2,,1,,,,2024-09-11 07:44:06,,3,,,,,,,1
1674850937290487,816547331290487,2022,54,33,830,135,3,2,,1,,,,2024-09-11 07:44:06,,3,,,,,,,1
1674850935290487,816547331290487,2022,54,33,830,180,2,2,,2,,,,2024-09-11 07:44:06,,3,,,,,,,1
1674850940290487,816547331290487,2022,54,33,830,225,4,2,,1,,,,2024-09-11 07:44:06,,3,,,,,,,1
1674850934290487,816547331290487,2022,54,33,830,270,1,2,,1,,,,2024-09-11 07:44:06,,3,,,,,,,1
1674850938290487,816547331290487,2022,54,33,830,315,3,2,,1,,,,2024-09-11 07:44:06,,3,,,,,,,1
1674850936290487,816547331290487,2022,54,33,830,360,2,2,,2,,,,2024-09-11 07:44:06,,3,,,,,,,1
1674866496290487,816547143290487,2022,54,35,949,45,4,2,,1,,,,2024-09-11 07:44:06,,3,,,,,,,1
1674866490290487,816547143290487,2022,54,35,949,90,1,2,,1,,,,2024-09-11 07:44:06,,3,,,,,,,1
1674866494290487,816547143290487,2022,54,35,949,135,3,2,,1,,,,2024-09-11 07:44:06,,3,,,,,,,1
1674866492290487,816547143290487,2022,54,35,949,180,2,2,,1,,,,2024-09-11 07:44:06,,3,,,,,,,1
1674866497290487,816547143290487,2022,54,35,949,225,4,2,,1,,,,2024-09-11 07:44:06,,3,,,,,,,1
1674866491290487,816547143290487,2022,54,35,949,270,1,2,,1,,,,2024-09-11 07:44:06,,3,,,,,,,1
1674866495290487,816547143290487,2022,54,35,949,315,3,2,,1,,,,2024-09-11 07:44:06,,3,,,,,,,1
1674866493290487,816547143290487,2022,54,35,949,360,2,2,,2,0.1,0.3,,2024-09-11 07:44:06,,3,1,,1,,,,1
1674856560290487,816547142290487,2022,54,35,1145,45,4,2,,4,,,,2024-09-11 07:44:06,,3,,,,,,,1
1674856554290487,816547142290487,2022,54,35,1145,90,1,2,,1,0.1,0.2,,2024-09-11 07:44:06,,3,1,,1,,,,1
1674856558290487,816547142290487,2022,54,35,1145,135,3,2,,1,0.1,0.8,,2024-09-11 07:44:06,,3,1,,1,,,,1
1674856556290487,816547142290487,2022,54,35,1145,180,2,2,,4,,,,2024-09-11 07:44:06,,3,,,,,,,1
1674856561290487,816547142290487,2022,54,35,1145,225,4,2,,4,,,,2024-09-11 07:44:06,,3,,,,,,,1
1674856555290487,816547142290487,2022,54,35,1145,270,1,2,,2,,,,2024-09-11 07:44:06,,3,,,,,,,1
1674856559290487,816547142290487,2022,54,35,1145,315,3,2,,3,,,,2024-09-11 07:44:06,,3,,,,,,,1
1674856557290487,816547142290487,2022,54,35,1145,360,2,2,,4,,,,2024-09-11 07:44:06,,3,,,,,,,1
1674876672290487,816547384290487,2022,54,37,544,45,4,2,2022,1,0.0,0.0,,2024-09-11 07:44:06,,3,2,,2,,,,1
1674876666290487,816547384290487,2022,54,37,544,90,1,2,2022,1,0.0,0.0,,2024-09-11 07:44:06,,3,2,,2,,,,1
1674876670290487,816547384290487,2022,54,37,544,135,3,2,2022,1,0.0,0.0,,2024-09-11 07:44:06,,3,2,,2,,,,1
1674876669290487,816547384290487,2022,54,37,544,180,2,2,2022,1,0.0,0.0,,2024-09-11 07:44:06,,3,2,,2,,,,1
1674876673290487,816547384290487,2022,54,37,544,225,4,2,2022,1,0.0,0.0,,2024-09-11 07:44:06,,3,2,,2,,,,1
1674876667290487,816547384290487,2022,54,37,544,270,1,2,2022,1,0.0,0.0,,2024-09-11 07:44:06,,3,2,,2,,,,1
1674876671290487,816547384290487,2022,54,37,544,315,3,2,2022,1,0.0,0.0,,2024-09-11 07:44:06,,3,2,,2,,,,1
1674876668290487,816547384290487,2022,54,37,544,360,2,2,2022,1,0.0,0.0,,2024-09-11 07:44:06,,3,2,,2,,,,1
1674850370290487,816547158290487,2022,54,39,210,45,4,2,,1,0.1,0.1,,2024-09-11 07:44:06,,3,1,,1,,,,1
1674850364290487,816547158290487,2022,54,39,210,90,1,2,,1,0.1,0.4,,2024-09-11 07:44:06,,3,1,,1,,,,1
1674850368290487,816547158290487,2022,54,39,210,135,3,2,,1,0.1,0.4,,2024-09-11 07:44:06,,3,1,,1,,,,1
1674850366290487,816547158290487,2022,54,39,210,180,2,2,,2,,,,2024-09-11 07:44:06,,3,,,,,,,1
1674850371290487,816547158290487,2022,54,39,210,225,4,2,,1,0.1,0.1,,2024-09-11 07:44:06,,3,1,,1,,,,1
1674850365290487,816547158290487,2022,54,39,210,270,1,2,,1,0.1,0.2,,2024-09-11 07:44:06,,3,1,,1,,,,1
1674850369290487,816547158290487,2022,54,39,210,315,3,2,,1,0.1,0.3,,2024-09-11 07:44:06,,3,1,,1,,,,1
1674850367290487,816547158290487,2022,54,39,210,360,2,2,,2,,,,2024-09-11 07:44:06,,3,,,,,,,1
1674855544290487,816547170290487,2022,54,39,791,45,4,2,,1,0.1,0.3,,2024-09-11 07:44:06,,3,1,,1,,,,1
1674855538290487,816547170290487,2022,54,39,791,90,1,2,,1,0.1,0.2,,2024-09-11 07:44:06,,3,1,,1,,,,1
1674855542290487,816547170290487,2022,54,39,791,135,3,2,,1,0.1,0.1,,2024-09-11 07:44:06,,3,1,,1,,,,1
1674855540290487,816547170290487,2022,54,39,791,180,2,2,,1,0.1,0.4,,2024-09-11 07:44:06,,3,1,,1,,,,1
1674855545290487,816547170290487,2022,54,39,791,225,4,2,,1,0.1,0.2,,2024-09-11 07:44:06,,3,1,,1,,,,1
1674855539290487,816547170290487,2022,54,39,791,270,1,2,,1,0.1,0.3,,2024-09-11 07:44:06,,3,1,,1,,,,1
1674855543290487,816547170290487,2022,54,39,791,315,3,2,,1,0.1,0.3,,2024-09-11 07:44:06,,3,1,,1,,,,1
1674855541290487,816547170290487,2022,54,39,791,360,2,2,,1,0.1,0.4,,2024-09-11 07:44:06,,3,1,,1,,,,1
1674861599290487,816547339290487,2022,54,41,2378,45,4,2,,1,3.0,0.6,,2024-09-11 07:44:06,,3,1,,1,,,,1
1674861593290487,816547339290487,2022,54,41,2378,90,1,2,,1,0.1,1.1,,2024-09-11 07:44:06,,3,1,,1,,,,1
1674861597290487,816547339290487,2022,54,41,2378,135,3,2,,1,0.9,0.5,,2024-09-11 07:44:06,,3,1,,1,,,,1
1674861595290487,816547339290487,2022,54,41,2378,180,2,2,,1,0.2,0.5,,2024-09-11 07:44:06,,3,1,,1,,,,1
1674861600290487,816547339290487,2022,54,41,2378,225,4,2,,1,2.1,1.6,,2024-09-11 07:44:06,,3,1,,1,,,,1
1674861594290487,816547339290487,2022,54,41,2378,270,1,2,,1,0.9,0.9,,2024-09-11 07:44:06,,3,1,,1,,,,1
1674861598290487,816547339290487,2022,54,41,2378,315,3,2,,1,0.0,0.4,,2024-09-11 07:44:06,,3,1,,1,,,,1
1674861596290487,816547339290487,2022,54,41,2378,360,2,2,,1,0.2,0.9,,2024-09-11 07:44:06,,3,1,,1,,,,1
1674852724290487,816547051290487,2022,54,43,235,45,4,2,,1,,,,2024-09-11 07:44:06,,3,,,,,,,1
1674852718290487,816547051290487,2022,54,43,235,90,1,2,,1,,,,2024-09-11 07:44:06,,3,,,,,,,1
1674852722290487,816547051290487,2022,54,43,235,135,3,2,,1,,,,2024-09-11 07:44:06,,3,,,,,,,1
1674852720290487,816547051290487,2022,54,43,235,180,2,2,,2,0.1,0.2,,2024-09-11 07:44:06,,3,1,,1,,,,1
1674852725290487,816547051290487,2022,54,43,235,225,4,2,,1,,,,2024-09-11 07:44:06,,3,,,,,,,1
1674852719290487,816547051290487,2022,54,43,235,270,1,2,,1,,,,2024-09-11 07:44:06,,3,,,,,,,1
1674852723290487,816547051290487,2022,54,43,235,315,3,2,,1,,,,2024-09-11 07:44:06,,3,,,,,,,1
1674852721290487,816547051290487,2022,54,43,235,360,2,2,,2,0.1,0.3,,2024-09-11 07:44:06,,3,1,,1,,,,1
1674850905290487,816547218290487,2022,54,47,2474,45,4,2,,1,0.1,0.3,,2024-09-11 07:44:06,,3,1,,1,,,,1
1674850899290487,816547218290487,2022,54,47,2474,90,1,2,,1,0.1,0.3,,2024-09-11 07:44:06,,3,1,,1,,,,1
1674850903290487,816547218290487,2022,54,47,2474,135,3,2,,1,0.1,0.3,,2024-09-11 07:44:06,,3,1,,1,,,,1
1674850901290487,816547218290487,2022,54,47,2474,180,2,2,,1,0.1,0.3,,2024-09-11 07:44:06,,3,1,,1,,,,1
1674850906290487,816547218290487,2022,54,47,2474,225,4,2,,1,0.1,0.3,,2024-09-11 07:44:06,,3,1,,1,,,,1
1674850900290487,816547218290487,2022,54,47,2474,270,1,2,,1,0.1,0.3,,2024-09-11 07:44:06,,3,1,,1,,,,1
1674850904290487,816547218290487,2022,54,47,2474,315,3,2,,1,0.1,0.4,,2024-09-11 07:44:06,,3,1,,1,,,,1
1674850902290487,816547218290487,2022,54,47,2474,360,2,2,,1,0.1,0.3,,2024-09-11 07:44:06,,3,1,,1,,,,1
1674859141290487,816547260290487,2022,54,53,532,45,4,2,,4,,,,2024-09-11 07:44:06,,3,,,,,,,1
1674859135290487,816547260290487,2022,54,53,532,90,1,2,,1,,,,2024-09-11 07:44:06,,3,,,,,,,1
1674859139290487,816547260290487,2022,54,53,532,135,3,2,,3,0.1,0.2,,2024-09-11 07:44:06,,3,1,,1,,,,1
1674859137290487,816547260290487,2022,54,53,532,180,2,2,,2,,,,2024-09-11 07:44:06,,3,,,,,,,1
1674859142290487,816547260290487,2022,54,53,532,225,4,2,,4,,,,2024-09-11 07:44:06,,3,,,,,,,1
1674859136290487,816547260290487,2022,54,53,532,270,1,2,,1,,,,2024-09-11 07:44:06,,3,,,,,,,1
1674859140290487,816547260290487,2022,54,53,532,315,3,2,,3,0.1,0.1,,2024-09-11 07:44:06,,3,1,,1,,,,1
1674859138290487,816547260290487,2022,54,53,532,360,2,2,,2,,,,2024-09-11 07:44:06,,3,,,,,,,1
1674861164290487,816547323290487,2022,54,55,737,45,4,2,,2,0.1,0.1,,2024-09-11 07:44:06,,3,1,,1,,,,1
1674861158290487,816547323290487,2022,54,55,737,90,1,2,,1,0.1,0.2,,2024-09-11 07:44:06,,3,1,,1,,,,1
1674861162290487,816547323290487,2022,54,55,737,135,3,2,,1,0.1,0.2,,2024-09-11 07:44:06,,3,1,,1,,,,1
1674861160290487,816547323290487,2022,54,55,737,180,2,2,,1,0.1,0.4,,2024-09-11 07:44:06,,3,1,,1,,,,1
1674861165290487,816547323290487,2022,54,55,737,225,4,2,,2,0.1,0.1,,2024-09-11 07:44:06,,3,1,,1,,,,1
1674861159290487,816547323290487,2022,54,55,737,270,1,2,,1,0.1,0.1,,2024-09-11 07:44:06,,3,1,,1,,,,1
1674861163290487,816547323290487,2022,54,55,737,315,3,2,,1,0.1,0.1,,2024-09-11 07:44:06,,3,1,,1,,,,1
1674861161290487,816547323290487,2022,54,55,737,360,2,2,,1,0.1,0.6,,2024-09-11 07:44:06,,3,1,,1,,,,1
1674850812290487,816547181290487,2022,54,59,1096,45,4,2,,2,0.1,0.3,,2024-09-11 07:44:06,,3,1,,1,,,,1
1674850806290487,816547181290487,2022,54,59,1096,90,1,2,,1,,,,2024-09-11 07:44:06,,3,,,,,,,1
1674850810290487,816547181290487,2022,54,59,1096,135,3,2,,2,0.1,0.5,,2024-09-11 07:44:06,,3,1,,1,,,,1
1674850808290487,816547181290487,2022,54,59,1096,180,2,2,,2,0.1,0.2,,2024-09-11 07:44:06,,3,1,,1,,,,1
1674850813290487,816547181290487,2022,54,59,1096,225,4,2,,2,0.1,0.6,,2024-09-11 07:44:06,,3,1,,1,,,,1
1674850807290487,816547181290487,2022,54,59,1096,270,1,2,,1,,,,2024-09-11 07:44:06,,3,,,,,,,1
1674850811290487,816547181290487,2022,54,59,1096,315,3,2,,2,0.1,0.4,,2024-09-11 07:44:06,,3,1,,1,,,,1
1674850809290487,816547181290487,2022,54,59,1096,360,2,2,,2,0.1,0.6,,2024-09-11 07:44:06,,3,1,,1,,,,1
1674856887290487,816547153290487,2022,54,59,1186,45,4,2,,1,,,,2024-09-11 07:44:06,,3,,,,,,,1
1674856881290487,816547153290487,2022,54,59,1186,90,1,2,,1,,,,2024-09-11 07:44:06,,3,,,,,,,1
1674856885290487,816547153290487,2022,54,59,1186,135,3,2,,1,,,,2024-09-11 07:44:06,,3,,,,,,,1
1674856883290487,816547153290487,2022,54,59,1186,180,2,2,,1,,,,2024-09-11 07:44:06,,3,,,,,,,1
1674856888290487,816547153290487,2022,54,59,1186,225,4,2,,1,,,,2024-09-11 07:44:06,,3,,,,,,,1
1674856882290487,816547153290487,2022,54,59,1186,270,1,2,,1,,,,2024-09-11 07:44:06,,3,,,,,,,1
1674856886290487,816547153290487,2022,54,59,1186,315,3,2,,1,,,,2024-09-11 07:44:06,,3,,,,,,,1
1674856884290487,816547153290487,2022,54,59,1186,360,2,2,,1,,,,2024-09-11 07:44:06,,3,,,,,,,1
1674851021290487,816547356290487,2022,54,67,862,45,4,2,,1,0.1,0.5,,2024-09-11 07:44:06,,3,1,,1,,,,1
1674851015290487,816547356290487,2022,54,67,862,90,1,2,,1,0.1,0.4,,2024-09-11 07:44:06,,3,1,,1,,,,1
1674851019290487,816547356290487,2022,54,67,862,135,3,2,,1,0.1,0.4,,2024-09-11 07:44:06,,3,1,,1,,,,1
1674851017290487,816547356290487,2022,54,67,862,180,2,2,,1,0.1,0.3,,2024-09-11 07:44:06,,3,1,,1,,,,1
1674851022290487,816547356290487,2022,54,67,862,225,4,2,,1,0.1,0.4,,2024-09-11 07:44:06,,3,1,,1,,,,1
1674851016290487,816547356290487,2022,54,67,862,270,1,2,,1,0.1,0.7,,2024-09-11 07:44:06,,3,1,,1,,,,1
1674851020290487,816547356290487,2022,54,67,862,315,3,2,,1,0.1,0.8,,2024-09-11 07:44:06,,3,1,,1,,,,1
1674851018290487,816547356290487,2022,54,67,862,360,2,2,,1,0.1,0.4,,2024-09-11 07:44:06,,3,1,,1,,,,1
1674852921290487,816547059290487,2022,54,67,2152,45,4,2,,3,,,,2024-09-11 07:44:06,,3,,,,,,,1
1674852915290487,816547059290487,2022,54,67,2152,90,1,2,,1,0.1,0.5,,2024-09-11 07:44:06,,3,1,,1,,,,1
1674852919290487,816547059290487,2022,54,67,2152,135,3,2,,2,0.1,0.3,,2024-09-11 07:44:06,,3,1,,1,,,,1
1674852917290487,816547059290487,2022,54,67,2152,180,2,2,,1,0.1,0.3,,2024-09-11 07:44:06,,3,1,,1,,,,1
1674852922290487,816547059290487,2022,54,67,2152,225,4,2,,1,0.1,0.4,,2024-09-11 07:44:06,,3,1,,1,,,,1
1674852916290487,816547059290487,2022,54,67,2152,270,1,2,,1,0.1,0.1,,2024-09-11 07:44:06,,3,1,,1,,,,1
1674852920290487,816547059290487,2022,54,67,2152,315,3,2,,2,0.1,0.2,,2024-09-11 07:44:06,,3,1,,1,,,,1
1674852918290487,816547059290487,2022,54,67,2152,360,2,2,,1,0.1,0.2,,2024-09-11 07:44:06,,3,1,,1,,,,1
1674854692290487,816547120290487,2022,54,71,1818,45,4,2,,1,,,,2024-09-11 07:44:06,,3,,,,,,,1
1674854686290487,816547120290487,2022,54,71,1818,90,1,2,,1,,,,2024-09-11 07:44:06,,3,,,,,,,1
1674854690290487,816547120290487,2022,54,71,1818,135,3,2,,1,,,,2024-09-11 07:44:06,,3,,,,,,,1
1674854688290487,816547120290487,2022,54,71,1818,180,2,2,,1,,,,2024-09-11 07:44:06,,3,,,,,,,1
1674854693290487,816547120290487,2022,54,71,1818,225,4,2,,1,,,,2024-09-11 07:44:06,,3,,,,,,,1
1674854687290487,816547120290487,2022,54,71,1818,270,1,2,,1,,,,2024-09-11 07:44:06,,3,,,,,,,1
1674854691290487,816547120290487,2022,54,71,1818,315,3,2,,1,,,,2024-09-11 07:44:06,,3,,,,,,,1
1674854689290487,816547120290487,2022,54,71,1818,360,2,2,,1,,,,2024-09-11 07:44:06,,3,,,,,,,1
1674862468290487,816547360290487,2022,54,71,2100,45,4,2,,1,0.1,0.2,,2024-09-11 07:44:06,,3,1,,1,,,,1
1674862462290487,816547360290487,2022,54,71,2100,90,1,2,,1,0.1,0.4,,2024-09-11 07:44:06,,3,1,,1,,,,1
1674862466290487,816547360290487,2022,54,71,2100,135,3,2,,1,0.1,0.6,,2024-09-11 07:44:06,,3,1,,1,,,,1
1674862464290487,816547360290487,2022,54,71,2100,180,2,2,,1,0.1,0.3,,2024-09-11 07:44:06,,3,1,,1,,,,1
1674862469290487,816547360290487,2022,54,71,2100,225,4,2,,1,0.1,0.3,,2024-09-11 07:44:06,,3,1,,1,,,,1
1674862463290487,816547360290487,2022,54,71,2100,270,1,2,,1,0.1,0.2,,2024-09-11 07:44:06,,3,1,,1,,,,1
1674862467290487,816547360290487,2022,54,71,2100,315,3,2,,1,0.1,0.2,,2024-09-11 07:44:06,,3,1,,1,,,,1
1674862465290487,816547360290487,2022,54,71,2100,360,2,2,,1,0.1,0.2,,2024-09-11 07:44:06,,3,1,,1,,,,1
1674857508290487,816547208290487,2022,54,73,1164,45,4,2,,1,,,,2024-09-11 07:44:06,,3,,,,,,,1
1674857502290487,816547208290487,2022,54,73,1164,90,1,2,,1,,,,2024-09-11 07:44:06,,3,,,,,,,1
1674857506290487,816547208290487,2022,54,73,1164,135,3,2,,1,,,,2024-09-11 07:44:06,,3,,,,,,,1
1674857504290487,816547208290487,2022,54,73,1164,180,2,2,,1,,,,2024-09-11 07:44:06,,3,,,,,,,1
1674857509290487,816547208290487,2022,54,73,1164,225,4,2,,1,,,,2024-09-11 07:44:06,,3,,,,,,,1
1674857503290487,816547208290487,2022,54,73,1164,270,1,2,,1,,,,2024-09-11 07:44:06,,3,,,,,,,1
1674857507290487,816547208290487,2022,54,73,1164,315,3,2,,1,,,,2024-09-11 07:44:06,,3,,,,,,,1
1674857505290487,816547208290487,2022,54,73,1164,360,2,2,,1,,,,2024-09-11 07:44:06,,3,,,,,,,1
1674861949290487,816547346290487,2022,54,75,2059,45,4,2,,1,0.1,0.3,,2024-09-11 07:44:06,,3,1,,1,,,,1
1674861943290487,816547346290487,2022,54,75,2059,90,1,2,,1,0.2,1.1,,2024-09-11 07:44:06,,3,1,,1,,,,1
1674861947290487,816547346290487,2022,54,75,2059,135,3,2,,1,0.2,0.7,,2024-09-11 07:44:06,,3,1,,1,,,,1
1674861945290487,816547346290487,2022,54,75,2059,180,2,2,,1,0.1,0.5,,2024-09-11 07:44:06,,3,1,,1,,,,1
1674861950290487,816547346290487,2022,54,75,2059,225,4,2,,1,0.1,0.5,,2024-09-11 07:44:06,,3,1,,1,,,,1
1674861944290487,816547346290487,2022,54,75,2059,270,1,2,,1,0.2,0.8,,2024-09-11 07:44:06,,3,1,,1,,,,1
1674861948290487,816547346290487,2022,54,75,2059,315,3,2,,1,0.2,0.8,,2024-09-11 07:44:06,,3,1,,1,,,,1
1674861946290487,816547346290487,2022,54,75,2059,360,2,2,,1,0.1,0.4,,2024-09-11 07:44:06,,3,1,,1,,,,1
1674853479290487,816547084290487,2022,54,75,2161,45,4,2,,1,0.1,1.1,,2024-09-11 07:44:06,,3,1,,1,,,,1
1674853473290487,816547084290487,2022,54,75,2161,90,1,2,,1,0.1,0.4,,2024-09-11 07:44:06,,3,1,,1,,,,1
1674853477290487,816547084290487,2022,54,75,2161,135,3,2,,1,0.1,0.4,,2024-09-11 07:44:06,,3,1,,1,,,,1
1674853475290487,816547084290487,2022,54,75,2161,180,2,2,,1,0.1,0.4,,2024-09-11 07:44:06,,3,1,,1,,,,1
1674853480290487,816547084290487,2022,54,75,2161,225,4,2,,1,0.1,0.7,,2024-09-11 07:44:06,,3,1,,1,,,,1
1674853474290487,816547084290487,2022,54,75,2161,270,1,2,,1,0.2,1.2,,2024-09-11 07:44:06,,3,1,,1,,,,1
1674853478290487,816547084290487,2022,54,75,2161,315,3,2,,2,,,,2024-09-11 07:44:06,,3,,,,,,,1
1674853476290487,816547084290487,2022,54,75,2161,360,2,2,,1,0.1,0.2,,2024-09-11 07:44:06,,3,1,,1,,,,1
1674851548290487,816547020290487,2022,54,77,1886,45,4,2,,1,3.2,1.6,,2024-09-11 07:44:06,,3,1,,1,,,,1
1674851542290487,816547020290487,2022,54,77,1886,90,1,2,,1,1.5,1.2,,2024-09-11 07:44:06,,3,1,,1,,,,1
1674851546290487,816547020290487,2022,54,77,1886,135,3,2,,1,3.4,1.7,,2024-09-11 07:44:06,,3,1,,1,,,,1
1674851544290487,816547020290487,2022,54,77,1886,180,2,2,,1,2.5,1.0,,2024-09-11 07:44:06,,3,1,,1,,,,1
1674851549290487,816547020290487,2022,54,77,1886,225,4,2,,1,4.1,2.3,,2024-09-11 07:44:06,,3,1,,1,,,,1
1674851543290487,816547020290487,2022,54,77,1886,270,1,2,,1,2.2,1.6,,2024-09-11 07:44:06,,3,1,,1,,,,1
1674851547290487,816547020290487,2022,54,77,1886,315,3,2,,1,1.5,0.5,,2024-09-11 07:44:06,,3,1,,1,,,,1
1674851545290487,816547020290487,2022,54,77,1886,360,2,2,,1,2.5,2.0,,2024-09-11 07:44:06,,3,1,,1,,,,1
1674849361290487,816547387290487,2022,54,79,1640,45,4,2,,1,,,,2024-09-11 07:44:06,,3,,,,,,,1
1674849355290487,816547387290487,2022,54,79,1640,90,1,2,,1,,,,2024-09-11 07:44:06,,3,,,,,,,1
1674849359290487,816547387290487,2022,54,79,1640,135,3,2,,2,0.1,0.4,,2024-09-11 07:44:06,,3,1,,1,,,,1
1674849357290487,816547387290487,2022,54,79,1640,180,2,2,,1,,,,2024-09-11 07:44:06,,3,,,,,,,1
1674849362290487,816547387290487,2022,54,79,1640,225,4,2,,1,,,,2024-09-11 07:44:06,,3,,,,,,,1
1674849356290487,816547387290487,2022,54,79,1640,270,1,2,,1,,,,2024-09-11 07:44:06,,3,,,,,,,1
1674849360290487,816547387290487,2022,54,79,1640,315,3,2,,2,0.1,0.3,,2024-09-11 07:44:06,,3,1,,1,,,,1
1674849358290487,816547387290487,2022,54,79,1640,360,2,2,,1,,,,2024-09-11 07:44:06,,3,,,,,,,1
1674850671290487,816547071290487,2022,54,81,1027,45,4,2,,1,,,,2024-09-11 07:44:06,,3,,,,,,,1
1674850665290487,816547071290487,2022,54,81,1027,90,1,2,,1,,,,2024-09-11 07:44:06,,3,,,,,,,1
1674850669290487,816547071290487,2022,54,81,1027,135,3,2,,1,,,,2024-09-11 07:44:06,,3,,,,,,,1
1674850667290487,816547071290487,2022,54,81,1027,180,2,2,,1,,,,2024-09-11 07:44:06,,3,,,,,,,1
1674850672290487,816547071290487,2022,54,81,1027,225,4,2,,1,,,,2024-09-11 07:44:06,,3,,,,,,,1
1674850666290487,816547071290487,2022,54,81,1027,270,1,2,,1,,,,2024-09-11 07:44:06,,3,,,,,,,1
1674850670290487,816547071290487,2022,54,81,1027,315,3,2,,1,,,,2024-09-11 07:44:06,,3,,,,,,,1
1674850668290487,816547071290487,2022,54,81,1027,360,2,2,,1,,,,2024-09-11 07:44:06,,3,,,,,,,1
1674852472290487,816547046290487,2022,54,83,15,45,4,2,,1,1.7,1.2,,2024-09-11 07:44:06,,3,1,,1,,,,1
1674852466290487,816547046290487,2022,54,83,15,90,1,2,,1,1.2,0.9,,2024-09-11 07:44:06,,3,1,,1,,,,1
1674852470290487,816547046290487,2022,54,83,15,135,3,2,,1,0.4,0.5,,2024-09-11 07:44:06,,3,1,,1,,,,1
1674852468290487,816547046290487,2022,54,83,15,180,2,2,,1,1.5,0.4,,2024-09-11 07:44:06,,3,1,,1,,,,1
1674852473290487,816547046290487,2022,54,83,15,225,4,2,,1,0.0,0.1,,2024-09-11 07:44:06,,3,1,,1,,,,1
1674852467290487,816547046290487,2022,54,83,15,270,1,2,,1,1.9,1.4,,2024-09-11 07:44:06,,3,1,,1,,,,1
1674852471290487,816547046290487,2022,54,83,15,315,3,2,,1,0.1,0.2,,2024-09-11 07:44:06,,3,1,,1,,,,1
1674852469290487,816547046290487,2022,54,83,15,360,2,2,,1,1.5,2.5,,2024-09-11 07:44:06,,3,1,,1,,,,1
1674849497290487,816547131290487,2022,54,83,1714,45,4,2,,1,,,,2024-09-11 07:44:06,,3,,,,,,,1
1674849491290487,816547131290487,2022,54,83,1714,90,1,2,,1,,,,2024-09-11 07:44:06,,3,,,,,,,1
1674849495290487,816547131290487,2022,54,83,1714,135,3,2,,1,,,,2024-09-11 07:44:06,,3,,,,,,,1
1674849493290487,816547131290487,2022,54,83,1714,180,2,2,,1,,,,2024-09-11 07:44:06,,3,,,,,,,1
1674849498290487,816547131290487,2022,54,83,1714,225,4,2,,1,,,,2024-09-11 07:44:06,,3,,,,,,,1
1674849492290487,816547131290487,2022,54,83,1714,270,1,2,,1,,,,2024-09-11 07:44:06,,3,,,,,,,1
1674849496290487,816547131290487,2022,54,83,1714,315,3,2,,1,,,,2024-09-11 07:44:06,,3,,,,,,,1
1674849494290487,816547131290487,2022,54,83,1714,360,2,2,,1,,,,2024-09-11 07:44:06,,3,,,,,,,1
1674858619290487,816547247290487,2022,54,89,2113,45,4,2,,1,,,,2024-09-11 07:44:06,,3,,,,,,,1
1674858613290487,816547247290487,2022,54,89,2113,90,1,2,,1,,,,2024-09-11 07:44:06,,3,,,,,,,1
1674858617290487,816547247290487,2022,54,89,2113,135,3,2,,1,,,,2024-09-11 07:44:06,,3,,,,,,,1
1674858615290487,816547247290487,2022,54,89,2113,180,2,2,,1,,,,2024-09-11 07:44:06,,3,,,,,,,1
1674858620290487,816547247290487,2022,54,89,2113,225,4,2,,1,,,,2024-09-11 07:44:06,,3,,,,,,,1
1674858614290487,816547247290487,2022,54,89,2113,270,1,2,,1,,,,2024-09-11 07:44:06,,3,,,,,,,1
1674858618290487,816547247290487,2022,54,89,2113,315,3,2,,1,,,,2024-09-11 07:44:06,,3,,,,,,,1
1674858616290487,816547247290487,2022,54,89,2113,360,2,2,,1,,,,2024-09-11 07:44:06,,3,,,,,,,1
1674850549290487,816547250290487,2022,54,89,2394,45,4,2,,1,0.1,0.6,,2024-09-11 07:44:06,,3,1,,1,,,,1
1674850543290487,816547250290487,2022,54,89,2394,90,1,2,,1,0.1,0.5,,2024-09-11 07:44:06,,3,1,,1,,,,1
1674850547290487,816547250290487,2022,54,89,2394,135,3,2,,1,0.1,0.4,,2024-09-11 07:44:06,,3,1,,1,,,,1
1674850545290487,816547250290487,2022,54,89,2394,180,2,2,,1,0.1,0.5,,2024-09-11 07:44:06,,3,1,,1,,,,1
1674850550290487,816547250290487,2022,54,89,2394,225,4,2,,1,0.1,0.6,,2024-09-11 07:44:06,,3,1,,1,,,,1
1674850544290487,816547250290487,2022,54,89,2394,270,1,2,,1,0.1,1.3,,2024-09-11 07:44:06,,3,1,,1,,,,1
1674850548290487,816547250290487,2022,54,89,2394,315,3,2,,1,0.1,0.7,,2024-09-11 07:44:06,,3,1,,1,,,,1
1674850546290487,816547250290487,2022,54,89,2394,360,2,2,,1,0.1,0.7,,2024-09-11 07:44:06,,3,1,,1,,,,1
1674866632290487,816547317290487,2022,54,91,1873,45,4,2,,1,0.0,1.0,,2024-09-11 07:44:06,,3,1,,1,,,,1
1674866626290487,816547317290487,2022,54,91,1873,90,1,2,,1,1.7,3.0,,2024-09-11 07:44:06,,3,1,,1,,,,1
1674866630290487,816547317290487,2022,54,91,1873,135,3,2,,3,,,,2024-09-11 07:44:06,,3,,,,,,,1
1674866628290487,816547317290487,2022,54,91,1873,180,2,2,,1,0.5,1.5,,2024-09-11 07:44:06,,3,1,,1,,,,1
1674866633290487,816547317290487,2022,54,91,1873,225,4,2,,1,0.5,0.6,,2024-09-11 07:44:06,,3,1,,1,,,,1
1674866627290487,816547317290487,2022,54,91,1873,270,1,2,,1,0.8,1.0,,2024-09-11 07:44:06,,3,1,,1,,,,1
1674866631290487,816547317290487,2022,54,91,1873,315,3,2,,3,,,,2024-09-11 07:44:06,,3,,,,,,,1
1674866629290487,816547317290487,2022,54,91,1873,360,2,2,,1,0.1,0.5,,2024-09-11 07:44:06,,3,1,,1,,,,1
1674854293290487,816547109290487,2022,54,93,668,45,4,2,,1,0.2,1.1,,2024-09-11 07:44:06,,3,1,,1,,,,1
1674854287290487,816547109290487,2022,54,93,668,90,1,2,,1,0.1,2.6,,2024-09-11 07:44:06,,3,1,,1,,,,1
1674854291290487,816547109290487,2022,54,93,668,135,3,2,,1,0.0,1.0,,2024-09-11 07:44:06,,3,1,,1,,,,1
1674854289290487,816547109290487,2022,54,93,668,180,2,2,,1,0.6,1.8,,2024-09-11 07:44:06,,3,1,,1,,,,1
1674854294290487,816547109290487,2022,54,93,668,225,4,2,,1,0.1,0.7,,2024-09-11 07:44:06,,3,1,,1,,,,1
1674854288290487,816547109290487,2022,54,93,668,270,1,2,,1,1.0,1.0,,2024-09-11 07:44:06,,3,1,,1,,,,1
1674854292290487,816547109290487,2022,54,93,668,315,3,2,,1,0.0,0.1,,2024-09-11 07:44:06,,3,1,,1,,,,1
1674854290290487,816547109290487,2022,54,93,668,360,2,2,,1,0.1,2.1,,2024-09-11 07:44:06,,3,1,,1,,,,1
1674856101290487,816547190290487,2022,54,99,1933,45,4,2,,1,0.1,0.1,,2024-09-11 07:44:06,,3,1,,1,,,,1
1674856095290487,816547190290487,2022,54,99,1933,90,1,2,,1,0.1,0.3,,2024-09-11 07:44:06,,3,1,,1,,,,1
1674856099290487,816547190290487,2022,54,99,1933,135,3,2,,1,0.1,0.5,,2024-09-11 07:44:06,,3,1,,1,,,,1
1674856097290487,816547190290487,2022,54,99,1933,180,2,2,,1,0.1,0.3,,2024-09-11 07:44:06,,3,1,,1,,,,1
1674856102290487,816547190290487,2022,54,99,1933,225,4,2,,1,0.1,0.3,,2024-09-11 07:44:06,,3,1,,1,,,,1
1674856096290487,816547190290487,2022,54,99,1933,270,1,2,,1,0.1,0.3,,2024-09-11 07:44:06,,3,1,,1,,,,1
1674856100290487,816547190290487,2022,54,99,1933,315,3,2,,1,0.1,0.3,,2024-09-11 07:44:06,,3,1,,1,,,,1
1674856098290487,816547190290487,2022,54,99,1933,360,2,2,,1,0.1,0.4,,2024-09-11 07:44:06,,3,1,,1,,,,1
1674859460290487,816547269290487,2022,54,101,1529,45,4,2,,1,0.1,0.5,,2024-09-11 07:44:06,,3,1,,1,,,,1
1674859454290487,816547269290487,2022,54,101,1529,90,1,2,,1,0.1,0.4,,2024-09-11 07:44:06,,3,1,,1,,,,1
1674859458290487,816547269290487,2022,54,101,1529,135,3,2,,1,0.4,0.2,,2024-09-11 07:44:06,,3,1,,1,,,,1
1674859456290487,816547269290487,2022,54,101,1529,180,2,2,,1,0.1,0.4,,2024-09-11 07:44:06,,3,1,,1,,,,1
1674859461290487,816547269290487,2022,54,101,1529,225,4,2,,1,0.1,0.5,,2024-09-11 07:44:06,,3,1,,1,,,,1
1674859455290487,816547269290487,2022,54,101,1529,270,1,2,,1,0.5,0.1,,2024-09-11 07:44:06,,3,1,,1,,,,1
1674859459290487,816547269290487,2022,54,101,1529,315,3,2,,1,0.4,0.2,,2024-09-11 07:44:06,,3,1,,1,,,,1
1674859457290487,816547269290487,2022,54,101,1529,360,2,2,,1,0.1,0.1,,2024-09-11 07:44:06,,3,1,,1,,,,1
1674857142290487,816547197290487,2022,54,103,380,45,4,2,,2,,,,2024-09-11 07:44:06,,3,,,,,,,1
1674857136290487,816547197290487,2022,54,103,380,90,1,2,,1,0.1,0.2,,2024-09-11 07:44:06,,3,1,,1,,,,1
1674857140290487,816547197290487,2022,54,103,380,135,3,2,,2,,,,2024-09-11 07:44:06,,3,,,,,,,1
1674857138290487,816547197290487,2022,54,103,380,180,2,2,,1,0.1,0.3,,2024-09-11 07:44:06,,3,1,,1,,,,1
1674857143290487,816547197290487,2022,54,103,380,225,4,2,,2,,,,2024-09-11 07:44:06,,3,,,,,,,1
1674857137290487,816547197290487,2022,54,103,380,270,1,2,,1,0.1,0.4,,2024-09-11 07:44:06,,3,1,,1,,,,1
1674857141290487,816547197290487,2022,54,103,380,315,3,2,,2,,,,2024-09-11 07:44:06,,3,,,,,,,1
1674857139290487,816547197290487,2022,54,103,380,360,2,2,,1,0.1,0.2,,2024-09-11 07:44:06,,3,1,,1,,,,1
1674876650290487,816547076290487,2022,54,103,615,45,4,2,2022,1,0.0,0.0,,2024-09-11 07:44:06,,3,2,,2,,,,1
1674876644290487,816547076290487,2022,54,103,615,90,1,2,2022,1,0.0,0.0,,2024-09-11 07:44:06,,3,2,,2,,,,1
1674876648290487,816547076290487,2022,54,103,615,135,3,2,2022,1,0.0,0.0,,2024-09-11 07:44:06,,3,2,,2,,,,1
1674876647290487,816547076290487,2022,54,103,615,180,2,2,2022,1,0.0,0.0,,2024-09-11 07:44:06,,3,2,,2,,,,1
1674876651290487,816547076290487,2022,54,103,615,225,4,2,2022,1,0.0,0.0,,2024-09-11 07:44:06,,3,2,,2,,,,1
1674876645290487,816547076290487,2022,54,103,615,270,1,2,2022,1,0.0,0.0,,2024-09-11 07:44:06,,3,2,,2,,,,1
1674876649290487,816547076290487,2022,54,103,615,315,3,2,2022,1,0.0,0.0,,2024-09-11 07:44:06,,3,2,,2,,,,1
1674876646290487,816547076290487,2022,54,103,615,360,2,2,2022,1,0.0,0.0,,2024-09-11 07:44:06,,3,2,,2,,,,1
1674850734290487,816547077290487,2022,54,103,3601,45,4,2,,1,,,,2024-09-11 07:44:06,,3,,,,,,,1
1674850728290487,816547077290487,2022,54,103,3601,90,1,2,,1,,,,2024-09-11 07:44:06,,3,,,,,,,1
1674850732290487,816547077290487,2022,54,103,3601,135,3,2,,1,,,,2024-09-11 07:44:06,,3,,,,,,,1
1674850730290487,816547077290487,2022,54,103,3601,180,2,2,,1,,,,2024-09-11 07:44:06,,3,,,,,,,1
1674850735290487,816547077290487,2022,54,103,3601,225,4,2,,1,,,,2024-09-11 07:44:06,,3,,,,,,,1
1674850729290487,816547077290487,2022,54,103,3601,270,1,2,,1,,,,2024-09-11 07:44:06,,3,,,,,,,1
1674850733290487,816547077290487,2022,54,103,3601,315,3,2,,1,,,,2024-09-11 07:44:06,,3,,,,,,,1
1674850731290487,816547077290487,2022,54,103,3601,360,2,2,,1,,,,2024-09-11 07:44:06,,3,,,,,,,1
1674859691290487,816547274290487,2022,54,105,514,45,4,2,,2,0.1,0.9,,2024-09-11 07:44:06,,3,1,,1,,,,1
1674859685290487,816547274290487,2022,54,105,514,90,1,2,,1,,,,2024-09-11 07:44:06,,3,,,,,,,1
1674859689290487,816547274290487,2022,54,105,514,135,3,2,,1,,,,2024-09-11 07:44:06,,3,,,,,,,1
1674859687290487,816547274290487,2022,54,105,514,180,2,2,,1,,,,2024-09-11 07:44:06,,3,,,,,,,1
1674859692290487,816547274290487,2022,54,105,514,225,4,2,,2,0.1,0.4,,2024-09-11 07:44:06,,3,1,,1,,,,1
1674859686290487,816547274290487,2022,54,105,514,270,1,2,,1,,,,2024-09-11 07:44:06,,3,,,,,,,1
1674859690290487,816547274290487,2022,54,105,514,315,3,2,,1,,,,2024-09-11 07:44:06,,3,,,,,,,1
1674859688290487,816547274290487,2022,54,105,514,360,2,2,,1,,,,2024-09-11 07:44:06,,3,,,,,,,1
1674849895290487,816547220290487,2022,54,107,762,45,4,2,,1,,,,2024-09-11 07:44:06,,3,,,,,,,1
1674849889290487,816547220290487,2022,54,107,762,90,1,2,,1,,,,2024-09-11 07:44:06,,3,,,,,,,1
1674849893290487,816547220290487,2022,54,107,762,135,3,2,,1,,,,2024-09-11 07:44:06,,3,,,,,,,1
1674849891290487,816547220290487,2022,54,107,762,180,2,2,,1,,,,2024-09-11 07:44:06,,3,,,,,,,1
1674849896290487,816547220290487,2022,54,107,762,225,4,2,,1,,,,2024-09-11 07:44:06,,3,,,,,,,1
1674849890290487,816547220290487,2022,54,107,762,270,1,2,,1,,,,2024-09-11 07:44:06,,3,,,,,,,1
1674849894290487,816547220290487,2022,54,107,762,315,3,2,,1,,,,2024-09-11 07:44:06,,3,,,,,,,1
1674849892290487,816547220290487,2022,54,107,762,360,2,2,,1,,,,2024-09-11 07:44:06,,3,,,,,,,1
1696437246290487,1192972467290487,2023,54,1,2429,45,4,2,,1,,,,2024-12-02 11:29:02,,3,,,,,,,1
1696437240290487,1192972467290487,2023,54,1,2429,90,1,2,,1,,,,2024-12-02 11:29:02,,3,,,,,,,1
1696437244290487,1192972467290487,2023,54,1,2429,135,3,2,,2,0.7,1.8,,2024-12-02 11:29:02,,3,1,,1,,,,1
1696437242290487,1192972467290487,2023,54,1,2429,180,2,2,,1,,,,2024-12-02 11:29:02,,3,,,,,,,1
1696437247290487,1192972467290487,2023,54,1,2429,225,4,2,,1,,,,2024-12-02 11:29:02,,3,,,,,,,1
1696437241290487,1192972467290487,2023,54,1,2429,270,1,2,,1,,,,2024-12-02 11:29:02,,3,,,,,,,1
1696437245290487,1192972467290487,2023,54,1,2429,315,3,2,,3,,,,2024-12-02 11:29:02,,3,,,,,,,1
1696437243290487,1192972467290487,2023,54,1,2429,360,2,2,,1,,,,2024-12-02 11:29:02,,3,,,,,,,1
1696439622290487,1192972526290487,2023,54,3,1892,45,4,2,,1,,,,2024-12-02 11:29:02,,3,,,,,,,1
1696439616290487,1192972526290487,2023,54,3,1892,90,1,2,,1,,,,2024-12-02 11:29:02,,3,,,,,,,1
1696439620290487,1192972526290487,2023,54,3,1892,135,3,2,,1,,,,2024-12-02 11:29:02,,3,,,,,,,1
1696439618290487,1192972526290487,2023,54,3,1892,180,2,2,,1,,,,2024-12-02 11:29:02,,3,,,,,,,1
1696439623290487,1192972526290487,2023,54,3,1892,225,4,2,,1,,,,2024-12-02 11:29:02,,3,,,,,,,1
1696439617290487,1192972526290487,2023,54,3,1892,270,1,2,,1,,,,2024-12-02 11:29:02,,3,,,,,,,1
1696439621290487,1192972526290487,2023,54,3,1892,315,3,2,,1,,,,2024-12-02 11:29:02,,3,,,,,,,1
1696439619290487,1192972526290487,2023,54,3,1892,360,2,2,,1,,,,2024-12-02 11:29:02,,3,,,,,,,1
1696433320290487,1192972369290487,2023,54,5,2402,45,4,2,,1,0.1,1.2,,2024-12-02 11:29:02,,3,1,,1,,,,1
1696433314290487,1192972369290487,2023,54,5,2402,90,1,2,,1,0.1,0.2,,2024-12-02 11:29:02,,3,1,,1,,,,1
1696433318290487,1192972369290487,2023,54,5,2402,135,3,2,,1,0.1,3.5,,2024-12-02 11:29:02,,3,1,,1,,,,1
1696433316290487,1192972369290487,2023,54,5,2402,180,2,2,,1,0.1,0.7,,2024-12-02 11:29:02,,3,1,,1,,,,1
1696433321290487,1192972369290487,2023,54,5,2402,225,4,2,,1,0.1,0.4,,2024-12-02 11:29:02,,3,1,,1,,,,1
1696433315290487,1192972369290487,2023,54,5,2402,270,1,2,,1,0.1,2.7,,2024-12-02 11:29:02,,3,1,,1,,,,1
1696433319290487,1192972369290487,2023,54,5,2402,315,3,2,,1,0.1,0.2,,2024-12-02 11:29:02,,3,1,,1,,,,1
1696433317290487,1192972369290487,2023,54,5,2402,360,2,2,,1,0.1,0.3,,2024-12-02 11:29:02,,3,1,,1,,,,1
1696438217290487,1192972490290487,2023,54,7,1364,45,4,2,,1,0.1,0.2,,2024-12-02 11:29:02,,3,1,,1,,,,1
1696438211290487,1192972490290487,2023,54,7,1364,90,1,2,,1,0.2,0.4,,2024-12-02 11:29:02,,3,1,,1,,,,1
1696438215290487,1192972490290487,2023,54,7,1364,135,3,2,,1,0.6,1.1,,2024-12-02 11:29:02,,3,1,,1,,,,1
1696438213290487,1192972490290487,2023,54,7,1364,180,2,2,,1,0.7,2.6,,2024-12-02 11:29:02,,3,1,,1,,,,1
1696438218290487,1192972490290487,2023,54,7,1364,225,4,2,,1,0.0,0.8,,2024-12-02 11:29:02,,3,1,,1,,,,1
1696438212290487,1192972490290487,2023,54,7,1364,270,1,2,,1,0.2,0.9,,2024-12-02 11:29:02,,3,1,,1,,,,1
1696438216290487,1192972490290487,2023,54,7,1364,315,3,2,,1,0.5,0.5,,2024-12-02 11:29:02,,3,1,,1,,,,1
1696438214290487,1192972490290487,2023,54,7,1364,360,2,2,,1,0.1,1.4,,2024-12-02 11:29:02,,3,1,,1,,,,1
1696432485290487,1192972346290487,2023,54,13,454,45,4,2,,1,,,,2024-12-02 11:29:02,,3,,,,,,,1
1696432479290487,1192972346290487,2023,54,13,454,90,1,2,,1,,,,2024-12-02 11:29:02,,3,,,,,,,1
1696432483290487,1192972346290487,2023,54,13,454,135,3,2,,1,,,,2024-12-02 11:29:02,,3,,,,,,,1
1696432481290487,1192972346290487,2023,54,13,454,180,2,2,,1,,,,2024-12-02 11:29:02,,3,,,,,,,1
1696432486290487,1192972346290487,2023,54,13,454,225,4,2,,1,,,,2024-12-02 11:29:02,,3,,,,,,,1
1696432480290487,1192972346290487,2023,54,13,454,270,1,2,,1,,,,2024-12-02 11:29:02,,3,,,,,,,1
1696432484290487,1192972346290487,2023,54,13,454,315,3,2,,1,,,,2024-12-02 11:29:02,,3,,,,,,,1
1696432482290487,1192972346290487,2023,54,13,454,360,2,2,,1,,,,2024-12-02 11:29:02,,3,,,,,,,1
1696427541290487,1192972206290487,2023,54,15,1378,45,4,2,,1,0.1,0.4,,2024-12-02 11:29:01,,3,1,,1,,,,1
1696427535290487,1192972206290487,2023,54,15,1378,90,1,2,,1,0.1,1.3,,2024-12-02 11:29:01,,3,1,,1,,,,1
1696427539290487,1192972206290487,2023,54,15,1378,135,3,2,,1,0.1,1.5,,2024-12-02 11:29:01,,3,1,,1,,,,1
1696427537290487,1192972206290487,2023,54,15,1378,180,2,2,,2,,,,2024-12-02 11:29:01,,3,,,,,,,1
1696427542290487,1192972206290487,2023,54,15,1378,225,4,2,,1,0.1,0.6,,2024-12-02 11:29:01,,3,1,,1,,,,1
1696427536290487,1192972206290487,2023,54,15,1378,270,1,2,,1,0.1,0.6,,2024-12-02 11:29:01,,3,1,,1,,,,1
1696427540290487,1192972206290487,2023,54,15,1378,315,3,2,,1,0.1,0.5,,2024-12-02 11:29:01,,3,1,,1,,,,1
1696427538290487,1192972206290487,2023,54,15,1378,360,2,2,,2,,,,2024-12-02 11:29:01,,3,,,,,,,1
1696436870290487,1192972459290487,2023,54,19,913,45,4,2,,1,,,,2024-12-02 11:29:02,,3,,,,,,,1
1696436864290487,1192972459290487,2023,54,19,913,90,1,2,,1,,,,2024-12-02 11:29:02,,3,,,,,,,1
1696436868290487,1192972459290487,2023,54,19,913,135,3,2,,1,,,,2024-12-02 11:29:02,,3,,,,,,,1
1696436866290487,1192972459290487,2023,54,19,913,180,2,2,,1,,,,2024-12-02 11:29:02,,3,,,,,,,1
1696436871290487,1192972459290487,2023,54,19,913,225,4,2,,1,,,,2024-12-02 11:29:02,,3,,,,,,,1
1696436865290487,1192972459290487,2023,54,19,913,270,1,2,,1,,,,2024-12-02 11:29:02,,3,,,,,,,1
1696436869290487,1192972459290487,2023,54,19,913,315,3,2,,1,,,,2024-12-02 11:29:02,,3,,,,,,,1
1696436867290487,1192972459290487,2023,54,19,913,360,2,2,,1,,,,2024-12-02 11:29:02,,3,,,,,,,1
1696435612290487,1192972429290487,2023,54,25,225,45,4,2,,1,0.1,1.2,,2024-12-02 11:29:02,,3,1,,1,,,,1
1696435606290487,1192972429290487,2023,54,25,225,90,1,2,,1,0.1,1.8,,2024-12-02 11:29:02,,3,1,,1,,,,1
1696435610290487,1192972429290487,2023,54,25,225,135,3,2,,1,0.1,1.2,,2024-12-02 11:29:02,,3,1,,1,,,,1
1696435608290487,1192972429290487,2023,54,25,225,180,2,2,,1,0.1,0.7,,2024-12-02 11:29:02,,3,1,,1,,,,1
1696435613290487,1192972429290487,2023,54,25,225,225,4,2,,1,0.1,3.1,,2024-12-02 11:29:02,,3,1,,1,,,,1
1696435607290487,1192972429290487,2023,54,25,225,270,1,2,,1,0.1,0.3,,2024-12-02 11:29:02,,3,1,,1,,,,1
1696435611290487,1192972429290487,2023,54,25,225,315,3,2,,1,0.1,1.8,,2024-12-02 11:29:02,,3,1,,1,,,,1
1696435609290487,1192972429290487,2023,54,25,225,360,2,2,,1,0.1,1.4,,2024-12-02 11:29:02,,3,1,,1,,,,1
1696436063290487,1192972438290487,2023,54,25,1598,45,4,2,,1,0.1,1.4,,2024-12-02 11:29:02,,3,1,,1,,,,1
1696436057290487,1192972438290487,2023,54,25,1598,90,1,2,,1,0.1,1.4,,2024-12-02 11:29:02,,3,1,,1,,,,1
1696436061290487,1192972438290487,2023,54,25,1598,135,3,2,,1,0.2,2.4,,2024-12-02 11:29:02,,3,1,,1,,,,1
1696436059290487,1192972438290487,2023,54,25,1598,180,2,2,,2,,,,2024-12-02 11:29:02,,3,,,,,,,1
1696436064290487,1192972438290487,2023,54,25,1598,225,4,2,,3,0.1,1.7,,2024-12-02 11:29:02,,3,1,,1,,,,1
1696436058290487,1192972438290487,2023,54,25,1598,270,1,2,,1,0.2,0.9,,2024-12-02 11:29:02,,3,1,,1,,,,1
1696436062290487,1192972438290487,2023,54,25,1598,315,3,2,,1,0.2,2.7,,2024-12-02 11:29:02,,3,1,,1,,,,1
1696436060290487,1192972438290487,2023,54,25,1598,360,2,2,,1,0.1,0.6,,2024-12-02 11:29:02,,3,1,,1,,,,1
1696439469290487,1192972517290487,2023,54,27,602,45,4,2,,1,0.7,3.1,,2024-12-02 11:29:02,,3,1,,1,,,,1
1696439463290487,1192972517290487,2023,54,27,602,90,1,2,,1,1.6,0.1,,2024-12-02 11:29:02,,3,1,,1,,,,1
1696439467290487,1192972517290487,2023,54,27,602,135,3,2,,1,1.8,2.4,,2024-12-02 11:29:02,,3,1,,1,,,,1
1696439465290487,1192972517290487,2023,54,27,602,180,2,2,,1,2.3,2.8,,2024-12-02 11:29:02,,3,1,,1,,,,1
1696439470290487,1192972517290487,2023,54,27,602,225,4,2,,1,0.7,0.0,,2024-12-02 11:29:02,,3,1,,1,,,,1
1696439464290487,1192972517290487,2023,54,27,602,270,1,2,,1,1.6,3.9,,2024-12-02 11:29:02,,3,1,,1,,,,1
1696439468290487,1192972517290487,2023,54,27,602,315,3,2,,1,0.8,1.8,,2024-12-02 11:29:02,,3,1,,1,,,,1
1696439466290487,1192972517290487,2023,54,27,602,360,2,2,,1,0.3,11.0,,2024-12-02 11:29:02,,3,1,,1,,,,1
1696443260290487,1192972514290487,2023,54,27,1900,45,4,2,2023,1,0.0,0.0,,2024-12-02 11:29:02,,3,2,,2,,,,1
1696443254290487,1192972514290487,2023,54,27,1900,90,1,2,2023,1,0.0,0.0,,2024-12-02 11:29:02,,3,2,,2,,,,1
1696443258290487,1192972514290487,2023,54,27,1900,135,3,2,2023,1,0.0,0.0,,2024-12-02 11:29:02,,3,2,,2,,,,1
1696443257290487,1192972514290487,2023,54,27,1900,180,2,2,2023,1,0.0,0.0,,2024-12-02 11:29:02,,3,2,,2,,,,1
1696443261290487,1192972514290487,2023,54,27,1900,225,4,2,2023,1,0.0,0.0,,2024-12-02 11:29:02,,3,2,,2,,,,1
1696443255290487,1192972514290487,2023,54,27,1900,270,1,2,2023,1,0.0,0.0,,2024-12-02 11:29:02,,3,2,,2,,,,1
1696443259290487,1192972514290487,2023,54,27,1900,315,3,2,2023,1,0.0,0.0,,2024-12-02 11:29:02,,3,2,,2,,,,1
1696443256290487,1192972514290487,2023,54,27,1900,360,2,2,2023,1,0.0,0.0,,2024-12-02 11:29:02,,3,2,,2,,,,1
1696439147290487,1192972508290487,2023,54,27,1971,45,4,2,,1,0.0,1.6,,2024-12-02 11:29:02,,3,1,,1,,,,1
1696439141290487,1192972508290487,2023,54,27,1971,90,1,2,,1,0.0,1.9,,2024-12-02 11:29:02,,3,1,,1,,,,1
1696439145290487,1192972508290487,2023,54,27,1971,135,3,2,,1,0.0,3.0,,2024-12-02 11:29:02,,3,1,,1,,,,1
1696439143290487,1192972508290487,2023,54,27,1971,180,2,2,,1,0.0,0.2,,2024-12-02 11:29:02,,3,1,,1,,,,1
1696439148290487,1192972508290487,2023,54,27,1971,225,4,2,,1,0.1,2.5,,2024-12-02 11:29:02,,3,1,,1,,,,1
1696439142290487,1192972508290487,2023,54,27,1971,270,1,2,,1,0.1,1.0,,2024-12-02 11:29:02,,3,1,,1,,,,1
1696439146290487,1192972508290487,2023,54,27,1971,315,3,2,,1,0.0,2.5,,2024-12-02 11:29:02,,3,1,,1,,,,1
1696439144290487,1192972508290487,2023,54,27,1971,360,2,2,,1,0.0,0.2,,2024-12-02 11:29:02,,3,1,,1,,,,1
1696443282290487,1192972519290487,2023,54,27,2365,45,4,2,2023,1,0.0,0.0,,2024-12-02 11:29:02,,3,2,,2,,,,1
1696443276290487,1192972519290487,2023,54,27,2365,90,1,2,2023,1,0.0,0.0,,2024-12-02 11:29:02,,3,2,,2,,,,1
1696443280290487,1192972519290487,2023,54,27,2365,135,3,2,2023,1,0.0,0.0,,2024-12-02 11:29:02,,3,2,,2,,,,1
1696443279290487,1192972519290487,2023,54,27,2365,180,2,2,2023,1,0.0,0.0,,2024-12-02 11:29:02,,3,2,,2,,,,1
1696443283290487,1192972519290487,2023,54,27,2365,225,4,2,2023,1,0.0,0.0,,2024-12-02 11:29:02,,3,2,,2,,,,1
1696443277290487,1192972519290487,2023,54,27,2365,270,1,2,2023,1,0.0,0.0,,2024-12-02 11:29:02,,3,2,,2,,,,1
1696443281290487,1192972519290487,2023,54,27,2365,315,3,2,2023,1,0.0,0.0,,2024-12-02 11:29:02,,3,2,,2,,,,1
1696443278290487,1192972519290487,2023,54,27,2365,360,2,2,2023,1,0.0,0.0,,2024-12-02 11:29:02,,3,2,,2,,,,1
1696429363290487,1192972259290487,2023,54,31,2075,45,4,2,,1,,,,2024-12-02 11:29:02,,3,,,,,,,1
1696429357290487,1192972259290487,2023,54,31,2075,90,1,2,,1,,,,2024-12-02 11:29:02,,3,,,,,,,1
1696429361290487,1192972259290487,2023,54,31,2075,135,3,2,,1,,,,2024-12-02 11:29:02,,3,,,,,,,1
1696429359290487,1192972259290487,2023,54,31,2075,180,2,2,,1,,,,2024-12-02 11:29:02,,3,,,,,,,1
1696429364290487,1192972259290487,2023,54,31,2075,225,4,2,,1,,,,2024-12-02 11:29:02,,3,,,,,,,1
1696429358290487,1192972259290487,2023,54,31,2075,270,1,2,,1,,,,2024-12-02 11:29:02,,3,,,,,,,1
1696429362290487,1192972259290487,2023,54,31,2075,315,3,2,,1,,,,2024-12-02 11:29:02,,3,,,,,,,1
1696429360290487,1192972259290487,2023,54,31,2075,360,2,2,,1,,,,2024-12-02 11:29:02,,3,,,,,,,1
1696443218290487,1192972472290487,2023,54,33,1543,45,4,2,2023,1,0.0,0.0,,2024-12-02 11:29:02,,3,2,,2,,,,1
1696443212290487,1192972472290487,2023,54,33,1543,90,1,2,2023,1,0.0,0.0,,2024-12-02 11:29:02,,3,2,,2,,,,1
1696443216290487,1192972472290487,2023,54,33,1543,135,3,2,2023,1,0.0,0.0,,2024-12-02 11:29:02,,3,2,,2,,,,1
1696443215290487,1192972472290487,2023,54,33,1543,180,2,2,2023,1,0.0,0.0,,2024-12-02 11:29:02,,3,2,,2,,,,1
1696443219290487,1192972472290487,2023,54,33,1543,225,4,2,2023,1,0.0,0.0,,2024-12-02 11:29:02,,3,2,,2,,,,1
1696443213290487,1192972472290487,2023,54,33,1543,270,1,2,2023,1,0.0,0.0,,2024-12-02 11:29:02,,3,2,,2,,,,1
1696443217290487,1192972472290487,2023,54,33,1543,315,3,2,2023,1,0.0,0.0,,2024-12-02 11:29:02,,3,2,,2,,,,1
1696443214290487,1192972472290487,2023,54,33,1543,360,2,2,2023,1,0.0,0.0,,2024-12-02 11:29:02,,3,2,,2,,,,1
1696442942290487,1192972201290487,2023,54,35,1408,45,4,2,2023,1,0.0,0.0,,2024-12-02 11:29:02,,3,2,,2,,,,1
1696442936290487,1192972201290487,2023,54,35,1408,90,1,2,2023,1,0.0,0.0,,2024-12-02 11:29:02,,3,2,,2,,,,1
1696442940290487,1192972201290487,2023,54,35,1408,135,3,2,2023,1,0.0,0.0,,2024-12-02 11:29:02,,3,2,,2,,,,1
1696442939290487,1192972201290487,2023,54,35,1408,180,2,2,2023,1,0.0,0.0,,2024-12-02 11:29:02,,3,2,,2,,,,1
1696442943290487,1192972201290487,2023,54,35,1408,225,4,2,2023,1,0.0,0.0,,2024-12-02 11:29:02,,3,2,,2,,,,1
1696442937290487,1192972201290487,2023,54,35,1408,270,1,2,2023,1,0.0,0.0,,2024-12-02 11:29:02,,3,2,,2,,,,1
1696442941290487,1192972201290487,2023,54,35,1408,315,3,2,2023,1,0.0,0.0,,2024-12-02 11:29:02,,3,2,,2,,,,1
1696442938290487,1192972201290487,2023,54,35,1408,360,2,2,2023,1,0.0,0.0,,2024-12-02 11:29:02,,3,2,,2,,,,1
1696431021290487,1192972307290487,2023,54,39,2374,45,4,2,,1,,,,2024-12-02 11:29:02,,3,,,,,,,1
1696431015290487,1192972307290487,2023,54,39,2374,90,1,2,,1,,,,2024-12-02 11:29:02,,3,,,,,,,1
1696431019290487,1192972307290487,2023,54,39,2374,135,3,2,,1,,,,2024-12-02 11:29:02,,3,,,,,,,1
1696431017290487,1192972307290487,2023,54,39,2374,180,2,2,,1,,,,2024-12-02 11:29:02,,3,,,,,,,1
1696431022290487,1192972307290487,2023,54,39,2374,225,4,2,,1,,,,2024-12-02 11:29:02,,3,,,,,,,1
1696431016290487,1192972307290487,2023,54,39,2374,270,1,2,,1,,,,2024-12-02 11:29:02,,3,,,,,,,1
1696431020290487,1192972307290487,2023,54,39,2374,315,3,2,,1,,,,2024-12-02 11:29:02,,3,,,,,,,1
1696431018290487,1192972307290487,2023,54,39,2374,360,2,2,,1,,,,2024-12-02 11:29:02,,3,,,,,,,1
1696431088290487,1192972310290487,2023,54,39,2412,45,4,2,,1,,,,2024-12-02 11:29:02,,3,,,,,,,1
1696431082290487,1192972310290487,2023,54,39,2412,90,1,2,,1,,,,2024-12-02 11:29:02,,3,,,,,,,1
1696431086290487,1192972310290487,2023,54,39,2412,135,3,2,,1,,,,2024-12-02 11:29:02,,3,,,,,,,1
1696431084290487,1192972310290487,2023,54,39,2412,180,2,2,,1,,,,2024-12-02 11:29:02,,3,,,,,,,1
1696431089290487,1192972310290487,2023,54,39,2412,225,4,2,,1,,,,2024-12-02 11:29:02,,3,,,,,,,1
1696431083290487,1192972310290487,2023,54,39,2412,270,1,2,,1,,,,2024-12-02 11:29:02,,3,,,,,,,1
1696431087290487,1192972310290487,2023,54,39,2412,315,3,2,,1,,,,2024-12-02 11:29:02,,3,,,,,,,1
1696431085290487,1192972310290487,2023,54,39,2412,360,2,2,,1,,,,2024-12-02 11:29:02,,3,,,,,,,1
1696443087290487,1192972299290487,2023,54,45,227,45,4,2,2023,1,0.0,0.0,,2024-12-02 11:29:02,,3,2,,2,,,,1
1696443081290487,1192972299290487,2023,54,45,227,90,1,2,2023,1,0.0,0.0,,2024-12-02 11:29:02,,3,2,,2,,,,1
1696443085290487,1192972299290487,2023,54,45,227,135,3,2,2023,1,0.0,0.0,,2024-12-02 11:29:02,,3,2,,2,,,,1
1696443084290487,1192972299290487,2023,54,45,227,180,2,2,2023,1,0.0,0.0,,2024-12-02 11:29:02,,3,2,,2,,,,1
1696443088290487,1192972299290487,2023,54,45,227,225,4,2,2023,1,0.0,0.0,,2024-12-02 11:29:02,,3,2,,2,,,,1
1696443082290487,1192972299290487,2023,54,45,227,270,1,2,2023,1,0.0,0.0,,2024-12-02 11:29:02,,3,2,,2,,,,1
1696443086290487,1192972299290487,2023,54,45,227,315,3,2,2023,1,0.0,0.0,,2024-12-02 11:29:02,,3,2,,2,,,,1
1696443083290487,1192972299290487,2023,54,45,227,360,2,2,2023,1,0.0,0.0,,2024-12-02 11:29:02,,3,2,,2,,,,1
1696430892290487,1192972303290487,2023,54,47,1853,45,4,2,,1,0.1,2.9,,2024-12-02 11:29:02,,3,1,,1,,,,1
1696430886290487,1192972303290487,2023,54,47,1853,90,1,2,,1,0.1,1.5,,2024-12-02 11:29:02,,3,1,,1,,,,1
1696430890290487,1192972303290487,2023,54,47,1853,135,3,2,,1,0.1,0.1,,2024-12-02 11:29:02,,3,1,,1,,,,1
1696430888290487,1192972303290487,2023,54,47,1853,180,2,2,,1,0.1,2.6,,2024-12-02 11:29:02,,3,1,,1,,,,1
1696430893290487,1192972303290487,2023,54,47,1853,225,4,2,,2,,,,2024-12-02 11:29:02,,3,,,,,,,1
1696430887290487,1192972303290487,2023,54,47,1853,270,1,2,,1,0.1,1.6,,2024-12-02 11:29:02,,3,1,,1,,,,1
1696430891290487,1192972303290487,2023,54,47,1853,315,3,2,,1,0.1,1.6,,2024-12-02 11:29:02,,3,1,,1,,,,1
1696430889290487,1192972303290487,2023,54,47,1853,360,2,2,,2,,,,2024-12-02 11:29:02,,3,,,,,,,1
1696431472290487,1192972319290487,2023,54,51,1731,45,4,2,,1,,,,2024-12-02 11:29:02,,3,,,,,,,1
1696431466290487,1192972319290487,2023,54,51,1731,90,1,2,,1,,,,2024-12-02 11:29:02,,3,,,,,,,1
1696431470290487,1192972319290487,2023,54,51,1731,135,3,2,,1,,,,2024-12-02 11:29:02,,3,,,,,,,1
1696431468290487,1192972319290487,2023,54,51,1731,180,2,2,,1,,,,2024-12-02 11:29:02,,3,,,,,,,1
1696431473290487,1192972319290487,2023,54,51,1731,225,4,2,,2,0.0,0.5,,2024-12-02 11:29:02,,3,1,,1,,,,1
1696431467290487,1192972319290487,2023,54,51,1731,270,1,2,,1,,,,2024-12-02 11:29:02,,3,,,,,,,1
1696431471290487,1192972319290487,2023,54,51,1731,315,3,2,,1,,,,2024-12-02 11:29:02,,3,,,,,,,1
1696431469290487,1192972319290487,2023,54,51,1731,360,2,2,,1,,,,2024-12-02 11:29:02,,3,,,,,,,1
1696436408290487,1192972446290487,2023,54,63,559,45,4,2,,1,,,,2024-12-02 11:29:02,,3,,,,,,,1
1696436402290487,1192972446290487,2023,54,63,559,90,1,2,,1,,,,2024-12-02 11:29:02,,3,,,,,,,1
1696436406290487,1192972446290487,2023,54,63,559,135,3,2,,1,,,,2024-12-02 11:29:02,,3,,,,,,,1
1696436404290487,1192972446290487,2023,54,63,559,180,2,2,,1,,,,2024-12-02 11:29:02,,3,,,,,,,1
1696436409290487,1192972446290487,2023,54,63,559,225,4,2,,1,,,,2024-12-02 11:29:02,,3,,,,,,,1
1696436403290487,1192972446290487,2023,54,63,559,270,1,2,,1,,,,2024-12-02 11:29:02,,3,,,,,,,1
1696436407290487,1192972446290487,2023,54,63,559,315,3,2,,1,,,,2024-12-02 11:29:02,,3,,,,,,,1
1696436405290487,1192972446290487,2023,54,63,559,360,2,2,,1,,,,2024-12-02 11:29:02,,3,,,,,,,1
1696428941290487,1192972243290487,2023,54,63,1793,90,1,2,,1,0.1,1.5,,2024-12-02 11:29:02,,3,1,,1,,,,1
1696428944290487,1192972243290487,2023,54,63,1793,135,3,2,,2,0.1,0.6,,2024-12-02 11:29:02,,3,1,,1,,,,1
1696428942290487,1192972243290487,2023,54,63,1793,180,2,2,,1,0.1,0.5,,2024-12-02 11:29:02,,3,1,,1,,,,1
1696428946290487,1192972243290487,2023,54,63,1793,225,4,2,,1,0.1,0.6,,2024-12-02 11:29:02,,3,1,,1,,,,1
1696428945290487,1192972243290487,2023,54,63,1793,315,3,2,,2,0.1,0.7,,2024-12-02 11:29:02,,3,1,,1,,,,1
1696428943290487,1192972243290487,2023,54,63,1793,360,2,2,,1,0.1,0.3,,2024-12-02 11:29:02,,3,1,,1,,,,1
1696426500290487,1192972176290487,2023,54,65,1431,45,4,2,,1,0.8,1.8,,2024-12-02 11:29:01,,3,1,,1,,,,1
1696426494290487,1192972176290487,2023,54,65,1431,90,1,2,,1,0.5,2.8,,2024-12-02 11:29:01,,3,1,,1,,,,1
1696426498290487,1192972176290487,2023,54,65,1431,135,3,2,,1,0.2,1.9,,2024-12-02 11:29:01,,3,1,,1,,,,1
1696426496290487,1192972176290487,2023,54,65,1431,180,2,2,,1,0.8,0.7,,2024-12-02 11:29:01,,3,1,,1,,,,1
1696426501290487,1192972176290487,2023,54,65,1431,225,4,2,,1,0.1,3.2,,2024-12-02 11:29:01,,3,1,,1,,,,1
1696426495290487,1192972176290487,2023,54,65,1431,270,1,2,,1,0.3,1.7,,2024-12-02 11:29:01,,3,1,,1,,,,1
1696426499290487,1192972176290487,2023,54,65,1431,315,3,2,,1,0.3,1.8,,2024-12-02 11:29:01,,3,1,,1,,,,1
1696426497290487,1192972176290487,2023,54,65,1431,360,2,2,,1,0.5,2.2,,2024-12-02 11:29:01,,3,1,,1,,,,1
1696443176290487,1192972455290487,2023,54,67,1680,45,4,2,2023,1,0.0,0.0,,2024-12-02 11:29:02,,3,2,,2,,,,1
1696443170290487,1192972455290487,2023,54,67,1680,90,1,2,2023,1,0.0,0.0,,2024-12-02 11:29:02,,3,2,,2,,,,1
1696443174290487,1192972455290487,2023,54,67,1680,135,3,2,2023,1,0.0,0.0,,2024-12-02 11:29:02,,3,2,,2,,,,1
1696443173290487,1192972455290487,2023,54,67,1680,180,2,2,2023,1,0.0,0.0,,2024-12-02 11:29:02,,3,2,,2,,,,1
1696443177290487,1192972455290487,2023,54,67,1680,225,4,2,2023,1,0.0,0.0,,2024-12-02 11:29:02,,3,2,,2,,,,1
1696443171290487,1192972455290487,2023,54,67,1680,270,1,2,2023,1,0.0,0.0,,2024-12-02 11:29:02,,3,2,,2,,,,1
1696443175290487,1192972455290487,2023,54,67,1680,315,3,2,2023,1,0.0,0.0,,2024-12-02 11:29:02,,3,2,,2,,,,1
1696443172290487,1192972455290487,2023,54,67,1680,360,2,2,2023,1,0.0,0.0,,2024-12-02 11:29:02,,3,2,,2,,,,1
1696433071290487,1192972362290487,2023,54,73,1771,45,4,2,,1,,,,2024-12-02 11:29:02,,3,,,,,,,1
1696433065290487,1192972362290487,2023,54,73,1771,90,1,2,,1,,,,2024-12-02 11:29:02,,3,,,,,,,1
1696433069290487,1192972362290487,2023,54,73,1771,135,3,2,,3,,,,2024-12-02 11:29:02,,3,,,,,,,1
1696433067290487,1192972362290487,2023,54,73,1771,180,2,2,,1,,,,2024-12-02 11:29:02,,3,,,,,,,1
1696433072290487,1192972362290487,2023,54,73,1771,225,4,2,,1,,,,2024-12-02 11:29:02,,3,,,,,,,1
1696433066290487,1192972362290487,2023,54,73,1771,270,1,2,,1,,,,2024-12-02 11:29:02,,3,,,,,,,1
1696433070290487,1192972362290487,2023,54,73,1771,315,3,2,,3,,,,2024-12-02 11:29:02,,3,,,,,,,1
1696433068290487,1192972362290487,2023,54,73,1771,360,2,2,,2,0.1,0.3,,2024-12-02 11:29:02,,3,1,,1,,,,1
1696442974290487,1192972214290487,2023,54,75,1654,45,4,2,2023,1,0.0,0.0,,2024-12-02 11:29:02,,3,2,,2,,,,1
1696442968290487,1192972214290487,2023,54,75,1654,90,1,2,2023,1,0.0,0.0,,2024-12-02 11:29:02,,3,2,,2,,,,1
1696442972290487,1192972214290487,2023,54,75,1654,135,3,2,2023,1,0.0,0.0,,2024-12-02 11:29:02,,3,2,,2,,,,1
1696442971290487,1192972214290487,2023,54,75,1654,180,2,2,2023,1,0.0,0.0,,2024-12-02 11:29:02,,3,2,,2,,,,1
1696442975290487,1192972214290487,2023,54,75,1654,225,4,2,2023,1,0.0,0.0,,2024-12-02 11:29:02,,3,2,,2,,,,1
1696442969290487,1192972214290487,2023,54,75,1654,270,1,2,2023,1,0.0,0.0,,2024-12-02 11:29:02,,3,2,,2,,,,1
1696442973290487,1192972214290487,2023,54,75,1654,315,3,2,2023,1,0.0,0.0,,2024-12-02 11:29:02,,3,2,,2,,,,1
1696442970290487,1192972214290487,2023,54,75,1654,360,2,2,2023,1,0.0,0.0,,2024-12-02 11:29:02,,3,2,,2,,,,1
1697582611290487,1192972237290487,2023,54,75,3599,45,4,2,,1,0.2,2.2,,2024-12-04 11:19:45,,3,1,,1,,,,1
1697582605290487,1192972237290487,2023,54,75,3599,90,1,2,,1,0.1,2.9,,2024-12-04 11:19:45,,3,1,,1,,,,1
1697582609290487,1192972237290487,2023,54,75,3599,135,3,2,,2,,,,2024-12-04 11:19:45,,3,,,,,,,1
1697582607290487,1192972237290487,2023,54,75,3599,180,2,2,,1,0.2,3.0,,2024-12-04 11:19:45,,3,1,,1,,,,1
1697582612290487,1192972237290487,2023,54,75,3599,225,4,2,,1,0.2,4.5,,2024-12-04 11:19:45,,3,1,,1,,,,1
1697582606290487,1192972237290487,2023,54,75,3599,270,1,2,,1,0.1,2.6,,2024-12-04 11:19:45,,3,1,,1,,,,1
1697582610290487,1192972237290487,2023,54,75,3599,315,3,2,,1,0.1,2.6,,2024-12-04 11:19:45,,3,1,,1,,,,1
1697582608290487,1192972237290487,2023,54,75,3599,360,2,2,,1,0.2,2.8,,2024-12-04 11:19:45,,3,1,,1,,,,1
1696443154290487,1192972443290487,2023,54,77,1033,45,4,2,2023,1,0.0,0.0,,2024-12-02 11:29:02,,3,2,,2,,,,1
1696443148290487,1192972443290487,2023,54,77,1033,90,1,2,2023,1,0.0,0.0,,2024-12-02 11:29:02,,3,2,,2,,,,1
1696443152290487,1192972443290487,2023,54,77,1033,135,3,2,2023,1,0.0,0.0,,2024-12-02 11:29:02,,3,2,,2,,,,1
1696443151290487,1192972443290487,2023,54,77,1033,180,2,2,2023,1,0.0,0.0,,2024-12-02 11:29:02,,3,2,,2,,,,1
1696443155290487,1192972443290487,2023,54,77,1033,225,4,2,2023,1,0.0,0.0,,2024-12-02 11:29:02,,3,2,,2,,,,1
1696443149290487,1192972443290487,2023,54,77,1033,270,1,2,2023,1,0.0,0.0,,2024-12-02 11:29:02,,3,2,,2,,,,1
1696443153290487,1192972443290487,2023,54,77,1033,315,3,2,2023,1,0.0,0.0,,2024-12-02 11:29:02,,3,2,,2,,,,1
1696443150290487,1192972443290487,2023,54,77,1033,360,2,2,2023,1,0.0,0.0,,2024-12-02 11:29:02,,3,2,,2,,,,1
1696436467290487,1192972447290487,2023,54,77,2255,45,4,2,,1,,,,2024-12-02 11:29:02,,3,,,,,,,1
1696436461290487,1192972447290487,2023,54,77,2255,90,1,2,,1,,,,2024-12-02 11:29:02,,3,,,,,,,1
1696436465290487,1192972447290487,2023,54,77,2255,135,3,2,,1,,,,2024-12-02 11:29:02,,3,,,,,,,1
1696436463290487,1192972447290487,2023,54,77,2255,180,2,2,,1,,,,2024-12-02 11:29:02,,3,,,,,,,1
1696436468290487,1192972447290487,2023,54,77,2255,225,4,2,,1,,,,2024-12-02 11:29:02,,3,,,,,,,1
1696436462290487,1192972447290487,2023,54,77,2255,270,1,2,,1,,,,2024-12-02 11:29:02,,3,,,,,,,1
1696436466290487,1192972447290487,2023,54,77,2255,315,3,2,,1,,,,2024-12-02 11:29:02,,3,,,,,,,1
1696436464290487,1192972447290487,2023,54,77,2255,360,2,2,,1,,,,2024-12-02 11:29:02,,3,,,,,,,1
1696443006290487,1192972251290487,2023,54,77,3237,45,4,2,2023,1,0.0,0.0,,2024-12-02 11:29:02,,3,2,,2,,,,1
1696443000290487,1192972251290487,2023,54,77,3237,90,1,2,2023,1,0.0,0.0,,2024-12-02 11:29:02,,3,2,,2,,,,1
1696443004290487,1192972251290487,2023,54,77,3237,135,3,2,2023,1,0.0,0.0,,2024-12-02 11:29:02,,3,2,,2,,,,1
1696443003290487,1192972251290487,2023,54,77,3237,180,2,2,2023,1,0.0,0.0,,2024-12-02 11:29:02,,3,2,,2,,,,1
1696443007290487,1192972251290487,2023,54,77,3237,225,4,2,2023,1,0.0,0.0,,2024-12-02 11:29:02,,3,2,,2,,,,1
1696443001290487,1192972251290487,2023,54,77,3237,270,1,2,2023,1,0.0,0.0,,2024-12-02 11:29:02,,3,2,,2,,,,1
1696443005290487,1192972251290487,2023,54,77,3237,315,3,2,2023,1,0.0,0.0,,2024-12-02 11:29:02,,3,2,,2,,,,1
1696443002290487,1192972251290487,2023,54,77,3237,360,2,2,2023,1,0.0,0.0,,2024-12-02 11:29:02,,3,2,,2,,,,1
1696443065290487,1192972290290487,2023,54,79,1530,45,4,2,2023,1,0.0,0.0,,2024-12-02 11:29:02,,3,2,,2,,,,1
1696443059290487,1192972290290487,2023,54,79,1530,90,1,2,2023,1,0.0,0.0,,2024-12-02 11:29:02,,3,2,,2,,,,1
1696443063290487,1192972290290487,2023,54,79,1530,135,3,2,2023,1,0.0,0.0,,2024-12-02 11:29:02,,3,2,,2,,,,1
1696443062290487,1192972290290487,2023,54,79,1530,180,2,2,2023,1,0.0,0.0,,2024-12-02 11:29:02,,3,2,,2,,,,1
1696443066290487,1192972290290487,2023,54,79,1530,225,4,2,2023,1,0.0,0.0,,2024-12-02 11:29:02,,3,2,,2,,,,1
1696443060290487,1192972290290487,2023,54,79,1530,270,1,2,2023,1,0.0,0.0,,2024-12-02 11:29:02,,3,2,,2,,,,1
1696443064290487,1192972290290487,2023,54,79,1530,315,3,2,2023,1,0.0,0.0,,2024-12-02 11:29:02,,3,2,,2,,,,1
1696443061290487,1192972290290487,2023,54,79,1530,360,2,2,2023,1,0.0,0.0,,2024-12-02 11:29:02,,3,2,,2,,,,1
1696426228290487,1192972172290487,2023,54,81,1604,45,4,2,,1,,,,2024-12-02 11:29:02,,3,,,,,,,1
1696426222290487,1192972172290487,2023,54,81,1604,90,1,2,,1,,,,2024-12-02 11:29:02,,3,,,,,,,1
1696426226290487,1192972172290487,2023,54,81,1604,135,3,2,,1,,,,2024-12-02 11:29:02,,3,,,,,,,1
1696426224290487,1192972172290487,2023,54,81,1604,180,2,2,,2,,,,2024-12-02 11:29:02,,3,,,,,,,1
1696426229290487,1192972172290487,2023,54,81,1604,225,4,2,,3,0.0,0.6,,2024-12-02 11:29:02,,3,1,,1,,,,1
1696426223290487,1192972172290487,2023,54,81,1604,270,1,2,,1,,,,2024-12-02 11:29:02,,3,,,,,,,1
1696426227290487,1192972172290487,2023,54,81,1604,315,3,2,,1,,,,2024-12-02 11:29:02,,3,,,,,,,1
1696426225290487,1192972172290487,2023,54,81,1604,360,2,2,,2,,,,2024-12-02 11:29:02,,3,,,,,,,1
1696428545290487,1192972236290487,2023,54,83,237,45,4,2,,1,2.0,0.8,,2024-12-02 11:29:02,,3,1,,1,,,,1
1696428539290487,1192972236290487,2023,54,83,237,90,1,2,,1,0.2,2.1,,2024-12-02 11:29:02,,3,1,,1,,,,1
1696428543290487,1192972236290487,2023,54,83,237,135,3,2,,1,0.0,0.2,,2024-12-02 11:29:02,,3,1,,1,,,,1
1696428541290487,1192972236290487,2023,54,83,237,180,2,2,,1,0.6,1.5,,2024-12-02 11:29:02,,3,1,,1,,,,1
1696428546290487,1192972236290487,2023,54,83,237,225,4,2,,1,1.6,1.3,,2024-12-02 11:29:02,,3,1,,1,,,,1
1696428540290487,1192972236290487,2023,54,83,237,270,1,2,,1,0.1,0.7,,2024-12-02 11:29:02,,3,1,,1,,,,1
1696428544290487,1192972236290487,2023,54,83,237,315,3,2,,1,0.1,0.2,,2024-12-02 11:29:02,,3,1,,1,,,,1
1696428542290487,1192972236290487,2023,54,83,237,360,2,2,,1,0.2,0.2,,2024-12-02 11:29:02,,3,1,,1,,,,1
1696443028290487,1192972261290487,2023,54,83,765,45,4,2,2023,1,0.0,0.0,,2024-12-02 11:29:02,,3,2,,2,,,,1
1696443022290487,1192972261290487,2023,54,83,765,90,1,2,2023,1,0.0,0.0,,2024-12-02 11:29:02,,3,2,,2,,,,1
1696443026290487,1192972261290487,2023,54,83,765,135,3,2,2023,1,0.0,0.0,,2024-12-02 11:29:02,,3,2,,2,,,,1
1696443025290487,1192972261290487,2023,54,83,765,180,2,2,2023,1,0.0,0.0,,2024-12-02 11:29:02,,3,2,,2,,,,1
1696443029290487,1192972261290487,2023,54,83,765,225,4,2,2023,1,0.0,0.0,,2024-12-02 11:29:02,,3,2,,2,,,,1
1696443023290487,1192972261290487,2023,54,83,765,270,1,2,2023,1,0.0,0.0,,2024-12-02 11:29:02,,3,2,,2,,,,1
1696443027290487,1192972261290487,2023,54,83,765,315,3,2,2023,1,0.0,0.0,,2024-12-02 11:29:02,,3,2,,2,,,,1
1696443024290487,1192972261290487,2023,54,83,765,360,2,2,2023,1,0.0,0.0,,2024-12-02 11:29:02,,3,2,,2,,,,1
1696438715290487,1192972502290487,2023,54,83,1083,45,4,2,,1,4.5,2.3,,2024-12-02 11:29:02,,3,1,,1,,,,1
1696438709290487,1192972502290487,2023,54,83,1083,90,1,2,,1,4.6,2.4,,2024-12-02 11:29:02,,3,1,,1,,,,1
1696438713290487,1192972502290487,2023,54,83,1083,135,3,2,,1,0.0,0.0,,2024-12-02 11:29:02,,3,1,,1,,,,1
1696438711290487,1192972502290487,2023,54,83,1083,180,2,2,,1,4.1,2.2,,2024-12-02 11:29:02,,3,1,,1,,,,1
1696438716290487,1192972502290487,2023,54,83,1083,225,4,2,,1,2.1,1.8,,2024-12-02 11:29:02,,3,1,,1,,,,1
1696438710290487,1192972502290487,2023,54,83,1083,270,1,2,,1,0.6,2.9,,2024-12-02 11:29:02,,3,1,,1,,,,1
1696438714290487,1192972502290487,2023,54,83,1083,315,3,2,,1,5.1,2.0,,2024-12-02 11:29:02,,3,1,,1,,,,1
1696438712290487,1192972502290487,2023,54,83,1083,360,2,2,,1,3.3,2.5,,2024-12-02 11:29:02,,3,1,,1,,,,1
1696437729290487,1192972480290487,2023,54,83,1282,45,4,2,,1,1.2,1.2,,2024-12-02 11:29:02,,3,1,,1,,,,1
1696437723290487,1192972480290487,2023,54,83,1282,90,1,2,,1,1.7,3.2,,2024-12-02 11:29:02,,3,1,,1,,,,1
1696437727290487,1192972480290487,2023,54,83,1282,135,3,2,,1,0.1,0.8,,2024-12-02 11:29:02,,3,1,,1,,,,1
1696437725290487,1192972480290487,2023,54,83,1282,180,2,2,,1,2.0,2.2,,2024-12-02 11:29:02,,3,1,,1,,,,1
1696437730290487,1192972480290487,2023,54,83,1282,225,4,2,,1,0.2,1.0,,2024-12-02 11:29:02,,3,1,,1,,,,1
1696437724290487,1192972480290487,2023,54,83,1282,270,1,2,,1,0.2,0.2,,2024-12-02 11:29:02,,3,1,,1,,,,1
1696437728290487,1192972480290487,2023,54,83,1282,315,3,2,,1,0.1,1.1,,2024-12-02 11:29:02,,3,1,,1,,,,1
1696437726290487,1192972480290487,2023,54,83,1282,360,2,2,,1,0.8,1.1,,2024-12-02 11:29:02,,3,1,,1,,,,1
1696438889290487,1192972504290487,2023,54,83,2127,45,4,2,,3,,,,2024-12-02 11:29:02,,3,,,,,,,1
1696438883290487,1192972504290487,2023,54,83,2127,90,1,2,,1,1.5,0.9,,2024-12-02 11:29:02,,3,1,,1,,,,1
1696438887290487,1192972504290487,2023,54,83,2127,135,3,2,,1,0.2,0.1,,2024-12-02 11:29:02,,3,1,,1,,,,1
1696438885290487,1192972504290487,2023,54,83,2127,180,2,2,,1,1.1,0.0,,2024-12-02 11:29:02,,3,1,,1,,,,1
1696438890290487,1192972504290487,2023,54,83,2127,225,4,2,,3,,,,2024-12-02 11:29:02,,3,,,,,,,1
1696438884290487,1192972504290487,2023,54,83,2127,270,1,2,,1,0.2,0.1,,2024-12-02 11:29:02,,3,1,,1,,,,1
1696438888290487,1192972504290487,2023,54,83,2127,315,3,2,,1,2.8,3.5,,2024-12-02 11:29:02,,3,1,,1,,,,1
1696438886290487,1192972504290487,2023,54,83,2127,360,2,2,,2,5.7,1.7,,2024-12-02 11:29:02,,3,1,,1,,,,1
1696432652290487,1192972350290487,2023,54,87,1586,45,4,2,,1,0.1,0.3,,2024-12-02 11:29:02,,3,1,,1,,,,1
1696432646290487,1192972350290487,2023,54,87,1586,90,1,2,,1,0.1,1.0,,2024-12-02 11:29:02,,3,1,,1,,,,1
1696432650290487,1192972350290487,2023,54,87,1586,135,3,2,,1,0.1,0.2,,2024-12-02 11:29:02,,3,1,,1,,,,1
1696432648290487,1192972350290487,2023,54,87,1586,180,2,2,,1,0.1,1.8,,2024-12-02 11:29:02,,3,1,,1,,,,1
1696432653290487,1192972350290487,2023,54,87,1586,225,4,2,,1,0.1,0.3,,2024-12-02 11:29:02,,3,1,,1,,,,1
1696432647290487,1192972350290487,2023,54,87,1586,270,1,2,,1,0.1,2.2,,2024-12-02 11:29:02,,3,1,,1,,,,1
1696432651290487,1192972350290487,2023,54,87,1586,315,3,2,,1,0.1,0.3,,2024-12-02 11:29:02,,3,1,,1,,,,1
1696432649290487,1192972350290487,2023,54,87,1586,360,2,2,,1,0.1,2.3,,2024-12-02 11:29:02,,3,1,,1,,,,1
1696438519290487,1192972498290487,2023,54,93,1099,45,4,2,,1,0.0,0.2,,2024-12-02 11:29:02,,3,1,,1,,,,1
1696438513290487,1192972498290487,2023,54,93,1099,90,1,2,,1,0.0,0.0,,2024-12-02 11:29:02,,3,1,,1,,,,1
1696438517290487,1192972498290487,2023,54,93,1099,135,3,2,,2,4.7,2.1,,2024-12-02 11:29:02,,3,1,,1,,,,1
1696438515290487,1192972498290487,2023,54,93,1099,180,2,2,,1,0.0,1.0,,2024-12-02 11:29:02,,3,1,,1,,,,1
1696438520290487,1192972498290487,2023,54,93,1099,225,4,2,,1,0.0,1.8,,2024-12-02 11:29:02,,3,1,,1,,,,1
1696438514290487,1192972498290487,2023,54,93,1099,270,1,2,,1,0.0,0.0,,2024-12-02 11:29:02,,3,1,,1,,,,1
1696438518290487,1192972498290487,2023,54,93,1099,315,3,2,,2,1.2,1.5,,2024-12-02 11:29:02,,3,1,,1,,,,1
1696438516290487,1192972498290487,2023,54,93,1099,360,2,2,,1,0.0,3.2,,2024-12-02 11:29:02,,3,1,,1,,,,1
1696433102290487,1192972363290487,2023,54,95,1258,45,4,2,,1,,,,2024-12-02 11:29:02,,3,,,,,,,1
1696433096290487,1192972363290487,2023,54,95,1258,90,1,2,,1,,,,2024-12-02 11:29:02,,3,,,,,,,1
1696433100290487,1192972363290487,2023,54,95,1258,135,3,2,,1,,,,2024-12-02 11:29:02,,3,,,,,,,1
1696433098290487,1192972363290487,2023,54,95,1258,180,2,2,,1,,,,2024-12-02 11:29:02,,3,,,,,,,1
1696433103290487,1192972363290487,2023,54,95,1258,225,4,2,,1,,,,2024-12-02 11:29:02,,3,,,,,,,1
1696433097290487,1192972363290487,2023,54,95,1258,270,1,2,,1,,,,2024-12-02 11:29:02,,3,,,,,,,1
1696433101290487,1192972363290487,2023,54,95,1258,315,3,2,,1,,,,2024-12-02 11:29:02,,3,,,,,,,1
1696433099290487,1192972363290487,2023,54,95,1258,360,2,2,,1,,,,2024-12-02 11:29:02,,3,,,,,,,1
1696435193290487,1192972420290487,2023,54,97,1210,45,4,2,,1,0.8,0.8,,2024-12-02 11:29:02,,3,1,,1,,,,1
1696435187290487,1192972420290487,2023,54,97,1210,90,1,2,,1,1.7,2.2,,2024-12-02 11:29:02,,3,1,,1,,,,1
1696435191290487,1192972420290487,2023,54,97,1210,135,3,2,,1,0.1,0.6,,2024-12-02 11:29:02,,3,1,,1,,,,1
1696435189290487,1192972420290487,2023,54,97,1210,180,2,2,,1,0.2,0.8,,2024-12-02 11:29:02,,3,1,,1,,,,1
1696435194290487,1192972420290487,2023,54,97,1210,225,4,2,,1,0.1,1.6,,2024-12-02 11:29:02,,3,1,,1,,,,1
1696435188290487,1192972420290487,2023,54,97,1210,270,1,2,,1,1.0,2.6,,2024-12-02 11:29:02,,3,1,,1,,,,1
1696435192290487,1192972420290487,2023,54,97,1210,315,3,2,,1,0.1,0.5,,2024-12-02 11:29:02,,3,1,,1,,,,1
1696435190290487,1192972420290487,2023,54,97,1210,360,2,2,,1,0.1,0.7,,2024-12-02 11:29:02,,3,1,,1,,,,1
1696430153290487,1192972283290487,2023,54,99,1003,45,4,2,,1,0.1,1.2,,2024-12-02 11:29:02,,3,1,,1,,,,1
1696430147290487,1192972283290487,2023,54,99,1003,90,1,2,,1,0.1,1.0,,2024-12-02 11:29:02,,3,1,,1,,,,1
1696430151290487,1192972283290487,2023,54,99,1003,135,3,2,,1,0.1,0.5,,2024-12-02 11:29:02,,3,1,,1,,,,1
1696430149290487,1192972283290487,2023,54,99,1003,180,2,2,,1,0.1,2.0,,2024-12-02 11:29:02,,3,1,,1,,,,1
1696430154290487,1192972283290487,2023,54,99,1003,225,4,2,,1,0.1,0.4,,2024-12-02 11:29:02,,3,1,,1,,,,1
1696430148290487,1192972283290487,2023,54,99,1003,270,1,2,,1,0.1,1.4,,2024-12-02 11:29:02,,3,1,,1,,,,1
1696430152290487,1192972283290487,2023,54,99,1003,315,3,2,,1,0.1,1.9,,2024-12-02 11:29:02,,3,1,,1,,,,1
1696430150290487,1192972283290487,2023,54,99,1003,360,2,2,,1,0.1,2.2,,2024-12-02 11:29:02,,3,1,,1,,,,1
1696427011290487,1192972190290487,2023,54,101,516,45,4,2,,1,0.1,0.3,,2024-12-02 11:29:02,,3,1,,1,,,,1
1696427005290487,1192972190290487,2023,54,101,516,90,1,2,,1,0.1,1.6,,2024-12-02 11:29:02,,3,1,,1,,,,1
1696427009290487,1192972190290487,2023,54,101,516,135,3,2,,1,0.1,3.1,,2024-12-02 11:29:02,,3,1,,1,,,,1
1696427007290487,1192972190290487,2023,54,101,516,180,2,2,,1,0.1,4.3,,2024-12-02 11:29:02,,3,1,,1,,,,1
1696427012290487,1192972190290487,2023,54,101,516,225,4,2,,1,0.1,1.6,,2024-12-02 11:29:02,,3,1,,1,,,,1
1696427006290487,1192972190290487,2023,54,101,516,270,1,2,,1,0.1,4.3,,2024-12-02 11:29:02,,3,1,,1,,,,1
1696427010290487,1192972190290487,2023,54,101,516,315,3,2,,1,0.1,3.1,,2024-12-02 11:29:02,,3,1,,1,,,,1
1696427008290487,1192972190290487,2023,54,101,516,360,2,2,,1,0.2,2.4,,2024-12-02 11:29:02,,3,1,,1,,,,1
1696433891290487,1192972382290487,2023,54,107,1124,45,4,2,,1,0.1,2.1,,2024-12-02 11:29:02,,3,1,,1,,,,1
1696433885290487,1192972382290487,2023,54,107,1124,90,1,2,,1,0.1,1.2,,2024-12-02 11:29:02,,3,1,,1,,,,1
1696433889290487,1192972382290487,2023,54,107,1124,135,3,2,,1,0.1,0.7,,2024-12-02 11:29:02,,3,1,,1,,,,1
1696433887290487,1192972382290487,2023,54,107,1124,180,2,2,,1,0.1,0.7,,2024-12-02 11:29:02,,3,1,,1,,,,1
1696433892290487,1192972382290487,2023,54,107,1124,225,4,2,,1,0.1,1.2,,2024-12-02 11:29:02,,3,1,,1,,,,1
1696433886290487,1192972382290487,2023,54,107,1124,270,1,2,,1,0.1,1.1,,2024-12-02 11:29:02,,3,1,,1,,,,1
1696433890290487,1192972382290487,2023,54,107,1124,315,3,2,,1,0.1,1.8,,2024-12-02 11:29:02,,3,1,,1,,,,1
1696433888290487,1192972382290487,2023,54,107,1124,360,2,2,,1,0.1,0.7,,2024-12-02 11:29:02,,3,1,,1,,,,1
1696434073290487,1192972385290487,2023,54,107,2443,45,4,2,,1,,,,2024-12-02 11:29:02,,3,,10,,10,,,0
1696434067290487,1192972385290487,2023,54,107,2443,90,1,2,,1,0.1,0.8,,2024-12-02 11:29:02,,3,1,,1,,,,1
1696434071290487,1192972385290487,2023,54,107,2443,135,3,2,,1,0.1,1.1,,2024-12-02 11:29:02,,3,1,,1,,,,1
1696434069290487,1192972385290487,2023,54,107,2443,180,2,2,,1,0.1,0.6,,2024-12-02 11:29:02,,3,1,,1,,,,1
1696434074290487,1192972385290487,2023,54,107,2443,225,4,2,,1,0.1,1.7,,2024-12-02 11:29:02,,3,1,,1,,,,1
1696434068290487,1192972385290487,2023,54,107,2443,270,1,2,,1,,,,2024-12-02 11:29:02,,3,,10,,10,,,0
1696434072290487,1192972385290487,2023,54,107,2443,315,3,2,,1,0.1,0.5,,2024-12-02 11:29:02,,3,1,,1,,,,1
1696434070290487,1192972385290487,2023,54,107,2443,360,2,2,,1,0.1,0.3,,2024-12-02 11:29:02,,3,1,,1,,,,1
1841447200290487,1287838452290487,2024,54,1,2458,45,4,2,,1,,,,2025-04-21 10:31:31,,3,,,,,,,1
1841447194290487,1287838452290487,2024,54,1,2458,90,1,2,,1,,,,2025-04-21 10:31:31,,3,,,,,,,1
1841447198290487,1287838452290487,2024,54,1,2458,135,3,2,,1,,,,2025-04-21 10:31:31,,3,,,,,,,1
1841447196290487,1287838452290487,2024,54,1,2458,180,2,2,,1,,,,2025-04-21 10:31:31,,3,,,,,,,1
1841447201290487,1287838452290487,2024,54,1,2458,225,4,2,,1,,,,2025-04-21 10:31:31,,3,,,,,,,1
1841447195290487,1287838452290487,2024,54,1,2458,270,1,2,,1,,,,2025-04-21 10:31:31,,3,,,,,,,1
1841447199290487,1287838452290487,2024,54,1,2458,315,3,2,,1,,,,2025-04-21 10:31:31,,3,,,,,,,1
1841447197290487,1287838452290487,2024,54,1,2458,360,2,2,,1,,,,2025-04-21 10:31:31,,3,,,,,,,1
1841442935290487,1287838351290487,2024,54,17,2157,45,4,2,,1,0.0,1.2,,2025-04-21 10:31:31,,3,1,,1,,,,1
1841442929290487,1287838351290487,2024,54,17,2157,90,1,2,,1,0.0,2.2,,2025-04-21 10:31:31,,3,1,,1,,,,1
1841442933290487,1287838351290487,2024,54,17,2157,135,3,2,,1,0.1,0.2,,2025-04-21 10:31:31,,3,1,,1,,,,1
1841442931290487,1287838351290487,2024,54,17,2157,180,2,2,,1,0.2,0.9,,2025-04-21 10:31:31,,3,1,,1,,,,1
1841442936290487,1287838351290487,2024,54,17,2157,225,4,2,,2,0.1,1.2,,2025-04-21 10:31:31,,3,1,,1,,,,1
1841442930290487,1287838351290487,2024,54,17,2157,270,1,2,,1,0.0,0.2,,2025-04-21 10:31:31,,3,1,,1,,,,1
1841442934290487,1287838351290487,2024,54,17,2157,315,3,2,,1,0.0,5.1,,2025-04-21 10:31:31,,3,1,,1,,,,1
1841442932290487,1287838351290487,2024,54,17,2157,360,2,2,,1,0.2,0.5,,2025-04-21 10:31:31,,3,1,,1,,,,1
1841454171290487,1287838638290487,2024,54,19,898,45,4,2,,1,0.0,0.2,,2025-04-21 10:31:31,,3,1,,1,,,,1
1841454165290487,1287838638290487,2024,54,19,898,90,1,2,,1,0.0,0.0,,2025-04-21 10:31:31,,3,1,,1,,,,1
1841454169290487,1287838638290487,2024,54,19,898,135,3,2,,2,0.1,0.5,,2025-04-21 10:31:31,,3,1,,1,,,,1
1841454167290487,1287838638290487,2024,54,19,898,180,2,2,,1,0.0,0.0,,2025-04-21 10:31:31,,3,1,,1,,,,1
1841454172290487,1287838638290487,2024,54,19,898,225,4,2,,1,0.1,0.2,,2025-04-21 10:31:31,,3,1,,1,,,,1
1841454166290487,1287838638290487,2024,54,19,898,270,1,2,,1,0.0,0.1,,2025-04-21 10:31:31,,3,1,,1,,,,1
1841454170290487,1287838638290487,2024,54,19,898,315,3,2,,1,0.1,0.2,,2025-04-21 10:31:31,,3,1,,1,,,,1
1841454168290487,1287838638290487,2024,54,19,898,360,2,2,,1,0.1,0.4,,2025-04-21 10:31:31,,3,1,,1,,,,1
1841446299290487,1287838427290487,2024,54,25,268,45,4,2,,1,1.6,1.7,,2025-04-21 10:31:31,,3,1,,1,,,,1
1841446293290487,1287838427290487,2024,54,25,268,90,1,2,,1,0.1,0.3,,2025-04-21 10:31:31,,3,1,,1,,,,1
1841446297290487,1287838427290487,2024,54,25,268,135,3,2,,1,0.0,0.2,,2025-04-21 10:31:31,,3,1,,1,,,,1
1841446295290487,1287838427290487,2024,54,25,268,180,2,2,,1,0.0,1.0,,2025-04-21 10:31:31,,3,1,,1,,,,1
1841446300290487,1287838427290487,2024,54,25,268,225,4,2,,1,0.3,0.6,,2025-04-21 10:31:31,,3,1,,1,,,,1
1841446294290487,1287838427290487,2024,54,25,268,270,1,2,,1,1.2,1.1,,2025-04-21 10:31:31,,3,1,,1,,,,1
1841446298290487,1287838427290487,2024,54,25,268,315,3,2,,1,1.3,1.3,,2025-04-21 10:31:31,,3,1,,1,,,,1
1841446296290487,1287838427290487,2024,54,25,268,360,2,2,,1,4.1,0.2,,2025-04-21 10:31:31,,3,1,,1,,,,1
1841461464290487,1287838428290487,2024,54,25,390,45,4,2,2024,1,0.0,0.0,,2025-04-21 10:31:31,,3,2,,2,,,,1
1841461458290487,1287838428290487,2024,54,25,390,90,1,2,2024,1,0.0,0.0,,2025-04-21 10:31:31,,3,2,,2,,,,1
1841461462290487,1287838428290487,2024,54,25,390,135,3,2,2024,1,0.0,0.0,,2025-04-21 10:31:31,,3,2,,2,,,,1
1841461461290487,1287838428290487,2024,54,25,390,180,2,2,2024,1,0.0,0.0,,2025-04-21 10:31:31,,3,2,,2,,,,1
1841461465290487,1287838428290487,2024,54,25,390,225,4,2,2024,1,0.0,0.0,,2025-04-21 10:31:31,,3,2,,2,,,,1
1841461459290487,1287838428290487,2024,54,25,390,270,1,2,2024,1,0.0,0.0,,2025-04-21 10:31:31,,3,2,,2,,,,1
1841461463290487,1287838428290487,2024,54,25,390,315,3,2,2024,1,0.0,0.0,,2025-04-21 10:31:31,,3,2,,2,,,,1
1841461460290487,1287838428290487,2024,54,25,390,360,2,2,2024,1,0.0,0.0,,2025-04-21 10:31:31,,3,2,,2,,,,1
1841445255290487,1287838408290487,2024,54,25,1520,45,4,2,,1,0.0,1.1,,2025-04-21 10:31:31,,3,1,,1,,,,1
1841445249290487,1287838408290487,2024,54,25,1520,90,1,2,,1,0.0,0.3,,2025-04-21 10:31:31,,3,1,,1,,,,1
1841445253290487,1287838408290487,2024,54,25,1520,135,3,2,,1,0.0,2.5,,2025-04-21 10:31:31,,3,1,,1,,,,1
1841445251290487,1287838408290487,2024,54,25,1520,180,2,2,,1,0.0,0.3,,2025-04-21 10:31:31,,3,1,,1,,,,1
1841445256290487,1287838408290487,2024,54,25,1520,225,4,2,,1,0.5,0.5,,2025-04-21 10:31:31,,3,1,,1,,,,1
1841445250290487,1287838408290487,2024,54,25,1520,270,1,2,,1,0.0,0.3,,2025-04-21 10:31:31,,3,1,,1,,,,1
1841445254290487,1287838408290487,2024,54,25,1520,315,3,2,,1,0.0,0.1,,2025-04-21 10:31:31,,3,1,,1,,,,1
1841445252290487,1287838408290487,2024,54,25,1520,360,2,2,,1,0.0,1.0,,2025-04-21 10:31:31,,3,1,,1,,,,1
1841457378290487,1287838706290487,2024,54,27,48,45,4,2,,1,0.0,0.6,,2025-04-21 10:31:31,,3,1,,1,,,,1
1841457372290487,1287838706290487,2024,54,27,48,90,1,2,,1,0.0,0.8,,2025-04-21 10:31:31,,3,1,,1,,,,1
1841457376290487,1287838706290487,2024,54,27,48,135,3,2,,1,0.2,1.1,,2025-04-21 10:31:31,,3,1,,1,,,,1
1841457374290487,1287838706290487,2024,54,27,48,180,2,2,,1,0.2,1.0,,2025-04-21 10:31:31,,3,1,,1,,,,1
1841457379290487,1287838706290487,2024,54,27,48,225,4,2,,1,0.0,1.1,,2025-04-21 10:31:31,,3,1,,1,,,,1
1841457373290487,1287838706290487,2024,54,27,48,270,1,2,,1,0.1,1.4,,2025-04-21 10:31:31,,3,1,,1,,,,1
1841457377290487,1287838706290487,2024,54,27,48,315,3,2,,1,0.1,2.3,,2025-04-21 10:31:31,,3,1,,1,,,,1
1841457375290487,1287838706290487,2024,54,27,48,360,2,2,,1,0.3,3.3,,2025-04-21 10:31:31,,3,1,,1,,,,1
1841446920290487,1287838443290487,2024,54,27,370,45,4,2,,1,1.0,0.3,,2025-04-21 10:31:31,,3,1,,1,,,,1
1841446914290487,1287838443290487,2024,54,27,370,90,1,2,,1,1.0,3.3,,2025-04-21 10:31:31,,3,1,,1,,,,1
1841446918290487,1287838443290487,2024,54,27,370,135,3,2,,1,2.8,1.1,,2025-04-21 10:31:31,,3,1,,1,,,,1
1841446916290487,1287838443290487,2024,54,27,370,180,2,2,,1,2.4,3.8,,2025-04-21 10:31:31,,3,1,,1,,,,1
1841446921290487,1287838443290487,2024,54,27,370,225,4,2,,1,0.0,0.8,,2025-04-21 10:31:31,,3,1,,1,,,,1
1841446915290487,1287838443290487,2024,54,27,370,270,1,2,,1,0.8,0.5,,2025-04-21 10:31:31,,3,1,,1,,,,1
1841446919290487,1287838443290487,2024,54,27,370,315,3,2,,1,0.3,2.0,,2025-04-21 10:31:31,,3,1,,1,,,,1
1841446917290487,1287838443290487,2024,54,27,370,360,2,2,,1,1.1,2.0,,2025-04-21 10:31:31,,3,1,,1,,,,1
1841442678290487,1287838349290487,2024,54,33,3590,45,4,2,,1,0.8,1.8,,2025-04-21 10:31:31,,3,1,,1,,,,1
1841442672290487,1287838349290487,2024,54,33,3590,90,1,2,,1,0.4,2.3,,2025-04-21 10:31:31,,3,1,,1,,,,1
1841442676290487,1287838349290487,2024,54,33,3590,135,3,2,,1,0.5,2.0,,2025-04-21 10:31:31,,3,1,,1,,,,1
1841442674290487,1287838349290487,2024,54,33,3590,180,2,2,,1,0.3,0.7,,2025-04-21 10:31:31,,3,1,,1,,,,1
1841442679290487,1287838349290487,2024,54,33,3590,225,4,2,,1,0.2,0.8,,2025-04-21 10:31:31,,3,1,,1,,,,1
1841442673290487,1287838349290487,2024,54,33,3590,270,1,2,,1,0.3,2.1,,2025-04-21 10:31:31,,3,1,,1,,,,1
1841442677290487,1287838349290487,2024,54,33,3590,315,3,2,,1,0.5,1.8,,2025-04-21 10:31:31,,3,1,,1,,,,1
1841442675290487,1287838349290487,2024,54,33,3590,360,2,2,,1,0.1,1.1,,2025-04-21 10:31:31,,3,1,,1,,,,1
1841451593290487,1287838567290487,2024,54,35,759,45,4,2,,1,0.1,3.5,,2025-04-21 10:31:31,,3,1,,1,,,,1
1841451587290487,1287838567290487,2024,54,35,759,90,1,2,,1,0.1,1.9,,2025-04-21 10:31:31,,3,1,,1,,,,1
1841451591290487,1287838567290487,2024,54,35,759,135,3,2,,1,0.1,0.4,,2025-04-21 10:31:31,,3,1,,1,,,,1
1841451589290487,1287838567290487,2024,54,35,759,180,2,2,,1,0.1,2.0,,2025-04-21 10:31:31,,3,1,,1,,,,1
1841451594290487,1287838567290487,2024,54,35,759,225,4,2,,1,0.1,0.7,,2025-04-21 10:31:31,,3,1,,1,,,,1
1841451588290487,1287838567290487,2024,54,35,759,270,1,2,,1,0.1,0.6,,2025-04-21 10:31:31,,3,1,,1,,,,1
1841451592290487,1287838567290487,2024,54,35,759,315,3,2,,1,0.1,0.7,,2025-04-21 10:31:31,,3,1,,1,,,,1
1841451590290487,1287838567290487,2024,54,35,759,360,2,2,,1,0.1,0.7,,2025-04-21 10:31:31,,3,1,,1,,,,1
1841453348290487,1287838615290487,2024,54,35,1005,45,4,2,,1,0.1,1.0,,2025-04-21 10:31:31,,3,1,,1,,,,1
1841453342290487,1287838615290487,2024,54,35,1005,90,1,2,,1,0.1,1.4,,2025-04-21 10:31:31,,3,1,,1,,,,1
1841453346290487,1287838615290487,2024,54,35,1005,135,3,2,,1,0.1,1.1,,2025-04-21 10:31:31,,3,1,,1,,,,1
1841453344290487,1287838615290487,2024,54,35,1005,180,2,2,,1,0.1,0.3,,2025-04-21 10:31:31,,3,1,,1,,,,1
1841453349290487,1287838615290487,2024,54,35,1005,225,4,2,,1,0.1,2.1,,2025-04-21 10:31:31,,3,1,,1,,,,1
1841453343290487,1287838615290487,2024,54,35,1005,270,1,2,,1,0.1,0.6,,2025-04-21 10:31:31,,3,1,,1,,,,1
1841453347290487,1287838615290487,2024,54,35,1005,315,3,2,,1,0.1,0.5,,2025-04-21 10:31:31,,3,1,,1,,,,1
1841453345290487,1287838615290487,2024,54,35,1005,360,2,2,,1,0.1,0.6,,2025-04-21 10:31:31,,3,1,,1,,,,1
1841449181290487,1287838505290487,2024,54,35,1553,45,4,2,,1,,,,2025-04-21 10:31:31,,3,,,,,,,1
1841449175290487,1287838505290487,2024,54,35,1553,90,1,2,,1,,,,2025-04-21 10:31:31,,3,,,,,,,1
1841449179290487,1287838505290487,2024,54,35,1553,135,3,2,,1,,,,2025-04-21 10:31:31,,3,,,,,,,1
1841449177290487,1287838505290487,2024,54,35,1553,180,2,2,,1,,,,2025-04-21 10:31:31,,3,,,,,,,1
1841449182290487,1287838505290487,2024,54,35,1553,225,4,2,,1,,,,2025-04-21 10:31:31,,3,,,,,,,1
1841449176290487,1287838505290487,2024,54,35,1553,270,1,2,,1,,,,2025-04-21 10:31:31,,3,,,,,,,1
1841449180290487,1287838505290487,2024,54,35,1553,315,3,2,,1,,,,2025-04-21 10:31:31,,3,,,,,,,1
1841449178290487,1287838505290487,2024,54,35,1553,360,2,2,,1,,,,2025-04-21 10:31:31,,3,,,,,,,1
1841461412290487,1287838370290487,2024,54,37,2289,45,4,2,2024,1,0.0,0.0,,2025-04-21 10:31:31,,3,2,,2,,,,1
1841461406290487,1287838370290487,2024,54,37,2289,90,1,2,2024,1,0.0,0.0,,2025-04-21 10:31:31,,3,2,,2,,,,1
1841461410290487,1287838370290487,2024,54,37,2289,135,3,2,2024,1,0.0,0.0,,2025-04-21 10:31:31,,3,2,,2,,,,1
1841461409290487,1287838370290487,2024,54,37,2289,180,2,2,2024,1,0.0,0.0,,2025-04-21 10:31:31,,3,2,,2,,,,1
1841461413290487,1287838370290487,2024,54,37,2289,225,4,2,2024,1,0.0,0.0,,2025-04-21 10:31:31,,3,2,,2,,,,1
1841461407290487,1287838370290487,2024,54,37,2289,270,1,2,2024,1,0.0,0.0,,2025-04-21 10:31:31,,3,2,,2,,,,1
1841461411290487,1287838370290487,2024,54,37,2289,315,3,2,2024,1,0.0,0.0,,2025-04-21 10:31:31,,3,2,,2,,,,1
1841461408290487,1287838370290487,2024,54,37,2289,360,2,2,2024,1,0.0,0.0,,2025-04-21 10:31:31,,3,2,,2,,,,1
1841448868290487,1287838494290487,2024,54,39,1127,45,4,2,,1,0.2,1.4,,2025-04-21 10:31:31,,3,1,,1,,,,1
1841448862290487,1287838494290487,2024,54,39,1127,90,1,2,,1,0.1,1.0,,2025-04-21 10:31:31,,3,1,,1,,,,1
1841448866290487,1287838494290487,2024,54,39,1127,135,3,2,,3,,,,2025-04-21 10:31:31,,3,,,,,,,1
1841448864290487,1287838494290487,2024,54,39,1127,180,2,2,,2,0.0,0.7,,2025-04-21 10:31:31,,3,1,,1,,,,1
1841448869290487,1287838494290487,2024,54,39,1127,225,4,2,,1,0.9,0.9,,2025-04-21 10:31:31,,3,1,,1,,,,1
1841448863290487,1287838494290487,2024,54,39,1127,270,1,2,,1,0.0,0.0,,2025-04-21 10:31:31,,3,1,,1,,,,1
1841448867290487,1287838494290487,2024,54,39,1127,315,3,2,,3,,,,2025-04-21 10:31:31,,3,,,,,,,1
1841448865290487,1287838494290487,2024,54,39,1127,360,2,2,,2,0.6,2.2,,2025-04-21 10:31:31,,3,1,,1,,,,1
1841450559290487,1287838543290487,2024,54,43,1146,45,4,2,,1,,,,2025-04-21 10:31:31,,3,,,,,,,1
1841450553290487,1287838543290487,2024,54,43,1146,90,1,2,,1,,,,2025-04-21 10:31:31,,3,,,,,,,1
1841450557290487,1287838543290487,2024,54,43,1146,135,3,2,,2,0.1,0.3,,2025-04-21 10:31:31,,3,1,,1,,,,1
1841450555290487,1287838543290487,2024,54,43,1146,180,2,2,,1,,,,2025-04-21 10:31:31,,3,,,,,,,1
1841450560290487,1287838543290487,2024,54,43,1146,225,4,2,,1,,,,2025-04-21 10:31:31,,3,,,,,,,1
1841450554290487,1287838543290487,2024,54,43,1146,270,1,2,,1,,,,2025-04-21 10:31:31,,3,,,,,,,1
1841450558290487,1287838543290487,2024,54,43,1146,315,3,2,,2,0.2,0.2,,2025-04-21 10:31:31,,3,1,,1,,,,1
1841450556290487,1287838543290487,2024,54,43,1146,360,2,2,,1,,,,2025-04-21 10:31:31,,3,,,,,,,1
1841449438290487,1287838512290487,2024,54,43,2281,45,4,2,,1,0.1,0.7,,2025-04-21 10:31:31,,3,1,,1,,,,1
1841449432290487,1287838512290487,2024,54,43,2281,90,1,2,,1,0.1,1.5,,2025-04-21 10:31:31,,3,1,,1,,,,1
1841449436290487,1287838512290487,2024,54,43,2281,135,3,2,,1,0.1,2.3,,2025-04-21 10:31:31,,3,1,,1,,,,1
1841449434290487,1287838512290487,2024,54,43,2281,180,2,2,,1,0.1,1.8,,2025-04-21 10:31:31,,3,1,,1,,,,1
1841449439290487,1287838512290487,2024,54,43,2281,225,4,2,,1,0.1,1.7,,2025-04-21 10:31:31,,3,1,,1,,,,1
1841449433290487,1287838512290487,2024,54,43,2281,270,1,2,,1,0.1,1.3,,2025-04-21 10:31:31,,3,1,,1,,,,1
1841449437290487,1287838512290487,2024,54,43,2281,315,3,2,,1,0.1,0.2,,2025-04-21 10:31:31,,3,1,,1,,,,1
1841449435290487,1287838512290487,2024,54,43,2281,360,2,2,,1,0.1,2.1,,2025-04-21 10:31:31,,3,1,,1,,,,1
1841444314290487,1287838380290487,2024,54,49,1963,45,4,2,,1,0.2,1.6,,2025-04-21 10:31:31,,3,1,,1,,,,1
1841444308290487,1287838380290487,2024,54,49,1963,90,1,2,,1,0.0,2.1,,2025-04-21 10:31:31,,3,1,,1,,,,1
1841444312290487,1287838380290487,2024,54,49,1963,135,3,2,,1,0.0,2.0,,2025-04-21 10:31:31,,3,1,,1,,,,1
1841444310290487,1287838380290487,2024,54,49,1963,180,2,2,,1,0.2,0.7,,2025-04-21 10:31:31,,3,1,,1,,,,1
1841444315290487,1287838380290487,2024,54,49,1963,225,4,2,,1,0.1,1.6,,2025-04-21 10:31:31,,3,1,,1,,,,1
1841444309290487,1287838380290487,2024,54,49,1963,270,1,2,,1,0.1,0.7,,2025-04-21 10:31:31,,3,1,,1,,,,1
1841444313290487,1287838380290487,2024,54,49,1963,315,3,2,,1,0.0,0.2,,2025-04-21 10:31:31,,3,1,,1,,,,1
1841444311290487,1287838380290487,2024,54,49,1963,360,2,2,,1,0.0,0.2,,2025-04-21 10:31:31,,3,1,,1,,,,1
1841461579290487,1287838573290487,2024,54,53,1875,45,4,2,2024,1,0.0,0.0,,2025-04-21 10:31:31,,3,2,,2,,,,1
1841461573290487,1287838573290487,2024,54,53,1875,90,1,2,2024,1,0.0,0.0,,2025-04-21 10:31:31,,3,2,,2,,,,1
1841461577290487,1287838573290487,2024,54,53,1875,135,3,2,2024,1,0.0,0.0,,2025-04-21 10:31:31,,3,2,,2,,,,1
1841461576290487,1287838573290487,2024,54,53,1875,180,2,2,2024,1,0.0,0.0,,2025-04-21 10:31:31,,3,2,,2,,,,1
1841461580290487,1287838573290487,2024,54,53,1875,225,4,2,2024,1,0.0,0.0,,2025-04-21 10:31:31,,3,2,,2,,,,1
1841461574290487,1287838573290487,2024,54,53,1875,270,1,2,2024,1,0.0,0.0,,2025-04-21 10:31:31,,3,2,,2,,,,1
1841461578290487,1287838573290487,2024,54,53,1875,315,3,2,2024,1,0.0,0.0,,2025-04-21 10:31:31,,3,2,,2,,,,1
1841461575290487,1287838573290487,2024,54,53,1875,360,2,2,2024,1,0.0,0.0,,2025-04-21 10:31:31,,3,2,,2,,,,1
1841455136290487,1287838657290487,2024,54,55,2287,45,4,2,,1,0.0,0.3,,2025-04-21 10:31:31,,3,1,,1,,,,1
1841455130290487,1287838657290487,2024,54,55,2287,90,1,2,,1,0.0,0.1,,2025-04-21 10:31:31,,3,1,,1,,,,1
1841455134290487,1287838657290487,2024,54,55,2287,135,3,2,,2,0.0,0.0,,2025-04-21 10:31:31,,3,1,,1,,,,1
1841455132290487,1287838657290487,2024,54,55,2287,180,2,2,,1,0.0,0.0,,2025-04-21 10:31:31,,3,1,,1,,,,1
1841455137290487,1287838657290487,2024,54,55,2287,225,4,2,,1,0.0,1.3,,2025-04-21 10:31:31,,3,1,,1,,,,1
1841455131290487,1287838657290487,2024,54,55,2287,270,1,2,,1,0.0,0.6,,2025-04-21 10:31:31,,3,1,,1,,,,1
1841455135290487,1287838657290487,2024,54,55,2287,315,3,2,,2,0.1,0.9,,2025-04-21 10:31:31,,3,1,,1,,,,1
1841455133290487,1287838657290487,2024,54,55,2287,360,2,2,,1,0.3,0.8,,2025-04-21 10:31:31,,3,1,,1,,,,1
1841452519290487,1287838595290487,2024,54,57,102,45,4,2,,1,0.1,2.4,,2025-04-21 10:31:31,,3,1,,1,,,,1
1841452513290487,1287838595290487,2024,54,57,102,90,1,2,,1,0.5,2.5,,2025-04-21 10:31:31,,3,1,,1,,,,1
1841452517290487,1287838595290487,2024,54,57,102,135,3,2,,1,1.0,0.2,,2025-04-21 10:31:31,,3,1,,1,,,,1
1841452515290487,1287838595290487,2024,54,57,102,180,2,2,,1,0.5,0.2,,2025-04-21 10:31:31,,3,1,,1,,,,1
1841452520290487,1287838595290487,2024,54,57,102,225,4,2,,1,0.1,0.8,,2025-04-21 10:31:31,,3,1,,1,,,,1
1841452514290487,1287838595290487,2024,54,57,102,270,1,2,,1,1.0,0.1,,2025-04-21 10:31:31,,3,2,,2,,,,1
1841452518290487,1287838595290487,2024,54,57,102,315,3,2,,1,0.4,1.8,,2025-04-21 10:31:31,,3,1,,1,,,,1
1841452516290487,1287838595290487,2024,54,57,102,360,2,2,,1,0.0,1.0,,2025-04-21 10:31:31,,3,1,,1,,,,1
1841461497290487,1287838440290487,2024,54,57,1837,45,4,2,2024,1,0.0,0.0,,2025-04-21 10:31:31,,3,2,,2,,,,1
1841461491290487,1287838440290487,2024,54,57,1837,90,1,2,2024,1,0.0,0.0,,2025-04-21 10:31:31,,3,2,,2,,,,1
1841461495290487,1287838440290487,2024,54,57,1837,135,3,2,2024,1,0.0,0.0,,2025-04-21 10:31:31,,3,2,,2,,,,1
1841461494290487,1287838440290487,2024,54,57,1837,180,2,2,2024,1,0.0,0.0,,2025-04-21 10:31:31,,3,2,,2,,,,1
1841461498290487,1287838440290487,2024,54,57,1837,225,4,2,2024,1,0.0,0.0,,2025-04-21 10:31:31,,3,2,,2,,,,1
1841461492290487,1287838440290487,2024,54,57,1837,270,1,2,2024,1,0.0,0.0,,2025-04-21 10:31:31,,3,2,,2,,,,1
1841461496290487,1287838440290487,2024,54,57,1837,315,3,2,2024,1,0.0,0.0,,2025-04-21 10:31:31,,3,2,,2,,,,1
1841461493290487,1287838440290487,2024,54,57,1837,360,2,2,2024,1,0.0,0.0,,2025-04-21 10:31:31,,3,2,,2,,,,1
1841450825290487,1287838549290487,2024,54,59,2252,45,4,2,,1,0.1,1.3,,2025-04-21 10:31:31,,3,1,,1,,,,1
1841450819290487,1287838549290487,2024,54,59,2252,90,1,2,,1,0.1,1.2,,2025-04-21 10:31:31,,3,1,,1,,,,1
1841450823290487,1287838549290487,2024,54,59,2252,135,3,2,,1,0.1,2.3,,2025-04-21 10:31:31,,3,1,,1,,,,1
1841450821290487,1287838549290487,2024,54,59,2252,180,2,2,,1,0.1,1.2,,2025-04-21 10:31:31,,3,1,,1,,,,1
1841450826290487,1287838549290487,2024,54,59,2252,225,4,2,,1,0.0,0.0,,2025-04-21 10:31:31,,3,1,,1,,,,1
1841450820290487,1287838549290487,2024,54,59,2252,270,1,2,,1,0.1,1.9,,2025-04-21 10:31:31,,3,1,,1,,,,1
1841450824290487,1287838549290487,2024,54,59,2252,315,3,2,,1,0.1,1.3,,2025-04-21 10:31:31,,3,1,,1,,,,1
1841450822290487,1287838549290487,2024,54,59,2252,360,2,2,,1,0.1,1.1,,2025-04-21 10:31:31,,3,1,,1,,,,1
1841445045290487,1287838405290487,2024,54,61,997,45,4,2,,1,,,,2025-04-21 10:31:31,,3,,,,,,,1
1841445039290487,1287838405290487,2024,54,61,997,90,1,2,,1,,,,2025-04-21 10:31:31,,3,,,,,,,1
1841445043290487,1287838405290487,2024,54,61,997,135,3,2,,1,,,,2025-04-21 10:31:31,,3,,,,,,,1
1841445041290487,1287838405290487,2024,54,61,997,180,2,2,,1,,,,2025-04-21 10:31:31,,3,,,,,,,1
1841445046290487,1287838405290487,2024,54,61,997,225,4,2,,1,,,,2025-04-21 10:31:31,,3,,,,,,,1
1841445040290487,1287838405290487,2024,54,61,997,270,1,2,,1,,,,2025-04-21 10:31:31,,3,,,,,,,1
1841445044290487,1287838405290487,2024,54,61,997,315,3,2,,1,,,,2025-04-21 10:31:31,,3,,,,,,,1
1841445042290487,1287838405290487,2024,54,61,997,360,2,2,,1,,,,2025-04-21 10:31:31,,3,,,,,,,1
1841461646290487,1287838626290487,2024,54,63,173,45,4,2,2024,1,0.0,0.0,,2025-04-21 10:31:31,,3,2,,2,,,,1
1841461640290487,1287838626290487,2024,54,63,173,90,1,2,2024,1,0.0,0.0,,2025-04-21 10:31:31,,3,2,,2,,,,1
1841461644290487,1287838626290487,2024,54,63,173,135,3,2,2024,1,0.0,0.0,,2025-04-21 10:31:31,,3,2,,2,,,,1
1841461643290487,1287838626290487,2024,54,63,173,180,2,2,2024,1,0.0,0.0,,2025-04-21 10:31:31,,3,2,,2,,,,1
1841461647290487,1287838626290487,2024,54,63,173,225,4,2,2024,1,0.0,0.0,,2025-04-21 10:31:31,,3,2,,2,,,,1
1841461641290487,1287838626290487,2024,54,63,173,270,1,2,2024,1,0.0,0.0,,2025-04-21 10:31:31,,3,2,,2,,,,1
1841461645290487,1287838626290487,2024,54,63,173,315,3,2,2024,1,0.0,0.0,,2025-04-21 10:31:31,,3,2,,2,,,,1
1841461642290487,1287838626290487,2024,54,63,173,360,2,2,2024,1,0.0,0.0,,2025-04-21 10:31:31,,3,2,,2,,,,1
1841461708290487,1287838712290487,2024,54,65,2244,45,4,2,2024,1,0.0,0.0,,2025-04-21 10:31:31,,3,2,,2,,,,1
1841461702290487,1287838712290487,2024,54,65,2244,90,1,2,2024,1,0.0,0.0,,2025-04-21 10:31:31,,3,2,,2,,,,1
1841461706290487,1287838712290487,2024,54,65,2244,135,3,2,2024,1,0.0,0.0,,2025-04-21 10:31:31,,3,2,,2,,,,1
1841461705290487,1287838712290487,2024,54,65,2244,180,2,2,2024,1,0.0,0.0,,2025-04-21 10:31:31,,3,2,,2,,,,1
1841461709290487,1287838712290487,2024,54,65,2244,225,4,2,2024,1,0.0,0.0,,2025-04-21 10:31:31,,3,2,,2,,,,1
1841461703290487,1287838712290487,2024,54,65,2244,270,1,2,2024,1,0.0,0.0,,2025-04-21 10:31:31,,3,2,,2,,,,1
1841461707290487,1287838712290487,2024,54,65,2244,315,3,2,2024,1,0.0,0.0,,2025-04-21 10:31:31,,3,2,,2,,,,1
1841461704290487,1287838712290487,2024,54,65,2244,360,2,2,2024,1,0.0,0.0,,2025-04-21 10:31:31,,3,2,,2,,,,1
1841456196290487,1287838684290487,2024,54,67,512,45,4,2,,1,0.1,0.0,,2025-04-21 10:31:31,,3,1,,1,,,,1
1841456190290487,1287838684290487,2024,54,67,512,90,1,2,,1,0.1,1.0,,2025-04-21 10:31:31,,3,1,,1,,,,1
1841456194290487,1287838684290487,2024,54,67,512,135,3,2,,1,0.1,0.5,,2025-04-21 10:31:31,,3,1,,1,,,,1
1841456192290487,1287838684290487,2024,54,67,512,180,2,2,,1,2.0,1.1,,2025-04-21 10:31:31,,3,1,,1,,,,1
1841456197290487,1287838684290487,2024,54,67,512,225,4,2,,1,0.8,0.1,,2025-04-21 10:31:31,,3,1,,1,,,,1
1841456191290487,1287838684290487,2024,54,67,512,270,1,2,,1,0.2,1.8,,2025-04-21 10:31:31,,3,1,,1,,,,1
1841456195290487,1287838684290487,2024,54,67,512,315,3,2,,1,0.1,0.3,,2025-04-21 10:31:31,,3,1,,1,,,,1
1841456193290487,1287838684290487,2024,54,67,512,360,2,2,,1,0.7,1.9,,2025-04-21 10:31:31,,3,1,,1,,,,1
1841454000290487,1287838634290487,2024,54,67,2129,45,4,2,,1,1.1,2.3,,2025-04-21 10:31:31,,3,1,,1,,,,1
1841453994290487,1287838634290487,2024,54,67,2129,90,1,2,,1,0.1,1.0,,2025-04-21 10:31:31,,3,1,,1,,,,1
1841453998290487,1287838634290487,2024,54,67,2129,135,3,2,,1,0.2,2.0,,2025-04-21 10:31:31,,3,1,,1,,,,1
1841453996290487,1287838634290487,2024,54,67,2129,180,2,2,,1,0.1,1.0,,2025-04-21 10:31:31,,3,1,,1,,,,1
1841454001290487,1287838634290487,2024,54,67,2129,225,4,2,,1,0.2,0.7,,2025-04-21 10:31:31,,3,1,,1,,,,1
1841453995290487,1287838634290487,2024,54,67,2129,270,1,2,,1,0.7,1.2,,2025-04-21 10:31:31,,3,1,,1,,,,1
1841453999290487,1287838634290487,2024,54,67,2129,315,3,2,,1,0.2,1.5,,2025-04-21 10:31:31,,3,1,,1,,,,1
1841453997290487,1287838634290487,2024,54,67,2129,360,2,2,,1,0.5,1.5,,2025-04-21 10:31:31,,3,1,,1,,,,1
1841447969290487,1287838470290487,2024,54,71,822,45,4,2,,1,1.4,2.7,,2025-04-21 10:31:31,,3,1,,1,,,,1
1841447963290487,1287838470290487,2024,54,71,822,90,1,2,,1,0.1,0.8,,2025-04-21 10:31:31,,3,1,,1,,,,1
1841447967290487,1287838470290487,2024,54,71,822,135,3,2,,2,1.2,1.9,,2025-04-21 10:31:31,,3,1,,1,,,,1
1841447965290487,1287838470290487,2024,54,71,822,180,2,2,,1,0.4,1.0,,2025-04-21 10:31:31,,3,1,,1,,,,1
1841447970290487,1287838470290487,2024,54,71,822,225,4,2,,1,0.2,1.8,,2025-04-21 10:31:31,,3,1,,1,,,,1
1841447964290487,1287838470290487,2024,54,71,822,270,1,2,,1,0.8,3.0,,2025-04-21 10:31:31,,3,1,,1,,,,1
1841447968290487,1287838470290487,2024,54,71,822,315,3,2,,2,0.7,3.5,,2025-04-21 10:31:31,,3,1,,1,,,,1
1841447966290487,1287838470290487,2024,54,71,822,360,2,2,,1,0.5,4.2,,2025-04-21 10:31:31,,3,1,,1,,,,1
1841444064290487,1287838377290487,2024,54,75,202,45,4,2,,1,1.8,2.1,,2025-04-21 10:31:31,,3,1,,1,,,,1
1841444058290487,1287838377290487,2024,54,75,202,90,1,2,,1,2.4,3.7,,2025-04-21 10:31:31,,3,1,,1,,,,1
1841444062290487,1287838377290487,2024,54,75,202,135,3,2,,1,1.9,1.8,,2025-04-21 10:31:31,,3,1,,1,,,,1
1841444060290487,1287838377290487,2024,54,75,202,180,2,2,,1,0.4,1.7,,2025-04-21 10:31:31,,3,1,,1,,,,1
1841444065290487,1287838377290487,2024,54,75,202,225,4,2,,1,0.1,0.2,,2025-04-21 10:31:31,,3,1,,1,,,,1
1841444059290487,1287838377290487,2024,54,75,202,270,1,2,,1,1.8,4.5,,2025-04-21 10:31:31,,3,1,,1,,,,1
1841444063290487,1287838377290487,2024,54,75,202,315,3,2,,1,1.4,1.3,,2025-04-21 10:31:31,,3,1,,1,,,,1
1841444061290487,1287838377290487,2024,54,75,202,360,2,2,,1,0.2,1.4,,2025-04-21 10:31:31,,3,1,,1,,,,1
1841446588290487,1287838435290487,2024,54,77,363,45,4,2,,1,0.5,2.0,,2025-04-21 10:31:31,,3,1,,1,,,,1
1841446582290487,1287838435290487,2024,54,77,363,90,1,2,,1,2.0,1.0,,2025-04-21 10:31:31,,3,1,,1,,,,1
1841446586290487,1287838435290487,2024,54,77,363,135,3,2,,1,0.7,0.9,,2025-04-21 10:31:31,,3,1,,1,,,,1
1841446584290487,1287838435290487,2024,54,77,363,180,2,2,,1,1.0,1.4,,2025-04-21 10:31:31,,3,1,,1,,,,1
1841446589290487,1287838435290487,2024,54,77,363,225,4,2,,1,0.1,0.7,,2025-04-21 10:31:31,,3,1,,1,,,,1
1841446583290487,1287838435290487,2024,54,77,363,270,1,2,,1,0.6,0.8,,2025-04-21 10:31:31,,3,1,,1,,,,1
1841446587290487,1287838435290487,2024,54,77,363,315,3,2,,1,1.7,2.0,,2025-04-21 10:31:31,,3,1,,1,,,,1
1841446585290487,1287838435290487,2024,54,77,363,360,2,2,,1,0.5,0.9,,2025-04-21 10:31:31,,3,1,,1,,,,1
1841443130290487,1287838358290487,2024,54,79,337,45,4,2,,2,,,,2025-04-21 10:31:31,,3,,,,,,,1
1841443124290487,1287838358290487,2024,54,79,337,90,1,2,,1,0.0,1.2,,2025-04-21 10:31:31,,3,1,,1,,,,1
1841443128290487,1287838358290487,2024,54,79,337,135,3,2,,1,0.1,2.0,,2025-04-21 10:31:31,,3,1,,1,,,,1
1841443126290487,1287838358290487,2024,54,79,337,180,2,2,,1,0.1,2.3,,2025-04-21 10:31:31,,3,1,,1,,,,1
1841443131290487,1287838358290487,2024,54,79,337,225,4,2,,2,,,,2025-04-21 10:31:31,,3,,,,,,,1
1841443125290487,1287838358290487,2024,54,79,337,270,1,2,,2,,,,2025-04-21 10:31:31,,3,,,,,,,1
1841443129290487,1287838358290487,2024,54,79,337,315,3,2,,1,0.8,1.2,,2025-04-21 10:31:31,,3,1,,1,,,,1
1841443127290487,1287838358290487,2024,54,79,337,360,2,2,,1,0.3,2.2,,2025-04-21 10:31:31,,3,1,,1,,,,1
1841445439290487,1287838411290487,2024,54,81,1197,45,4,2,,1,0.5,1.3,,2025-04-21 10:31:31,,3,1,,1,,,,1
1841445433290487,1287838411290487,2024,54,81,1197,90,1,2,,1,0.0,1.8,,2025-04-21 10:31:31,,3,1,,1,,,,1
1841445437290487,1287838411290487,2024,54,81,1197,135,3,2,,1,0.0,0.3,,2025-04-21 10:31:31,,3,1,,1,,,,1
1841445435290487,1287838411290487,2024,54,81,1197,180,2,2,,1,0.1,1.4,,2025-04-21 10:31:31,,3,1,,1,,,,1
1841445440290487,1287838411290487,2024,54,81,1197,225,4,2,,1,0.0,1.7,,2025-04-21 10:31:31,,3,1,,1,,,,1
1841445434290487,1287838411290487,2024,54,81,1197,270,1,2,,1,0.1,1.3,,2025-04-21 10:31:31,,3,1,,1,,,,1
1841445438290487,1287838411290487,2024,54,81,1197,315,3,2,,1,0.0,0.2,,2025-04-21 10:31:31,,3,1,,1,,,,1
1841445436290487,1287838411290487,2024,54,81,1197,360,2,2,,1,0.0,1.1,,2025-04-21 10:31:31,,3,1,,1,,,,1
1841454383290487,1287838641290487,2024,54,81,1666,45,4,2,,1,0.0,0.1,,2025-04-21 10:31:31,,3,1,,1,,,,1
1841454377290487,1287838641290487,2024,54,81,1666,90,1,2,,1,0.3,0.7,,2025-04-21 10:31:31,,3,1,,1,,,,1
1841454381290487,1287838641290487,2024,54,81,1666,135,3,2,,1,0.0,0.0,,2025-04-21 10:31:31,,3,1,,1,,,,1
1841454379290487,1287838641290487,2024,54,81,1666,180,2,2,,1,0.1,2.3,,2025-04-21 10:31:31,,3,1,,1,,,,1
1841454384290487,1287838641290487,2024,54,81,1666,225,4,2,,2,,,,2025-04-21 10:31:31,,3,,,,,,,1
1841454378290487,1287838641290487,2024,54,81,1666,270,1,2,,1,0.4,1.7,,2025-04-21 10:31:31,,3,1,,1,,,,1
1841454382290487,1287838641290487,2024,54,81,1666,315,3,2,,1,1.5,4.0,,2025-04-21 10:31:31,,3,1,,1,,,,1
1841454380290487,1287838641290487,2024,54,81,1666,360,2,2,,1,0.1,3.2,,2025-04-21 10:31:31,,3,1,,1,,,,1
1841442813290487,1287838350290487,2024,54,81,2239,45,4,2,,1,0.0,0.0,,2025-04-21 10:31:31,,3,1,,1,,,,1
1841442807290487,1287838350290487,2024,54,81,2239,90,1,2,,1,0.0,1.7,,2025-04-21 10:31:31,,3,1,,1,,,,1
1841442811290487,1287838350290487,2024,54,81,2239,135,3,2,,1,1.0,1.2,,2025-04-21 10:31:31,,3,1,,1,,,,1
1841442809290487,1287838350290487,2024,54,81,2239,180,2,2,,1,0.1,1.2,,2025-04-21 10:31:31,,3,1,,1,,,,1
1841442814290487,1287838350290487,2024,54,81,2239,225,4,2,,1,0.7,4.4,,2025-04-21 10:31:31,,3,1,,1,,,,1
1841442808290487,1287838350290487,2024,54,81,2239,270,1,2,,1,0.7,3.7,,2025-04-21 10:31:31,,3,1,,1,,,,1
1841442812290487,1287838350290487,2024,54,81,2239,315,3,2,,1,0.5,3.2,,2025-04-21 10:31:31,,3,1,,1,,,,1
1841442810290487,1287838350290487,2024,54,81,2239,360,2,2,,1,0.1,0.7,,2025-04-21 10:31:31,,3,1,,1,,,,1
1841455530290487,1287838669290487,2024,54,83,1314,45,4,2,,1,1.5,1.3,,2025-04-21 10:31:31,,3,1,,1,,,,1
1841455524290487,1287838669290487,2024,54,83,1314,90,1,2,,1,1.4,1.8,,2025-04-21 10:31:31,,3,1,,1,,,,1
1841455528290487,1287838669290487,2024,54,83,1314,135,3,2,,1,1.4,1.8,,2025-04-21 10:31:31,,3,1,,1,,,,1
1841455526290487,1287838669290487,2024,54,83,1314,180,2,2,,1,0.1,0.8,,2025-04-21 10:31:31,,3,1,,1,,,,1
1841455531290487,1287838669290487,2024,54,83,1314,225,4,2,,1,3.4,3.2,,2025-04-21 10:31:31,,3,1,,1,,,,1
1841455525290487,1287838669290487,2024,54,83,1314,270,1,2,,1,0.9,1.2,,2025-04-21 10:31:31,,3,1,,1,,,,1
1841455529290487,1287838669290487,2024,54,83,1314,315,3,2,,1,1.9,1.0,,2025-04-21 10:31:31,,3,1,,1,,,,1
1841455527290487,1287838669290487,2024,54,83,1314,360,2,2,,1,1.5,2.4,,2025-04-21 10:31:31,,3,1,,1,,,,1
1841443408290487,1287838362290487,2024,54,85,347,45,4,2,,1,0.1,2.4,,2025-04-21 10:31:31,,3,1,,1,,,,1
1841443402290487,1287838362290487,2024,54,85,347,90,1,2,,1,0.1,0.5,,2025-04-21 10:31:31,,3,1,,1,,,,1
1841443406290487,1287838362290487,2024,54,85,347,135,3,2,,1,0.1,0.2,,2025-04-21 10:31:31,,3,1,,1,,,,1
1841443404290487,1287838362290487,2024,54,85,347,180,2,2,,1,0.1,0.6,,2025-04-21 10:31:31,,3,1,,1,,,,1
1841443409290487,1287838362290487,2024,54,85,347,225,4,2,,1,0.1,1.4,,2025-04-21 10:31:31,,3,1,,1,,,,1
1841443403290487,1287838362290487,2024,54,85,347,270,1,2,,1,0.1,2.0,,2025-04-21 10:31:31,,3,1,,1,,,,1
1841443407290487,1287838362290487,2024,54,85,347,315,3,2,,1,0.1,2.0,,2025-04-21 10:31:31,,3,1,,1,,,,1
1841443405290487,1287838362290487,2024,54,85,347,360,2,2,,1,0.1,2.1,,2025-04-21 10:31:31,,3,1,,1,,,,1
1841443703290487,1287838373290487,2024,54,87,2346,45,4,2,,2,,,,2025-04-21 10:31:31,,3,,,,,,,1
1841443697290487,1287838373290487,2024,54,87,2346,90,1,2,,1,0.0,2.1,,2025-04-21 10:31:31,,3,1,,1,,,,1
1841443701290487,1287838373290487,2024,54,87,2346,135,3,2,,1,0.0,2.4,,2025-04-21 10:31:31,,3,1,,1,,,,1
1841443699290487,1287838373290487,2024,54,87,2346,180,2,2,,1,0.2,2.5,,2025-04-21 10:31:31,,3,1,,1,,,,1
1841443704290487,1287838373290487,2024,54,87,2346,225,4,2,,2,,,,2025-04-21 10:31:31,,3,,,,,,,1
1841443698290487,1287838373290487,2024,54,87,2346,270,1,2,,1,0.0,2.8,,2025-04-21 10:31:31,,3,1,,1,,,,1
1841443702290487,1287838373290487,2024,54,87,2346,315,3,2,,1,0.0,0.7,,2025-04-21 10:31:31,,3,1,,1,,,,1
1841443700290487,1287838373290487,2024,54,87,2346,360,2,2,,1,0.0,3.4,,2025-04-21 10:31:31,,3,1,,1,,,,1
1841444095290487,1287838378290487,2024,54,89,1684,45,4,2,,1,,,,2025-04-21 10:31:31,,3,,,,,,,1
1841444089290487,1287838378290487,2024,54,89,1684,90,1,2,,1,,,,2025-04-21 10:31:31,,3,,,,,,,1
1841444093290487,1287838378290487,2024,54,89,1684,135,3,2,,1,,,,2025-04-21 10:31:31,,3,,,,,,,1
1841444091290487,1287838378290487,2024,54,89,1684,180,2,2,,1,,,,2025-04-21 10:31:31,,3,,,,,,,1
1841444096290487,1287838378290487,2024,54,89,1684,225,4,2,,1,,,,2025-04-21 10:31:31,,3,,,,,,,1
1841444090290487,1287838378290487,2024,54,89,1684,270,1,2,,1,,,,2025-04-21 10:31:31,,3,,,,,,,1
1841444094290487,1287838378290487,2024,54,89,1684,315,3,2,,1,,,,2025-04-21 10:31:31,,3,,,,,,,1
1841444092290487,1287838378290487,2024,54,89,1684,360,2,2,,1,,,,2025-04-21 10:31:31,,3,,,,,,,1
1841444222290487,1287838379290487,2024,54,89,2122,45,4,2,,1,0.1,0.1,,2025-04-21 10:31:31,,3,1,,1,,,,1
1841444216290487,1287838379290487,2024,54,89,2122,90,1,2,,1,0.1,0.8,,2025-04-21 10:31:31,,3,1,,1,,,,1
1841444220290487,1287838379290487,2024,54,89,2122,135,3,2,,1,0.2,0.4,,2025-04-21 10:31:31,,3,1,,1,,,,1
1841444218290487,1287838379290487,2024,54,89,2122,180,2,2,,1,0.1,1.2,,2025-04-21 10:31:31,,3,1,,1,,,,1
1841444223290487,1287838379290487,2024,54,89,2122,225,4,2,,1,0.1,0.1,,2025-04-21 10:31:31,,3,1,,1,,,,1
1841444217290487,1287838379290487,2024,54,89,2122,270,1,2,,1,0.1,0.4,,2025-04-21 10:31:31,,3,1,,1,,,,1
1841444221290487,1287838379290487,2024,54,89,2122,315,3,2,,1,0.2,0.6,,2025-04-21 10:31:31,,3,1,,1,,,,1
1841444219290487,1287838379290487,2024,54,89,2122,360,2,2,,1,0.1,1.2,,2025-04-21 10:31:31,,3,1,,1,,,,1
1841443003290487,1287838354290487,2024,54,93,1199,45,4,2,,1,,,,2025-04-21 10:31:31,,3,,,,,,,1
1841442997290487,1287838354290487,2024,54,93,1199,90,1,2,,1,,,,2025-04-21 10:31:31,,3,,,,,,,1
1841443001290487,1287838354290487,2024,54,93,1199,135,3,2,,1,,,,2025-04-21 10:31:31,,3,,,,,,,1
1841442999290487,1287838354290487,2024,54,93,1199,180,2,2,,1,,,,2025-04-21 10:31:31,,3,,,,,,,1
1841443004290487,1287838354290487,2024,54,93,1199,225,4,2,,1,,,,2025-04-21 10:31:31,,3,,,,,,,1
1841442998290487,1287838354290487,2024,54,93,1199,270,1,2,,1,,,,2025-04-21 10:31:31,,3,,,,,,,1
1841443002290487,1287838354290487,2024,54,93,1199,315,3,2,,1,,,,2025-04-21 10:31:31,,3,,,,,,,1
1841443000290487,1287838354290487,2024,54,93,1199,360,2,2,,1,,,,2025-04-21 10:31:31,,3,,,,,,,1
1841452124290487,1287838581290487,2024,54,99,56,45,4,2,,1,0.1,0.2,,2025-04-21 10:31:31,,3,1,,1,,,,1
1841452118290487,1287838581290487,2024,54,99,56,90,1,2,,1,0.1,1.2,,2025-04-21 10:31:31,,3,1,,1,,,,1
1841452122290487,1287838581290487,2024,54,99,56,135,3,2,,1,0.1,0.2,,2025-04-21 10:31:31,,3,1,,1,,,,1
1841452120290487,1287838581290487,2024,54,99,56,180,2,2,,1,0.1,0.2,,2025-04-21 10:31:31,,3,1,,1,,,,1
1841452125290487,1287838581290487,2024,54,99,56,225,4,2,,1,0.1,0.6,,2025-04-21 10:31:31,,3,1,,1,,,,1
1841452119290487,1287838581290487,2024,54,99,56,270,1,2,,1,0.1,0.3,,2025-04-21 10:31:31,,3,1,,1,,,,1
1841452123290487,1287838581290487,2024,54,99,56,315,3,2,,1,0.1,0.6,,2025-04-21 10:31:31,,3,1,,1,,,,1
1841452121290487,1287838581290487,2024,54,99,56,360,2,2,,1,0.1,0.3,,2025-04-21 10:31:31,,3,1,,1,,,,1
1841450240290487,1287838533290487,2024,54,99,883,45,4,2,,1,0.2,1.1,,2025-04-21 10:31:31,,3,1,,1,,,,1
1841450234290487,1287838533290487,2024,54,99,883,90,1,2,,1,0.1,2.0,,2025-04-21 10:31:31,,3,1,,1,,,,1
1841450238290487,1287838533290487,2024,54,99,883,135,3,2,,1,0.1,1.5,,2025-04-21 10:31:31,,3,1,,1,,,,1
1841450236290487,1287838533290487,2024,54,99,883,180,2,2,,1,0.1,1.6,,2025-04-21 10:31:31,,3,1,,1,,,,1
1841450241290487,1287838533290487,2024,54,99,883,225,4,2,,1,0.1,4.5,,2025-04-21 10:31:31,,3,1,,1,,,,1
1841450235290487,1287838533290487,2024,54,99,883,270,1,2,,1,0.1,1.9,,2025-04-21 10:31:31,,3,1,,1,,,,1
1841450239290487,1287838533290487,2024,54,99,883,315,3,2,,1,0.1,2.6,,2025-04-21 10:31:31,,3,1,,1,,,,1
1841450237290487,1287838533290487,2024,54,99,883,360,2,2,,1,0.1,1.8,,2025-04-21 10:31:31,,3,1,,1,,,,1
1841450050290487,1287838531290487,2024,54,99,2210,45,4,2,,1,,,,2025-04-21 10:31:31,,3,,,,,,,1
1841450044290487,1287838531290487,2024,54,99,2210,90,1,2,,1,,,,2025-04-21 10:31:31,,3,,,,,,,1
1841450048290487,1287838531290487,2024,54,99,2210,135,3,2,,1,,,,2025-04-21 10:31:31,,3,,,,,,,1
1841450046290487,1287838531290487,2024,54,99,2210,180,2,2,,1,,,,2025-04-21 10:31:31,,3,,,,,,,1
1841450051290487,1287838531290487,2024,54,99,2210,225,4,2,,1,,,,2025-04-21 10:31:31,,3,,,,,,,1
1841450045290487,1287838531290487,2024,54,99,2210,270,1,2,,1,,,,2025-04-21 10:31:31,,3,,,,,,,1
1841450049290487,1287838531290487,2024,54,99,2210,315,3,2,,1,,,,2025-04-21 10:31:31,,3,,,,,,,1
1841450047290487,1287838531290487,2024,54,99,2210,360,2,2,,1,,,,2025-04-21 10:31:31,,3,,,,,,,1
1841457997290487,1287838725290487,2024,54,101,2253,45,4,2,,1,0.4,0.8,,2025-04-21 10:31:31,,3,1,,1,,,,1
1841457991290487,1287838725290487,2024,54,101,2253,90,1,2,,1,0.1,0.6,,2025-04-21 10:31:31,,3,1,,1,,,,1
1841457995290487,1287838725290487,2024,54,101,2253,135,3,2,,1,0.4,1.4,,2025-04-21 10:31:31,,3,1,,1,,,,1
1841457993290487,1287838725290487,2024,54,101,2253,180,2,2,,1,0.5,1.5,,2025-04-21 10:31:31,,3,1,,1,,,,1
1841457998290487,1287838725290487,2024,54,101,2253,225,4,2,,1,0.1,1.1,,2025-04-21 10:31:31,,3,1,,1,,,,1
1841457992290487,1287838725290487,2024,54,101,2253,270,1,2,,1,1.2,2.2,,2025-04-21 10:31:31,,3,1,,1,,,,1
1841457996290487,1287838725290487,2024,54,101,2253,315,3,2,,1,0.0,0.2,,2025-04-21 10:31:31,,3,1,,1,,,,1
1841457994290487,1287838725290487,2024,54,101,2253,360,2,2,,1,2.5,1.0,,2025-04-21 10:31:31,,3,1,,1,,,,1
1841448340290487,1287838481290487,2024,54,109,2439,45,4,2,,1,,,,2025-04-21 10:31:31,,3,,10,,10,,,0
1841448334290487,1287838481290487,2024,54,109,2439,90,1,2,,1,,,,2025-04-21 10:31:31,,3,,10,,10,,,0
1841448338290487,1287838481290487,2024,54,109,2439,135,3,2,,1,,,,2025-04-21 10:31:31,,3,,10,,10,,,0
1841448336290487,1287838481290487,2024,54,109,2439,180,2,2,,1,,,,2025-04-21 10:31:31,,3,,10,,10,,,0
1841448341290487,1287838481290487,2024,54,109,2439,225,4,2,,1,,,,2025-04-21 10:31:31,,3,,10,,10,,,0
1841448335290487,1287838481290487,2024,54,109,2439,270,1,2,,1,,,,2025-04-21 10:31:31,,3,,10,,10,,,0
1841448339290487,1287838481290487,2024,54,109,2439,315,3,2,,1,,,,2025-04-21 10:31:31,,3,,10,,10,,,0
1841448337290487,1287838481290487,2024,54,109,2439,360,2,2,,1,,,,2025-04-21 10:31:31,,3,,10,,10,,,0
1969777406290487,1543509363290487,2025,54,7,954,45,4,2,,1,,,,2026-06-08 13:34:27,,3,,,,,,,1
1969777400290487,1543509363290487,2025,54,7,954,90,1,2,,1,,,,2026-06-08 13:34:27,,3,,,,,,,1
1969777404290487,1543509363290487,2025,54,7,954,135,3,2,,1,,,,2026-06-08 13:34:27,,3,,,,,,,1
1969777402290487,1543509363290487,2025,54,7,954,180,2,2,,1,,,,2026-06-08 13:34:27,,3,,,,,,,1
1969777407290487,1543509363290487,2025,54,7,954,225,4,2,,1,,,,2026-06-08 13:34:27,,3,,,,,,,1
1969777401290487,1543509363290487,2025,54,7,954,270,1,2,,1,,,,2026-06-08 13:34:27,,3,,,,,,,1
1969777405290487,1543509363290487,2025,54,7,954,315,3,2,,1,,,,2026-06-08 13:34:27,,3,,,,,,,1
1969777403290487,1543509363290487,2025,54,7,954,360,2,2,,1,,,,2026-06-08 13:34:27,,3,,,,,,,1
1969772521290487,1543509252290487,2025,54,7,1681,45,4,2,,1,0.6,0.3,,2026-06-08 13:34:27,,3,1,,1,,,,1
1969772515290487,1543509252290487,2025,54,7,1681,90,1,2,,1,0.4,2.4,,2026-06-08 13:34:27,,3,1,,1,,,,1
1969772519290487,1543509252290487,2025,54,7,1681,135,3,2,,1,0.1,0.4,,2026-06-08 13:34:27,,3,1,,1,,,,1
1969772517290487,1543509252290487,2025,54,7,1681,180,2,2,,1,0.2,0.4,,2026-06-08 13:34:27,,3,1,,1,,,,1
1969772522290487,1543509252290487,2025,54,7,1681,225,4,2,,1,0.1,0.5,,2026-06-08 13:34:27,,3,1,,1,,,,1
1969772516290487,1543509252290487,2025,54,7,1681,270,1,2,,1,0.0,1.3,,2026-06-08 13:34:27,,3,1,,1,,,,1
1969772520290487,1543509252290487,2025,54,7,1681,315,3,2,,1,0.0,0.4,,2026-06-08 13:34:27,,3,1,,1,,,,1
1969772518290487,1543509252290487,2025,54,7,1681,360,2,2,,1,0.1,1.8,,2026-06-08 13:34:27,,3,1,,1,,,,1
1969773274290487,1543509277290487,2025,54,7,2373,45,4,2,,2,,,,2026-06-08 13:34:27,,3,,,,,,,1
1969773268290487,1543509277290487,2025,54,7,2373,90,1,2,,1,0.0,0.3,,2026-06-08 13:34:27,,3,1,,1,,,,1
1969773272290487,1543509277290487,2025,54,7,2373,135,3,2,,1,0.0,0.6,,2026-06-08 13:34:27,,3,1,,1,,,,1
1969773270290487,1543509277290487,2025,54,7,2373,180,2,2,,2,,,,2026-06-08 13:34:27,,3,,,,,,,1
1969773275290487,1543509277290487,2025,54,7,2373,225,4,2,,2,,,,2026-06-08 13:34:27,,3,,,,,,,1
1969773269290487,1543509277290487,2025,54,7,2373,270,1,2,,1,0.0,2.1,,2026-06-08 13:34:27,,3,1,,1,,,,1
1969773273290487,1543509277290487,2025,54,7,2373,315,3,2,,1,0.1,1.6,,2026-06-08 13:34:27,,3,1,,1,,,,1
1969773271290487,1543509277290487,2025,54,7,2373,360,2,2,,2,,,,2026-06-08 13:34:27,,3,,,,,,,1
1969787767290487,1543509178290487,2025,54,11,111,45,4,2,2025,1,0.0,0.0,,2026-06-08 13:34:27,,3,2,,2,,,,1
1969787761290487,1543509178290487,2025,54,11,111,90,1,2,2025,1,0.0,0.0,,2026-06-08 13:34:27,,3,2,,2,,,,1
1969787765290487,1543509178290487,2025,54,11,111,135,3,2,2025,1,0.0,0.0,,2026-06-08 13:34:27,,3,2,,2,,,,1
1969787764290487,1543509178290487,2025,54,11,111,180,2,2,2025,1,0.0,0.0,,2026-06-08 13:34:27,,3,2,,2,,,,1
1969787768290487,1543509178290487,2025,54,11,111,225,4,2,2025,1,0.0,0.0,,2026-06-08 13:34:27,,3,2,,2,,,,1
1969787762290487,1543509178290487,2025,54,11,111,270,1,2,2025,1,0.0,0.0,,2026-06-08 13:34:27,,3,2,,2,,,,1
1969787766290487,1543509178290487,2025,54,11,111,315,3,2,2025,1,0.0,0.0,,2026-06-08 13:34:27,,3,2,,2,,,,1
1969787763290487,1543509178290487,2025,54,11,111,360,2,2,2025,1,0.0,0.0,,2026-06-08 13:34:27,,3,2,,2,,,,1
1969771866290487,1543509242290487,2025,54,11,1711,45,4,2,,1,,,,2026-06-08 13:34:27,,3,,,,,,,1
1969771860290487,1543509242290487,2025,54,11,1711,90,1,2,,1,,,,2026-06-08 13:34:27,,3,,,,,,,1
1969771864290487,1543509242290487,2025,54,11,1711,135,3,2,,1,,,,2026-06-08 13:34:27,,3,,,,,,,1
1969771862290487,1543509242290487,2025,54,11,1711,180,2,2,,1,,,,2026-06-08 13:34:27,,3,,,,,,,1
1969771867290487,1543509242290487,2025,54,11,1711,225,4,2,,1,,,,2026-06-08 13:34:27,,3,,,,,,,1
1969771861290487,1543509242290487,2025,54,11,1711,270,1,2,,1,,,,2026-06-08 13:34:27,,3,,,,,,,1
1969771865290487,1543509242290487,2025,54,11,1711,315,3,2,,1,,,,2026-06-08 13:34:27,,3,,,,,,,1
1969771863290487,1543509242290487,2025,54,11,1711,360,2,2,,1,,,,2026-06-08 13:34:27,,3,,,,,,,1
1969769569290487,1543509193290487,2025,54,13,1984,45,4,2,,1,0.2,1.0,,2026-06-08 13:34:27,,3,1,,1,,,,1
1969769563290487,1543509193290487,2025,54,13,1984,90,1,2,,1,0.2,1.3,,2026-06-08 13:34:27,,3,1,,1,,,,1
1969769567290487,1543509193290487,2025,54,13,1984,135,3,2,,1,0.0,0.1,,2026-06-08 13:34:27,,3,1,,1,,,,1
1969769565290487,1543509193290487,2025,54,13,1984,180,2,2,,1,0.3,1.5,,2026-06-08 13:34:27,,3,1,,1,,,,1
1969769570290487,1543509193290487,2025,54,13,1984,225,4,2,,1,0.1,1.1,,2026-06-08 13:34:27,,3,1,,1,,,,1
1969769564290487,1543509193290487,2025,54,13,1984,270,1,2,,1,0.3,1.1,,2026-06-08 13:34:27,,3,1,,1,,,,1
1969769568290487,1543509193290487,2025,54,13,1984,315,3,2,,1,0.1,0.1,,2026-06-08 13:34:27,,3,1,,1,,,,1
1969769566290487,1543509193290487,2025,54,13,1984,360,2,2,,1,0.2,0.8,,2026-06-08 13:34:27,,3,1,,1,,,,1
1969775151290487,1543509313290487,2025,54,15,1739,45,4,2,,1,,,,2026-06-08 13:34:27,,3,,,,,,,1
1969775145290487,1543509313290487,2025,54,15,1739,90,1,2,,1,,,,2026-06-08 13:34:27,,3,,,,,,,1
1969775149290487,1543509313290487,2025,54,15,1739,135,3,2,,1,,,,2026-06-08 13:34:27,,3,,,,,,,1
1969775147290487,1543509313290487,2025,54,15,1739,180,2,2,,1,,,,2026-06-08 13:34:27,,3,,,,,,,1
1969775152290487,1543509313290487,2025,54,15,1739,225,4,2,,1,,,,2026-06-08 13:34:27,,3,,,,,,,1
1969775146290487,1543509313290487,2025,54,15,1739,270,1,2,,1,,,,2026-06-08 13:34:27,,3,,,,,,,1
1969775150290487,1543509313290487,2025,54,15,1739,315,3,2,,1,,,,2026-06-08 13:34:27,,3,,,,,,,1
1969775148290487,1543509313290487,2025,54,15,1739,360,2,2,,1,,,,2026-06-08 13:34:27,,3,,,,,,,1
1969772096290487,1543509245290487,2025,54,17,1592,45,4,2,,1,1.1,5.8,,2026-06-08 13:34:27,,3,1,,1,,,,1
1969772090290487,1543509245290487,2025,54,17,1592,90,1,2,,1,0.1,3.0,,2026-06-08 13:34:27,,3,1,,1,,,,1
1969772094290487,1543509245290487,2025,54,17,1592,135,3,2,,2,,,,2026-06-08 13:34:27,,3,,,,,,,1
1969772092290487,1543509245290487,2025,54,17,1592,180,2,2,,1,1.1,2.9,,2026-06-08 13:34:27,,3,1,,1,,,,1
1969772097290487,1543509245290487,2025,54,17,1592,225,4,2,,1,0.2,1.1,,2026-06-08 13:34:27,,3,1,,1,,,,1
1969772091290487,1543509245290487,2025,54,17,1592,270,1,2,,1,0.1,3.3,,2026-06-08 13:34:27,,3,1,,1,,,,1
1969772095290487,1543509245290487,2025,54,17,1592,315,3,2,,2,,,,2026-06-08 13:34:27,,3,,,,,,,1
1969772093290487,1543509245290487,2025,54,17,1592,360,2,2,,1,0.3,3.8,,2026-06-08 13:34:27,,3,1,,1,,,,1
1969772018290487,1543509244290487,2025,54,17,1836,45,4,2,,1,0.2,0.9,,2026-06-08 13:34:27,,3,1,,1,,,,1
1969772012290487,1543509244290487,2025,54,17,1836,90,1,2,,1,0.1,0.0,,2026-06-08 13:34:27,,3,1,,1,,,,1
1969772016290487,1543509244290487,2025,54,17,1836,135,3,2,,1,0.2,0.4,,2026-06-08 13:34:27,,3,1,,1,,,,1
1969772014290487,1543509244290487,2025,54,17,1836,180,2,2,,1,2.1,1.1,,2026-06-08 13:34:27,,3,1,,1,,,,1
1969772019290487,1543509244290487,2025,54,17,1836,225,4,2,,1,0.1,1.2,,2026-06-08 13:34:27,,3,1,,1,,,,1
1969772013290487,1543509244290487,2025,54,17,1836,270,1,2,,1,0.1,0.1,,2026-06-08 13:34:27,,3,1,,1,,,,1
1969772017290487,1543509244290487,2025,54,17,1836,315,3,2,,1,0.1,0.4,,2026-06-08 13:34:27,,3,1,,1,,,,1
1969772015290487,1543509244290487,2025,54,17,1836,360,2,2,,1,0.0,0.7,,2026-06-08 13:34:27,,3,1,,1,,,,1
1969764434290487,1543509077290487,2025,54,19,361,45,4,2,,1,,,,2026-06-08 13:34:27,,3,,,,,,,1
1969764428290487,1543509077290487,2025,54,19,361,90,1,2,,1,,,,2026-06-08 13:34:27,,3,,,,,,,1
1969764432290487,1543509077290487,2025,54,19,361,135,3,2,,1,,,,2026-06-08 13:34:27,,3,,,,,,,1
1969764430290487,1543509077290487,2025,54,19,361,180,2,2,,1,,,,2026-06-08 13:34:27,,3,,,,,,,1
1969764435290487,1543509077290487,2025,54,19,361,225,4,2,,1,,,,2026-06-08 13:34:27,,3,,,,,,,1
1969764429290487,1543509077290487,2025,54,19,361,270,1,2,,1,,,,2026-06-08 13:34:27,,3,,,,,,,1
1969764433290487,1543509077290487,2025,54,19,361,315,3,2,,1,,,,2026-06-08 13:34:27,,3,,,,,,,1
1969764431290487,1543509077290487,2025,54,19,361,360,2,2,,1,,,,2026-06-08 13:34:27,,3,,,,,,,1
1969772438290487,1543509251290487,2025,54,21,1777,45,4,2,,1,0.3,0.9,,2026-06-08 13:34:27,,3,1,,1,,,,1
1969772432290487,1543509251290487,2025,54,21,1777,90,1,2,,1,0.2,2.7,,2026-06-08 13:34:27,,3,1,,1,,,,1
1969772436290487,1543509251290487,2025,54,21,1777,135,3,2,,1,0.0,0.1,,2026-06-08 13:34:27,,3,1,,1,,,,1
1969772434290487,1543509251290487,2025,54,21,1777,180,2,2,,1,0.0,0.4,,2026-06-08 13:34:27,,3,1,,1,,,,1
1969772439290487,1543509251290487,2025,54,21,1777,225,4,2,,1,0.0,0.4,,2026-06-08 13:34:27,,3,1,,1,,,,1
1969772433290487,1543509251290487,2025,54,21,1777,270,1,2,,1,0.1,0.9,,2026-06-08 13:34:27,,3,1,,1,,,,1
1969772437290487,1543509251290487,2025,54,21,1777,315,3,2,,1,0.4,1.3,,2026-06-08 13:34:27,,3,1,,1,,,,1
1969772435290487,1543509251290487,2025,54,21,1777,360,2,2,,1,0.1,1.0,,2026-06-08 13:34:27,,3,1,,1,,,,1
1969767197290487,1543509140290487,2025,54,23,2282,45,4,2,,1,0.2,1.8,,2026-06-08 13:34:27,,3,1,,1,,,,1
1969767191290487,1543509140290487,2025,54,23,2282,90,1,2,,1,0.1,0.2,,2026-06-08 13:34:27,,3,1,,1,,,,1
1969767195290487,1543509140290487,2025,54,23,2282,135,3,2,,2,,,,2026-06-08 13:34:27,,3,,,,,,,1
1969767193290487,1543509140290487,2025,54,23,2282,180,2,2,,1,0.4,0.7,,2026-06-08 13:34:27,,3,1,,1,,,,1
1969767198290487,1543509140290487,2025,54,23,2282,225,4,2,,1,2.7,4.1,,2026-06-08 13:34:27,,3,1,,1,,,,1
1969767192290487,1543509140290487,2025,54,23,2282,270,1,2,,1,0.1,0.4,,2026-06-08 13:34:27,,3,1,,1,,,,1
1969767196290487,1543509140290487,2025,54,23,2282,315,3,2,,2,,,,2026-06-08 13:34:27,,3,,,,,,,1
1969767194290487,1543509140290487,2025,54,23,2282,360,2,2,,1,1.4,0.3,,2026-06-08 13:34:27,,3,1,,1,,,,1
1969774617290487,1543509299290487,2025,54,25,677,45,4,2,,1,0.6,1.2,,2026-06-08 13:34:27,,3,1,,1,,,,1
1969774611290487,1543509299290487,2025,54,25,677,90,1,2,,1,0.6,1.6,,2026-06-08 13:34:27,,3,1,,1,,,,1
1969774615290487,1543509299290487,2025,54,25,677,135,3,2,,1,0.9,2.1,,2026-06-08 13:34:27,,3,1,,1,,,,1
1969774613290487,1543509299290487,2025,54,25,677,180,2,2,,3,,,,2026-06-08 13:34:27,,3,,,,,,,1
1969774618290487,1543509299290487,2025,54,25,677,225,4,2,,1,0.3,0.8,,2026-06-08 13:34:27,,3,1,,1,,,,1
1969774612290487,1543509299290487,2025,54,25,677,270,1,2,,1,0.6,1.8,,2026-06-08 13:34:27,,3,1,,1,,,,1
1969774616290487,1543509299290487,2025,54,25,677,315,3,2,,1,0.4,1.8,,2026-06-08 13:34:27,,3,1,,1,,,,1
1969774614290487,1543509299290487,2025,54,25,677,360,2,2,,2,0.0,1.8,,2026-06-08 13:34:27,,3,1,,1,,,,1
1969778516290487,1543509384290487,2025,54,27,1443,45,4,2,,1,0.0,10.0,,2026-06-08 13:34:27,,3,1,,1,,,,1
1969778510290487,1543509384290487,2025,54,27,1443,90,1,2,,1,2.0,1.0,,2026-06-08 13:34:27,,3,1,,1,,,,1
1969778514290487,1543509384290487,2025,54,27,1443,135,3,2,,1,0.0,2.0,,2026-06-08 13:34:27,,3,1,,1,,,,1
1969778512290487,1543509384290487,2025,54,27,1443,180,2,2,,2,,,,2026-06-08 13:34:27,,3,,,,,,,1
1969778517290487,1543509384290487,2025,54,27,1443,225,4,2,,1,1.0,2.0,,2026-06-08 13:34:27,,3,1,,1,,,,1
1969778511290487,1543509384290487,2025,54,27,1443,270,1,2,,1,0.1,2.0,,2026-06-08 13:34:27,,3,1,,1,,,,1
1969778515290487,1543509384290487,2025,54,27,1443,315,3,2,,1,2.0,0.0,,2026-06-08 13:34:27,,3,1,,1,,,,1
1969778513290487,1543509384290487,2025,54,27,1443,360,2,2,,2,,,,2026-06-08 13:34:27,,3,,,,,,,1
1969778690290487,1543509388290487,2025,54,27,2293,45,4,2,,2,0.0,0.3,,2026-06-08 13:34:27,,3,1,,1,,,,1
1969778684290487,1543509388290487,2025,54,27,2293,90,1,2,,1,0.1,1.5,,2026-06-08 13:34:27,,3,1,,1,,,,1
1969778688290487,1543509388290487,2025,54,27,2293,135,3,2,,1,0.4,1.5,,2026-06-08 13:34:27,,3,1,,1,,,,1
1969778686290487,1543509388290487,2025,54,27,2293,180,2,2,,1,0.1,3.0,,2026-06-08 13:34:27,,3,1,,1,,,,1
1969778691290487,1543509388290487,2025,54,27,2293,225,4,2,,2,0.0,1.0,,2026-06-08 13:34:27,,3,1,,1,,,,1
1969778685290487,1543509388290487,2025,54,27,2293,270,1,2,,1,0.1,1.0,,2026-06-08 13:34:27,,3,1,,1,,,,1
1969778689290487,1543509388290487,2025,54,27,2293,315,3,2,,1,0.3,1.0,,2026-06-08 13:34:27,,3,1,,1,,,,1
1969778687290487,1543509388290487,2025,54,27,2293,360,2,2,,1,0.3,1.0,,2026-06-08 13:34:27,,3,1,,1,,,,1
1969778918290487,1543509392290487,2025,54,31,990,45,4,2,,1,1.0,1.8,,2026-06-08 13:34:27,,3,1,,1,,,,1
1969778912290487,1543509392290487,2025,54,31,990,90,1,2,,1,0.2,1.1,,2026-06-08 13:34:27,,3,1,,1,,,,1
1969778916290487,1543509392290487,2025,54,31,990,135,3,2,,1,0.2,1.8,,2026-06-08 13:34:27,,3,1,,1,,,,1
1969778914290487,1543509392290487,2025,54,31,990,180,2,2,,2,0.7,0.7,,2026-06-08 13:34:27,,3,1,,1,,,,1
1969778919290487,1543509392290487,2025,54,31,990,225,4,2,,1,0.1,0.4,,2026-06-08 13:34:27,,3,1,,1,,,,1
1969778913290487,1543509392290487,2025,54,31,990,270,1,2,,1,0.1,0.8,,2026-06-08 13:34:27,,3,1,,1,,,,1
1969778917290487,1543509392290487,2025,54,31,990,315,3,2,,1,0.9,0.8,,2026-06-08 13:34:27,,3,1,,1,,,,1
1969778915290487,1543509392290487,2025,54,31,990,360,2,2,,2,3.0,1.1,,2026-06-08 13:34:27,,3,2,,1,,,,1
1969768601290487,1543509172290487,2025,54,35,1488,45,4,2,,2,0.1,0.4,,2026-06-08 13:34:27,,3,2,,2,,,,1
1969768595290487,1543509172290487,2025,54,35,1488,90,1,2,,1,,,,2026-06-08 13:34:27,,3,,,,,,,1
1969768599290487,1543509172290487,2025,54,35,1488,135,3,2,,1,,,,2026-06-08 13:34:27,,3,,,,,,,1
1969768597290487,1543509172290487,2025,54,35,1488,180,2,2,,1,,,,2026-06-08 13:34:27,,3,,,,,,,1
1969768602290487,1543509172290487,2025,54,35,1488,225,4,2,,2,0.1,0.3,,2026-06-08 13:34:27,,3,1,,1,,,,1
1969768596290487,1543509172290487,2025,54,35,1488,270,1,2,,1,,,,2026-06-08 13:34:27,,3,,,,,,,1
1969768600290487,1543509172290487,2025,54,35,1488,315,3,2,,1,,,,2026-06-08 13:34:27,,3,,,,,,,1
1969768598290487,1543509172290487,2025,54,35,1488,360,2,2,,1,,,,2026-06-08 13:34:27,,3,,,,,,,1
1969787891290487,1543509270290487,2025,54,41,620,45,4,2,2025,1,0.0,0.0,,2026-06-08 13:34:27,,3,2,,2,,,,1
1969787885290487,1543509270290487,2025,54,41,620,90,1,2,2025,1,0.0,0.0,,2026-06-08 13:34:27,,3,2,,2,,,,1
1969787889290487,1543509270290487,2025,54,41,620,135,3,2,2025,1,0.0,0.0,,2026-06-08 13:34:27,,3,2,,2,,,,1
1969787888290487,1543509270290487,2025,54,41,620,180,2,2,2025,1,0.0,0.0,,2026-06-08 13:34:27,,3,2,,2,,,,1
1969787892290487,1543509270290487,2025,54,41,620,225,4,2,2025,1,0.0,0.0,,2026-06-08 13:34:27,,3,2,,2,,,,1
1969787886290487,1543509270290487,2025,54,41,620,270,1,2,2025,1,0.0,0.0,,2026-06-08 13:34:27,,3,2,,2,,,,1
1969787890290487,1543509270290487,2025,54,41,620,315,3,2,2025,1,0.0,0.0,,2026-06-08 13:34:27,,3,2,,2,,,,1
1969787887290487,1543509270290487,2025,54,41,620,360,2,2,2025,1,0.0,0.0,,2026-06-08 13:34:27,,3,2,,2,,,,1
1969776517290487,1543509347290487,2025,54,41,1053,45,4,2,,1,0.8,1.7,,2026-06-08 13:34:27,,3,1,,1,,,,1
1969776511290487,1543509347290487,2025,54,41,1053,90,1,2,,1,0.1,1.6,,2026-06-08 13:34:27,,3,1,,1,,,,1
1969776515290487,1543509347290487,2025,54,41,1053,135,3,2,,2,,,,2026-06-08 13:34:27,,3,,,,,,,1
1969776513290487,1543509347290487,2025,54,41,1053,180,2,2,,1,0.4,3.1,,2026-06-08 13:34:27,,3,1,,1,,,,1
1969776518290487,1543509347290487,2025,54,41,1053,225,4,2,,1,0.5,2.9,,2026-06-08 13:34:27,,3,1,,1,,,,1
1969776512290487,1543509347290487,2025,54,41,1053,270,1,2,,1,0.1,0.3,,2026-06-08 13:34:27,,3,1,,1,,,,1
1969776516290487,1543509347290487,2025,54,41,1053,315,3,2,,1,0.0,0.5,,2026-06-08 13:34:27,,3,1,,1,,,,1
1969776514290487,1543509347290487,2025,54,41,1053,360,2,2,,1,0.0,0.2,,2026-06-08 13:34:27,,3,1,,1,,,,1
1969771048290487,1543509226290487,2025,54,47,3,45,4,2,,1,,,,2026-06-08 13:34:27,,3,,,,,,,1
1969771041290487,1543509226290487,2025,54,47,3,90,1,2,,1,,,,2026-06-08 13:34:27,,3,,,,,,,1
1969771045290487,1543509226290487,2025,54,47,3,135,3,2,,1,,,,2026-06-08 13:34:27,,3,,,,,,,1
1969771043290487,1543509226290487,2025,54,47,3,180,2,2,,1,,,,2026-06-08 13:34:27,,3,,,,,,,1
1969771049290487,1543509226290487,2025,54,47,3,225,4,2,,1,,,,2026-06-08 13:34:27,,3,,,,,,,1
1969771042290487,1543509226290487,2025,54,47,3,270,1,2,,1,,,,2026-06-08 13:34:27,,3,,,,,,,1
1969771047290487,1543509226290487,2025,54,47,3,315,3,2,,1,,,,2026-06-08 13:34:27,,3,,,,,,,1
1969771044290487,1543509226290487,2025,54,47,3,360,2,2,,1,,,,2026-06-08 13:34:27,,3,,,,,,,1
1969775741290487,1543509329290487,2025,54,49,1263,45,4,2,,1,0.1,2.5,,2026-06-08 13:34:27,,3,1,,1,,,,1
1969775734290487,1543509329290487,2025,54,49,1263,90,1,2,,1,0.0,1.1,,2026-06-08 13:34:27,,3,1,,1,,,,1
1969775738290487,1543509329290487,2025,54,49,1263,135,3,2,,2,,,,2026-06-08 13:34:27,,3,,,,,,,1
1969775736290487,1543509329290487,2025,54,49,1263,180,2,2,,1,0.1,2.1,,2026-06-08 13:34:27,,3,1,,1,,,,1
1969775742290487,1543509329290487,2025,54,49,1263,225,4,2,,1,0.1,3.3,,2026-06-08 13:34:27,,3,1,,1,,,,1
1969775735290487,1543509329290487,2025,54,49,1263,270,1,2,,1,0.0,1.7,,2026-06-08 13:34:27,,3,1,,1,,,,1
1969775739290487,1543509329290487,2025,54,49,1263,315,3,2,,1,0.0,2.1,,2026-06-08 13:34:27,,3,1,,1,,,,1
1969775737290487,1543509329290487,2025,54,49,1263,360,2,2,,1,0.1,1.8,,2026-06-08 13:34:27,,3,1,,1,,,,1
1969776352290487,1543509343290487,2025,54,49,1524,45,4,2,,3,0.3,1.1,,2026-06-08 13:34:27,,3,1,,1,,,,1
1969776346290487,1543509343290487,2025,54,49,1524,90,1,2,,1,0.0,0.5,,2026-06-08 13:34:27,,3,1,,1,,,,1
1969776350290487,1543509343290487,2025,54,49,1524,135,3,2,,1,0.0,0.4,,2026-06-08 13:34:27,,3,1,,1,,,,1
1969776348290487,1543509343290487,2025,54,49,1524,180,2,2,,3,0.2,0.7,,2026-06-08 13:34:27,,3,1,,1,,,,1
1969776353290487,1543509343290487,2025,54,49,1524,225,4,2,,3,0.5,1.2,,2026-06-08 13:34:27,,3,1,,1,,,,1
1969776347290487,1543509343290487,2025,54,49,1524,270,1,2,,2,,,,2026-06-08 13:34:27,,3,,,,,,,1
1969776351290487,1543509343290487,2025,54,49,1524,315,3,2,,1,0.1,0.3,,2026-06-08 13:34:27,,3,1,,1,,,,1
1969776349290487,1543509343290487,2025,54,49,1524,360,2,2,,3,0.1,0.2,,2026-06-08 13:34:27,,3,1,,1,,,,1
1969765030290487,1543509088290487,2025,54,49,1935,45,4,2,,1,0.8,1.2,,2026-06-08 13:34:27,,3,1,,1,,,,1
1969765024290487,1543509088290487,2025,54,49,1935,90,1,2,,1,0.3,1.2,,2026-06-08 13:34:27,,3,1,,1,,,,1
1969765028290487,1543509088290487,2025,54,49,1935,135,3,2,,1,0.1,0.7,,2026-06-08 13:34:27,,3,1,,1,,,,1
1969765026290487,1543509088290487,2025,54,49,1935,180,2,2,,1,0.2,0.1,,2026-06-08 13:34:27,,3,1,,1,,,,1
1969765031290487,1543509088290487,2025,54,49,1935,225,4,2,,1,0.2,1.5,,2026-06-08 13:34:27,,3,1,,1,,,,1
1969765025290487,1543509088290487,2025,54,49,1935,270,1,2,,1,0.5,0.9,,2026-06-08 13:34:27,,3,1,,1,,,,1
1969765029290487,1543509088290487,2025,54,49,1935,315,3,2,,1,0.3,1.0,,2026-06-08 13:34:27,,3,1,,1,,,,1
1969765027290487,1543509088290487,2025,54,49,1935,360,2,2,,1,0.0,0.3,,2026-06-08 13:34:27,,3,1,,1,,,,1
1969768465290487,1543509168290487,2025,54,51,944,45,4,2,,2,,,,2026-06-08 13:34:27,,3,,,,,,,1
1969768459290487,1543509168290487,2025,54,51,944,90,1,2,,1,0.1,2.4,,2026-06-08 13:34:27,,3,1,,1,,,,1
1969768463290487,1543509168290487,2025,54,51,944,135,3,2,,2,,,,2026-06-08 13:34:27,,3,,,,,,,1
1969768461290487,1543509168290487,2025,54,51,944,180,2,2,,2,,,,2026-06-08 13:34:27,,3,,,,,,,1
1969768466290487,1543509168290487,2025,54,51,944,225,4,2,,2,,,,2026-06-08 13:34:27,,3,,,,,,,1
1969768460290487,1543509168290487,2025,54,51,944,270,1,2,,1,0.1,1.7,,2026-06-08 13:34:27,,3,1,,1,,,,1
1969768464290487,1543509168290487,2025,54,51,944,315,3,2,,2,,,,2026-06-08 13:34:27,,3,,,,,,,1
1969768462290487,1543509168290487,2025,54,51,944,360,2,2,,1,0.1,0.8,,2026-06-08 13:34:27,,3,1,,1,,,,1
1969771633290487,1543509237290487,2025,54,53,1601,45,4,2,,2,0.1,1.6,,2026-06-08 13:34:27,,3,1,,1,,,,1
1969771627290487,1543509237290487,2025,54,53,1601,90,1,2,,1,0.1,0.7,,2026-06-08 13:34:27,,3,1,,1,,,,1
1969771631290487,1543509237290487,2025,54,53,1601,135,3,2,,1,0.1,1.7,,2026-06-08 13:34:27,,3,1,,1,,,,1
1969771629290487,1543509237290487,2025,54,53,1601,180,2,2,,1,0.1,0.9,,2026-06-08 13:34:27,,3,1,,1,,,,1
1969771634290487,1543509237290487,2025,54,53,1601,225,4,2,,2,0.1,0.4,,2026-06-08 13:34:27,,3,1,,1,,,,1
1969771628290487,1543509237290487,2025,54,53,1601,270,1,2,,1,0.1,0.4,,2026-06-08 13:34:27,,3,1,,1,,,,1
1969771632290487,1543509237290487,2025,54,53,1601,315,3,2,,1,0.1,1.9,,2026-06-08 13:34:27,,3,1,,1,,,,1
1969771630290487,1543509237290487,2025,54,53,1601,360,2,2,,1,0.1,0.9,,2026-06-08 13:34:27,,3,1,,1,,,,1
1969787840290487,1543509260290487,2025,54,55,301,45,4,2,2025,1,0.0,0.0,,2026-06-08 13:34:27,,3,2,,2,,,,1
1969787834290487,1543509260290487,2025,54,55,301,90,1,2,2025,1,0.0,0.0,,2026-06-08 13:34:27,,3,2,,2,,,,1
1969787838290487,1543509260290487,2025,54,55,301,135,3,2,2025,1,0.0,0.0,,2026-06-08 13:34:27,,3,2,,2,,,,1
1969787837290487,1543509260290487,2025,54,55,301,180,2,2,2025,1,0.0,0.0,,2026-06-08 13:34:27,,3,2,,2,,,,1
1969787841290487,1543509260290487,2025,54,55,301,225,4,2,2025,1,0.0,0.0,,2026-06-08 13:34:27,,3,2,,2,,,,1
1969787835290487,1543509260290487,2025,54,55,301,270,1,2,2025,1,0.0,0.0,,2026-06-08 13:34:27,,3,2,,2,,,,1
1969787839290487,1543509260290487,2025,54,55,301,315,3,2,2025,1,0.0,0.0,,2026-06-08 13:34:27,,3,2,,2,,,,1
1969787836290487,1543509260290487,2025,54,55,301,360,2,2,2025,1,0.0,0.0,,2026-06-08 13:34:27,,3,2,,2,,,,1
1969775187290487,1543509314290487,2025,54,67,642,45,4,2,,1,,,,2026-06-08 13:34:27,,3,,,,,,,1
1969775180290487,1543509314290487,2025,54,67,642,90,1,2,,1,,,,2026-06-08 13:34:27,,3,,,,,,,1
1969775184290487,1543509314290487,2025,54,67,642,135,3,2,,1,,,,2026-06-08 13:34:27,,3,,,,,,,1
1969775182290487,1543509314290487,2025,54,67,642,180,2,2,,1,,,,2026-06-08 13:34:27,,3,,,,,,,1
1969775188290487,1543509314290487,2025,54,67,642,225,4,2,,1,,,,2026-06-08 13:34:27,,3,,,,,,,1
1969775181290487,1543509314290487,2025,54,67,642,270,1,2,,1,,,,2026-06-08 13:34:27,,3,,,,,,,1
1969775185290487,1543509314290487,2025,54,67,642,315,3,2,,1,,,,2026-06-08 13:34:27,,3,,,,,,,1
1969775183290487,1543509314290487,2025,54,67,642,360,2,2,,1,,,,2026-06-08 13:34:27,,3,,,,,,,1
1969774469290487,1543509298290487,2025,54,67,3068,45,4,2,,1,,,,2026-06-08 13:34:27,,3,,,,,,,1
1969774463290487,1543509298290487,2025,54,67,3068,90,1,2,,1,,,,2026-06-08 13:34:27,,3,,,,,,,1
1969774467290487,1543509298290487,2025,54,67,3068,135,3,2,,1,,,,2026-06-08 13:34:27,,3,,,,,,,1
1969774465290487,1543509298290487,2025,54,67,3068,180,2,2,,1,,,,2026-06-08 13:34:27,,3,,,,,,,1
1969774470290487,1543509298290487,2025,54,67,3068,225,4,2,,1,,,,2026-06-08 13:34:27,,3,,,,,,,1
1969774464290487,1543509298290487,2025,54,67,3068,270,1,2,,1,,,,2026-06-08 13:34:27,,3,,,,,,,1
1969774468290487,1543509298290487,2025,54,67,3068,315,3,2,,1,,,,2026-06-08 13:34:27,,3,,,,,,,1
1969774466290487,1543509298290487,2025,54,67,3068,360,2,2,,1,,,,2026-06-08 13:34:27,,3,,,,,,,1
1969779176290487,1543509400290487,2025,54,71,440,45,4,2,,1,,,,2026-06-08 13:34:27,,3,,,,,,,1
1969779170290487,1543509400290487,2025,54,71,440,90,1,2,,1,,,,2026-06-08 13:34:27,,3,,,,,,,1
1969779174290487,1543509400290487,2025,54,71,440,135,3,2,,1,,,,2026-06-08 13:34:27,,3,,,,,,,1
1969779172290487,1543509400290487,2025,54,71,440,180,2,2,,1,,,,2026-06-08 13:34:27,,3,,,,,,,1
1969779177290487,1543509400290487,2025,54,71,440,225,4,2,,1,,,,2026-06-08 13:34:27,,3,,,,,,,1
1969779171290487,1543509400290487,2025,54,71,440,270,1,2,,1,,,,2026-06-08 13:34:27,,3,,,,,,,1
1969779175290487,1543509400290487,2025,54,71,440,315,3,2,,1,,,,2026-06-08 13:34:27,,3,,,,,,,1
1969779173290487,1543509400290487,2025,54,71,440,360,2,2,,1,,,,2026-06-08 13:34:27,,3,,,,,,,1
1969787641290487,1543509096290487,2025,54,75,1943,45,4,2,2025,1,0.0,0.0,,2026-06-08 13:34:27,,3,2,,2,,,,1
1969787635290487,1543509096290487,2025,54,75,1943,90,1,2,2025,1,0.0,0.0,,2026-06-08 13:34:27,,3,2,,2,,,,1
1969787639290487,1543509096290487,2025,54,75,1943,135,3,2,2025,1,0.0,0.0,,2026-06-08 13:34:27,,3,2,,2,,,,1
1969787638290487,1543509096290487,2025,54,75,1943,180,2,2,2025,1,0.0,0.0,,2026-06-08 13:34:27,,3,2,,2,,,,1
1969787642290487,1543509096290487,2025,54,75,1943,225,4,2,2025,1,0.0,0.0,,2026-06-08 13:34:27,,3,2,,2,,,,1
1969787636290487,1543509096290487,2025,54,75,1943,270,1,2,2025,1,0.0,0.0,,2026-06-08 13:34:27,,3,2,,2,,,,1
1969787640290487,1543509096290487,2025,54,75,1943,315,3,2,2025,1,0.0,0.0,,2026-06-08 13:34:27,,3,2,,2,,,,1
1969787637290487,1543509096290487,2025,54,75,1943,360,2,2,2025,1,0.0,0.0,,2026-06-08 13:34:27,,3,2,,2,,,,1
1969778191290487,1543509377290487,2025,54,75,2500,45,4,2,,1,2.9,4.5,,2026-06-08 13:34:27,,3,1,,1,,,,1
1969778184290487,1543509377290487,2025,54,75,2500,90,1,2,,1,0.8,2.2,,2026-06-08 13:34:27,,3,1,,1,,,,1
1969778189290487,1543509377290487,2025,54,75,2500,135,3,2,,1,0.2,1.0,,2026-06-08 13:34:27,,3,1,,1,,,,1
1969778187290487,1543509377290487,2025,54,75,2500,180,2,2,,1,0.2,1.3,,2026-06-08 13:34:27,,3,1,,1,,,,1
1969778192290487,1543509377290487,2025,54,75,2500,225,4,2,,1,1.9,2.5,,2026-06-08 13:34:27,,3,1,,1,,,,1
1969778186290487,1543509377290487,2025,54,75,2500,270,1,2,,1,0.3,1.2,,2026-06-08 13:34:27,,3,1,,1,,,,1
1969778190290487,1543509377290487,2025,54,75,2500,315,3,2,,1,1.6,3.1,,2026-06-08 13:34:27,,3,1,,1,,,,1
1969778188290487,1543509377290487,2025,54,75,2500,360,2,2,,1,0.5,3.2,,2026-06-08 13:34:27,,3,1,,1,,,,1
1969767843290487,1543509153290487,2025,54,79,879,45,4,2,,1,,,,2026-06-08 13:34:27,,3,,,,,,,1
1969767837290487,1543509153290487,2025,54,79,879,90,1,2,,1,,,,2026-06-08 13:34:27,,3,,,,,,,1
1969767841290487,1543509153290487,2025,54,79,879,135,3,2,,1,,,,2026-06-08 13:34:27,,3,,,,,,,1
1969767839290487,1543509153290487,2025,54,79,879,180,2,2,,1,,,,2026-06-08 13:34:27,,3,,,,,,,1
1969767844290487,1543509153290487,2025,54,79,879,225,4,2,,1,,,,2026-06-08 13:34:27,,3,,,,,,,1
1969767838290487,1543509153290487,2025,54,79,879,270,1,2,,1,,,,2026-06-08 13:34:27,,3,,,,,,,1
1969767842290487,1543509153290487,2025,54,79,879,315,3,2,,1,,,,2026-06-08 13:34:27,,3,,,,,,,1
1969767840290487,1543509153290487,2025,54,79,879,360,2,2,,1,,,,2026-06-08 13:34:27,,3,,,,,,,1
1969764494290487,1543509078290487,2025,54,81,128,45,4,2,,1,,,,2026-06-08 13:34:27,,3,,,,,,,1
1969764488290487,1543509078290487,2025,54,81,128,90,1,2,,1,,,,2026-06-08 13:34:27,,3,,,,,,,1
1969764492290487,1543509078290487,2025,54,81,128,135,3,2,,1,,,,2026-06-08 13:34:27,,3,,,,,,,1
1969764490290487,1543509078290487,2025,54,81,128,180,2,2,,1,,,,2026-06-08 13:34:27,,3,,,,,,,1
1969764495290487,1543509078290487,2025,54,81,128,225,4,2,,1,,,,2026-06-08 13:34:27,,3,,,,,,,1
1969764489290487,1543509078290487,2025,54,81,128,270,1,2,,1,,,,2026-06-08 13:34:27,,3,,,,,,,1
1969764493290487,1543509078290487,2025,54,81,128,315,3,2,,1,,,,2026-06-08 13:34:27,,3,,,,,,,1
1969764491290487,1543509078290487,2025,54,81,128,360,2,2,,1,,,,2026-06-08 13:34:27,,3,,,,,,,1
1969772669290487,1543509256290487,2025,54,81,769,45,4,2,,1,,,,2026-06-08 13:34:27,,3,,,,,,,1
1969772662290487,1543509256290487,2025,54,81,769,90,1,2,,1,,,,2026-06-08 13:34:27,,3,,,,,,,1
1969772667290487,1543509256290487,2025,54,81,769,135,3,2,,1,,,,2026-06-08 13:34:27,,3,,,,,,,1
1969772664290487,1543509256290487,2025,54,81,769,180,2,2,,1,,,,2026-06-08 13:34:27,,3,,,,,,,1
1969772670290487,1543509256290487,2025,54,81,769,225,4,2,,1,,,,2026-06-08 13:34:27,,3,,,,,,,1
1969772663290487,1543509256290487,2025,54,81,769,270,1,2,,1,,,,2026-06-08 13:34:27,,3,,,,,,,1
1969772668290487,1543509256290487,2025,54,81,769,315,3,2,,1,,,,2026-06-08 13:34:27,,3,,,,,,,1
1969772666290487,1543509256290487,2025,54,81,769,360,2,2,,1,,,,2026-06-08 13:34:27,,3,,,,,,,1
1969776927290487,1543509353290487,2025,54,83,112,45,4,2,,1,0.1,0.7,,2026-06-08 13:34:27,,3,1,,1,,,,1
1969776921290487,1543509353290487,2025,54,83,112,90,1,2,,1,0.3,0.2,,2026-06-08 13:34:27,,3,1,,1,,,,1
1969776925290487,1543509353290487,2025,54,83,112,135,3,2,,1,0.1,0.9,,2026-06-08 13:34:27,,3,1,,1,,,,1
1969776923290487,1543509353290487,2025,54,83,112,180,2,2,,1,0.0,0.2,,2026-06-08 13:34:27,,3,1,,1,,,,1
1969776928290487,1543509353290487,2025,54,83,112,225,4,2,,1,0.0,0.1,,2026-06-08 13:34:27,,3,1,,1,,,,1
1969776922290487,1543509353290487,2025,54,83,112,270,1,2,,1,0.3,2.0,,2026-06-08 13:34:27,,3,1,,1,,,,1
1969776926290487,1543509353290487,2025,54,83,112,315,3,2,,1,0.1,0.1,,2026-06-08 13:34:27,,3,1,,1,,,,1
1969776924290487,1543509353290487,2025,54,83,112,360,2,2,,1,0.3,0.2,,2026-06-08 13:34:27,,3,1,,1,,,,1
1969766658290487,1543509130290487,2025,54,83,3587,45,4,2,,1,0.8,2.1,,2026-06-08 13:34:27,,3,1,,1,,,,1
1969766652290487,1543509130290487,2025,54,83,3587,90,1,2,,1,0.3,1.4,,2026-06-08 13:34:27,,3,1,,1,,,,1
1969766656290487,1543509130290487,2025,54,83,3587,135,3,2,,1,0.5,1.1,,2026-06-08 13:34:27,,3,1,,1,,,,1
1969766654290487,1543509130290487,2025,54,83,3587,180,2,2,,1,0.2,0.8,,2026-06-08 13:34:27,,3,1,,1,,,,1
1969766659290487,1543509130290487,2025,54,83,3587,225,4,2,,1,1.1,1.9,,2026-06-08 13:34:27,,3,1,,1,,,,1
1969766653290487,1543509130290487,2025,54,83,3587,270,1,2,,1,0.6,0.9,,2026-06-08 13:34:27,,3,1,,1,,,,1
1969766657290487,1543509130290487,2025,54,83,3587,315,3,2,,1,0.3,2.1,,2026-06-08 13:34:27,,3,1,,1,,,,1
1969766655290487,1543509130290487,2025,54,83,3587,360,2,2,,1,0.5,1.1,,2026-06-08 13:34:27,,3,1,,1,,,,1
1969777832290487,1543509371290487,2025,54,93,857,45,4,2,,1,2.8,3.5,,2026-06-08 13:34:27,,3,1,,1,,,,1
1969777826290487,1543509371290487,2025,54,93,857,90,1,2,,1,0.4,0.3,,2026-06-08 13:34:27,,3,1,,1,,,,1
1969777830290487,1543509371290487,2025,54,93,857,135,3,2,,1,0.8,2.7,,2026-06-08 13:34:27,,3,1,,1,,,,1
1969777828290487,1543509371290487,2025,54,93,857,180,2,2,,1,1.2,2.2,,2026-06-08 13:34:27,,3,1,,1,,,,1
1969777833290487,1543509371290487,2025,54,93,857,225,4,2,,1,1.0,2.1,,2026-06-08 13:34:27,,3,1,,1,,,,1
1969777827290487,1543509371290487,2025,54,93,857,270,1,2,,1,0.1,8.5,,2026-06-08 13:34:27,,3,1,,1,,,,1
1969777831290487,1543509371290487,2025,54,93,857,315,3,2,,1,0.5,0.8,,2026-06-08 13:34:27,,3,1,,1,,,,1
1969777829290487,1543509371290487,2025,54,93,857,360,2,2,,1,0.8,1.2,,2026-06-08 13:34:27,,3,1,,1,,,,1
1969787694290487,1543509129290487,2025,54,97,2224,45,4,2,2025,1,0.0,0.0,,2026-06-08 13:34:27,,3,2,,2,,,,1
1969787688290487,1543509129290487,2025,54,97,2224,90,1,2,2025,1,0.0,0.0,,2026-06-08 13:34:27,,3,2,,2,,,,1
1969787692290487,1543509129290487,2025,54,97,2224,135,3,2,2025,1,0.0,0.0,,2026-06-08 13:34:27,,3,2,,2,,,,1
1969787691290487,1543509129290487,2025,54,97,2224,180,2,2,2025,1,0.0,0.0,,2026-06-08 13:34:27,,3,2,,2,,,,1
1969787695290487,1543509129290487,2025,54,97,2224,225,4,2,2025,1,0.0,0.0,,2026-06-08 13:34:27,,3,2,,2,,,,1
1969787689290487,1543509129290487,2025,54,97,2224,270,1,2,2025,1,0.0,0.0,,2026-06-08 13:34:27,,3,2,,2,,,,1
1969787693290487,1543509129290487,2025,54,97,2224,315,3,2,2025,1,0.0,0.0,,2026-06-08 13:34:27,,3,2,,2,,,,1
1969787690290487,1543509129290487,2025,54,97,2224,360,2,2,2025,1,0.0,0.0,,2026-06-08 13:34:27,,3,2,,2,,,,1
1969769121290487,1543509185290487,2025,54,99,673,45,4,2,,1,0.1,2.0,,2026-06-08 13:34:27,,3,1,,1,,,,1
1969769115290487,1543509185290487,2025,54,99,673,90,1,2,,1,0.1,0.5,,2026-06-08 13:34:27,,3,1,,1,,,,1
1969769119290487,1543509185290487,2025,54,99,673,135,3,2,,2,,,,2026-06-08 13:34:27,,3,,,,,,,1
1969769117290487,1543509185290487,2025,54,99,673,180,2,2,,1,0.1,0.6,,2026-06-08 13:34:27,,3,1,,1,,,,1
1969769122290487,1543509185290487,2025,54,99,673,225,4,2,,1,0.1,0.5,,2026-06-08 13:34:27,,3,1,,1,,,,1
1969769116290487,1543509185290487,2025,54,99,673,270,1,2,,1,0.1,0.8,,2026-06-08 13:34:27,,3,1,,1,,,,1
1969769120290487,1543509185290487,2025,54,99,673,315,3,2,,2,,,,2026-06-08 13:34:27,,3,,,,,,,1
1969769118290487,1543509185290487,2025,54,99,673,360,2,2,,1,0.1,0.2,,2026-06-08 13:34:27,,3,1,,1,,,,1
1969767573290487,1543509145290487,2025,54,99,1250,45,4,2,,2,,,,2026-06-08 13:34:27,,3,,,,,,,1
1969767567290487,1543509145290487,2025,54,99,1250,90,1,2,,1,0.1,0.6,,2026-06-08 13:34:27,,3,1,,1,,,,1
1969767571290487,1543509145290487,2025,54,99,1250,135,3,2,,3,,,,2026-06-08 13:34:27,,3,,,,,,,1
1969767569290487,1543509145290487,2025,54,99,1250,180,2,2,,1,0.1,0.4,,2026-06-08 13:34:27,,3,1,,1,,,,1
1969767574290487,1543509145290487,2025,54,99,1250,225,4,2,,2,,,,2026-06-08 13:34:27,,3,,,,,,,1
1969767568290487,1543509145290487,2025,54,99,1250,270,1,2,,2,,,,2026-06-08 13:34:27,,3,,,,,,,1
1969767572290487,1543509145290487,2025,54,99,1250,315,3,2,,3,,,,2026-06-08 13:34:27,,3,,,,,,,1
1969767570290487,1543509145290487,2025,54,99,1250,360,2,2,,1,0.1,1.7,,2026-06-08 13:34:27,,3,1,,1,,,,1
1969770014290487,1543509203290487,2025,54,103,1046,45,4,2,,1,0.1,0.3,,2026-06-08 13:34:27,,3,1,,1,,,,1
1969770008290487,1543509203290487,2025,54,103,1046,90,1,2,,1,0.1,0.3,,2026-06-08 13:34:27,,3,1,,1,,,,1
1969770012290487,1543509203290487,2025,54,103,1046,135,3,2,,1,0.1,0.2,,2026-06-08 13:34:27,,3,1,,1,,,,1
1969770010290487,1543509203290487,2025,54,103,1046,180,2,2,,1,0.1,0.4,,2026-06-08 13:34:27,,3,1,,1,,,,1
1969770015290487,1543509203290487,2025,54,103,1046,225,4,2,,1,0.1,0.3,,2026-06-08 13:34:27,,3,1,,1,,,,1
1969770009290487,1543509203290487,2025,54,103,1046,270,1,2,,2,,,,2026-06-08 13:34:27,,3,,,,,,,1
1969770013290487,1543509203290487,2025,54,103,1046,315,3,2,,1,0.1,0.2,,2026-06-08 13:34:27,,3,1,,1,,,,1
1969770011290487,1543509203290487,2025,54,103,1046,360,2,2,,1,0.1,0.2,,2026-06-08 13:34:27,,3,1,,1,,,,1
1969773729290487,1543509285290487,2025,54,107,1506,45,4,2,,1,0.1,0.3,,2026-06-08 13:34:27,,3,1,,1,,,,1
1969773723290487,1543509285290487,2025,54,107,1506,90,1,2,,1,0.1,0.2,,2026-06-08 13:34:27,,3,1,,1,,,,1
1969773727290487,1543509285290487,2025,54,107,1506,135,3,2,,1,0.1,0.4,,2026-06-08 13:34:27,,3,1,,1,,,,1
1969773725290487,1543509285290487,2025,54,107,1506,180,2,2,,1,0.1,0.3,,2026-06-08 13:34:27,,3,1,,1,,,,1
1969773730290487,1543509285290487,2025,54,107,1506,225,4,2,,1,0.1,0.3,,2026-06-08 13:34:27,,3,1,,1,,,,1
1969773724290487,1543509285290487,2025,54,107,1506,270,1,2,,2,,,,2026-06-08 13:34:27,,3,,,,,,,1
1969773728290487,1543509285290487,2025,54,107,1506,315,3,2,,1,0.1,0.3,,2026-06-08 13:34:27,,3,1,,1,,,,1
1969773726290487,1543509285290487,2025,54,107,1506,360,2,2,,1,0.1,0.4,,2026-06-08 13:34:27,,3,1,,1,,,,1
1969771009290487,1543509225290487,2025,54,109,379,45,4,2,,1,0.2,1.3,,2026-06-08 13:34:27,,3,1,,1,,,,1
1969771003290487,1543509225290487,2025,54,109,379,90,1,2,,1,0.2,1.6,,2026-06-08 13:34:27,,3,1,,1,,,,1
1969771007290487,1543509225290487,2025,54,109,379,135,3,2,,2,0.0,0.4,,2026-06-08 13:34:27,,3,1,,1,,,,1
1969771005290487,1543509225290487,2025,54,109,379,180,2,2,,1,0.3,2.2,,2026-06-08 13:34:27,,3,1,,1,,,,1
1969771010290487,1543509225290487,2025,54,109,379,225,4,2,,1,0.1,1.3,,2026-06-08 13:34:27,,3,1,,1,,,,1
1969771004290487,1543509225290487,2025,54,109,379,270,1,2,,1,0.4,1.5,,2026-06-08 13:34:27,,3,1,,1,,,,1
1969771008290487,1543509225290487,2025,54,109,379,315,3,2,,2,0.3,1.7,,2026-06-08 13:34:27,,3,1,,1,,,,1
1969771006290487,1543509225290487,2025,54,109,379,360,2,2,,1,1.1,2.1,,2026-06-08 13:34:27,,3,1,,1,,,,1
