CN,INVYR,STATECD,COUNTYCD,O3PLOT,FIELD_ID,SPLIT_PLOTID,GROUND_LOC_CD,MEASYEAR,BIOSPCD,AMNT_MAX,AMNT_MIN,AMNT_MEAN,SVRTY_MAX,SVRTY_MIN,SVRTY_MEAN,PLANT_INJ_CNT,PLANT_EVAL_CNT,PLANT_RATIO,BIOSPCD_SUM,BIOSPCD_INDEX,ELEV,PLTSIZE,ASPECT,TERRPOS,SOILDPTH,SOILDRN,PLOTWET,PLTDSTRB,CREATED_DATE,MODIFIED_DATE
226503200010661,1995,54,11,6901.0,690,1,1,1995,365.0,0.0,0.0,0.0,0.0,0.0,0.0,0.0,10.0,0.0,0.0,0.0,900,1.0,0,1.0,1.0,1.0,,0.0,2010-06-09 09:37:06,
226503201010661,1995,54,11,6901.0,690,1,1,1995,915.0,0.0,0.0,0.0,0.0,0.0,0.0,0.0,10.0,0.0,0.0,0.0,900,1.0,0,1.0,1.0,1.0,,0.0,2010-06-09 09:37:07,
226503202010661,1995,54,11,6901.0,690,1,1,1995,931.0,0.0,0.0,0.0,0.0,0.0,0.0,0.0,10.0,0.0,0.0,0.0,900,1.0,0,1.0,1.0,1.0,,0.0,2010-06-09 09:37:07,
226503224010661,1995,54,33,10361.0,1036,1,1,1995,762.0,0.0,0.0,0.0,0.0,0.0,0.0,0.0,11.0,0.0,0.0,0.0,1150,2.0,0,1.0,1.0,1.0,,0.0,2010-06-09 09:37:11,
226503197010661,1995,54,35,7261.0,726,1,1,1995,541.0,0.0,0.0,0.0,0.0,0.0,0.0,0.0,12.0,0.0,0.0,0.0,800,3.0,0,1.0,1.0,1.0,,0.0,2010-06-09 09:37:06,
226503198010661,1995,54,35,7261.0,726,1,1,1995,621.0,0.0,0.0,0.0,0.0,0.0,0.0,0.0,11.0,0.0,0.0,0.0,800,3.0,0,1.0,1.0,1.0,,0.0,2010-06-09 09:37:06,
226503191010661,1995,54,39,3131.0,313,1,1,1995,541.0,0.0,0.0,0.0,0.0,0.0,0.0,0.0,10.0,0.0,0.0,0.0,1220,2.0,0,1.0,1.0,1.0,,0.0,2010-06-09 09:37:04,
226503192010661,1995,54,39,3131.0,313,1,1,1995,621.0,0.0,0.0,0.0,0.0,0.0,0.0,0.0,10.0,0.0,0.0,0.0,1220,2.0,0,1.0,1.0,1.0,,0.0,2010-06-09 09:37:05,
226503193010661,1995,54,39,3131.0,313,1,1,1995,915.0,0.0,0.0,0.0,0.0,0.0,0.0,0.0,10.0,0.0,0.0,0.0,1220,2.0,0,1.0,1.0,1.0,,0.0,2010-06-09 09:37:05,
226503187010661,1995,54,39,4271.0,427,1,1,1995,621.0,0.0,0.0,0.0,0.0,0.0,0.0,0.0,10.0,0.0,0.0,0.0,1400,2.0,0,2.0,1.0,1.0,,2.0,2010-06-09 09:37:04,
226503195010661,1995,54,39,6961.0,696,1,1,1995,915.0,0.0,0.0,0.0,0.0,0.0,0.0,0.0,14.0,0.0,0.0,0.0,1021,3.0,0,1.0,1.0,1.0,,0.0,2010-06-09 09:37:05,
226503185010661,1995,54,41,4471.0,447,1,1,1995,915.0,0.0,0.0,0.0,0.0,0.0,0.0,0.0,10.0,0.0,0.0,0.0,1600,2.0,0,4.0,1.0,1.0,,0.0,2010-06-09 09:37:03,
226503140010661,1995,54,41,13521.0,1352,1,1,1995,365.0,0.88,0.035,0.4705,0.38,0.035,0.1445,10.0,30.0,0.33333333,0.0705775,0.02352583,1100,1.0,180,3.0,1.0,1.0,,2.0,2010-06-09 09:36:54,
226503242010661,1995,54,51,15441.0,1544,1,1,1995,365.0,0.0,0.0,0.0,0.0,0.0,0.0,0.0,11.0,0.0,0.0,0.0,1200,3.0,0,4.0,1.0,1.0,,0.0,2010-06-09 09:37:15,
226503243010661,1995,54,51,15441.0,1544,1,1,1995,541.0,0.0,0.0,0.0,0.0,0.0,0.0,0.0,12.0,0.0,0.0,0.0,1200,3.0,0,4.0,1.0,1.0,,0.0,2010-06-09 09:37:15,
226503166010661,1995,54,55,51.0,5,1,1,1995,931.0,0.0,0.0,0.0,0.0,0.0,0.0,0.0,10.0,0.0,0.0,0.0,2520,2.0,0,4.0,1.0,1.0,,0.0,2010-06-09 09:37:00,
226503168010661,1995,54,55,13611.0,1361,1,1,1995,621.0,0.0,0.0,0.0,0.0,0.0,0.0,0.0,10.0,0.0,0.0,0.0,3000,2.0,0,2.0,1.0,1.0,,0.0,2010-06-09 09:37:00,
226503169010661,1995,54,55,13611.0,1361,1,1,1995,915.0,0.0,0.0,0.0,0.0,0.0,0.0,0.0,10.0,0.0,0.0,0.0,3000,2.0,0,2.0,1.0,1.0,,0.0,2010-06-09 09:37:00,
226503170010661,1995,54,55,13611.0,1361,1,1,1995,931.0,0.0,0.0,0.0,0.0,0.0,0.0,0.0,10.0,0.0,0.0,0.0,3000,2.0,0,2.0,1.0,1.0,,0.0,2010-06-09 09:37:01,
226503222010661,1995,54,61,8351.0,835,1,1,1995,762.0,0.0,0.0,0.0,0.0,0.0,0.0,0.0,19.0,0.0,0.0,0.0,2506,2.0,0,1.0,1.0,1.0,,0.0,2010-06-09 09:37:11,
226503220010661,1995,54,77,6871.0,687,1,1,1995,762.0,0.0,0.0,0.0,0.0,0.0,0.0,0.0,16.0,0.0,0.0,0.0,2340,2.0,0,1.0,1.0,1.0,,0.0,2010-06-09 09:37:11,
226503210010661,1995,54,77,13351.0,1335,1,1,1995,621.0,0.0,0.0,0.0,0.0,0.0,0.0,0.0,12.0,0.0,0.0,0.0,2520,2.0,0,1.0,1.0,1.0,,2.0,2010-06-09 09:37:08,
226503211010661,1995,54,77,13351.0,1335,1,1,1995,761.0,0.0,0.0,0.0,0.0,0.0,0.0,0.0,15.0,0.0,0.0,0.0,2520,2.0,0,1.0,1.0,1.0,,2.0,2010-06-09 09:37:09,
226503212010661,1995,54,77,13351.0,1335,1,1,1995,915.0,0.0,0.0,0.0,0.0,0.0,0.0,0.0,10.0,0.0,0.0,0.0,2520,2.0,0,1.0,1.0,1.0,,2.0,2010-06-09 09:37:09,
226503189010661,1995,54,79,291.0,29,1,1,1995,365.0,0.0,0.0,0.0,0.0,0.0,0.0,0.0,10.0,0.0,0.0,0.0,900,2.0,244,3.0,1.0,1.0,,0.0,2010-06-09 09:37:04,
226503172010661,1995,54,81,12431.0,1243,1,1,1995,365.0,0.0,0.0,0.0,0.0,0.0,0.0,0.0,10.0,0.0,0.0,0.0,1900,2.0,0,5.0,1.0,1.0,,0.0,2010-06-09 09:37:01,
226503214010661,1995,54,91,81.0,8,1,1,1995,915.0,0.0,0.0,0.0,0.0,0.0,0.0,0.0,16.0,0.0,0.0,0.0,1800,2.0,0,1.0,1.0,1.0,,0.0,2010-06-09 09:37:09,
226503138010661,1995,54,99,15581.0,1558,1,1,1995,365.0,0.38,0.16,0.27,0.16,0.035,0.0975,2.0,30.0,0.06666667,0.01945,0.00129667,600,1.0,250,3.0,1.0,1.0,,2.0,2010-06-09 09:36:53,
226504283010661,1996,54,19,1591.0,159,1,1,1996,365.0,0.38,0.035,0.21857143,0.38,0.035,0.21857143,7.0,12.0,0.58333333,0.06263571,0.0365375,1600,2.0,0,2.0,1.0,1.0,,0.0,2010-06-09 10:25:19,
226504297010661,1996,54,19,4361.0,436,1,1,1996,621.0,0.035,0.035,0.035,0.035,0.035,0.035,2.0,13.0,0.15384615,0.001225,0.00018846,2400,2.0,0,1.0,1.0,1.0,,0.0,2010-06-09 10:25:22,
226504298010661,1996,54,19,4361.0,436,1,1,1996,915.0,0.88,0.035,0.44642857,0.38,0.16,0.31714286,7.0,11.0,0.63636364,0.16351429,0.10405455,2400,2.0,0,1.0,1.0,1.0,,0.0,2010-06-09 10:25:23,
226504299010661,1996,54,19,4361.0,436,1,1,1996,931.0,0.38,0.38,0.38,0.38,0.38,0.38,1.0,10.0,0.1,0.1444,0.01444,2400,2.0,0,1.0,1.0,1.0,,0.0,2010-06-09 10:25:23,
226504334010661,1996,54,27,6591.0,659,1,1,1996,621.0,0.0,0.0,0.0,0.0,0.0,0.0,0.0,11.0,0.0,0.0,0.0,1500,2.0,0,2.0,2.0,1.0,,2.0,2010-06-09 10:25:34,
226504335010661,1996,54,27,6591.0,659,1,1,1996,931.0,0.0,0.0,0.0,0.0,0.0,0.0,0.0,13.0,0.0,0.0,0.0,1500,2.0,0,2.0,2.0,1.0,,2.0,2010-06-09 10:25:34,
226504332010661,1996,54,31,6211.0,621,1,1,1996,365.0,0.0,0.0,0.0,0.0,0.0,0.0,0.0,17.0,0.0,0.0,0.0,1450,2.0,0,5.0,1.0,2.0,,0.0,2010-06-09 10:25:34,
226504292010661,1996,54,31,10611.0,1061,1,1,1996,762.0,0.0,0.0,0.0,0.0,0.0,0.0,0.0,17.0,0.0,0.0,0.0,1900,1.0,0,1.0,1.0,2.0,,2.0,2010-06-09 10:25:21,
226504293010661,1996,54,31,10611.0,1061,1,1,1996,915.0,0.0,0.0,0.0,0.0,0.0,0.0,0.0,13.0,0.0,0.0,0.0,1900,1.0,0,1.0,1.0,2.0,,2.0,2010-06-09 10:25:22,
226504354010661,1996,54,33,10361.0,1036,1,1,1996,541.0,0.0,0.0,0.0,0.0,0.0,0.0,0.0,11.0,0.0,0.0,0.0,1150,2.0,0,5.0,1.0,1.0,,0.0,2010-06-09 10:25:39,
226504305010661,1996,54,41,4471.0,447,1,1,1996,915.0,0.63,0.16,0.392,0.38,0.16,0.336,5.0,13.0,0.38461538,0.12124,0.04663077,1600,2.0,112,1.0,1.0,1.0,,0.0,2010-06-09 10:25:24,
226504232010661,1996,54,41,13521.0,1352,1,1,1996,365.0,0.63,0.035,0.19166667,0.63,0.035,0.115,18.0,30.0,0.6,0.02343194,0.01405917,1100,1.0,180,3.0,1.0,1.0,,2.0,2010-06-09 10:25:05,
226504233010661,1996,54,41,13521.0,1352,1,1,1996,762.0,0.63,0.16,0.342,0.16,0.035,0.11,5.0,30.0,0.16666667,0.04672,0.00778667,1100,1.0,180,3.0,1.0,1.0,,2.0,2010-06-09 10:25:06,
226504234010661,1996,54,41,13521.0,1352,1,1,1996,915.0,0.63,0.38,0.46333333,0.63,0.38,0.46333333,3.0,30.0,0.1,0.22856667,0.02285667,1100,1.0,180,3.0,1.0,1.0,,2.0,2010-06-09 10:25:06,
226504235010661,1996,54,41,13521.0,1352,1,1,1996,931.0,0.38,0.16,0.215,0.38,0.16,0.215,4.0,30.0,0.13333333,0.0432,0.00576,1100,1.0,180,3.0,1.0,1.0,,2.0,2010-06-09 10:25:06,
226504363010661,1996,54,51,15441.0,1544,1,1,1996,365.0,0.0,0.0,0.0,0.0,0.0,0.0,0.0,15.0,0.0,0.0,0.0,1200,3.0,0,5.0,1.0,2.0,,0.0,2010-06-09 10:25:41,
226504364010661,1996,54,51,15441.0,1544,1,1,1996,541.0,0.0,0.0,0.0,0.0,0.0,0.0,0.0,12.0,0.0,0.0,0.0,1200,3.0,0,5.0,1.0,2.0,,0.0,2010-06-09 10:25:41,
226504273010661,1996,54,55,51.0,5,1,1,1996,931.0,0.38,0.035,0.19166667,0.38,0.16,0.30666667,3.0,21.0,0.14285714,0.07026667,0.0100381,2520,2.0,0,1.0,1.0,1.0,,0.0,2010-06-09 10:25:17,
226504275010661,1996,54,55,13611.0,1361,1,1,1996,621.0,0.38,0.38,0.38,0.035,0.035,0.035,3.0,16.0,0.1875,0.0133,0.00249375,3000,2.0,0,1.0,1.0,1.0,,2.0,2010-06-09 10:25:18,
226504276010661,1996,54,55,13611.0,1361,1,1,1996,915.0,0.88,0.035,0.59166667,0.63,0.16,0.49444444,9.0,10.0,0.9,0.31147778,0.28033,3000,2.0,0,1.0,1.0,1.0,,2.0,2010-06-09 10:25:18,
226504277010661,1996,54,55,13611.0,1361,1,1,1996,931.0,0.88,0.63,0.755,0.035,0.035,0.035,2.0,26.0,0.07692308,0.026425,0.00203269,3000,2.0,0,1.0,1.0,1.0,,2.0,2010-06-09 10:25:18,
226504349010661,1996,54,61,8351.0,835,1,1,1996,621.0,0.0,0.0,0.0,0.0,0.0,0.0,0.0,12.0,0.0,0.0,0.0,2506,1.0,244,1.0,1.0,1.0,,2.0,2010-06-09 10:25:38,
226504350010661,1996,54,61,8351.0,835,1,1,1996,762.0,0.0,0.0,0.0,0.0,0.0,0.0,0.0,30.0,0.0,0.0,0.0,2506,1.0,244,1.0,1.0,1.0,,2.0,2010-06-09 10:25:38,
226504301010661,1996,54,67,2861.0,286,1,1,1996,621.0,0.0,0.0,0.0,0.0,0.0,0.0,0.0,11.0,0.0,0.0,0.0,1800,2.0,147,3.0,1.0,1.0,,0.0,2010-06-09 10:25:23,
226504302010661,1996,54,67,2861.0,286,1,1,1996,915.0,0.0,0.0,0.0,0.0,0.0,0.0,0.0,10.0,0.0,0.0,0.0,1800,2.0,147,3.0,1.0,1.0,,0.0,2010-06-09 10:25:24,
226504303010661,1996,54,67,2861.0,286,1,1,1996,931.0,0.0,0.0,0.0,0.0,0.0,0.0,0.0,19.0,0.0,0.0,0.0,1800,2.0,147,3.0,1.0,1.0,,0.0,2010-06-09 10:25:24,
226504347010661,1996,54,77,6871.0,687,1,1,1996,762.0,0.38,0.16,0.27,0.38,0.38,0.38,2.0,12.0,0.16666667,0.1026,0.0171,2340,1.0,0,1.0,1.0,1.0,,2.0,2010-06-09 10:25:37,
226504340010661,1996,54,77,13351.0,1335,1,1,1996,365.0,0.0,0.0,0.0,0.0,0.0,0.0,0.0,16.0,0.0,0.0,0.0,2520,2.0,0,1.0,1.0,1.0,,0.0,2010-06-09 10:25:35,
226504341010661,1996,54,77,13351.0,1335,1,1,1996,621.0,0.0,0.0,0.0,0.0,0.0,0.0,0.0,13.0,0.0,0.0,0.0,2520,2.0,0,1.0,1.0,1.0,,0.0,2010-06-09 10:25:36,
226504342010661,1996,54,77,13351.0,1335,1,1,1996,762.0,0.0,0.0,0.0,0.0,0.0,0.0,0.0,11.0,0.0,0.0,0.0,2520,2.0,0,1.0,1.0,1.0,,0.0,2010-06-09 10:25:36,
226504307010661,1996,54,79,291.0,29,1,1,1996,541.0,0.0,0.0,0.0,0.0,0.0,0.0,0.0,14.0,0.0,0.0,0.0,900,1.0,130,1.0,1.0,1.0,,2.0,2010-06-09 10:25:25,
226504308010661,1996,54,79,291.0,29,1,1,1996,621.0,0.0,0.0,0.0,0.0,0.0,0.0,0.0,12.0,0.0,0.0,0.0,900,1.0,130,1.0,1.0,1.0,,2.0,2010-06-09 10:25:26,
226504309010661,1996,54,79,291.0,29,1,1,1996,915.0,0.63,0.035,0.298,0.63,0.035,0.2605,10.0,20.0,0.5,0.131745,0.0658725,900,1.0,130,1.0,1.0,1.0,,2.0,2010-06-09 10:25:26,
226504279010661,1996,54,81,10151.0,1015,1,1,1996,365.0,0.0,0.0,0.0,0.0,0.0,0.0,0.0,11.0,0.0,0.0,0.0,1220,2.0,0,2.0,1.0,1.0,,0.0,2010-06-09 10:25:19,
226504281010661,1996,54,81,12431.0,1243,1,1,1996,365.0,0.0,0.0,0.0,0.0,0.0,0.0,0.0,20.0,0.0,0.0,0.0,1900,2.0,0,4.0,1.0,1.0,,0.0,2010-06-09 10:25:19,
226504285010661,1996,54,81,14151.0,1415,1,1,1996,365.0,0.88,0.035,0.39363636,0.16,0.035,0.05772727,11.0,19.0,0.57894737,0.03377727,0.01955526,950,2.0,0,2.0,1.0,1.0,,0.0,2010-06-09 10:25:20,
226504295010661,1996,54,83,3671.0,367,1,1,1996,915.0,0.38,0.16,0.292,0.63,0.16,0.386,5.0,16.0,0.3125,0.11324,0.0353875,1967,2.0,182,1.0,1.0,1.0,,0.0,2010-06-09 10:25:22,
226504344010661,1996,54,91,81.0,8,1,1,1996,621.0,0.0,0.0,0.0,0.0,0.0,0.0,0.0,12.0,0.0,0.0,0.0,1800,3.0,112,1.0,1.0,1.0,,2.0,2010-06-09 10:25:36,
226504345010661,1996,54,91,81.0,8,1,1,1996,915.0,0.0,0.0,0.0,0.0,0.0,0.0,0.0,24.0,0.0,0.0,0.0,1800,3.0,112,1.0,1.0,1.0,,2.0,2010-06-09 10:25:37,
226504352010661,1996,54,91,6911.0,691,1,1,1996,762.0,0.0,0.0,0.0,0.0,0.0,0.0,0.0,16.0,0.0,0.0,0.0,1241,2.0,0,2.0,1.0,1.0,,0.0,2010-06-09 10:25:38,
226504227010661,1996,54,99,15581.0,1558,1,1,1996,365.0,0.38,0.035,0.154,0.63,0.035,0.179,10.0,30.0,0.33333333,0.0475475,0.01584917,600,1.0,250,3.0,1.0,1.0,,2.0,2010-06-09 10:25:04,
226504228010661,1996,54,99,15581.0,1558,1,1,1996,541.0,0.035,0.035,0.035,0.035,0.035,0.035,1.0,30.0,0.03333333,0.001225,4.083e-05,600,1.0,250,3.0,1.0,1.0,,2.0,2010-06-09 10:25:04,
226504229010661,1996,54,99,15581.0,1558,1,1,1996,621.0,0.0,0.0,0.0,0.0,0.0,0.0,0.0,10.0,0.0,0.0,0.0,600,1.0,250,3.0,1.0,1.0,,2.0,2010-06-09 10:25:05,
226504230010661,1996,54,99,15581.0,1558,1,1,1996,915.0,0.16,0.16,0.16,0.38,0.38,0.38,1.0,30.0,0.03333333,0.0608,0.00202667,600,1.0,250,3.0,1.0,1.0,,2.0,2010-06-09 10:25:05,
226074776010661,1997,54,17,831.0,83,1,1,1997,621.0,0.0,0.0,0.0,0.0,0.0,0.0,0.0,10.0,0.0,0.0,0.0,1200,1.0,257,1.0,1.0,1.0,,0.0,2010-06-07 08:49:27,
226074777010661,1997,54,17,831.0,83,1,1,1997,915.0,0.0,0.0,0.0,0.0,0.0,0.0,0.0,10.0,0.0,0.0,0.0,1200,1.0,257,1.0,1.0,1.0,,0.0,2010-06-07 08:49:27,
226074707010661,1997,54,19,4361.0,436,1,1,1997,621.0,0.0,0.0,0.0,0.0,0.0,0.0,0.0,19.0,0.0,0.0,0.0,2500,2.0,60,1.0,1.0,1.0,,0.0,2010-06-07 08:49:09,
226074708010661,1997,54,19,4361.0,436,1,1,1997,931.0,0.0,0.0,0.0,0.0,0.0,0.0,0.0,13.0,0.0,0.0,0.0,2500,2.0,60,1.0,1.0,1.0,,0.0,2010-06-07 08:49:09,
226074759010661,1997,54,27,6591.0,659,1,1,1997,762.0,0.0,0.0,0.0,0.0,0.0,0.0,0.0,10.0,0.0,0.0,0.0,1500,2.0,272,1.0,2.0,1.0,,0.0,2010-06-07 08:49:22,
226074702010661,1997,54,31,10611.0,1061,1,1,1997,762.0,0.0,0.0,0.0,0.0,0.0,0.0,0.0,11.0,0.0,0.0,0.0,1900,2.0,0,2.0,1.0,2.0,,0.0,2010-06-07 08:49:08,
226074703010661,1997,54,31,10611.0,1061,1,1,1997,915.0,0.0,0.0,0.0,0.0,0.0,0.0,0.0,11.0,0.0,0.0,0.0,1900,2.0,0,2.0,1.0,2.0,,0.0,2010-06-07 08:49:08,
226074773010661,1997,54,33,10361.0,1036,1,1,1997,365.0,0.0,0.0,0.0,0.0,0.0,0.0,0.0,10.0,0.0,0.0,0.0,1150,2.0,260,1.0,1.0,1.0,,0.0,2010-06-07 08:49:25,
226074774010661,1997,54,33,10361.0,1036,1,1,1997,541.0,0.0,0.0,0.0,0.0,0.0,0.0,0.0,11.0,0.0,0.0,0.0,1150,2.0,260,1.0,1.0,1.0,,0.0,2010-06-07 08:49:26,
226074727010661,1997,54,35,7261.0,726,1,1,1997,541.0,0.0,0.0,0.0,0.0,0.0,0.0,0.0,19.0,0.0,0.0,0.0,800,1.0,182,1.0,1.0,1.0,,2.0,2010-06-07 08:49:14,
226074718010661,1997,54,39,3131.0,313,1,1,1997,541.0,0.0,0.0,0.0,0.0,0.0,0.0,0.0,13.0,0.0,0.0,0.0,1220,1.0,186,3.0,1.0,1.0,,0.0,2010-06-07 08:49:12,
226074719010661,1997,54,39,3131.0,313,1,1,1997,621.0,0.0,0.0,0.0,0.0,0.0,0.0,0.0,30.0,0.0,0.0,0.0,1220,1.0,186,3.0,1.0,1.0,,0.0,2010-06-07 08:49:12,
226074721010661,1997,54,39,6961.0,696,1,1,1997,621.0,0.0,0.0,0.0,0.0,0.0,0.0,0.0,30.0,0.0,0.0,0.0,768,1.0,0,1.0,1.0,1.0,,0.0,2010-06-07 08:49:13,
226074716010661,1997,54,41,4471.0,447,1,1,1997,915.0,0.0,0.0,0.0,0.0,0.0,0.0,0.0,30.0,0.0,0.0,0.0,1600,2.0,0,1.0,1.0,3.0,,0.0,2010-06-07 08:49:11,
226074652010661,1997,54,41,13521.0,1352,1,1,1997,365.0,0.0,0.0,0.0,0.0,0.0,0.0,0.0,30.0,0.0,0.0,0.0,1200,1.0,180,3.0,1.0,1.0,,2.0,2010-06-07 08:48:55,
226074653010661,1997,54,41,13521.0,1352,1,1,1997,762.0,0.0,0.0,0.0,0.0,0.0,0.0,0.0,10.0,0.0,0.0,0.0,1200,1.0,180,3.0,1.0,1.0,,2.0,2010-06-07 08:48:55,
226074654010661,1997,54,41,13521.0,1352,1,1,1997,915.0,0.0,0.0,0.0,0.0,0.0,0.0,0.0,30.0,0.0,0.0,0.0,1200,1.0,180,3.0,1.0,1.0,,2.0,2010-06-07 08:48:55,
226074655010661,1997,54,41,13521.0,1352,1,1,1997,931.0,0.0,0.0,0.0,0.0,0.0,0.0,0.0,30.0,0.0,0.0,0.0,1200,1.0,180,3.0,1.0,1.0,,2.0,2010-06-07 08:48:55,
226074729010661,1997,54,43,5831.0,583,1,1,1997,541.0,0.0,0.0,0.0,0.0,0.0,0.0,0.0,10.0,0.0,0.0,0.0,1100,1.0,124,1.0,1.0,1.0,,0.0,2010-06-07 08:49:15,
226074730010661,1997,54,43,5831.0,583,1,1,1997,621.0,0.0,0.0,0.0,0.0,0.0,0.0,0.0,17.0,0.0,0.0,0.0,1100,1.0,124,1.0,1.0,1.0,,0.0,2010-06-07 08:49:15,
226074731010661,1997,54,43,5831.0,583,1,1,1997,915.0,0.0,0.0,0.0,0.0,0.0,0.0,0.0,13.0,0.0,0.0,0.0,1100,1.0,124,1.0,1.0,1.0,,0.0,2010-06-07 08:49:15,
226074686010661,1997,54,55,51.0,5,1,1,1997,931.0,0.0,0.0,0.0,0.0,0.0,0.0,0.0,23.0,0.0,0.0,0.0,2520,2.0,292,1.0,1.0,1.0,,0.0,2010-06-07 08:49:04,
226074688010661,1997,54,55,13611.0,1361,1,1,1997,621.0,0.0,0.0,0.0,0.0,0.0,0.0,0.0,17.0,0.0,0.0,0.0,3000,2.0,0,1.0,1.0,1.0,,0.0,2010-06-07 08:49:04,
226074689010661,1997,54,55,13611.0,1361,1,1,1997,915.0,0.0,0.0,0.0,0.0,0.0,0.0,0.0,25.0,0.0,0.0,0.0,3000,2.0,0,1.0,1.0,1.0,,0.0,2010-06-07 08:49:05,
226074690010661,1997,54,55,13611.0,1361,1,1,1997,931.0,0.0,0.0,0.0,0.0,0.0,0.0,0.0,12.0,0.0,0.0,0.0,3000,2.0,0,1.0,1.0,1.0,,0.0,2010-06-07 08:49:05,
226074710010661,1997,54,67,2861.0,286,1,1,1997,621.0,0.0,0.0,0.0,0.0,0.0,0.0,0.0,10.0,0.0,0.0,0.0,1800,2.0,240,3.0,1.0,2.0,,0.0,2010-06-07 08:49:10,
226074711010661,1997,54,67,2861.0,286,1,1,1997,915.0,0.0,0.0,0.0,0.0,0.0,0.0,0.0,10.0,0.0,0.0,0.0,1800,2.0,240,3.0,1.0,2.0,,0.0,2010-06-07 08:49:10,
226074768010661,1997,54,77,6871.0,687,1,1,1997,762.0,0.0,0.0,0.0,0.0,0.0,0.0,0.0,13.0,0.0,0.0,0.0,2340,2.0,0,4.0,1.0,1.0,,2.0,2010-06-07 08:49:24,
226074769010661,1997,54,77,6871.0,687,1,1,1997,931.0,0.0,0.0,0.0,0.0,0.0,0.0,0.0,14.0,0.0,0.0,0.0,2340,2.0,0,4.0,1.0,1.0,,2.0,2010-06-07 08:49:25,
226074764010661,1997,54,77,13351.0,1335,1,1,1997,365.0,0.0,0.0,0.0,0.0,0.0,0.0,0.0,13.0,0.0,0.0,0.0,2520,2.0,260,1.0,1.0,2.0,,2.0,2010-06-07 08:49:23,
226074695010661,1997,54,81,12431.0,1243,1,1,1997,365.0,0.0,0.0,0.0,0.0,0.0,0.0,0.0,30.0,0.0,0.0,0.0,1869,2.0,0,4.0,1.0,1.0,,0.0,2010-06-07 08:49:06,
226074697010661,1997,54,81,14151.0,1415,1,1,1997,365.0,0.0,0.0,0.0,0.0,0.0,0.0,0.0,22.0,0.0,0.0,0.0,950,2.0,40,3.0,1.0,1.0,,0.0,2010-06-07 08:49:07,
226074705010661,1997,54,83,3671.0,367,1,1,1997,915.0,0.0,0.0,0.0,0.0,0.0,0.0,0.0,10.0,0.0,0.0,0.0,1967,2.0,170,1.0,1.0,1.0,,0.0,2010-06-07 08:49:08,
226074713010661,1997,54,83,15331.0,1533,1,1,1997,365.0,0.0,0.0,0.0,0.0,0.0,0.0,0.0,10.0,0.0,0.0,0.0,2800,2.0,135,3.0,1.0,1.0,,0.0,2010-06-07 08:49:11,
226074714010661,1997,54,83,15331.0,1533,1,1,1997,915.0,0.0,0.0,0.0,0.0,0.0,0.0,0.0,10.0,0.0,0.0,0.0,2800,2.0,135,3.0,1.0,1.0,,0.0,2010-06-07 08:49:11,
226074779010661,1997,54,85,5651.0,565,1,1,1997,621.0,0.0,0.0,0.0,0.0,0.0,0.0,0.0,14.0,0.0,0.0,0.0,829,1.0,126,3.0,1.0,1.0,,0.0,2010-06-07 08:49:28,
226074780010661,1997,54,85,5651.0,565,1,1,1997,915.0,0.0,0.0,0.0,0.0,0.0,0.0,0.0,13.0,0.0,0.0,0.0,829,1.0,126,3.0,1.0,1.0,,0.0,2010-06-07 08:49:28,
226074723010661,1997,54,87,4861.0,486,1,1,1997,365.0,0.63,0.63,0.63,0.38,0.38,0.38,1.0,10.0,0.1,0.2394,0.02394,1000,1.0,0,4.0,1.0,1.0,,0.0,2010-06-07 08:49:13,
226074724010661,1997,54,87,4861.0,486,1,1,1997,621.0,0.0,0.0,0.0,0.0,0.0,0.0,0.0,11.0,0.0,0.0,0.0,1000,1.0,0,4.0,1.0,1.0,,0.0,2010-06-07 08:49:13,
226074725010661,1997,54,87,4861.0,486,1,1,1997,931.0,0.0,0.0,0.0,0.0,0.0,0.0,0.0,16.0,0.0,0.0,0.0,1000,1.0,0,4.0,1.0,1.0,,0.0,2010-06-07 08:49:14,
226074766010661,1997,54,91,81.0,8,1,1,1997,915.0,0.0,0.0,0.0,0.0,0.0,0.0,0.0,13.0,0.0,0.0,0.0,1800,3.0,184,1.0,1.0,1.0,,0.0,2010-06-07 08:49:24,
226074771010661,1997,54,91,6911.0,691,1,1,1997,915.0,0.0,0.0,0.0,0.0,0.0,0.0,0.0,11.0,0.0,0.0,0.0,1241,2.0,170,1.0,1.0,1.0,,0.0,2010-06-07 08:49:25,
226074648010661,1997,54,99,15581.0,1558,1,1,1997,365.0,0.88,0.16,0.29428571,0.035,0.035,0.035,7.0,30.0,0.23333333,0.0103,0.00240333,600,1.0,250,3.0,1.0,1.0,,2.0,2010-06-07 08:48:54,
226074649010661,1997,54,99,15581.0,1558,1,1,1997,541.0,0.0,0.0,0.0,0.0,0.0,0.0,0.0,30.0,0.0,0.0,0.0,600,1.0,250,3.0,1.0,1.0,,2.0,2010-06-07 08:48:54,
226074650010661,1997,54,99,15581.0,1558,1,1,1997,915.0,0.38,0.16,0.27,0.63,0.16,0.34833333,6.0,30.0,0.2,0.1067,0.02134,600,1.0,250,3.0,1.0,1.0,,2.0,2010-06-07 08:48:54,
226074692010661,1997,54,109,431.0,43,1,1,1997,621.0,0.0,0.0,0.0,0.0,0.0,0.0,0.0,16.0,0.0,0.0,0.0,2300,1.0,215,1.0,1.0,1.0,,0.0,2010-06-07 08:49:06,
226074693010661,1997,54,109,431.0,43,1,1,1997,915.0,0.0,0.0,0.0,0.0,0.0,0.0,0.0,17.0,0.0,0.0,0.0,2300,1.0,215,1.0,1.0,1.0,,0.0,2010-06-07 08:49:06,
226075993010661,1998,54,11,6901.0,690,1,1,1998,365.0,0.88,0.035,0.34315789,0.38,0.035,0.12552632,19.0,30.0,0.63333333,0.05812105,0.03681,1200,1.0,0,1.0,2.0,1.0,,0.0,2010-06-07 09:28:02,
226075994010661,1998,54,11,6901.0,690,1,1,1998,366.0,0.16,0.035,0.0975,0.16,0.035,0.0975,2.0,15.0,0.13333333,0.0134125,0.00178833,1200,1.0,0,1.0,2.0,1.0,,0.0,2010-06-07 09:28:03,
226075995010661,1998,54,11,6901.0,690,1,1,1998,915.0,0.63,0.16,0.36555556,0.63,0.16,0.34111111,9.0,15.0,0.6,0.16647778,0.09988667,1200,1.0,0,1.0,2.0,1.0,,0.0,2010-06-07 09:28:03,
226075956010661,1998,54,19,1591.0,159,1,1,1998,365.0,0.0,0.0,0.0,0.0,0.0,0.0,0.0,14.0,0.0,0.0,0.0,1600,3.0,0,5.0,1.0,1.0,,0.0,2010-06-07 09:27:52,
226075957010661,1998,54,19,1591.0,159,1,1,1998,621.0,0.0,0.0,0.0,0.0,0.0,0.0,0.0,31.0,0.0,0.0,0.0,1600,3.0,0,5.0,1.0,1.0,,0.0,2010-06-07 09:27:53,
226075958010661,1998,54,19,1591.0,159,1,1,1998,931.0,0.0,0.0,0.0,0.0,0.0,0.0,0.0,11.0,0.0,0.0,0.0,1600,3.0,0,5.0,1.0,1.0,,0.0,2010-06-07 09:27:53,
226075978010661,1998,54,21,11901.0,1190,1,1,1998,365.0,0.63,0.16,0.395,0.38,0.38,0.38,2.0,10.0,0.2,0.1501,0.03002,800,1.0,0,5.0,1.0,2.0,,0.0,2010-06-07 09:27:58,
226075979010661,1998,54,21,11901.0,1190,1,1,1998,366.0,0.0,0.0,0.0,0.0,0.0,0.0,0.0,30.0,0.0,0.0,0.0,800,1.0,0,5.0,1.0,2.0,,0.0,2010-06-07 09:27:58,
226075962010661,1998,54,25,14171.0,1417,1,1,1998,541.0,0.0,0.0,0.0,0.0,0.0,0.0,0.0,30.0,0.0,0.0,0.0,3300,1.0,320,3.0,2.0,1.0,,0.0,2010-06-07 09:27:54,
226075963010661,1998,54,25,14171.0,1417,1,1,1998,761.0,0.0,0.0,0.0,0.0,0.0,0.0,0.0,30.0,0.0,0.0,0.0,3300,1.0,320,3.0,2.0,1.0,,0.0,2010-06-07 09:27:54,
226075964010661,1998,54,25,14171.0,1417,1,1,1998,915.0,0.0,0.0,0.0,0.0,0.0,0.0,0.0,30.0,0.0,0.0,0.0,3300,1.0,320,3.0,2.0,1.0,,0.0,2010-06-07 09:27:55,
226076068010661,1998,54,27,6891.0,689,1,1,1998,365.0,0.63,0.035,0.275,0.16,0.16,0.16,3.0,15.0,0.2,0.044,0.0088,880,2.0,0,4.0,1.0,2.0,,0.0,2010-06-07 09:28:23,
226076065010661,1998,54,31,6211.0,621,1,1,1998,365.0,0.0,0.0,0.0,0.0,0.0,0.0,0.0,10.0,0.0,0.0,0.0,1450,1.0,0,1.0,1.0,1.0,,0.0,2010-06-07 09:28:22,
226076066010661,1998,54,31,6211.0,621,1,1,1998,762.0,0.38,0.16,0.23333333,0.38,0.16,0.23333333,3.0,16.0,0.1875,0.0652,0.012225,1450,1.0,0,1.0,1.0,1.0,,0.0,2010-06-07 09:28:23,
226076106010661,1998,54,33,10361.0,1036,1,1,1998,365.0,0.88,0.035,0.5955,0.63,0.035,0.1205,30.0,30.0,1.0,0.08174917,0.08174917,1150,1.0,140,1.0,1.0,1.0,,0.0,2010-06-07 09:28:33,
226076107010661,1998,54,33,10361.0,1036,1,1,1998,621.0,0.16,0.16,0.16,0.16,0.16,0.16,5.0,11.0,0.45454545,0.0256,0.01163636,1150,1.0,140,1.0,1.0,1.0,,0.0,2010-06-07 09:28:33,
226076108010661,1998,54,33,10361.0,1036,1,1,1998,762.0,0.38,0.38,0.38,0.16,0.16,0.16,1.0,30.0,0.03333333,0.0608,0.00202667,1150,1.0,140,1.0,1.0,1.0,,0.0,2010-06-07 09:28:34,
226075990010661,1998,54,35,7261.0,726,1,1,1998,366.0,0.0,0.0,0.0,0.0,0.0,0.0,0.0,15.0,0.0,0.0,0.0,800,2.0,0,1.0,1.0,1.0,,0.0,2010-06-07 09:28:01,
226075991010661,1998,54,35,7261.0,726,1,1,1998,541.0,0.0,0.0,0.0,0.0,0.0,0.0,0.0,13.0,0.0,0.0,0.0,800,2.0,0,1.0,1.0,1.0,,0.0,2010-06-07 09:28:02,
226075981010661,1998,54,39,3131.0,313,1,1,1998,366.0,0.88,0.88,0.88,0.38,0.38,0.38,1.0,12.0,0.08333333,0.3344,0.02786667,1220,2.0,0,1.0,2.0,1.0,,0.0,2010-06-07 09:27:59,
226075982010661,1998,54,39,3131.0,313,1,1,1998,541.0,0.88,0.16,0.42111111,0.63,0.16,0.26111111,9.0,27.0,0.33333333,0.13024444,0.04341481,1220,2.0,0,1.0,2.0,1.0,,0.0,2010-06-07 09:27:59,
226075983010661,1998,54,39,3131.0,313,1,1,1998,621.0,0.38,0.16,0.2425,0.38,0.16,0.1875,8.0,31.0,0.25806452,0.04925,0.01270968,1220,2.0,0,1.0,2.0,1.0,,0.0,2010-06-07 09:27:59,
226075973010661,1998,54,41,4471.0,447,1,1,1998,365.0,0.63,0.16,0.26111111,0.88,0.035,0.25055556,9.0,15.0,0.6,0.07924444,0.04754667,1600,2.0,0,1.0,2.0,3.0,,0.0,2010-06-07 09:27:57,
226075974010661,1998,54,41,4471.0,447,1,1,1998,621.0,0.38,0.035,0.171875,0.38,0.16,0.1875,8.0,17.0,0.47058824,0.0319,0.01501176,1600,2.0,0,1.0,2.0,3.0,,0.0,2010-06-07 09:27:57,
226075975010661,1998,54,41,4471.0,447,1,1,1998,762.0,0.88,0.16,0.539,0.88,0.16,0.395,10.0,13.0,0.76923077,0.28204,0.21695385,1600,2.0,0,1.0,2.0,3.0,,0.0,2010-06-07 09:27:57,
226075976010661,1998,54,41,4471.0,447,1,1,1998,915.0,0.63,0.035,0.285625,0.63,0.16,0.35625,8.0,15.0,0.53333333,0.1228625,0.06552667,1600,2.0,0,1.0,2.0,3.0,,0.0,2010-06-07 09:27:58,
226075877010661,1998,54,41,13521.0,1352,1,1,1998,365.0,0.63,0.035,0.30730769,0.38,0.035,0.11692308,13.0,30.0,0.43333333,0.03977115,0.01723417,1200,1.0,180,3.0,1.0,1.0,,1.0,2010-06-07 09:27:30,
226075878010661,1998,54,41,13521.0,1352,1,1,1998,366.0,0.0,0.0,0.0,0.0,0.0,0.0,0.0,14.0,0.0,0.0,0.0,1200,1.0,180,3.0,1.0,1.0,,1.0,2010-06-07 09:27:31,
226075879010661,1998,54,41,13521.0,1352,1,1,1998,541.0,0.16,0.035,0.12875,0.16,0.035,0.0975,4.0,12.0,0.33333333,0.01450625,0.00483542,1200,1.0,180,3.0,1.0,1.0,,1.0,2010-06-07 09:27:31,
226075880010661,1998,54,41,13521.0,1352,1,1,1998,762.0,0.0,0.0,0.0,0.0,0.0,0.0,0.0,30.0,0.0,0.0,0.0,1200,1.0,180,3.0,1.0,1.0,,1.0,2010-06-07 09:27:31,
226075881010661,1998,54,41,13521.0,1352,1,1,1998,915.0,0.88,0.16,0.635,0.63,0.16,0.39,12.0,30.0,0.4,0.28504167,0.11401667,1200,1.0,180,3.0,1.0,1.0,,1.0,2010-06-07 09:27:32,
226076110010661,1998,54,51,12961.0,1296,1,1,1998,365.0,0.88,0.16,0.8,0.88,0.16,0.60888889,9.0,30.0,0.3,0.52302222,0.15690667,1300,2.0,135,1.0,1.0,1.0,,0.0,2010-06-07 09:28:34,
226076111010661,1998,54,51,12961.0,1296,1,1,1998,762.0,0.16,0.035,0.11833333,0.38,0.035,0.19166667,3.0,15.0,0.2,0.02920833,0.00584167,1300,2.0,135,1.0,1.0,1.0,,0.0,2010-06-07 09:28:34,
226076112010661,1998,54,51,12961.0,1296,1,1,1998,931.0,0.16,0.16,0.16,0.16,0.16,0.16,1.0,30.0,0.03333333,0.0256,0.00085333,1300,2.0,135,1.0,1.0,1.0,,0.0,2010-06-07 09:28:35,
226076218010661,1998,54,51,15441.0,1544,1,1,1998,365.0,0.0,0.0,0.0,0.0,0.0,0.0,0.0,30.0,0.0,0.0,0.0,1200,2.0,140,1.0,1.0,1.0,,0.0,2010-06-07 09:29:04,
226076219010661,1998,54,51,15441.0,1544,1,1,1998,762.0,0.88,0.16,0.55666667,0.88,0.16,0.64,3.0,30.0,0.1,0.45146667,0.04514667,1200,2.0,140,1.0,1.0,1.0,,0.0,2010-06-07 09:29:04,
226075997010661,1998,54,53,21.0,2,1,1,1998,365.0,0.63,0.035,0.28807692,0.16,0.035,0.13115385,13.0,30.0,0.43333333,0.04056346,0.0175775,600,1.0,0,5.0,1.0,2.0,,0.0,2010-06-07 09:28:03,
226075998010661,1998,54,53,21.0,2,1,1,1998,366.0,0.0,0.0,0.0,0.0,0.0,0.0,0.0,30.0,0.0,0.0,0.0,600,1.0,0,5.0,1.0,2.0,,0.0,2010-06-07 09:28:04,
226075999010661,1998,54,53,21.0,2,1,1,1998,621.0,0.0,0.0,0.0,0.0,0.0,0.0,0.0,30.0,0.0,0.0,0.0,600,1.0,0,5.0,1.0,2.0,,0.0,2010-06-07 09:28:04,
226075960010661,1998,54,71,7361.0,736,1,1,1998,365.0,0.88,0.88,0.88,0.63,0.38,0.505,2.0,28.0,0.07142857,0.4444,0.03174286,1880,1.0,0,2.0,1.0,1.0,,0.0,2010-06-07 09:27:54,
226075966010661,1998,54,75,651.0,65,1,1,1998,365.0,0.38,0.035,0.11125,0.88,0.035,0.17,16.0,25.0,0.64,0.0371125,0.023752,3000,1.0,0,4.0,1.0,1.0,,0.0,2010-06-07 09:27:55,
226076101010661,1998,54,77,6871.0,687,1,1,1998,762.0,0.88,0.16,0.55666667,0.88,0.035,0.31666667,6.0,30.0,0.2,0.24714167,0.04942833,2340,2.0,45,1.0,1.0,1.0,,0.0,2010-06-07 09:28:32,
226076102010661,1998,54,77,6871.0,687,1,1,1998,931.0,0.63,0.035,0.29083333,0.88,0.16,0.43666667,6.0,30.0,0.2,0.20125,0.04025,2340,2.0,45,1.0,1.0,1.0,,0.0,2010-06-07 09:28:32,
226075954010661,1998,54,81,10151.0,1015,1,1,1998,621.0,0.0,0.0,0.0,0.0,0.0,0.0,0.0,16.0,0.0,0.0,0.0,1220,2.0,0,4.0,1.0,1.0,,0.0,2010-06-07 09:27:52,
226075968010661,1998,54,83,15331.0,1533,1,1,1998,541.0,0.0,0.0,0.0,0.0,0.0,0.0,0.0,16.0,0.0,0.0,0.0,3100,1.0,0,4.0,1.0,1.0,,0.0,2010-06-07 09:27:55,
226075969010661,1998,54,83,15331.0,1533,1,1,1998,621.0,0.0,0.0,0.0,0.0,0.0,0.0,0.0,20.0,0.0,0.0,0.0,3100,1.0,0,4.0,1.0,1.0,,0.0,2010-06-07 09:27:56,
226075970010661,1998,54,83,15331.0,1533,1,1,1998,762.0,0.0,0.0,0.0,0.0,0.0,0.0,0.0,16.0,0.0,0.0,0.0,3100,1.0,0,4.0,1.0,1.0,,0.0,2010-06-07 09:27:56,
226075971010661,1998,54,83,15331.0,1533,1,1,1998,915.0,0.0,0.0,0.0,0.0,0.0,0.0,0.0,16.0,0.0,0.0,0.0,3100,1.0,0,4.0,1.0,1.0,,0.0,2010-06-07 09:27:56,
226076114010661,1998,54,85,7821.0,782,1,1,1998,366.0,0.38,0.16,0.215,0.38,0.16,0.27,4.0,12.0,0.33333333,0.052,0.01733333,972,1.0,120,1.0,1.0,1.0,,0.0,2010-06-07 09:28:35,
226076115010661,1998,54,85,7821.0,782,1,1,1998,541.0,0.0,0.0,0.0,0.0,0.0,0.0,0.0,10.0,0.0,0.0,0.0,972,1.0,120,1.0,1.0,1.0,,0.0,2010-06-07 09:28:35,
226076116010661,1998,54,85,7821.0,782,1,1,1998,621.0,0.88,0.16,0.395,0.88,0.16,0.4225,8.0,30.0,0.26666667,0.19585,0.05222667,972,1.0,120,1.0,1.0,1.0,,0.0,2010-06-07 09:28:36,
226075985010661,1998,54,87,4861.0,486,1,1,1998,365.0,0.63,0.16,0.41090909,0.38,0.035,0.20863636,11.0,31.0,0.35483871,0.09672727,0.03432258,1000,2.0,168,3.0,1.0,1.0,,0.0,2010-06-07 09:28:00,
226075986010661,1998,54,87,4861.0,486,1,1,1998,366.0,0.88,0.16,0.55416667,0.63,0.16,0.19916667,12.0,21.0,0.57142857,0.12313333,0.0703619,1000,2.0,168,3.0,1.0,1.0,,0.0,2010-06-07 09:28:00,
226075987010661,1998,54,87,4861.0,486,1,1,1998,621.0,0.38,0.035,0.17583333,0.63,0.16,0.23833333,6.0,24.0,0.25,0.0579,0.014475,1000,2.0,168,3.0,1.0,1.0,,0.0,2010-06-07 09:28:00,
226075988010661,1998,54,87,4861.0,486,1,1,1998,931.0,0.0,0.0,0.0,0.0,0.0,0.0,0.0,24.0,0.0,0.0,0.0,1000,2.0,168,3.0,1.0,1.0,,0.0,2010-06-07 09:28:01,
226075946010661,1998,54,89,271.0,27,1,1,1998,365.0,0.0,0.0,0.0,0.0,0.0,0.0,0.0,13.0,0.0,0.0,0.0,2300,1.0,140,1.0,1.0,1.0,,0.0,2010-06-07 09:27:50,
226075947010661,1998,54,89,271.0,27,1,1,1998,541.0,0.0,0.0,0.0,0.0,0.0,0.0,0.0,30.0,0.0,0.0,0.0,2300,1.0,140,1.0,1.0,1.0,,0.0,2010-06-07 09:27:50,
226075948010661,1998,54,89,271.0,27,1,1,1998,915.0,0.0,0.0,0.0,0.0,0.0,0.0,0.0,30.0,0.0,0.0,0.0,2300,1.0,140,1.0,1.0,1.0,,0.0,2010-06-07 09:27:50,
226076088010661,1998,54,91,81.0,8,1,1,1998,364.0,0.63,0.16,0.5125,0.88,0.16,0.45,4.0,30.0,0.13333333,0.2647,0.03529333,1800,2.0,250,1.0,1.0,1.0,,0.0,2010-06-07 09:28:29,
226076089010661,1998,54,91,81.0,8,1,1,1998,621.0,0.16,0.035,0.11833333,0.16,0.035,0.11833333,3.0,30.0,0.1,0.017475,0.0017475,1800,2.0,250,1.0,1.0,1.0,,0.0,2010-06-07 09:28:29,
226076090010661,1998,54,91,81.0,8,1,1,1998,762.0,0.88,0.035,0.36142857,0.88,0.035,0.30785714,7.0,30.0,0.23333333,0.18731786,0.0437075,1800,2.0,250,1.0,1.0,1.0,,0.0,2010-06-07 09:28:29,
226076091010661,1998,54,91,81.0,8,1,1,1998,931.0,0.16,0.16,0.16,0.16,0.16,0.16,1.0,30.0,0.03333333,0.0256,0.00085333,1800,2.0,250,1.0,1.0,1.0,,0.0,2010-06-07 09:28:29,
226076085010661,1998,54,93,10731.0,1073,1,1,1998,365.0,0.88,0.035,0.49865385,0.38,0.035,0.14461538,26.0,30.0,0.86666667,0.09300096,0.08060083,3400,2.0,0,1.0,2.0,2.0,,0.0,2010-06-07 09:28:28,
226076086010661,1998,54,93,10731.0,1073,1,1,1998,366.0,0.0,0.0,0.0,0.0,0.0,0.0,0.0,30.0,0.0,0.0,0.0,3400,2.0,0,1.0,2.0,2.0,,0.0,2010-06-07 09:28:28,
226075873010661,1998,54,99,15581.0,1558,1,1,1998,365.0,0.38,0.035,0.15769231,0.16,0.035,0.09269231,13.0,30.0,0.43333333,0.01686538,0.00730833,600,1.0,250,3.0,1.0,1.0,,1.0,2010-06-07 09:27:29,
226075874010661,1998,54,99,15581.0,1558,1,1,1998,541.0,0.0,0.0,0.0,0.0,0.0,0.0,0.0,30.0,0.0,0.0,0.0,600,1.0,250,3.0,1.0,1.0,,1.0,2010-06-07 09:27:30,
226075875010661,1998,54,99,15581.0,1558,1,1,1998,915.0,0.63,0.16,0.32875,0.38,0.035,0.226875,8.0,30.0,0.26666667,0.082275,0.02194,600,1.0,250,3.0,1.0,1.0,,1.0,2010-06-07 09:27:30,
226075950010661,1998,54,109,431.0,43,1,1,1998,365.0,0.0,0.0,0.0,0.0,0.0,0.0,0.0,17.0,0.0,0.0,0.0,2300,1.0,0,4.0,1.0,1.0,,0.0,2010-06-07 09:27:51,
226075951010661,1998,54,109,431.0,43,1,1,1998,621.0,0.0,0.0,0.0,0.0,0.0,0.0,0.0,30.0,0.0,0.0,0.0,2300,1.0,0,4.0,1.0,1.0,,0.0,2010-06-07 09:27:51,
226075952010661,1998,54,109,431.0,43,1,1,1998,931.0,0.0,0.0,0.0,0.0,0.0,0.0,0.0,18.0,0.0,0.0,0.0,2300,1.0,0,4.0,1.0,1.0,,0.0,2010-06-07 09:27:52,
226078109010661,1999,54,31,5341.0,534,1,1,1999,366.0,0.0,0.0,0.0,0.0,0.0,0.0,0.0,21.0,0.0,0.0,0.0,1180,2.0,0,4.0,1.0,1.0,,0.0,2010-06-07 09:43:18,
226078024010661,1999,54,31,5511.0,551,1,1,1999,365.0,0.0,0.0,0.0,0.0,0.0,0.0,0.0,22.0,0.0,0.0,0.0,1180,2.0,0,5.0,1.0,1.0,,0.0,2010-06-07 09:42:51,
226078025010661,1999,54,31,5511.0,551,1,1,1999,366.0,0.0,0.0,0.0,0.0,0.0,0.0,0.0,24.0,0.0,0.0,0.0,1180,2.0,0,5.0,1.0,1.0,,0.0,2010-06-07 09:42:52,
226078105010661,1999,54,31,6211.0,621,1,1,1999,365.0,0.0,0.0,0.0,0.0,0.0,0.0,0.0,10.0,0.0,0.0,0.0,1600,2.0,270,1.0,1.0,1.0,,0.0,2010-06-07 09:43:16,
226078106010661,1999,54,31,6211.0,621,1,1,1999,366.0,0.0,0.0,0.0,0.0,0.0,0.0,0.0,14.0,0.0,0.0,0.0,1600,2.0,270,1.0,1.0,1.0,,0.0,2010-06-07 09:43:17,
226078107010661,1999,54,31,6211.0,621,1,1,1999,762.0,0.0,0.0,0.0,0.0,0.0,0.0,0.0,18.0,0.0,0.0,0.0,1600,2.0,270,1.0,1.0,1.0,,0.0,2010-06-07 09:43:17,
226078111010661,1999,54,37,3091.0,309,1,1,1999,931.0,0.0,0.0,0.0,0.0,0.0,0.0,0.0,28.0,0.0,0.0,0.0,460,2.0,0,4.0,1.0,1.0,,0.0,2010-06-07 09:43:19,
226078029010661,1999,54,39,2911.0,291,1,1,1999,621.0,0.0,0.0,0.0,0.0,0.0,0.0,0.0,16.0,0.0,0.0,0.0,655,2.0,0,5.0,2.0,1.0,,0.0,2010-06-07 09:42:53,
226078027010661,1999,54,39,3131.0,313,1,1,1999,621.0,0.0,0.0,0.0,0.0,0.0,0.0,0.0,21.0,0.0,0.0,0.0,1220,2.0,0,1.0,1.0,1.0,,1.0,2010-06-07 09:42:52,
226078031010661,1999,54,39,6961.0,696,1,1,1999,366.0,0.0,0.0,0.0,0.0,0.0,0.0,0.0,15.0,0.0,0.0,0.0,768,1.0,0,5.0,1.0,1.0,,0.0,2010-06-07 09:42:54,
226077876010661,1999,54,41,13521.0,1352,1,1,1999,365.0,0.035,0.035,0.035,0.16,0.035,0.07666667,3.0,30.0,0.1,0.00268333,0.00026833,1120,1.0,180,3.0,1.0,1.0,,1.0,2010-06-07 09:42:09,
226077877010661,1999,54,41,13521.0,1352,1,1,1999,366.0,0.0,0.0,0.0,0.0,0.0,0.0,0.0,30.0,0.0,0.0,0.0,1120,1.0,180,3.0,1.0,1.0,,1.0,2010-06-07 09:42:09,
226077878010661,1999,54,41,13521.0,1352,1,1,1999,762.0,0.0,0.0,0.0,0.0,0.0,0.0,0.0,30.0,0.0,0.0,0.0,1120,1.0,180,3.0,1.0,1.0,,1.0,2010-06-07 09:42:10,
226077879010661,1999,54,41,13521.0,1352,1,1,1999,915.0,0.0,0.0,0.0,0.0,0.0,0.0,0.0,30.0,0.0,0.0,0.0,1120,1.0,180,3.0,1.0,1.0,,1.0,2010-06-07 09:42:10,
226078158010661,1999,54,51,12961.0,1296,1,1,1999,365.0,0.88,0.035,0.38277778,0.63,0.035,0.14277778,9.0,30.0,0.3,0.097825,0.0293475,1200,2.0,0,1.0,1.0,2.0,,0.0,2010-06-07 09:43:32,
226078159010661,1999,54,51,12961.0,1296,1,1,1999,366.0,0.88,0.16,0.392,0.38,0.16,0.204,5.0,30.0,0.16666667,0.10144,0.01690667,1200,2.0,0,1.0,1.0,2.0,,0.0,2010-06-07 09:43:33,
226078160010661,1999,54,51,12961.0,1296,1,1,1999,541.0,0.0,0.0,0.0,0.0,0.0,0.0,0.0,30.0,0.0,0.0,0.0,1200,2.0,0,1.0,1.0,2.0,,0.0,2010-06-07 09:43:33,
226078151010661,1999,54,61,811.0,81,1,1,1999,365.0,0.0,0.0,0.0,0.0,0.0,0.0,0.0,30.0,0.0,0.0,0.0,1083,2.0,234,5.0,1.0,2.0,,0.0,2010-06-07 09:43:30,
226078152010661,1999,54,61,811.0,81,1,1,1999,541.0,0.0,0.0,0.0,0.0,0.0,0.0,0.0,30.0,0.0,0.0,0.0,1083,2.0,234,5.0,1.0,2.0,,0.0,2010-06-07 09:43:31,
226078153010661,1999,54,61,811.0,81,1,1,1999,762.0,0.0,0.0,0.0,0.0,0.0,0.0,0.0,10.0,0.0,0.0,0.0,1083,2.0,234,5.0,1.0,2.0,,0.0,2010-06-07 09:43:31,
226078135010661,1999,54,61,8351.0,835,1,1,1999,366.0,0.0,0.0,0.0,0.0,0.0,0.0,0.0,30.0,0.0,0.0,0.0,2506,2.0,50,1.0,2.0,1.0,,0.0,2010-06-07 09:43:26,
226078136010661,1999,54,61,8351.0,835,1,1,1999,762.0,0.0,0.0,0.0,0.0,0.0,0.0,0.0,30.0,0.0,0.0,0.0,2506,2.0,50,1.0,2.0,1.0,,0.0,2010-06-07 09:43:26,
226078137010661,1999,54,61,8351.0,835,1,1,1999,931.0,0.0,0.0,0.0,0.0,0.0,0.0,0.0,30.0,0.0,0.0,0.0,2506,2.0,50,1.0,2.0,1.0,,0.0,2010-06-07 09:43:27,
226078128010661,1999,54,91,81.0,8,1,1,1999,364.0,0.0,0.0,0.0,0.0,0.0,0.0,0.0,30.0,0.0,0.0,0.0,1800,2.0,195,1.0,1.0,1.0,,0.0,2010-06-07 09:43:24,
226078129010661,1999,54,91,81.0,8,1,1,1999,621.0,0.0,0.0,0.0,0.0,0.0,0.0,0.0,30.0,0.0,0.0,0.0,1800,2.0,195,1.0,1.0,1.0,,0.0,2010-06-07 09:43:24,
226078130010661,1999,54,91,81.0,8,1,1,1999,931.0,0.0,0.0,0.0,0.0,0.0,0.0,0.0,30.0,0.0,0.0,0.0,1800,2.0,195,1.0,1.0,1.0,,0.0,2010-06-07 09:43:25,
226078147010661,1999,54,91,6911.0,691,1,1,1999,366.0,0.0,0.0,0.0,0.0,0.0,0.0,0.0,30.0,0.0,0.0,0.0,1241,1.0,170,3.0,1.0,1.0,,0.0,2010-06-07 09:43:29,
226078148010661,1999,54,91,6911.0,691,1,1,1999,541.0,0.0,0.0,0.0,0.0,0.0,0.0,0.0,30.0,0.0,0.0,0.0,1241,1.0,170,3.0,1.0,1.0,,0.0,2010-06-07 09:43:30,
226078149010661,1999,54,91,6911.0,691,1,1,1999,762.0,0.0,0.0,0.0,0.0,0.0,0.0,0.0,30.0,0.0,0.0,0.0,1241,1.0,170,3.0,1.0,1.0,,0.0,2010-06-07 09:43:30,
226077872010661,1999,54,99,15581.0,1558,1,1,1999,365.0,0.0,0.0,0.0,0.0,0.0,0.0,0.0,30.0,0.0,0.0,0.0,620,1.0,250,3.0,1.0,1.0,,1.0,2010-06-07 09:42:08,
226077873010661,1999,54,99,15581.0,1558,1,1,1999,541.0,0.0,0.0,0.0,0.0,0.0,0.0,0.0,30.0,0.0,0.0,0.0,620,1.0,250,3.0,1.0,1.0,,1.0,2010-06-07 09:42:08,
226077874010661,1999,54,99,15581.0,1558,1,1,1999,915.0,0.0,0.0,0.0,0.0,0.0,0.0,0.0,30.0,0.0,0.0,0.0,620,1.0,250,3.0,1.0,1.0,,1.0,2010-06-07 09:42:09,
226140184010661,2000,54,1,9801.0,980,1,1,2000,365.0,0.0,0.0,0.0,0.0,0.0,0.0,0.0,30.0,0.0,0.0,0.0,1220,2.0,0,5.0,1.0,1.0,,0.0,2010-06-07 10:04:40,
226140191010661,2000,54,1,9801.0,980,1,1,2000,366.0,0.0,0.0,0.0,0.0,0.0,0.0,0.0,30.0,0.0,0.0,0.0,1220,2.0,0,5.0,1.0,1.0,,0.0,2010-06-07 10:04:41,
226140199010661,2000,54,1,9801.0,980,1,1,2000,541.0,0.0,0.0,0.0,0.0,0.0,0.0,0.0,30.0,0.0,0.0,0.0,1220,2.0,0,5.0,1.0,1.0,,0.0,2010-06-07 10:04:41,
226139507010661,2000,54,7,8631.0,863,1,1,2000,621.0,0.0,0.0,0.0,0.0,0.0,0.0,0.0,30.0,0.0,0.0,0.0,802,2.0,0,2.0,1.0,1.0,,0.0,2010-06-07 10:04:04,
226139512010661,2000,54,7,8631.0,863,1,1,2000,915.0,0.0,0.0,0.0,0.0,0.0,0.0,0.0,30.0,0.0,0.0,0.0,802,2.0,0,2.0,1.0,1.0,,0.0,2010-06-07 10:04:05,
226139517010661,2000,54,7,8631.0,863,1,1,2000,931.0,0.0,0.0,0.0,0.0,0.0,0.0,0.0,30.0,0.0,0.0,0.0,802,2.0,0,2.0,1.0,1.0,,0.0,2010-06-07 10:04:05,
226139567010661,2000,54,13,10271.0,1027,1,1,2000,931.0,0.0,0.0,0.0,0.0,0.0,0.0,0.0,11.0,0.0,0.0,0.0,860,3.0,0,1.0,1.0,1.0,,0.0,2010-06-07 10:04:08,
226139434010661,2000,54,19,4361.0,436,1,1,2000,365.0,0.0,0.0,0.0,0.0,0.0,0.0,0.0,30.0,0.0,0.0,0.0,2200,2.0,46,3.0,1.0,1.0,,0.0,2010-06-07 10:04:00,
226139440010661,2000,54,19,4361.0,436,1,1,2000,366.0,0.0,0.0,0.0,0.0,0.0,0.0,0.0,30.0,0.0,0.0,0.0,2200,2.0,46,3.0,1.0,1.0,,0.0,2010-06-07 10:04:00,
226139446010661,2000,54,19,4361.0,436,1,1,2000,621.0,0.0,0.0,0.0,0.0,0.0,0.0,0.0,30.0,0.0,0.0,0.0,2200,2.0,46,3.0,1.0,1.0,,0.0,2010-06-07 10:04:00,
226140024010661,2000,54,31,5341.0,534,1,1,2000,366.0,0.0,0.0,0.0,0.0,0.0,0.0,0.0,30.0,0.0,0.0,0.0,1180,2.0,0,2.0,1.0,1.0,,0.0,2010-06-07 10:04:33,
226140003010661,2000,54,31,6211.0,621,1,1,2000,365.0,0.0,0.0,0.0,0.0,0.0,0.0,0.0,10.0,0.0,0.0,0.0,1340,1.0,285,1.0,2.0,1.0,,0.0,2010-06-07 10:04:31,
226140009010661,2000,54,31,6211.0,621,1,1,2000,366.0,0.0,0.0,0.0,0.0,0.0,0.0,0.0,12.0,0.0,0.0,0.0,1340,1.0,285,1.0,2.0,1.0,,0.0,2010-06-07 10:04:32,
226140015010661,2000,54,31,6211.0,621,1,1,2000,762.0,0.0,0.0,0.0,0.0,0.0,0.0,0.0,18.0,0.0,0.0,0.0,1340,1.0,285,1.0,2.0,1.0,,0.0,2010-06-07 10:04:32,
226140206010661,2000,54,33,13421.0,1342,1,1,2000,365.0,0.0,0.0,0.0,0.0,0.0,0.0,0.0,30.0,0.0,0.0,0.0,1200,1.0,305,1.0,1.0,1.0,,0.0,2010-06-07 10:04:42,
226140215010661,2000,54,33,13421.0,1342,1,1,2000,366.0,0.0,0.0,0.0,0.0,0.0,0.0,0.0,30.0,0.0,0.0,0.0,1200,1.0,305,1.0,1.0,1.0,,0.0,2010-06-07 10:04:42,
226140224010661,2000,54,33,13421.0,1342,1,1,2000,762.0,0.0,0.0,0.0,0.0,0.0,0.0,0.0,22.0,0.0,0.0,0.0,1200,1.0,305,1.0,1.0,1.0,,0.0,2010-06-07 10:04:42,
226139576010661,2000,54,35,7261.0,726,1,1,2000,541.0,0.0,0.0,0.0,0.0,0.0,0.0,0.0,15.0,0.0,0.0,0.0,800,2.0,0,1.0,1.0,1.0,,0.0,2010-06-07 10:04:09,
226140299010661,2000,54,35,14381.0,1438,1,1,2000,621.0,0.0,0.0,0.0,0.0,0.0,0.0,0.0,30.0,0.0,0.0,0.0,800,2.0,359,3.0,2.0,1.0,,0.0,2010-06-07 10:04:46,
226140032010661,2000,54,37,3091.0,309,1,1,2000,931.0,0.0,0.0,0.0,0.0,0.0,0.0,0.0,30.0,0.0,0.0,0.0,500,2.0,0,4.0,1.0,1.0,,0.0,2010-06-07 10:04:33,
226139524010661,2000,54,41,4471.0,447,1,1,2000,621.0,0.0,0.0,0.0,0.0,0.0,0.0,0.0,10.0,0.0,0.0,0.0,2000,2.0,0,4.0,2.0,3.0,,0.0,2010-06-07 10:04:05,
226139531010661,2000,54,41,4471.0,447,1,1,2000,762.0,0.0,0.0,0.0,0.0,0.0,0.0,0.0,11.0,0.0,0.0,0.0,2000,2.0,0,4.0,2.0,3.0,,0.0,2010-06-07 10:04:06,
226139539010661,2000,54,41,4471.0,447,1,1,2000,915.0,0.0,0.0,0.0,0.0,0.0,0.0,0.0,15.0,0.0,0.0,0.0,2000,2.0,0,4.0,2.0,3.0,,0.0,2010-06-07 10:04:06,
226138144010661,2000,54,41,13521.0,1352,1,1,2000,365.0,0.0,0.0,0.0,0.0,0.0,0.0,0.0,30.0,0.0,0.0,0.0,1120,1.0,180,3.0,1.0,1.0,,0.0,2010-06-07 10:02:53,
226138150010661,2000,54,41,13521.0,1352,1,1,2000,366.0,0.0,0.0,0.0,0.0,0.0,0.0,0.0,30.0,0.0,0.0,0.0,1120,1.0,180,3.0,1.0,1.0,,0.0,2010-06-07 10:02:53,
226138168010661,2000,54,41,13521.0,1352,1,1,2000,762.0,0.0,0.0,0.0,0.0,0.0,0.0,0.0,30.0,0.0,0.0,0.0,1120,1.0,180,3.0,1.0,1.0,,0.0,2010-06-07 10:02:54,
226138177010661,2000,54,41,13521.0,1352,1,1,2000,915.0,0.0,0.0,0.0,0.0,0.0,0.0,0.0,30.0,0.0,0.0,0.0,1120,1.0,180,3.0,1.0,1.0,,0.0,2010-06-07 10:02:54,
226139278010661,2000,54,47,8561.0,856,1,1,2000,621.0,0.0,0.0,0.0,0.0,0.0,0.0,0.0,13.0,0.0,0.0,0.0,1800,3.0,0,4.0,1.0,1.0,,0.0,2010-06-07 10:03:51,
226139284010661,2000,54,47,8561.0,856,1,1,2000,915.0,0.0,0.0,0.0,0.0,0.0,0.0,0.0,13.0,0.0,0.0,0.0,1800,3.0,0,4.0,1.0,1.0,,0.0,2010-06-07 10:03:52,
226139292010661,2000,54,47,8561.0,856,1,1,2000,931.0,0.0,0.0,0.0,0.0,0.0,0.0,0.0,16.0,0.0,0.0,0.0,1800,3.0,0,4.0,1.0,1.0,,0.0,2010-06-07 10:03:52,
226139301010661,2000,54,47,14611.0,1461,1,1,2000,366.0,0.0,0.0,0.0,0.0,0.0,0.0,0.0,12.0,0.0,0.0,0.0,1300,1.0,277,3.0,1.0,1.0,,0.0,2010-06-07 10:03:53,
226139310010661,2000,54,47,14611.0,1461,1,1,2000,621.0,0.0,0.0,0.0,0.0,0.0,0.0,0.0,30.0,0.0,0.0,0.0,1300,1.0,277,3.0,1.0,1.0,,0.0,2010-06-07 10:03:53,
226139315010661,2000,54,47,14611.0,1461,1,1,2000,915.0,0.0,0.0,0.0,0.0,0.0,0.0,0.0,30.0,0.0,0.0,0.0,1300,1.0,277,3.0,1.0,1.0,,0.0,2010-06-07 10:03:53,
226140251010661,2000,54,51,5601.0,560,1,1,2000,365.0,0.88,0.16,0.586,0.38,0.035,0.173,5.0,30.0,0.16666667,0.1247,0.02078333,1360,2.0,45,1.0,1.0,1.0,,0.0,2010-06-07 10:04:43,
226140260010661,2000,54,51,5601.0,560,1,1,2000,366.0,0.0,0.0,0.0,0.0,0.0,0.0,0.0,30.0,0.0,0.0,0.0,1360,2.0,45,1.0,1.0,1.0,,0.0,2010-06-07 10:04:44,
226140268010661,2000,54,51,5601.0,560,1,1,2000,762.0,0.0,0.0,0.0,0.0,0.0,0.0,0.0,30.0,0.0,0.0,0.0,1360,2.0,45,1.0,1.0,1.0,,0.0,2010-06-07 10:04:44,
226139323010661,2000,54,55,13611.0,1361,1,1,2000,621.0,0.0,0.0,0.0,0.0,0.0,0.0,0.0,30.0,0.0,0.0,0.0,3000,1.0,0,1.0,1.0,1.0,,0.0,2010-06-07 10:03:54,
226139330010661,2000,54,55,13611.0,1361,1,1,2000,915.0,0.0,0.0,0.0,0.0,0.0,0.0,0.0,30.0,0.0,0.0,0.0,3000,1.0,0,1.0,1.0,1.0,,0.0,2010-06-07 10:03:54,
226139337010661,2000,54,55,13611.0,1361,1,1,2000,931.0,0.0,0.0,0.0,0.0,0.0,0.0,0.0,30.0,0.0,0.0,0.0,3000,1.0,0,1.0,1.0,1.0,,0.0,2010-06-07 10:03:54,
226139255010661,2000,54,63,4131.0,413,1,1,2000,541.0,0.0,0.0,0.0,0.0,0.0,0.0,0.0,30.0,0.0,0.0,0.0,3000,2.0,0,1.0,1.0,1.0,,0.0,2010-06-07 10:03:50,
226139471010661,2000,54,67,2861.0,286,1,1,2000,621.0,0.0,0.0,0.0,0.0,0.0,0.0,0.0,10.0,0.0,0.0,0.0,2120,2.0,220,1.0,1.0,1.0,,0.0,2010-06-07 10:04:02,
226139478010661,2000,54,67,2861.0,286,1,1,2000,915.0,0.0,0.0,0.0,0.0,0.0,0.0,0.0,10.0,0.0,0.0,0.0,2120,2.0,220,1.0,1.0,1.0,,0.0,2010-06-07 10:04:02,
226139483010661,2000,54,67,2861.0,286,1,1,2000,931.0,0.0,0.0,0.0,0.0,0.0,0.0,0.0,10.0,0.0,0.0,0.0,2120,2.0,220,1.0,1.0,1.0,,0.0,2010-06-07 10:04:03,
226139402010661,2000,54,71,7361.0,736,1,1,2000,365.0,0.0,0.0,0.0,0.0,0.0,0.0,0.0,30.0,0.0,0.0,0.0,1880,1.0,360,2.0,1.0,1.0,,0.0,2010-06-07 10:03:58,
226139411010661,2000,54,71,12871.0,1287,1,1,2000,365.0,0.0,0.0,0.0,0.0,0.0,0.0,0.0,11.0,0.0,0.0,0.0,1480,1.0,0,5.0,1.0,1.0,,0.0,2010-06-07 10:03:58,
226139452010661,2000,54,75,651.0,65,1,1,2000,365.0,0.0,0.0,0.0,0.0,0.0,0.0,0.0,20.0,0.0,0.0,0.0,2800,2.0,315,1.0,2.0,1.0,,0.0,2010-06-07 10:04:01,
226139457010661,2000,54,75,651.0,65,1,1,2000,366.0,0.0,0.0,0.0,0.0,0.0,0.0,0.0,15.0,0.0,0.0,0.0,2800,2.0,315,1.0,2.0,1.0,,0.0,2010-06-07 10:04:01,
226139463010661,2000,54,75,651.0,65,1,1,2000,541.0,0.0,0.0,0.0,0.0,0.0,0.0,0.0,10.0,0.0,0.0,0.0,2800,2.0,315,1.0,2.0,1.0,,0.0,2010-06-07 10:04:01,
226140053010661,2000,54,77,13351.0,1335,1,1,2000,365.0,0.88,0.16,0.4815,0.63,0.16,0.2935,20.0,30.0,0.66666667,0.15252,0.10168,2520,1.0,90,1.0,1.0,1.0,,0.0,2010-06-07 10:04:34,
226140058010661,2000,54,77,13351.0,1335,1,1,2000,366.0,0.0,0.0,0.0,0.0,0.0,0.0,0.0,30.0,0.0,0.0,0.0,2520,1.0,90,1.0,1.0,1.0,,0.0,2010-06-07 10:04:34,
226140065010661,2000,54,77,13351.0,1335,1,1,2000,762.0,0.63,0.035,0.275,0.38,0.035,0.17583333,6.0,30.0,0.2,0.0491375,0.0098275,2520,1.0,90,1.0,1.0,1.0,,0.0,2010-06-07 10:04:35,
226139345010661,2000,54,81,14151.0,1415,1,1,2000,365.0,0.0,0.0,0.0,0.0,0.0,0.0,0.0,19.0,0.0,0.0,0.0,950,2.0,0,5.0,1.0,1.0,,0.0,2010-06-07 10:03:55,
226139350010661,2000,54,81,14151.0,1415,1,1,2000,366.0,0.0,0.0,0.0,0.0,0.0,0.0,0.0,30.0,0.0,0.0,0.0,950,2.0,0,5.0,1.0,1.0,,0.0,2010-06-07 10:03:55,
226139359010661,2000,54,81,14151.0,1415,1,1,2000,621.0,0.0,0.0,0.0,0.0,0.0,0.0,0.0,30.0,0.0,0.0,0.0,950,2.0,0,5.0,1.0,1.0,,0.0,2010-06-07 10:03:56,
226139418010661,2000,54,83,3671.0,367,1,1,2000,541.0,0.0,0.0,0.0,0.0,0.0,0.0,0.0,11.0,0.0,0.0,0.0,1967,2.0,35,1.0,2.0,1.0,,0.0,2010-06-07 10:03:58,
226139423010661,2000,54,83,3671.0,367,1,1,2000,762.0,0.0,0.0,0.0,0.0,0.0,0.0,0.0,10.0,0.0,0.0,0.0,1967,2.0,35,1.0,2.0,1.0,,0.0,2010-06-07 10:03:59,
226139428010661,2000,54,83,3671.0,367,1,1,2000,931.0,0.0,0.0,0.0,0.0,0.0,0.0,0.0,10.0,0.0,0.0,0.0,1967,2.0,35,1.0,2.0,1.0,,0.0,2010-06-07 10:03:59,
226139490010661,2000,54,83,15331.0,1533,1,1,2000,621.0,0.0,0.0,0.0,0.0,0.0,0.0,0.0,19.0,0.0,0.0,0.0,2200,2.0,15,4.0,2.0,3.0,,0.0,2010-06-07 10:04:03,
226139495010661,2000,54,83,15331.0,1533,1,1,2000,762.0,0.0,0.0,0.0,0.0,0.0,0.0,0.0,15.0,0.0,0.0,0.0,2200,2.0,15,4.0,2.0,3.0,,0.0,2010-06-07 10:04:03,
226139500010661,2000,54,83,15331.0,1533,1,1,2000,915.0,0.38,0.38,0.38,0.16,0.16,0.16,2.0,16.0,0.125,0.0608,0.0076,2200,2.0,15,4.0,2.0,3.0,,0.0,2010-06-07 10:04:04,
226140277010661,2000,54,85,5651.0,565,1,1,2000,366.0,0.0,0.0,0.0,0.0,0.0,0.0,0.0,30.0,0.0,0.0,0.0,829,2.0,0,1.0,1.0,1.0,,0.0,2010-06-07 10:04:45,
226140291010661,2000,54,85,5651.0,565,1,1,2000,621.0,0.0,0.0,0.0,0.0,0.0,0.0,0.0,19.0,0.0,0.0,0.0,829,2.0,0,1.0,1.0,1.0,,0.0,2010-06-07 10:04:45,
226139550010661,2000,54,87,4861.0,486,1,1,2000,621.0,0.0,0.0,0.0,0.0,0.0,0.0,0.0,12.0,0.0,0.0,0.0,1000,2.0,130,3.0,1.0,1.0,,0.0,2010-06-07 10:04:07,
226139555010661,2000,54,87,4861.0,486,1,1,2000,931.0,0.0,0.0,0.0,0.0,0.0,0.0,0.0,10.0,0.0,0.0,0.0,1000,2.0,130,3.0,1.0,1.0,,0.0,2010-06-07 10:04:07,
226139264010661,2000,54,89,4201.0,420,1,1,2000,621.0,0.0,0.0,0.0,0.0,0.0,0.0,0.0,12.0,0.0,0.0,0.0,2800,3.0,0,1.0,1.0,1.0,,0.0,2010-06-07 10:03:51,
226139271010661,2000,54,89,4201.0,420,1,1,2000,931.0,0.0,0.0,0.0,0.0,0.0,0.0,0.0,30.0,0.0,0.0,0.0,2800,3.0,0,1.0,1.0,1.0,,0.0,2010-06-07 10:03:51,
226138121010661,2000,54,99,15581.0,1558,1,1,2000,365.0,0.0,0.0,0.0,0.0,0.0,0.0,0.0,14.0,0.0,0.0,0.0,620,1.0,250,3.0,1.0,1.0,,0.0,2010-06-07 10:02:51,
226138126010661,2000,54,99,15581.0,1558,1,1,2000,366.0,0.0,0.0,0.0,0.0,0.0,0.0,0.0,30.0,0.0,0.0,0.0,620,1.0,250,3.0,1.0,1.0,,0.0,2010-06-07 10:02:51,
226138131010661,2000,54,99,15581.0,1558,1,1,2000,541.0,0.0,0.0,0.0,0.0,0.0,0.0,0.0,30.0,0.0,0.0,0.0,620,1.0,250,3.0,1.0,1.0,,0.0,2010-06-07 10:02:52,
226138136010661,2000,54,99,15581.0,1558,1,1,2000,915.0,0.0,0.0,0.0,0.0,0.0,0.0,0.0,30.0,0.0,0.0,0.0,620,1.0,250,3.0,1.0,1.0,,0.0,2010-06-07 10:02:52,
226147308010661,2001,54,13,10271.0,1027,1,1,2001,366.0,0.0,0.0,0.0,0.0,0.0,0.0,0.0,13.0,0.0,0.0,0.0,1250,2.0,0,1.0,1.0,1.0,,0.0,2010-06-07 10:32:09,
226147309010661,2001,54,13,10271.0,1027,1,1,2001,931.0,0.0,0.0,0.0,0.0,0.0,0.0,0.0,11.0,0.0,0.0,0.0,1250,2.0,0,1.0,1.0,1.0,,0.0,2010-06-07 10:32:09,
226147202010661,2001,54,25,3051.0,305,1,1,2001,366.0,0.0,0.0,0.0,0.0,0.0,0.0,0.0,30.0,0.0,0.0,0.0,2250,1.0,180,1.0,2.0,1.0,,0.0,2010-06-07 10:31:42,
226147203010661,2001,54,25,3051.0,305,1,1,2001,541.0,0.0,0.0,0.0,0.0,0.0,0.0,0.0,21.0,0.0,0.0,0.0,2250,1.0,180,1.0,2.0,1.0,,0.0,2010-06-07 10:31:43,
226147204010661,2001,54,25,3051.0,305,1,1,2001,762.0,0.0,0.0,0.0,0.0,0.0,0.0,0.0,30.0,0.0,0.0,0.0,2250,1.0,180,1.0,2.0,1.0,,0.0,2010-06-07 10:31:43,
226147471010661,2001,54,27,6891.0,689,1,1,2001,365.0,0.0,0.0,0.0,0.0,0.0,0.0,0.0,30.0,0.0,0.0,0.0,800,3.0,0,5.0,1.0,1.0,,0.0,2010-06-07 10:32:56,
226147467010661,2001,54,31,5341.0,534,1,1,2001,365.0,0.0,0.0,0.0,0.0,0.0,0.0,0.0,30.0,0.0,0.0,0.0,1180,1.0,0,2.0,1.0,1.0,,0.0,2010-06-07 10:32:55,
226147464010661,2001,54,31,6211.0,621,1,1,2001,365.0,0.0,0.0,0.0,0.0,0.0,0.0,0.0,11.0,0.0,0.0,0.0,1340,1.0,250,1.0,1.0,1.0,,0.0,2010-06-07 10:32:54,
226147465010661,2001,54,31,6211.0,621,1,1,2001,762.0,0.0,0.0,0.0,0.0,0.0,0.0,0.0,11.0,0.0,0.0,0.0,1340,1.0,250,1.0,1.0,1.0,,0.0,2010-06-07 10:32:55,
226147517010661,2001,54,33,10361.0,1036,1,1,2001,365.0,0.0,0.0,0.0,0.0,0.0,0.0,0.0,30.0,0.0,0.0,0.0,1150,1.0,105,2.0,1.0,1.0,,0.0,2010-06-07 10:33:07,
226147518010661,2001,54,33,10361.0,1036,1,1,2001,541.0,0.0,0.0,0.0,0.0,0.0,0.0,0.0,30.0,0.0,0.0,0.0,1150,1.0,105,2.0,1.0,1.0,,0.0,2010-06-07 10:33:07,
226147519010661,2001,54,33,10361.0,1036,1,1,2001,762.0,0.0,0.0,0.0,0.0,0.0,0.0,0.0,30.0,0.0,0.0,0.0,1150,1.0,105,2.0,1.0,1.0,,0.0,2010-06-07 10:33:08,
226147311010661,2001,54,35,7261.0,726,1,1,2001,541.0,0.0,0.0,0.0,0.0,0.0,0.0,0.0,10.0,0.0,0.0,0.0,700,2.0,0,1.0,1.0,1.0,,0.0,2010-06-07 10:32:10,
226147306010661,2001,54,35,10691.0,1069,1,1,2001,541.0,0.0,0.0,0.0,0.0,0.0,0.0,0.0,15.0,0.0,0.0,0.0,760,1.0,230,3.0,1.0,1.0,,0.0,2010-06-07 10:32:08,
226147531010661,2001,54,35,14381.0,1438,1,1,2001,541.0,0.0,0.0,0.0,0.0,0.0,0.0,0.0,12.0,0.0,0.0,0.0,700,2.0,359,4.0,2.0,1.0,,0.0,2010-06-07 10:33:11,
226147532010661,2001,54,35,14381.0,1438,1,1,2001,621.0,0.0,0.0,0.0,0.0,0.0,0.0,0.0,30.0,0.0,0.0,0.0,700,2.0,359,4.0,2.0,1.0,,0.0,2010-06-07 10:33:11,
226147469010661,2001,54,37,3091.0,309,1,1,2001,931.0,0.0,0.0,0.0,0.0,0.0,0.0,0.0,30.0,0.0,0.0,0.0,450,2.0,0,2.0,1.0,1.0,,0.0,2010-06-07 10:32:55,
226147300010661,2001,54,41,4471.0,447,1,1,2001,541.0,0.0,0.0,0.0,0.0,0.0,0.0,0.0,30.0,0.0,0.0,0.0,1600,2.0,0,1.0,1.0,1.0,,0.0,2010-06-07 10:32:07,
226147301010661,2001,54,41,4471.0,447,1,1,2001,621.0,0.0,0.0,0.0,0.0,0.0,0.0,0.0,30.0,0.0,0.0,0.0,1600,2.0,0,1.0,1.0,1.0,,0.0,2010-06-07 10:32:07,
226147302010661,2001,54,41,4471.0,447,1,1,2001,762.0,0.0,0.0,0.0,0.0,0.0,0.0,0.0,30.0,0.0,0.0,0.0,1600,2.0,0,1.0,1.0,1.0,,0.0,2010-06-07 10:32:07,
226147303010661,2001,54,41,4471.0,447,1,1,2001,915.0,0.0,0.0,0.0,0.0,0.0,0.0,0.0,30.0,0.0,0.0,0.0,1600,2.0,0,1.0,1.0,1.0,,0.0,2010-06-07 10:32:07,
226147304010661,2001,54,41,4471.0,447,1,1,2001,931.0,0.0,0.0,0.0,0.0,0.0,0.0,0.0,30.0,0.0,0.0,0.0,1600,2.0,0,1.0,1.0,1.0,,0.0,2010-06-07 10:32:08,
226147067010661,2001,54,41,13521.0,1352,1,1,2001,365.0,0.38,0.38,0.38,0.38,0.38,0.38,2.0,30.0,0.06666667,0.1444,0.00962667,1000,1.0,0,3.0,1.0,1.0,,0.0,2010-06-07 10:31:09,
226147068010661,2001,54,41,13521.0,1352,1,1,2001,366.0,0.0,0.0,0.0,0.0,0.0,0.0,0.0,30.0,0.0,0.0,0.0,1000,1.0,0,3.0,1.0,1.0,,0.0,2010-06-07 10:31:09,
226147069010661,2001,54,41,13521.0,1352,1,1,2001,762.0,0.0,0.0,0.0,0.0,0.0,0.0,0.0,30.0,0.0,0.0,0.0,1000,1.0,0,3.0,1.0,1.0,,0.0,2010-06-07 10:31:10,
226147070010661,2001,54,41,13521.0,1352,1,1,2001,915.0,0.0,0.0,0.0,0.0,0.0,0.0,0.0,30.0,0.0,0.0,0.0,1000,1.0,0,3.0,1.0,1.0,,0.0,2010-06-07 10:31:10,
226147821010661,2001,54,51,15441.0,1544,1,1,2001,762.0,0.0,0.0,0.0,0.0,0.0,0.0,0.0,30.0,0.0,0.0,0.0,1200,1.0,0,1.0,1.0,1.0,,0.0,2010-06-07 10:34:31,
226147206010661,2001,54,55,4261.0,426,1,1,2001,366.0,0.0,0.0,0.0,0.0,0.0,0.0,0.0,30.0,0.0,0.0,0.0,2100,1.0,98,3.0,1.0,1.0,,0.0,2010-06-07 10:31:43,
226147207010661,2001,54,55,4261.0,426,1,1,2001,621.0,0.0,0.0,0.0,0.0,0.0,0.0,0.0,30.0,0.0,0.0,0.0,2100,1.0,98,3.0,1.0,1.0,,0.0,2010-06-07 10:31:44,
226147208010661,2001,54,55,4261.0,426,1,1,2001,931.0,0.0,0.0,0.0,0.0,0.0,0.0,0.0,30.0,0.0,0.0,0.0,2100,1.0,98,3.0,1.0,1.0,,0.0,2010-06-07 10:31:44,
226147198010661,2001,54,63,14441.0,1444,1,1,2001,365.0,0.0,0.0,0.0,0.0,0.0,0.0,0.0,30.0,0.0,0.0,0.0,2700,1.0,315,3.0,1.0,1.0,,0.0,2010-06-07 10:31:42,
226147199010661,2001,54,63,14441.0,1444,1,1,2001,762.0,0.0,0.0,0.0,0.0,0.0,0.0,0.0,30.0,0.0,0.0,0.0,2700,1.0,315,3.0,1.0,1.0,,0.0,2010-06-07 10:31:42,
226147200010661,2001,54,63,14441.0,1444,1,1,2001,931.0,0.0,0.0,0.0,0.0,0.0,0.0,0.0,20.0,0.0,0.0,0.0,2700,1.0,315,3.0,1.0,1.0,,0.0,2010-06-07 10:31:42,
226147280010661,2001,54,71,7361.0,736,1,1,2001,365.0,0.0,0.0,0.0,0.0,0.0,0.0,0.0,28.0,0.0,0.0,0.0,1860,1.0,0,2.0,1.0,1.0,,0.0,2010-06-07 10:32:02,
226147282010661,2001,54,71,12871.0,1287,1,1,2001,365.0,0.0,0.0,0.0,0.0,0.0,0.0,0.0,30.0,0.0,0.0,0.0,1540,1.0,0,5.0,1.0,1.0,,0.0,2010-06-07 10:32:02,
226147289010661,2001,54,75,651.0,65,1,1,2001,365.0,0.0,0.0,0.0,0.0,0.0,0.0,0.0,30.0,0.0,0.0,0.0,3300,2.0,0,4.0,1.0,1.0,,0.0,2010-06-07 10:32:04,
226147290010661,2001,54,75,651.0,65,1,1,2001,366.0,0.0,0.0,0.0,0.0,0.0,0.0,0.0,30.0,0.0,0.0,0.0,3300,2.0,0,4.0,1.0,1.0,,0.0,2010-06-07 10:32:04,
226147496010661,2001,54,77,6871.0,687,1,1,2001,762.0,0.0,0.0,0.0,0.0,0.0,0.0,0.0,30.0,0.0,0.0,0.0,2340,2.0,50,2.0,1.0,1.0,,0.0,2010-06-07 10:33:02,
226147497010661,2001,54,77,6871.0,687,1,1,2001,915.0,0.0,0.0,0.0,0.0,0.0,0.0,0.0,30.0,0.0,0.0,0.0,2340,2.0,50,2.0,1.0,1.0,,0.0,2010-06-07 10:33:02,
226147498010661,2001,54,77,6871.0,687,1,1,2001,931.0,0.0,0.0,0.0,0.0,0.0,0.0,0.0,30.0,0.0,0.0,0.0,2340,2.0,50,2.0,1.0,1.0,,0.0,2010-06-07 10:33:03,
226147217010661,2001,54,81,7851.0,785,1,1,2001,365.0,0.88,0.035,0.74482143,0.63,0.035,0.17696429,28.0,30.0,0.93333333,0.14653304,0.13676417,1700,1.0,134,3.0,1.0,1.0,,0.0,2010-06-07 10:31:46,
226147218010661,2001,54,81,7851.0,785,1,1,2001,366.0,0.88,0.035,0.59021739,0.38,0.035,0.10434783,23.0,30.0,0.76666667,0.06399348,0.04906167,1700,1.0,134,3.0,1.0,1.0,,0.0,2010-06-07 10:31:46,
226147219010661,2001,54,81,7851.0,785,1,1,2001,541.0,0.0,0.0,0.0,0.0,0.0,0.0,0.0,30.0,0.0,0.0,0.0,1700,1.0,134,3.0,1.0,1.0,,0.0,2010-06-07 10:31:46,
226147214010661,2001,54,81,10151.0,1015,1,1,2001,621.0,0.0,0.0,0.0,0.0,0.0,0.0,0.0,30.0,0.0,0.0,0.0,2700,2.0,0,1.0,1.0,1.0,,0.0,2010-06-07 10:31:45,
226147215010661,2001,54,81,10151.0,1015,1,1,2001,931.0,0.0,0.0,0.0,0.0,0.0,0.0,0.0,30.0,0.0,0.0,0.0,2700,2.0,0,1.0,1.0,1.0,,0.0,2010-06-07 10:31:46,
226147284010661,2001,54,83,3671.0,367,1,1,2001,365.0,0.0,0.0,0.0,0.0,0.0,0.0,0.0,30.0,0.0,0.0,0.0,1967,2.0,235,1.0,1.0,1.0,,0.0,2010-06-07 10:32:03,
226147285010661,2001,54,83,3671.0,367,1,1,2001,366.0,0.0,0.0,0.0,0.0,0.0,0.0,0.0,30.0,0.0,0.0,0.0,1967,2.0,235,1.0,1.0,1.0,,0.0,2010-06-07 10:32:03,
226147286010661,2001,54,83,3671.0,367,1,1,2001,762.0,0.0,0.0,0.0,0.0,0.0,0.0,0.0,30.0,0.0,0.0,0.0,1967,2.0,235,1.0,1.0,1.0,,0.0,2010-06-07 10:32:03,
226147287010661,2001,54,83,3671.0,367,1,1,2001,915.0,0.0,0.0,0.0,0.0,0.0,0.0,0.0,30.0,0.0,0.0,0.0,1967,2.0,235,1.0,1.0,1.0,,0.0,2010-06-07 10:32:04,
226147296010661,2001,54,83,15331.0,1533,1,1,2001,621.0,0.0,0.0,0.0,0.0,0.0,0.0,0.0,30.0,0.0,0.0,0.0,3510,2.0,0,3.0,2.0,3.0,,0.0,2010-06-07 10:32:06,
226147297010661,2001,54,83,15331.0,1533,1,1,2001,762.0,0.0,0.0,0.0,0.0,0.0,0.0,0.0,30.0,0.0,0.0,0.0,3510,2.0,0,3.0,2.0,3.0,,0.0,2010-06-07 10:32:06,
226147298010661,2001,54,83,15331.0,1533,1,1,2001,915.0,0.0,0.0,0.0,0.0,0.0,0.0,0.0,30.0,0.0,0.0,0.0,3510,2.0,0,3.0,2.0,3.0,,0.0,2010-06-07 10:32:06,
226147528010661,2001,54,85,5651.0,565,1,1,2001,365.0,0.88,0.63,0.71333333,0.63,0.16,0.39,3.0,10.0,0.3,0.2982,0.08946,829,1.0,0,1.0,1.0,1.0,,0.0,2010-06-07 10:33:10,
226147529010661,2001,54,85,5651.0,565,1,1,2001,541.0,0.0,0.0,0.0,0.0,0.0,0.0,0.0,12.0,0.0,0.0,0.0,829,1.0,0,1.0,1.0,1.0,,0.0,2010-06-07 10:33:10,
226147515010661,2001,54,85,9211.0,921,1,1,2001,541.0,0.0,0.0,0.0,0.0,0.0,0.0,0.0,12.0,0.0,0.0,0.0,770,2.0,360,5.0,1.0,1.0,,0.0,2010-06-07 10:33:07,
226147477010661,2001,54,93,6311.0,631,1,1,2001,541.0,0.0,0.0,0.0,0.0,0.0,0.0,0.0,10.0,0.0,0.0,0.0,1700,2.0,55,3.0,1.0,1.0,,0.0,2010-06-07 10:32:57,
226147478010661,2001,54,93,6311.0,631,1,1,2001,621.0,0.0,0.0,0.0,0.0,0.0,0.0,0.0,30.0,0.0,0.0,0.0,1700,2.0,55,3.0,1.0,1.0,,0.0,2010-06-07 10:32:57,
226147479010661,2001,54,93,6311.0,631,1,1,2001,915.0,0.0,0.0,0.0,0.0,0.0,0.0,0.0,30.0,0.0,0.0,0.0,1700,2.0,55,3.0,1.0,1.0,,0.0,2010-06-07 10:32:58,
226147063010661,2001,54,99,15581.0,1558,1,1,2001,365.0,0.0,0.0,0.0,0.0,0.0,0.0,0.0,30.0,0.0,0.0,0.0,1000,1.0,0,3.0,1.0,1.0,,0.0,2010-06-07 10:31:08,
226147064010661,2001,54,99,15581.0,1558,1,1,2001,366.0,0.0,0.0,0.0,0.0,0.0,0.0,0.0,30.0,0.0,0.0,0.0,1000,1.0,0,3.0,1.0,1.0,,0.0,2010-06-07 10:31:08,
226147065010661,2001,54,99,15581.0,1558,1,1,2001,541.0,0.0,0.0,0.0,0.0,0.0,0.0,0.0,30.0,0.0,0.0,0.0,1000,1.0,0,3.0,1.0,1.0,,0.0,2010-06-07 10:31:09,
226147292010661,2001,54,101,5981.0,598,1,1,2001,366.0,0.0,0.0,0.0,0.0,0.0,0.0,0.0,30.0,0.0,0.0,0.0,2521,1.0,0,1.0,1.0,1.0,,0.0,2010-06-07 10:32:05,
226147293010661,2001,54,101,5981.0,598,1,1,2001,621.0,0.0,0.0,0.0,0.0,0.0,0.0,0.0,30.0,0.0,0.0,0.0,2521,1.0,0,1.0,1.0,1.0,,0.0,2010-06-07 10:32:05,
226147294010661,2001,54,101,5981.0,598,1,1,2001,915.0,0.0,0.0,0.0,0.0,0.0,0.0,0.0,30.0,0.0,0.0,0.0,2521,1.0,0,1.0,1.0,1.0,,0.0,2010-06-07 10:32:05,
226147521010661,2001,54,103,6931.0,693,1,1,2001,366.0,0.0,0.0,0.0,0.0,0.0,0.0,0.0,30.0,0.0,0.0,0.0,1240,1.0,60,1.0,1.0,1.0,,0.0,2010-06-07 10:33:08,
226147522010661,2001,54,103,6931.0,693,1,1,2001,762.0,0.0,0.0,0.0,0.0,0.0,0.0,0.0,15.0,0.0,0.0,0.0,1240,1.0,60,1.0,1.0,1.0,,0.0,2010-06-07 10:33:08,
226147210010661,2001,54,109,1241.0,124,1,1,2001,621.0,0.0,0.0,0.0,0.0,0.0,0.0,0.0,30.0,0.0,0.0,0.0,1800,1.0,80,3.0,1.0,1.0,,0.0,2010-06-07 10:31:44,
226147211010661,2001,54,109,1241.0,124,1,1,2001,915.0,0.0,0.0,0.0,0.0,0.0,0.0,0.0,30.0,0.0,0.0,0.0,1800,1.0,80,3.0,1.0,1.0,,0.0,2010-06-07 10:31:45,
226147212010661,2001,54,109,1241.0,124,1,1,2001,931.0,0.0,0.0,0.0,0.0,0.0,0.0,0.0,30.0,0.0,0.0,0.0,1800,1.0,80,3.0,1.0,1.0,,0.0,2010-06-07 10:31:45,
226149584010661,2002,54,5,251.0,25,1,1,2002,621.0,0.0,0.0,0.0,0.0,0.0,0.0,0.0,26.0,0.0,0.0,0.0,885,1.0,252,1.0,1.0,1.0,,0.0,2010-06-07 12:00:21,
226149585010661,2002,54,5,251.0,25,1,1,2002,915.0,0.0,0.0,0.0,0.0,0.0,0.0,0.0,30.0,0.0,0.0,0.0,885,1.0,252,1.0,1.0,1.0,,0.0,2010-06-07 12:00:21,
226149586010661,2002,54,5,251.0,25,1,1,2002,931.0,0.0,0.0,0.0,0.0,0.0,0.0,0.0,30.0,0.0,0.0,0.0,885,1.0,252,1.0,1.0,1.0,,0.0,2010-06-07 12:00:21,
226149573010661,2002,54,7,8631.0,863,1,1,2002,365.0,0.0,0.0,0.0,0.0,0.0,0.0,0.0,30.0,0.0,0.0,0.0,802,1.0,30,3.0,1.0,1.0,,0.0,2010-06-07 12:00:19,
226149574010661,2002,54,7,8631.0,863,1,1,2002,366.0,0.0,0.0,0.0,0.0,0.0,0.0,0.0,30.0,0.0,0.0,0.0,802,1.0,30,3.0,1.0,1.0,,0.0,2010-06-07 12:00:19,
226149597010661,2002,54,11,8451.0,845,1,1,2002,541.0,0.0,0.0,0.0,0.0,0.0,0.0,0.0,30.0,0.0,0.0,0.0,1062,1.0,195,1.0,1.0,1.0,,0.0,2010-06-07 12:00:24,
226149598010661,2002,54,11,8451.0,845,1,1,2002,915.0,0.0,0.0,0.0,0.0,0.0,0.0,0.0,30.0,0.0,0.0,0.0,1062,1.0,195,1.0,1.0,1.0,,0.0,2010-06-07 12:00:24,
226149599010661,2002,54,11,8451.0,845,1,1,2002,931.0,0.0,0.0,0.0,0.0,0.0,0.0,0.0,30.0,0.0,0.0,0.0,1062,1.0,195,1.0,1.0,1.0,,0.0,2010-06-07 12:00:24,
226149601010661,2002,54,11,12261.0,1226,1,1,2002,365.0,0.38,0.38,0.38,0.16,0.16,0.16,1.0,30.0,0.03333333,0.0608,0.00202667,537,1.0,0,5.0,1.0,2.0,,0.0,2010-06-07 12:00:24,
226149602010661,2002,54,11,12261.0,1226,1,1,2002,366.0,0.0,0.0,0.0,0.0,0.0,0.0,0.0,30.0,0.0,0.0,0.0,537,1.0,0,5.0,1.0,2.0,,0.0,2010-06-07 12:00:25,
226149603010661,2002,54,11,12261.0,1226,1,1,2002,541.0,0.0,0.0,0.0,0.0,0.0,0.0,0.0,30.0,0.0,0.0,0.0,537,1.0,0,5.0,1.0,2.0,,0.0,2010-06-07 12:00:25,
226149455010661,2002,54,19,12431.0,1243,1,2,2002,365.0,0.0,0.0,0.0,0.0,0.0,0.0,0.0,30.0,0.0,0.0,0.0,1869,2.0,160,3.0,1.0,1.0,,0.0,2010-06-07 11:59:49,2010-09-07 12:21:14
226149456010661,2002,54,19,12431.0,1243,1,2,2002,366.0,0.0,0.0,0.0,0.0,0.0,0.0,0.0,30.0,0.0,0.0,0.0,1869,2.0,160,3.0,1.0,1.0,,0.0,2010-06-07 11:59:49,2010-09-07 12:21:14
226149457010661,2002,54,19,12431.0,1243,1,2,2002,915.0,0.0,0.0,0.0,0.0,0.0,0.0,0.0,30.0,0.0,0.0,0.0,1869,2.0,160,3.0,1.0,1.0,,0.0,2010-06-07 11:59:49,2010-09-07 12:21:14
226149444010661,2002,54,25,8201.0,820,1,1,2002,365.0,0.0,0.0,0.0,0.0,0.0,0.0,0.0,30.0,0.0,0.0,0.0,3073,1.0,210,1.0,1.0,1.0,,0.0,2010-06-07 11:59:46,
226149445010661,2002,54,25,8201.0,820,1,1,2002,541.0,0.0,0.0,0.0,0.0,0.0,0.0,0.0,30.0,0.0,0.0,0.0,3073,1.0,210,1.0,1.0,1.0,,0.0,2010-06-07 11:59:47,
226149446010661,2002,54,25,8201.0,820,1,1,2002,931.0,0.0,0.0,0.0,0.0,0.0,0.0,0.0,30.0,0.0,0.0,0.0,3073,1.0,210,1.0,1.0,1.0,,0.0,2010-06-07 11:59:47,
226149834010661,2002,54,31,5341.0,534,1,1,2002,365.0,0.38,0.16,0.19142857,0.38,0.16,0.22285714,7.0,30.0,0.23333333,0.04068571,0.00949333,1180,1.0,0,3.0,1.0,1.0,,0.0,2010-06-07 12:01:29,
226149835010661,2002,54,31,5341.0,534,1,1,2002,366.0,0.88,0.16,0.392,0.38,0.035,0.223,5.0,30.0,0.16666667,0.11416,0.01902667,1180,1.0,0,3.0,1.0,1.0,,0.0,2010-06-07 12:01:29,
226149836010661,2002,54,31,5341.0,534,1,1,2002,541.0,0.0,0.0,0.0,0.0,0.0,0.0,0.0,30.0,0.0,0.0,0.0,1180,1.0,0,3.0,1.0,1.0,,0.0,2010-06-07 12:01:29,
226149557010661,2002,54,31,13651.0,1365,1,1,2002,366.0,0.16,0.16,0.16,0.16,0.16,0.16,1.0,30.0,0.03333333,0.0256,0.00085333,970,1.0,15,3.0,1.0,1.0,,0.0,2010-06-07 12:00:15,
226149558010661,2002,54,31,13651.0,1365,1,1,2002,762.0,0.88,0.88,0.88,0.38,0.38,0.38,1.0,30.0,0.03333333,0.3344,0.01114667,970,1.0,15,3.0,1.0,1.0,,0.0,2010-06-07 12:00:15,
226149559010661,2002,54,31,13651.0,1365,1,1,2002,931.0,0.0,0.0,0.0,0.0,0.0,0.0,0.0,30.0,0.0,0.0,0.0,970,1.0,15,3.0,1.0,1.0,,0.0,2010-06-07 12:00:16,
226149398010661,2002,54,41,13521.0,1352,1,1,2002,365.0,0.16,0.16,0.16,0.16,0.16,0.16,1.0,30.0,0.03333333,0.0256,0.00085333,1500,1.0,0,2.0,1.0,1.0,,0.0,2010-06-07 11:59:36,
226149399010661,2002,54,41,13521.0,1352,1,1,2002,366.0,0.0,0.0,0.0,0.0,0.0,0.0,0.0,30.0,0.0,0.0,0.0,1500,1.0,0,2.0,1.0,1.0,,0.0,2010-06-07 11:59:36,
226149400010661,2002,54,41,13521.0,1352,1,1,2002,541.0,0.0,0.0,0.0,0.0,0.0,0.0,0.0,30.0,0.0,0.0,0.0,1500,1.0,0,2.0,1.0,1.0,,0.0,2010-06-07 11:59:36,
226149401010661,2002,54,41,13521.0,1352,1,1,2002,915.0,0.38,0.38,0.38,0.88,0.88,0.88,1.0,30.0,0.03333333,0.3344,0.01114667,1500,1.0,0,2.0,1.0,1.0,,0.0,2010-06-07 11:59:36,
226149867010661,2002,54,41,14241.0,1424,1,1,2002,366.0,0.0,0.0,0.0,0.0,0.0,0.0,0.0,30.0,0.0,0.0,0.0,1139,1.0,45,1.0,1.0,1.0,,0.0,2010-06-07 12:01:36,
226149868010661,2002,54,41,14241.0,1424,1,1,2002,541.0,0.0,0.0,0.0,0.0,0.0,0.0,0.0,30.0,0.0,0.0,0.0,1139,1.0,45,1.0,1.0,1.0,,0.0,2010-06-07 12:01:37,
226149869010661,2002,54,41,14241.0,1424,1,1,2002,621.0,0.0,0.0,0.0,0.0,0.0,0.0,0.0,30.0,0.0,0.0,0.0,1139,1.0,45,1.0,1.0,1.0,,0.0,2010-06-07 12:01:37,
226149870010661,2002,54,41,14241.0,1424,1,1,2002,762.0,0.0,0.0,0.0,0.0,0.0,0.0,0.0,30.0,0.0,0.0,0.0,1139,1.0,45,1.0,1.0,1.0,,0.0,2010-06-07 12:01:37,
226149440010661,2002,54,55,51.0,5,1,1,2002,365.0,0.88,0.035,0.44952381,0.88,0.035,0.31833333,21.0,30.0,0.7,0.20131667,0.14092167,2520,2.0,0,1.0,1.0,1.0,,0.0,2010-06-07 11:59:46,
226149441010661,2002,54,55,51.0,5,1,1,2002,621.0,0.035,0.035,0.035,0.38,0.035,0.267,5.0,30.0,0.16666667,0.009345,0.0015575,2520,2.0,0,1.0,1.0,1.0,,0.0,2010-06-07 11:59:46,
226149442010661,2002,54,55,51.0,5,1,1,2002,915.0,0.88,0.035,0.56722222,0.88,0.16,0.52222222,9.0,30.0,0.3,0.34052222,0.10215667,2520,2.0,0,1.0,1.0,1.0,,0.0,2010-06-07 11:59:46,
226149452010661,2002,54,59,1741.0,174,1,1,2002,621.0,0.0,0.0,0.0,0.0,0.0,0.0,0.0,30.0,0.0,0.0,0.0,997,1.0,0,2.0,1.0,1.0,,0.0,2010-06-07 11:59:48,
226149453010661,2002,54,59,1741.0,174,1,1,2002,915.0,0.0,0.0,0.0,0.0,0.0,0.0,0.0,30.0,0.0,0.0,0.0,997,1.0,0,2.0,1.0,1.0,,0.0,2010-06-07 11:59:48,
226149872010661,2002,54,61,811.0,81,1,1,2002,366.0,0.0,0.0,0.0,0.0,0.0,0.0,0.0,30.0,0.0,0.0,0.0,1083,1.0,320,3.0,1.0,1.0,,0.0,2010-06-07 12:01:37,
226149873010661,2002,54,61,811.0,81,1,1,2002,541.0,0.0,0.0,0.0,0.0,0.0,0.0,0.0,30.0,0.0,0.0,0.0,1083,1.0,320,3.0,1.0,1.0,,0.0,2010-06-07 12:01:38,
226149874010661,2002,54,61,811.0,81,1,1,2002,762.0,0.0,0.0,0.0,0.0,0.0,0.0,0.0,30.0,0.0,0.0,0.0,1083,1.0,320,3.0,1.0,1.0,,0.0,2010-06-07 12:01:38,
226149858010661,2002,54,61,8351.0,835,1,1,2002,365.0,0.63,0.035,0.26107143,0.38,0.035,0.18714286,14.0,30.0,0.46666667,0.06721964,0.03136917,2506,1.0,340,1.0,1.0,1.0,,0.0,2010-06-07 12:01:34,
226149859010661,2002,54,61,8351.0,835,1,1,2002,366.0,0.0,0.0,0.0,0.0,0.0,0.0,0.0,30.0,0.0,0.0,0.0,2506,1.0,340,1.0,1.0,1.0,,0.0,2010-06-07 12:01:34,
226149860010661,2002,54,61,8351.0,835,1,1,2002,762.0,0.88,0.035,0.33761905,0.63,0.035,0.18404762,21.0,30.0,0.7,0.09360357,0.0655225,2506,1.0,340,1.0,1.0,1.0,,0.0,2010-06-07 12:01:35,
226149838010661,2002,54,65,521.0,52,1,1,2002,366.0,0.0,0.0,0.0,0.0,0.0,0.0,0.0,30.0,0.0,0.0,0.0,860,1.0,330,1.0,1.0,1.0,,0.0,2010-06-07 12:01:29,
226149839010661,2002,54,65,521.0,52,1,1,2002,541.0,0.0,0.0,0.0,0.0,0.0,0.0,0.0,30.0,0.0,0.0,0.0,860,1.0,330,1.0,1.0,1.0,,0.0,2010-06-07 12:01:30,
226149840010661,2002,54,65,521.0,52,1,1,2002,762.0,0.0,0.0,0.0,0.0,0.0,0.0,0.0,30.0,0.0,0.0,0.0,860,1.0,330,1.0,1.0,1.0,,0.0,2010-06-07 12:01:30,
226149841010661,2002,54,65,521.0,52,1,1,2002,931.0,0.0,0.0,0.0,0.0,0.0,0.0,0.0,30.0,0.0,0.0,0.0,860,1.0,330,1.0,1.0,1.0,,0.0,2010-06-07 12:01:30,
226149580010661,2002,54,67,3711.0,371,1,1,2002,365.0,0.0,0.0,0.0,0.0,0.0,0.0,0.0,26.0,0.0,0.0,0.0,1916,1.0,11,1.0,1.0,1.0,,0.0,2010-06-07 12:00:20,
226149581010661,2002,54,67,3711.0,371,1,1,2002,621.0,0.63,0.035,0.15571429,0.63,0.035,0.24071429,7.0,30.0,0.23333333,0.07608214,0.0177525,1916,1.0,11,1.0,1.0,1.0,,0.0,2010-06-07 12:00:20,
226149582010661,2002,54,67,3711.0,371,1,1,2002,761.0,0.0,0.0,0.0,0.0,0.0,0.0,0.0,30.0,0.0,0.0,0.0,1916,1.0,11,1.0,1.0,1.0,,0.0,2010-06-07 12:00:21,
226149561010661,2002,54,75,3361.0,336,1,1,2002,365.0,0.38,0.035,0.0945,0.16,0.035,0.0725,10.0,30.0,0.33333333,0.0061825,0.00206083,4015,2.0,0,1.0,1.0,1.0,,0.0,2010-06-07 12:00:16,
226149562010661,2002,54,75,3361.0,336,1,1,2002,366.0,0.0,0.0,0.0,0.0,0.0,0.0,0.0,30.0,0.0,0.0,0.0,4015,2.0,0,1.0,1.0,1.0,,0.0,2010-06-07 12:00:16,
226149563010661,2002,54,75,3361.0,336,1,1,2002,915.0,0.88,0.035,0.6465,0.88,0.16,0.47866667,30.0,30.0,1.0,0.34983667,0.34983667,4015,2.0,0,1.0,1.0,1.0,,0.0,2010-06-07 12:00:17,
226149565010661,2002,54,83,3671.0,367,1,1,2002,365.0,0.63,0.035,0.179,0.16,0.035,0.135,5.0,30.0,0.16666667,0.027765,0.0046275,1967,1.0,0,5.0,1.0,1.0,,0.0,2010-06-07 12:00:17,
226149566010661,2002,54,83,3671.0,367,1,1,2002,762.0,0.0,0.0,0.0,0.0,0.0,0.0,0.0,30.0,0.0,0.0,0.0,1967,1.0,0,5.0,1.0,1.0,,0.0,2010-06-07 12:00:17,
226149567010661,2002,54,83,3671.0,367,1,1,2002,915.0,0.0,0.0,0.0,0.0,0.0,0.0,0.0,30.0,0.0,0.0,0.0,1967,1.0,0,5.0,1.0,1.0,,0.0,2010-06-07 12:00:17,
226149576010661,2002,54,83,13951.0,1395,1,1,2002,621.0,0.0,0.0,0.0,0.0,0.0,0.0,0.0,30.0,0.0,0.0,0.0,2810,1.0,295,1.0,1.0,1.0,,1.0,2010-06-07 12:00:19,
226149577010661,2002,54,83,13951.0,1395,1,1,2002,761.0,0.0,0.0,0.0,0.0,0.0,0.0,0.0,30.0,0.0,0.0,0.0,2810,1.0,295,1.0,1.0,1.0,,1.0,2010-06-07 12:00:19,
226149578010661,2002,54,83,13951.0,1395,1,1,2002,915.0,0.0,0.0,0.0,0.0,0.0,0.0,0.0,30.0,0.0,0.0,0.0,2810,1.0,295,1.0,1.0,1.0,,1.0,2010-06-07 12:00:20,
226149882010661,2002,54,85,5651.0,565,1,1,2002,366.0,0.0,0.0,0.0,0.0,0.0,0.0,0.0,30.0,0.0,0.0,0.0,829,1.0,120,3.0,1.0,1.0,,0.0,2010-06-07 12:01:40,
226149883010661,2002,54,85,5651.0,565,1,1,2002,541.0,0.0,0.0,0.0,0.0,0.0,0.0,0.0,30.0,0.0,0.0,0.0,829,1.0,120,3.0,1.0,1.0,,0.0,2010-06-07 12:01:40,
226149884010661,2002,54,85,5651.0,565,1,1,2002,762.0,0.0,0.0,0.0,0.0,0.0,0.0,0.0,30.0,0.0,0.0,0.0,829,1.0,120,3.0,1.0,1.0,,0.0,2010-06-07 12:01:40,
226149588010661,2002,54,87,6961.0,696,1,2,2002,366.0,0.0,0.0,0.0,0.0,0.0,0.0,0.0,30.0,0.0,0.0,0.0,768,1.0,305,3.0,1.0,1.0,,0.0,2010-06-07 12:00:22,2010-09-07 12:21:14
226149589010661,2002,54,87,6961.0,696,1,2,2002,541.0,0.0,0.0,0.0,0.0,0.0,0.0,0.0,30.0,0.0,0.0,0.0,768,1.0,305,3.0,1.0,1.0,,0.0,2010-06-07 12:00:22,2010-09-07 12:21:14
226149590010661,2002,54,87,6961.0,696,1,2,2002,621.0,0.0,0.0,0.0,0.0,0.0,0.0,0.0,30.0,0.0,0.0,0.0,768,1.0,305,3.0,1.0,1.0,,0.0,2010-06-07 12:00:22,2010-09-07 12:21:14
226149591010661,2002,54,87,6961.0,696,1,2,2002,762.0,0.0,0.0,0.0,0.0,0.0,0.0,0.0,30.0,0.0,0.0,0.0,768,1.0,305,3.0,1.0,1.0,,0.0,2010-06-07 12:00:22,2010-09-07 12:21:14
226149862010661,2002,54,91,6911.0,691,1,1,2002,541.0,0.0,0.0,0.0,0.0,0.0,0.0,0.0,30.0,0.0,0.0,0.0,1241,1.0,0,5.0,1.0,2.0,,0.0,2010-06-07 12:01:35,
226149863010661,2002,54,91,6911.0,691,1,1,2002,621.0,0.0,0.0,0.0,0.0,0.0,0.0,0.0,30.0,0.0,0.0,0.0,1241,1.0,0,5.0,1.0,2.0,,0.0,2010-06-07 12:01:35,
226149864010661,2002,54,91,6911.0,691,1,1,2002,762.0,0.0,0.0,0.0,0.0,0.0,0.0,0.0,30.0,0.0,0.0,0.0,1241,1.0,0,5.0,1.0,2.0,,0.0,2010-06-07 12:01:36,
226149865010661,2002,54,91,6911.0,691,1,1,2002,931.0,0.0,0.0,0.0,0.0,0.0,0.0,0.0,13.0,0.0,0.0,0.0,1241,1.0,0,5.0,1.0,2.0,,0.0,2010-06-07 12:01:36,
226149848010661,2002,54,93,4281.0,428,1,2,2002,365.0,0.0,0.0,0.0,0.0,0.0,0.0,0.0,30.0,0.0,0.0,0.0,3099,1.0,0,4.0,1.0,1.0,,0.0,2010-06-07 12:01:32,2010-09-07 12:21:13
226149849010661,2002,54,93,4281.0,428,1,2,2002,366.0,0.0,0.0,0.0,0.0,0.0,0.0,0.0,30.0,0.0,0.0,0.0,3099,1.0,0,4.0,1.0,1.0,,0.0,2010-06-07 12:01:32,2010-09-07 12:21:13
226149850010661,2002,54,93,4281.0,428,1,2,2002,762.0,0.0,0.0,0.0,0.0,0.0,0.0,0.0,30.0,0.0,0.0,0.0,3099,1.0,0,4.0,1.0,1.0,,0.0,2010-06-07 12:01:32,2010-09-07 12:21:13
226149890010661,2002,54,95,13001.0,1300,1,1,2002,365.0,0.38,0.38,0.38,0.16,0.16,0.16,1.0,30.0,0.03333333,0.0608,0.00202667,1072,1.0,200,1.0,1.0,1.0,,0.0,2010-06-07 12:01:42,
226149891010661,2002,54,95,13001.0,1300,1,1,2002,366.0,0.0,0.0,0.0,0.0,0.0,0.0,0.0,30.0,0.0,0.0,0.0,1072,1.0,200,1.0,1.0,1.0,,0.0,2010-06-07 12:01:42,
226149892010661,2002,54,95,13001.0,1300,1,1,2002,915.0,0.0,0.0,0.0,0.0,0.0,0.0,0.0,30.0,0.0,0.0,0.0,1072,1.0,200,1.0,1.0,1.0,,0.0,2010-06-07 12:01:42,
226149393010661,2002,54,99,15581.0,1558,1,1,2002,365.0,0.0,0.0,0.0,0.0,0.0,0.0,0.0,30.0,0.0,0.0,0.0,1500,1.0,0,2.0,1.0,1.0,,0.0,2010-06-07 11:59:34,
226149394010661,2002,54,99,15581.0,1558,1,1,2002,366.0,0.0,0.0,0.0,0.0,0.0,0.0,0.0,30.0,0.0,0.0,0.0,1500,1.0,0,2.0,1.0,1.0,,0.0,2010-06-07 11:59:35,
226149395010661,2002,54,99,15581.0,1558,1,1,2002,762.0,0.0,0.0,0.0,0.0,0.0,0.0,0.0,30.0,0.0,0.0,0.0,1500,1.0,0,2.0,1.0,1.0,,0.0,2010-06-07 11:59:35,
226149396010661,2002,54,99,15581.0,1558,1,1,2002,915.0,0.035,0.035,0.035,0.88,0.88,0.88,1.0,30.0,0.03333333,0.0308,0.00102667,1500,1.0,0,2.0,1.0,1.0,,0.0,2010-06-07 11:59:35,
226149569010661,2002,54,101,13731.0,1373,1,1,2002,365.0,0.88,0.035,0.47333333,0.38,0.16,0.27,6.0,30.0,0.2,0.16336667,0.03267333,1836,1.0,0,4.0,1.0,1.0,,0.0,2010-06-07 12:00:18,
226149570010661,2002,54,101,13731.0,1373,1,1,2002,366.0,0.0,0.0,0.0,0.0,0.0,0.0,0.0,30.0,0.0,0.0,0.0,1836,1.0,0,4.0,1.0,1.0,,0.0,2010-06-07 12:00:18,
226149571010661,2002,54,101,13731.0,1373,1,1,2002,762.0,0.0,0.0,0.0,0.0,0.0,0.0,0.0,30.0,0.0,0.0,0.0,1836,1.0,0,4.0,1.0,1.0,,0.0,2010-06-07 12:00:18,
226149448010661,2002,54,109,15391.0,1539,1,1,2002,621.0,0.16,0.035,0.07666667,0.63,0.035,0.29083333,6.0,30.0,0.2,0.0266375,0.0053275,1440,1.0,248,1.0,1.0,1.0,,0.0,2010-06-07 11:59:47,
226149449010661,2002,54,109,15391.0,1539,1,1,2002,915.0,0.38,0.035,0.12125,0.63,0.035,0.27,4.0,30.0,0.13333333,0.0637875,0.008505,1440,1.0,248,1.0,1.0,1.0,,0.0,2010-06-07 11:59:48,
226149450010661,2002,54,109,15391.0,1539,1,1,2002,931.0,0.0,0.0,0.0,0.0,0.0,0.0,0.0,30.0,0.0,0.0,0.0,1440,1.0,248,1.0,1.0,1.0,,0.0,2010-06-07 11:59:48,
226152322010661,2003,54,5,251.0,25,1,1,2003,621.0,0.0,0.0,0.0,0.0,0.0,0.0,0.0,30.0,0.0,0.0,0.0,885,1.0,252,1.0,1.0,1.0,,0.0,2010-06-07 12:29:53,
226152323010661,2003,54,5,251.0,25,1,1,2003,915.0,0.0,0.0,0.0,0.0,0.0,0.0,0.0,30.0,0.0,0.0,0.0,885,1.0,252,1.0,1.0,1.0,,0.0,2010-06-07 12:29:54,
226152324010661,2003,54,5,251.0,25,1,1,2003,931.0,0.0,0.0,0.0,0.0,0.0,0.0,0.0,23.0,0.0,0.0,0.0,885,1.0,252,1.0,1.0,1.0,,0.0,2010-06-07 12:29:54,
226152308010661,2003,54,7,8631.0,863,1,1,2003,366.0,0.0,0.0,0.0,0.0,0.0,0.0,0.0,16.0,0.0,0.0,0.0,1300,1.0,345,1.0,1.0,1.0,,0.0,2010-06-07 12:29:50,
226152309010661,2003,54,7,8631.0,863,1,1,2003,621.0,0.0,0.0,0.0,0.0,0.0,0.0,0.0,30.0,0.0,0.0,0.0,1300,1.0,345,1.0,1.0,1.0,,0.0,2010-06-07 12:29:50,
226152310010661,2003,54,7,8631.0,863,1,1,2003,915.0,0.0,0.0,0.0,0.0,0.0,0.0,0.0,30.0,0.0,0.0,0.0,1300,1.0,345,1.0,1.0,1.0,,0.0,2010-06-07 12:29:50,
226152311010661,2003,54,7,8631.0,863,1,1,2003,931.0,0.0,0.0,0.0,0.0,0.0,0.0,0.0,21.0,0.0,0.0,0.0,1300,1.0,345,1.0,1.0,1.0,,0.0,2010-06-07 12:29:51,
226152335010661,2003,54,11,8451.0,845,1,1,2003,365.0,0.0,0.0,0.0,0.0,0.0,0.0,0.0,25.0,0.0,0.0,0.0,1062,1.0,195,1.0,1.0,1.0,,0.0,2010-06-07 12:29:57,
226152336010661,2003,54,11,8451.0,845,1,1,2003,541.0,0.0,0.0,0.0,0.0,0.0,0.0,0.0,30.0,0.0,0.0,0.0,1062,1.0,195,1.0,1.0,1.0,,0.0,2010-06-07 12:29:58,
226152337010661,2003,54,11,8451.0,845,1,1,2003,915.0,0.0,0.0,0.0,0.0,0.0,0.0,0.0,30.0,0.0,0.0,0.0,1062,1.0,195,1.0,1.0,1.0,,0.0,2010-06-07 12:29:58,
226152338010661,2003,54,11,8451.0,845,1,1,2003,931.0,0.0,0.0,0.0,0.0,0.0,0.0,0.0,30.0,0.0,0.0,0.0,1062,1.0,195,1.0,1.0,1.0,,0.0,2010-06-07 12:29:58,
226152340010661,2003,54,11,12261.0,1226,1,1,2003,365.0,0.88,0.035,0.345,0.16,0.035,0.06,10.0,30.0,0.33333333,0.018825,0.006275,537,1.0,0,5.0,1.0,2.0,,0.0,2010-06-07 12:29:59,
226152341010661,2003,54,11,12261.0,1226,1,1,2003,366.0,0.0,0.0,0.0,0.0,0.0,0.0,0.0,30.0,0.0,0.0,0.0,537,1.0,0,5.0,1.0,2.0,,0.0,2010-06-07 12:29:59,
226152342010661,2003,54,11,12261.0,1226,1,1,2003,541.0,0.0,0.0,0.0,0.0,0.0,0.0,0.0,30.0,0.0,0.0,0.0,537,1.0,0,5.0,1.0,2.0,,0.0,2010-06-07 12:29:59,
226152201010661,2003,54,19,12431.0,1243,1,2,2003,365.0,0.0,0.0,0.0,0.0,0.0,0.0,0.0,30.0,0.0,0.0,0.0,1869,2.0,160,3.0,1.0,1.0,,0.0,2010-06-07 12:29:16,2010-09-07 12:21:23
226152202010661,2003,54,19,12431.0,1243,1,2,2003,366.0,0.0,0.0,0.0,0.0,0.0,0.0,0.0,30.0,0.0,0.0,0.0,1869,2.0,160,3.0,1.0,1.0,,0.0,2010-06-07 12:29:17,2010-09-07 12:21:23
226152203010661,2003,54,19,12431.0,1243,1,2,2003,915.0,0.0,0.0,0.0,0.0,0.0,0.0,0.0,30.0,0.0,0.0,0.0,1869,2.0,160,3.0,1.0,1.0,,0.0,2010-06-07 12:29:17,2010-09-07 12:21:23
226152189010661,2003,54,25,8201.0,820,1,1,2003,365.0,0.16,0.035,0.06625,0.63,0.035,0.215,4.0,30.0,0.13333333,0.012525,0.00167,3073,1.0,210,1.0,1.0,1.0,,0.0,2010-06-07 12:29:13,
226152190010661,2003,54,25,8201.0,820,1,1,2003,541.0,0.0,0.0,0.0,0.0,0.0,0.0,0.0,30.0,0.0,0.0,0.0,3073,1.0,210,1.0,1.0,1.0,,0.0,2010-06-07 12:29:13,
226152191010661,2003,54,25,8201.0,820,1,1,2003,931.0,0.0,0.0,0.0,0.0,0.0,0.0,0.0,30.0,0.0,0.0,0.0,3073,1.0,210,1.0,1.0,1.0,,0.0,2010-06-07 12:29:14,
226152558010661,2003,54,31,5341.0,534,1,1,2003,365.0,0.16,0.035,0.085,0.16,0.035,0.085,5.0,30.0,0.16666667,0.00785,0.00130833,980,1.0,0,4.0,1.0,1.0,,0.0,2010-06-07 12:31:16,
226152559010661,2003,54,31,5341.0,534,1,1,2003,366.0,0.0,0.0,0.0,0.0,0.0,0.0,0.0,30.0,0.0,0.0,0.0,980,1.0,0,4.0,1.0,1.0,,0.0,2010-06-07 12:31:16,
226152560010661,2003,54,31,5341.0,534,1,1,2003,541.0,0.0,0.0,0.0,0.0,0.0,0.0,0.0,30.0,0.0,0.0,0.0,980,1.0,0,4.0,1.0,1.0,,0.0,2010-06-07 12:31:16,
226152292010661,2003,54,31,13651.0,1365,1,1,2003,366.0,0.0,0.0,0.0,0.0,0.0,0.0,0.0,30.0,0.0,0.0,0.0,800,1.0,357,1.0,1.0,1.0,,0.0,2010-06-07 12:29:45,
226152293010661,2003,54,31,13651.0,1365,1,1,2003,762.0,0.0,0.0,0.0,0.0,0.0,0.0,0.0,30.0,0.0,0.0,0.0,800,1.0,357,1.0,1.0,1.0,,0.0,2010-06-07 12:29:46,
226152294010661,2003,54,31,13651.0,1365,1,1,2003,931.0,0.0,0.0,0.0,0.0,0.0,0.0,0.0,21.0,0.0,0.0,0.0,800,1.0,357,1.0,1.0,1.0,,0.0,2010-06-07 12:29:46,
226152147010661,2003,54,41,13521.0,1352,1,1,2003,365.0,0.88,0.035,0.28735294,0.63,0.035,0.24882353,17.0,30.0,0.56666667,0.10263824,0.05816167,1120,1.0,0,4.0,1.0,1.0,,0.0,2010-06-07 12:29:01,
226152148010661,2003,54,41,13521.0,1352,1,1,2003,366.0,0.0,0.0,0.0,0.0,0.0,0.0,0.0,30.0,0.0,0.0,0.0,1120,1.0,0,4.0,1.0,1.0,,0.0,2010-06-07 12:29:02,
226152149010661,2003,54,41,13521.0,1352,1,1,2003,762.0,0.0,0.0,0.0,0.0,0.0,0.0,0.0,30.0,0.0,0.0,0.0,1120,1.0,0,4.0,1.0,1.0,,0.0,2010-06-07 12:29:02,
226152150010661,2003,54,41,13521.0,1352,1,1,2003,915.0,0.63,0.16,0.31705882,0.63,0.035,0.33176471,17.0,30.0,0.56666667,0.11554706,0.06547667,1120,1.0,0,4.0,1.0,1.0,,0.0,2010-06-07 12:29:02,
226152592010661,2003,54,41,14241.0,1424,1,1,2003,541.0,0.0,0.0,0.0,0.0,0.0,0.0,0.0,30.0,0.0,0.0,0.0,1010,1.0,0,4.0,1.0,1.0,,0.0,2010-06-07 12:31:26,
226152593010661,2003,54,41,14241.0,1424,1,1,2003,621.0,0.0,0.0,0.0,0.0,0.0,0.0,0.0,30.0,0.0,0.0,0.0,1010,1.0,0,4.0,1.0,1.0,,0.0,2010-06-07 12:31:26,
226152594010661,2003,54,41,14241.0,1424,1,1,2003,915.0,0.0,0.0,0.0,0.0,0.0,0.0,0.0,30.0,0.0,0.0,0.0,1010,1.0,0,4.0,1.0,1.0,,0.0,2010-06-07 12:31:27,
226152185010661,2003,54,55,51.0,5,1,1,2003,365.0,0.16,0.035,0.05285714,0.16,0.035,0.08857143,7.0,30.0,0.23333333,0.00595714,0.00139,2520,2.0,0,1.0,1.0,1.0,,0.0,2010-06-07 12:29:12,
226152186010661,2003,54,55,51.0,5,1,1,2003,621.0,0.0,0.0,0.0,0.0,0.0,0.0,0.0,30.0,0.0,0.0,0.0,2520,2.0,0,1.0,1.0,1.0,,0.0,2010-06-07 12:29:12,
226152187010661,2003,54,55,51.0,5,1,1,2003,915.0,0.0,0.0,0.0,0.0,0.0,0.0,0.0,30.0,0.0,0.0,0.0,2520,2.0,0,1.0,1.0,1.0,,0.0,2010-06-07 12:29:13,
226152197010661,2003,54,59,1741.0,174,1,1,2003,366.0,0.0,0.0,0.0,0.0,0.0,0.0,0.0,15.0,0.0,0.0,0.0,997,1.0,0,2.0,1.0,1.0,,0.0,2010-06-07 12:29:15,
226152198010661,2003,54,59,1741.0,174,1,1,2003,621.0,0.0,0.0,0.0,0.0,0.0,0.0,0.0,30.0,0.0,0.0,0.0,997,1.0,0,2.0,1.0,1.0,,0.0,2010-06-07 12:29:15,
226152199010661,2003,54,59,1741.0,174,1,1,2003,915.0,0.0,0.0,0.0,0.0,0.0,0.0,0.0,30.0,0.0,0.0,0.0,997,1.0,0,2.0,1.0,1.0,,0.0,2010-06-07 12:29:16,
226152596010661,2003,54,61,811.0,81,1,1,2003,366.0,0.0,0.0,0.0,0.0,0.0,0.0,0.0,30.0,0.0,0.0,0.0,1000,1.0,303,3.0,1.0,1.0,,0.0,2010-06-07 12:31:27,
226152597010661,2003,54,61,811.0,81,1,1,2003,541.0,0.0,0.0,0.0,0.0,0.0,0.0,0.0,11.0,0.0,0.0,0.0,1000,1.0,303,3.0,1.0,1.0,,0.0,2010-06-07 12:31:28,
226152598010661,2003,54,61,811.0,81,1,1,2003,762.0,0.0,0.0,0.0,0.0,0.0,0.0,0.0,30.0,0.0,0.0,0.0,1000,1.0,303,3.0,1.0,1.0,,0.0,2010-06-07 12:31:28,
226152599010661,2003,54,61,811.0,81,1,1,2003,915.0,0.0,0.0,0.0,0.0,0.0,0.0,0.0,30.0,0.0,0.0,0.0,1000,1.0,303,3.0,1.0,1.0,,0.0,2010-06-07 12:31:28,
226152584010661,2003,54,61,8351.0,835,1,1,2003,365.0,0.035,0.035,0.035,0.035,0.035,0.035,2.0,30.0,0.06666667,0.001225,8.167e-05,2400,1.0,289,1.0,1.0,1.0,,0.0,2010-06-07 12:31:24,
226152585010661,2003,54,61,8351.0,835,1,1,2003,366.0,0.0,0.0,0.0,0.0,0.0,0.0,0.0,30.0,0.0,0.0,0.0,2400,1.0,289,1.0,1.0,1.0,,0.0,2010-06-07 12:31:24,
226152586010661,2003,54,61,8351.0,835,1,1,2003,762.0,0.63,0.035,0.14590909,0.38,0.035,0.11181818,11.0,29.0,0.37931034,0.02929773,0.01111293,2400,1.0,289,1.0,1.0,1.0,,0.0,2010-06-07 12:31:25,
226152562010661,2003,54,65,521.0,52,1,1,2003,762.0,0.0,0.0,0.0,0.0,0.0,0.0,0.0,30.0,0.0,0.0,0.0,869,1.0,45,1.0,1.0,1.0,,0.0,2010-06-07 12:31:17,
226152563010661,2003,54,65,521.0,52,1,1,2003,915.0,0.0,0.0,0.0,0.0,0.0,0.0,0.0,30.0,0.0,0.0,0.0,869,1.0,45,1.0,1.0,1.0,,0.0,2010-06-07 12:31:17,
226152564010661,2003,54,65,521.0,52,1,1,2003,931.0,0.0,0.0,0.0,0.0,0.0,0.0,0.0,30.0,0.0,0.0,0.0,869,1.0,45,1.0,1.0,1.0,,0.0,2010-06-07 12:31:18,
226152317010661,2003,54,67,3711.0,371,1,1,2003,365.0,0.0,0.0,0.0,0.0,0.0,0.0,0.0,15.0,0.0,0.0,0.0,1916,1.0,11,1.0,1.0,1.0,,0.0,2010-06-07 12:29:52,
226152318010661,2003,54,67,3711.0,371,1,1,2003,621.0,0.16,0.035,0.07666667,0.38,0.035,0.19166667,3.0,30.0,0.1,0.02254167,0.00225417,1916,1.0,11,1.0,1.0,1.0,,0.0,2010-06-07 12:29:52,
226152319010661,2003,54,67,3711.0,371,1,1,2003,761.0,0.0,0.0,0.0,0.0,0.0,0.0,0.0,30.0,0.0,0.0,0.0,1916,1.0,11,1.0,1.0,1.0,,0.0,2010-06-07 12:29:53,
226152320010661,2003,54,67,3711.0,371,1,1,2003,915.0,0.0,0.0,0.0,0.0,0.0,0.0,0.0,30.0,0.0,0.0,0.0,1916,1.0,11,1.0,1.0,1.0,,0.0,2010-06-07 12:29:53,
226152296010661,2003,54,75,3361.0,336,1,1,2003,365.0,0.035,0.035,0.035,0.16,0.035,0.0975,2.0,30.0,0.06666667,0.0034125,0.0002275,4015,1.0,0,1.0,1.0,1.0,,0.0,2010-06-07 12:29:46,
226152297010661,2003,54,75,3361.0,336,1,1,2003,762.0,0.035,0.035,0.035,0.16,0.16,0.16,1.0,30.0,0.03333333,0.0056,0.00018667,4015,1.0,0,1.0,1.0,1.0,,0.0,2010-06-07 12:29:47,
226152298010661,2003,54,75,3361.0,336,1,1,2003,915.0,0.88,0.035,0.30785714,0.63,0.38,0.45142857,7.0,30.0,0.23333333,0.14966429,0.03492167,4015,1.0,0,1.0,1.0,1.0,,0.0,2010-06-07 12:29:47,
226152300010661,2003,54,83,3671.0,367,1,1,2003,365.0,0.0,0.0,0.0,0.0,0.0,0.0,0.0,25.0,0.0,0.0,0.0,1967,1.0,0,5.0,1.0,1.0,,0.0,2010-06-07 12:29:47,
226152301010661,2003,54,83,3671.0,367,1,1,2003,762.0,0.0,0.0,0.0,0.0,0.0,0.0,0.0,30.0,0.0,0.0,0.0,1967,1.0,0,5.0,1.0,1.0,,0.0,2010-06-07 12:29:48,
226152302010661,2003,54,83,3671.0,367,1,1,2003,915.0,0.0,0.0,0.0,0.0,0.0,0.0,0.0,30.0,0.0,0.0,0.0,1967,1.0,0,5.0,1.0,1.0,,0.0,2010-06-07 12:29:48,
226152313010661,2003,54,83,13951.0,1395,1,1,2003,621.0,0.0,0.0,0.0,0.0,0.0,0.0,0.0,30.0,0.0,0.0,0.0,2810,1.0,295,1.0,1.0,1.0,,0.0,2010-06-07 12:29:51,
226152314010661,2003,54,83,13951.0,1395,1,1,2003,761.0,0.0,0.0,0.0,0.0,0.0,0.0,0.0,30.0,0.0,0.0,0.0,2810,1.0,295,1.0,1.0,1.0,,0.0,2010-06-07 12:29:51,
226152315010661,2003,54,83,13951.0,1395,1,1,2003,915.0,0.0,0.0,0.0,0.0,0.0,0.0,0.0,30.0,0.0,0.0,0.0,2810,1.0,295,1.0,1.0,1.0,,0.0,2010-06-07 12:29:52,
226152607010661,2003,54,85,5651.0,565,1,1,2003,366.0,0.0,0.0,0.0,0.0,0.0,0.0,0.0,30.0,0.0,0.0,0.0,827,1.0,0,1.0,1.0,1.0,,0.0,2010-06-07 12:31:31,
226152608010661,2003,54,85,5651.0,565,1,1,2003,541.0,0.0,0.0,0.0,0.0,0.0,0.0,0.0,30.0,0.0,0.0,0.0,827,1.0,0,1.0,1.0,1.0,,0.0,2010-06-07 12:31:31,
226152609010661,2003,54,85,5651.0,565,1,1,2003,762.0,0.38,0.16,0.30666667,0.16,0.035,0.11833333,3.0,30.0,0.1,0.03323333,0.00332333,827,1.0,0,1.0,1.0,1.0,,0.0,2010-06-07 12:31:31,
226152326010661,2003,54,87,6961.0,696,1,2,2003,541.0,0.0,0.0,0.0,0.0,0.0,0.0,0.0,22.0,0.0,0.0,0.0,768,1.0,0,3.0,1.0,1.0,,0.0,2010-06-07 12:29:54,2010-09-07 12:21:23
226152327010661,2003,54,87,6961.0,696,1,2,2003,621.0,0.0,0.0,0.0,0.0,0.0,0.0,0.0,30.0,0.0,0.0,0.0,768,1.0,0,3.0,1.0,1.0,,0.0,2010-06-07 12:29:55,2010-09-07 12:21:23
226152328010661,2003,54,87,6961.0,696,1,2,2003,915.0,0.0,0.0,0.0,0.0,0.0,0.0,0.0,30.0,0.0,0.0,0.0,768,1.0,0,3.0,1.0,1.0,,0.0,2010-06-07 12:29:55,2010-09-07 12:21:23
226152588010661,2003,54,91,6911.0,691,1,1,2003,541.0,0.0,0.0,0.0,0.0,0.0,0.0,0.0,30.0,0.0,0.0,0.0,1241,1.0,343,3.0,1.0,1.0,,0.0,2010-06-07 12:31:25,
226152589010661,2003,54,91,6911.0,691,1,1,2003,621.0,0.0,0.0,0.0,0.0,0.0,0.0,0.0,30.0,0.0,0.0,0.0,1241,1.0,343,3.0,1.0,1.0,,0.0,2010-06-07 12:31:25,
226152590010661,2003,54,91,6911.0,691,1,1,2003,915.0,0.0,0.0,0.0,0.0,0.0,0.0,0.0,30.0,0.0,0.0,0.0,1241,1.0,343,3.0,1.0,1.0,,0.0,2010-06-07 12:31:26,
226152572010661,2003,54,93,4281.0,428,1,2,2003,365.0,0.16,0.035,0.07666667,0.38,0.035,0.15,3.0,30.0,0.1,0.02108333,0.00210833,3099,1.0,0,4.0,1.0,1.0,,0.0,2010-06-07 12:31:20,2010-09-07 12:21:18
226152573010661,2003,54,93,4281.0,428,1,2,2003,366.0,0.16,0.035,0.0975,0.16,0.035,0.0975,6.0,30.0,0.2,0.01080833,0.00216167,3099,1.0,0,4.0,1.0,1.0,,0.0,2010-06-07 12:31:21,2010-09-07 12:21:18
226152574010661,2003,54,93,4281.0,428,1,2,2003,762.0,0.38,0.16,0.30666667,0.38,0.035,0.19166667,3.0,30.0,0.1,0.07026667,0.00702667,3099,1.0,0,4.0,1.0,1.0,,0.0,2010-06-07 12:31:21,2010-09-07 12:21:18
226152615010661,2003,54,95,13001.0,1300,1,1,2003,365.0,0.16,0.16,0.16,0.16,0.16,0.16,1.0,30.0,0.03333333,0.0256,0.00085333,1080,1.0,0,1.0,1.0,1.0,,0.0,2010-06-07 12:31:33,
226152616010661,2003,54,95,13001.0,1300,1,1,2003,366.0,0.0,0.0,0.0,0.0,0.0,0.0,0.0,30.0,0.0,0.0,0.0,1080,1.0,0,1.0,1.0,1.0,,0.0,2010-06-07 12:31:33,
226152617010661,2003,54,95,13001.0,1300,1,1,2003,915.0,0.0,0.0,0.0,0.0,0.0,0.0,0.0,29.0,0.0,0.0,0.0,1080,1.0,0,1.0,1.0,1.0,,0.0,2010-06-07 12:31:33,
226152143010661,2003,54,99,15581.0,1558,1,1,2003,365.0,0.0,0.0,0.0,0.0,0.0,0.0,0.0,30.0,0.0,0.0,0.0,600,1.0,0,4.0,1.0,1.0,,0.0,2010-06-07 12:29:00,
226152144010661,2003,54,99,15581.0,1558,1,1,2003,366.0,0.0,0.0,0.0,0.0,0.0,0.0,0.0,30.0,0.0,0.0,0.0,600,1.0,0,4.0,1.0,1.0,,0.0,2010-06-07 12:29:01,
226152145010661,2003,54,99,15581.0,1558,1,1,2003,541.0,0.0,0.0,0.0,0.0,0.0,0.0,0.0,30.0,0.0,0.0,0.0,600,1.0,0,4.0,1.0,1.0,,0.0,2010-06-07 12:29:01,
226152304010661,2003,54,101,13731.0,1373,1,1,2003,365.0,0.035,0.035,0.035,0.16,0.16,0.16,1.0,30.0,0.03333333,0.0056,0.00018667,1836,1.0,0,4.0,1.0,1.0,,0.0,2010-06-07 12:29:48,
226152305010661,2003,54,101,13731.0,1373,1,1,2003,366.0,0.0,0.0,0.0,0.0,0.0,0.0,0.0,30.0,0.0,0.0,0.0,1836,1.0,0,4.0,1.0,1.0,,0.0,2010-06-07 12:29:49,
226152306010661,2003,54,101,13731.0,1373,1,1,2003,762.0,0.0,0.0,0.0,0.0,0.0,0.0,0.0,30.0,0.0,0.0,0.0,1836,1.0,0,4.0,1.0,1.0,,0.0,2010-06-07 12:29:49,
226152193010661,2003,54,109,15391.0,1539,1,1,2003,621.0,0.0,0.0,0.0,0.0,0.0,0.0,0.0,30.0,0.0,0.0,0.0,1440,1.0,248,1.0,1.0,1.0,,0.0,2010-06-07 12:29:14,
226152194010661,2003,54,109,15391.0,1539,1,1,2003,915.0,0.0,0.0,0.0,0.0,0.0,0.0,0.0,30.0,0.0,0.0,0.0,1440,1.0,248,1.0,1.0,1.0,,0.0,2010-06-07 12:29:14,
226152195010661,2003,54,109,15391.0,1539,1,1,2003,931.0,0.0,0.0,0.0,0.0,0.0,0.0,0.0,23.0,0.0,0.0,0.0,1440,1.0,248,1.0,1.0,1.0,,0.0,2010-06-07 12:29:15,
226155143010661,2004,54,5,251.0,25,1,1,2004,541.0,0.0,0.0,0.0,0.0,0.0,0.0,0.0,30.0,0.0,0.0,0.0,888,1.0,0,1.0,1.0,1.0,,0.0,2010-06-07 12:46:39,
226155144010661,2004,54,5,251.0,25,1,1,2004,621.0,0.0,0.0,0.0,0.0,0.0,0.0,0.0,20.0,0.0,0.0,0.0,888,1.0,0,1.0,1.0,1.0,,0.0,2010-06-07 12:46:40,
226155145010661,2004,54,5,251.0,25,1,1,2004,915.0,0.0,0.0,0.0,0.0,0.0,0.0,0.0,30.0,0.0,0.0,0.0,888,1.0,0,1.0,1.0,1.0,,0.0,2010-06-07 12:46:40,
226155129010661,2004,54,7,8631.0,863,1,1,2004,541.0,0.0,0.0,0.0,0.0,0.0,0.0,0.0,30.0,0.0,0.0,0.0,1300,1.0,5,1.0,1.0,1.0,,0.0,2010-06-07 12:46:36,
226155130010661,2004,54,7,8631.0,863,1,1,2004,621.0,0.0,0.0,0.0,0.0,0.0,0.0,0.0,30.0,0.0,0.0,0.0,1300,1.0,5,1.0,1.0,1.0,,0.0,2010-06-07 12:46:36,
226155131010661,2004,54,7,8631.0,863,1,1,2004,915.0,0.0,0.0,0.0,0.0,0.0,0.0,0.0,30.0,0.0,0.0,0.0,1300,1.0,5,1.0,1.0,1.0,,0.0,2010-06-07 12:46:36,
226155158010661,2004,54,11,8451.0,845,1,1,2004,365.0,0.0,0.0,0.0,0.0,0.0,0.0,0.0,30.0,0.0,0.0,0.0,1075,1.0,214,1.0,1.0,1.0,,0.0,2010-06-07 12:46:43,
226155159010661,2004,54,11,8451.0,845,1,1,2004,541.0,0.0,0.0,0.0,0.0,0.0,0.0,0.0,10.0,0.0,0.0,0.0,1075,1.0,214,1.0,1.0,1.0,,0.0,2010-06-07 12:46:44,
226155160010661,2004,54,11,8451.0,845,1,1,2004,915.0,0.0,0.0,0.0,0.0,0.0,0.0,0.0,30.0,0.0,0.0,0.0,1075,1.0,214,1.0,1.0,1.0,,0.0,2010-06-07 12:46:44,
226155161010661,2004,54,11,8451.0,845,1,1,2004,931.0,0.0,0.0,0.0,0.0,0.0,0.0,0.0,30.0,0.0,0.0,0.0,1075,1.0,214,1.0,1.0,1.0,,0.0,2010-06-07 12:46:45,
226155163010661,2004,54,11,12261.0,1226,1,1,2004,365.0,0.0,0.0,0.0,0.0,0.0,0.0,0.0,30.0,0.0,0.0,0.0,546,1.0,0,5.0,1.0,1.0,,0.0,2010-06-07 12:46:45,
226155164010661,2004,54,11,12261.0,1226,1,1,2004,541.0,0.0,0.0,0.0,0.0,0.0,0.0,0.0,30.0,0.0,0.0,0.0,546,1.0,0,5.0,1.0,1.0,,0.0,2010-06-07 12:46:45,
226155165010661,2004,54,11,12261.0,1226,1,1,2004,915.0,0.0,0.0,0.0,0.0,0.0,0.0,0.0,30.0,0.0,0.0,0.0,546,1.0,0,5.0,1.0,1.0,,0.0,2010-06-07 12:46:46,
226155015010661,2004,54,19,12431.0,1243,1,2,2004,365.0,0.0,0.0,0.0,0.0,0.0,0.0,0.0,30.0,0.0,0.0,0.0,1869,2.0,174,3.0,1.0,1.0,,0.0,2010-06-07 12:46:04,2010-09-07 12:21:25
226155016010661,2004,54,19,12431.0,1243,1,2,2004,366.0,0.0,0.0,0.0,0.0,0.0,0.0,0.0,30.0,0.0,0.0,0.0,1869,2.0,174,3.0,1.0,1.0,,0.0,2010-06-07 12:46:04,2010-09-07 12:21:25
226155017010661,2004,54,19,12431.0,1243,1,2,2004,915.0,0.0,0.0,0.0,0.0,0.0,0.0,0.0,30.0,0.0,0.0,0.0,1869,2.0,174,3.0,1.0,1.0,,0.0,2010-06-07 12:46:04,2010-09-07 12:21:25
226155000010661,2004,54,25,8201.0,820,1,1,2004,365.0,0.0,0.0,0.0,0.0,0.0,0.0,0.0,19.0,0.0,0.0,0.0,3073,1.0,220,1.0,1.0,1.0,,0.0,2010-06-07 12:45:59,
226155001010661,2004,54,25,8201.0,820,1,1,2004,541.0,0.0,0.0,0.0,0.0,0.0,0.0,0.0,30.0,0.0,0.0,0.0,3073,1.0,220,1.0,1.0,1.0,,0.0,2010-06-07 12:46:00,
226155002010661,2004,54,25,8201.0,820,1,1,2004,621.0,0.0,0.0,0.0,0.0,0.0,0.0,0.0,11.0,0.0,0.0,0.0,3073,1.0,220,1.0,1.0,1.0,,0.0,2010-06-07 12:46:00,
226155003010661,2004,54,25,8201.0,820,1,1,2004,915.0,0.0,0.0,0.0,0.0,0.0,0.0,0.0,30.0,0.0,0.0,0.0,3073,1.0,220,1.0,1.0,1.0,,0.0,2010-06-07 12:46:00,
226155004010661,2004,54,25,8201.0,820,1,1,2004,931.0,0.0,0.0,0.0,0.0,0.0,0.0,0.0,30.0,0.0,0.0,0.0,3073,1.0,220,1.0,1.0,1.0,,0.0,2010-06-07 12:46:01,
226155399010661,2004,54,31,5341.0,534,1,2,2004,365.0,0.0,0.0,0.0,0.0,0.0,0.0,0.0,30.0,0.0,0.0,0.0,980,2.0,0,4.0,1.0,1.0,,0.0,2010-06-07 12:47:55,2010-09-07 12:21:24
226155400010661,2004,54,31,5341.0,534,1,2,2004,366.0,0.0,0.0,0.0,0.0,0.0,0.0,0.0,30.0,0.0,0.0,0.0,980,2.0,0,4.0,1.0,1.0,,0.0,2010-06-07 12:47:55,2010-09-07 12:21:24
226155401010661,2004,54,31,5341.0,534,1,2,2004,762.0,0.0,0.0,0.0,0.0,0.0,0.0,0.0,30.0,0.0,0.0,0.0,980,2.0,0,4.0,1.0,1.0,,0.0,2010-06-07 12:47:56,2010-09-07 12:21:24
226155112010661,2004,54,31,13651.0,1365,1,1,2004,365.0,0.0,0.0,0.0,0.0,0.0,0.0,0.0,30.0,0.0,0.0,0.0,877,1.0,0,4.0,1.0,1.0,,0.0,2010-06-07 12:46:31,
226155113010661,2004,54,31,13651.0,1365,1,1,2004,366.0,0.0,0.0,0.0,0.0,0.0,0.0,0.0,30.0,0.0,0.0,0.0,877,1.0,0,4.0,1.0,1.0,,0.0,2010-06-07 12:46:31,
226155114010661,2004,54,31,13651.0,1365,1,1,2004,915.0,0.0,0.0,0.0,0.0,0.0,0.0,0.0,30.0,0.0,0.0,0.0,877,1.0,0,4.0,1.0,1.0,,0.0,2010-06-07 12:46:31,
226154957010661,2004,54,41,13521.0,1352,1,1,2004,365.0,0.88,0.035,0.35076923,0.63,0.035,0.39153846,13.0,30.0,0.43333333,0.17785769,0.07707167,1120,1.0,180,3.0,1.0,1.0,,2.0,2010-06-07 12:45:45,
226154958010661,2004,54,41,13521.0,1352,1,1,2004,366.0,0.0,0.0,0.0,0.0,0.0,0.0,0.0,30.0,0.0,0.0,0.0,1120,1.0,180,3.0,1.0,1.0,,2.0,2010-06-07 12:45:46,
226154959010661,2004,54,41,13521.0,1352,1,1,2004,762.0,0.0,0.0,0.0,0.0,0.0,0.0,0.0,30.0,0.0,0.0,0.0,1120,1.0,180,3.0,1.0,1.0,,2.0,2010-06-07 12:45:46,
226154960010661,2004,54,41,13521.0,1352,1,1,2004,915.0,0.035,0.035,0.035,0.63,0.63,0.63,1.0,30.0,0.03333333,0.02205,0.000735,1120,1.0,180,3.0,1.0,1.0,,2.0,2010-06-07 12:45:46,
226155431010661,2004,54,41,14241.0,1424,1,1,2004,621.0,0.0,0.0,0.0,0.0,0.0,0.0,0.0,30.0,0.0,0.0,0.0,1139,1.0,94,3.0,1.0,1.0,,0.0,2010-06-07 12:48:04,
226155432010661,2004,54,41,14241.0,1424,1,1,2004,762.0,0.0,0.0,0.0,0.0,0.0,0.0,0.0,20.0,0.0,0.0,0.0,1139,1.0,94,3.0,1.0,1.0,,0.0,2010-06-07 12:48:05,
226155433010661,2004,54,41,14241.0,1424,1,1,2004,915.0,0.0,0.0,0.0,0.0,0.0,0.0,0.0,30.0,0.0,0.0,0.0,1139,1.0,94,3.0,1.0,1.0,,0.0,2010-06-07 12:48:05,
226154995010661,2004,54,55,51.0,5,1,1,2004,365.0,0.0,0.0,0.0,0.0,0.0,0.0,0.0,19.0,0.0,0.0,0.0,2520,2.0,90,1.0,1.0,1.0,,0.0,2010-06-07 12:45:58,
226154996010661,2004,54,55,51.0,5,1,1,2004,366.0,0.0,0.0,0.0,0.0,0.0,0.0,0.0,30.0,0.0,0.0,0.0,2520,2.0,90,1.0,1.0,1.0,,0.0,2010-06-07 12:45:58,
226154997010661,2004,54,55,51.0,5,1,1,2004,621.0,0.0,0.0,0.0,0.0,0.0,0.0,0.0,30.0,0.0,0.0,0.0,2520,2.0,90,1.0,1.0,1.0,,0.0,2010-06-07 12:45:59,
226154998010661,2004,54,55,51.0,5,1,1,2004,915.0,0.0,0.0,0.0,0.0,0.0,0.0,0.0,30.0,0.0,0.0,0.0,2520,2.0,90,1.0,1.0,1.0,,0.0,2010-06-07 12:45:59,
226155011010661,2004,54,59,1741.0,174,1,1,2004,366.0,0.0,0.0,0.0,0.0,0.0,0.0,0.0,30.0,0.0,0.0,0.0,976,2.0,156,2.0,2.0,1.0,,0.0,2010-06-07 12:46:02,
226155012010661,2004,54,59,1741.0,174,1,1,2004,621.0,0.0,0.0,0.0,0.0,0.0,0.0,0.0,30.0,0.0,0.0,0.0,976,2.0,156,2.0,2.0,1.0,,0.0,2010-06-07 12:46:03,
226155013010661,2004,54,59,1741.0,174,1,1,2004,915.0,0.0,0.0,0.0,0.0,0.0,0.0,0.0,30.0,0.0,0.0,0.0,976,2.0,156,2.0,2.0,1.0,,0.0,2010-06-07 12:46:03,
226155435010661,2004,54,61,811.0,81,1,1,2004,366.0,0.0,0.0,0.0,0.0,0.0,0.0,0.0,30.0,0.0,0.0,0.0,1082,1.0,332,3.0,1.0,1.0,,0.0,2010-06-07 12:48:06,
226155436010661,2004,54,61,811.0,81,1,1,2004,541.0,0.0,0.0,0.0,0.0,0.0,0.0,0.0,13.0,0.0,0.0,0.0,1082,1.0,332,3.0,1.0,1.0,,0.0,2010-06-07 12:48:06,
226155437010661,2004,54,61,811.0,81,1,1,2004,762.0,0.0,0.0,0.0,0.0,0.0,0.0,0.0,30.0,0.0,0.0,0.0,1082,1.0,332,3.0,1.0,1.0,,0.0,2010-06-07 12:48:06,
226155438010661,2004,54,61,811.0,81,1,1,2004,915.0,0.0,0.0,0.0,0.0,0.0,0.0,0.0,30.0,0.0,0.0,0.0,1082,1.0,332,3.0,1.0,1.0,,0.0,2010-06-07 12:48:07,
226155421010661,2004,54,61,8351.0,835,1,1,2004,365.0,0.63,0.16,0.31666667,0.88,0.16,0.64,3.0,30.0,0.1,0.24026667,0.02402667,2524,1.0,314,1.0,1.0,1.0,,0.0,2010-06-07 12:48:02,
226155422010661,2004,54,61,8351.0,835,1,1,2004,366.0,0.88,0.16,0.64,0.38,0.16,0.23333333,3.0,30.0,0.1,0.16693333,0.01669333,2524,1.0,314,1.0,1.0,1.0,,0.0,2010-06-07 12:48:02,
226155423010661,2004,54,61,8351.0,835,1,1,2004,762.0,0.88,0.16,0.304,0.16,0.16,0.16,5.0,30.0,0.16666667,0.04864,0.00810667,2524,1.0,314,1.0,1.0,1.0,,0.0,2010-06-07 12:48:02,
226155403010661,2004,54,65,521.0,52,1,1,2004,365.0,0.88,0.035,0.41264706,0.63,0.035,0.26529412,17.0,30.0,0.56666667,0.14386618,0.08152417,869,2.0,45,3.0,1.0,1.0,,0.0,2010-06-07 12:47:57,
226155404010661,2004,54,65,521.0,52,1,1,2004,541.0,0.0,0.0,0.0,0.0,0.0,0.0,0.0,30.0,0.0,0.0,0.0,869,2.0,45,3.0,1.0,1.0,,0.0,2010-06-07 12:47:57,
226155405010661,2004,54,65,521.0,52,1,1,2004,762.0,0.0,0.0,0.0,0.0,0.0,0.0,0.0,26.0,0.0,0.0,0.0,869,2.0,45,3.0,1.0,1.0,,0.0,2010-06-07 12:47:57,
226155138010661,2004,54,67,3711.0,371,1,1,2004,365.0,0.0,0.0,0.0,0.0,0.0,0.0,0.0,30.0,0.0,0.0,0.0,1916,1.0,10,1.0,1.0,1.0,,0.0,2010-06-07 12:46:38,
226155139010661,2004,54,67,3711.0,371,1,1,2004,366.0,0.0,0.0,0.0,0.0,0.0,0.0,0.0,30.0,0.0,0.0,0.0,1916,1.0,10,1.0,1.0,1.0,,0.0,2010-06-07 12:46:38,
226155140010661,2004,54,67,3711.0,371,1,1,2004,621.0,0.0,0.0,0.0,0.0,0.0,0.0,0.0,30.0,0.0,0.0,0.0,1916,1.0,10,1.0,1.0,1.0,,0.0,2010-06-07 12:46:39,
226155141010661,2004,54,67,3711.0,371,1,1,2004,915.0,0.0,0.0,0.0,0.0,0.0,0.0,0.0,30.0,0.0,0.0,0.0,1916,1.0,10,1.0,1.0,1.0,,0.0,2010-06-07 12:46:39,
226155116010661,2004,54,75,3361.0,336,1,1,2004,365.0,0.0,0.0,0.0,0.0,0.0,0.0,0.0,30.0,0.0,0.0,0.0,4015,1.0,0,1.0,1.0,1.0,,0.0,2010-06-07 12:46:32,
226155117010661,2004,54,75,3361.0,336,1,1,2004,762.0,0.0,0.0,0.0,0.0,0.0,0.0,0.0,30.0,0.0,0.0,0.0,4015,1.0,0,1.0,1.0,1.0,,0.0,2010-06-07 12:46:32,
226155118010661,2004,54,75,3361.0,336,1,1,2004,915.0,0.0,0.0,0.0,0.0,0.0,0.0,0.0,30.0,0.0,0.0,0.0,4015,1.0,0,1.0,1.0,1.0,,0.0,2010-06-07 12:46:33,
226155120010661,2004,54,83,3671.0,367,1,1,2004,365.0,0.0,0.0,0.0,0.0,0.0,0.0,0.0,30.0,0.0,0.0,0.0,1967,2.0,0,3.0,1.0,1.0,,0.0,2010-06-07 12:46:33,
226155121010661,2004,54,83,3671.0,367,1,1,2004,366.0,0.0,0.0,0.0,0.0,0.0,0.0,0.0,30.0,0.0,0.0,0.0,1967,2.0,0,3.0,1.0,1.0,,0.0,2010-06-07 12:46:33,
226155122010661,2004,54,83,3671.0,367,1,1,2004,762.0,0.0,0.0,0.0,0.0,0.0,0.0,0.0,30.0,0.0,0.0,0.0,1967,2.0,0,3.0,1.0,1.0,,0.0,2010-06-07 12:46:34,
226155123010661,2004,54,83,3671.0,367,1,1,2004,915.0,0.0,0.0,0.0,0.0,0.0,0.0,0.0,30.0,0.0,0.0,0.0,1967,2.0,0,3.0,1.0,1.0,,0.0,2010-06-07 12:46:34,
226155133010661,2004,54,83,13951.0,1395,1,1,2004,621.0,0.0,0.0,0.0,0.0,0.0,0.0,0.0,30.0,0.0,0.0,0.0,2810,1.0,300,1.0,2.0,1.0,,0.0,2010-06-07 12:46:37,
226155134010661,2004,54,83,13951.0,1395,1,1,2004,761.0,0.0,0.0,0.0,0.0,0.0,0.0,0.0,30.0,0.0,0.0,0.0,2810,1.0,300,1.0,2.0,1.0,,0.0,2010-06-07 12:46:37,
226155135010661,2004,54,83,13951.0,1395,1,1,2004,762.0,0.0,0.0,0.0,0.0,0.0,0.0,0.0,24.0,0.0,0.0,0.0,2810,1.0,300,1.0,2.0,1.0,,0.0,2010-06-07 12:46:38,
226155136010661,2004,54,83,13951.0,1395,1,1,2004,915.0,0.0,0.0,0.0,0.0,0.0,0.0,0.0,30.0,0.0,0.0,0.0,2810,1.0,300,1.0,2.0,1.0,,0.0,2010-06-07 12:46:38,
226155445010661,2004,54,85,5651.0,565,1,1,2004,366.0,0.0,0.0,0.0,0.0,0.0,0.0,0.0,30.0,0.0,0.0,0.0,827,1.0,98,2.0,1.0,1.0,,0.0,2010-06-07 12:48:09,
226155446010661,2004,54,85,5651.0,565,1,1,2004,541.0,0.0,0.0,0.0,0.0,0.0,0.0,0.0,30.0,0.0,0.0,0.0,827,1.0,98,2.0,1.0,1.0,,0.0,2010-06-07 12:48:09,
226155447010661,2004,54,85,5651.0,565,1,1,2004,915.0,0.0,0.0,0.0,0.0,0.0,0.0,0.0,30.0,0.0,0.0,0.0,827,1.0,98,2.0,1.0,1.0,,0.0,2010-06-07 12:48:09,
226155147010661,2004,54,87,6961.0,696,1,2,2004,366.0,0.0,0.0,0.0,0.0,0.0,0.0,0.0,30.0,0.0,0.0,0.0,768,2.0,313,1.0,1.0,1.0,,0.0,2010-06-07 12:46:40,2010-09-07 12:21:24
226155148010661,2004,54,87,6961.0,696,1,2,2004,541.0,0.0,0.0,0.0,0.0,0.0,0.0,0.0,18.0,0.0,0.0,0.0,768,2.0,313,1.0,1.0,1.0,,0.0,2010-06-07 12:46:41,2010-09-07 12:21:24
226155149010661,2004,54,87,6961.0,696,1,2,2004,621.0,0.0,0.0,0.0,0.0,0.0,0.0,0.0,30.0,0.0,0.0,0.0,768,2.0,313,1.0,1.0,1.0,,0.0,2010-06-07 12:46:41,2010-09-07 12:21:24
226155150010661,2004,54,87,6961.0,696,1,2,2004,915.0,0.0,0.0,0.0,0.0,0.0,0.0,0.0,30.0,0.0,0.0,0.0,768,2.0,313,1.0,1.0,1.0,,0.0,2010-06-07 12:46:41,2010-09-07 12:21:24
226155425010661,2004,54,91,6911.0,691,1,1,2004,366.0,0.0,0.0,0.0,0.0,0.0,0.0,0.0,30.0,0.0,0.0,0.0,1229,2.0,3,3.0,1.0,1.0,,0.0,2010-06-07 12:48:03,
226155426010661,2004,54,91,6911.0,691,1,1,2004,541.0,0.0,0.0,0.0,0.0,0.0,0.0,0.0,25.0,0.0,0.0,0.0,1229,2.0,3,3.0,1.0,1.0,,0.0,2010-06-07 12:48:03,
226155427010661,2004,54,91,6911.0,691,1,1,2004,621.0,0.0,0.0,0.0,0.0,0.0,0.0,0.0,27.0,0.0,0.0,0.0,1229,2.0,3,3.0,1.0,1.0,,0.0,2010-06-07 12:48:03,
226155428010661,2004,54,91,6911.0,691,1,1,2004,762.0,0.0,0.0,0.0,0.0,0.0,0.0,0.0,10.0,0.0,0.0,0.0,1229,2.0,3,3.0,1.0,1.0,,0.0,2010-06-07 12:48:04,
226155429010661,2004,54,91,6911.0,691,1,1,2004,915.0,0.0,0.0,0.0,0.0,0.0,0.0,0.0,20.0,0.0,0.0,0.0,1229,2.0,3,3.0,1.0,1.0,,0.0,2010-06-07 12:48:04,
226155411010661,2004,54,93,4281.0,428,1,2,2004,365.0,0.38,0.035,0.23875,0.035,0.035,0.035,4.0,30.0,0.13333333,0.00835625,0.00111417,3064,1.0,0,4.0,1.0,1.0,,0.0,2010-06-07 12:47:59,2010-09-07 12:21:24
226155412010661,2004,54,93,4281.0,428,1,2,2004,762.0,0.0,0.0,0.0,0.0,0.0,0.0,0.0,30.0,0.0,0.0,0.0,3064,1.0,0,4.0,1.0,1.0,,0.0,2010-06-07 12:47:59,2010-09-07 12:21:24
226155414010661,2004,54,93,4282.0,428,2,2,2004,366.0,0.88,0.035,0.30382353,0.16,0.035,0.04235294,17.0,30.0,0.56666667,0.01710441,0.0096925,3164,1.0,227,1.0,2.0,1.0,,0.0,2010-06-07 12:48:00,2010-09-07 12:21:24
226155454010661,2004,54,95,13001.0,1300,1,1,2004,366.0,0.0,0.0,0.0,0.0,0.0,0.0,0.0,30.0,0.0,0.0,0.0,1168,1.0,245,1.0,1.0,1.0,,0.0,2010-06-07 12:48:12,
226155455010661,2004,54,95,13001.0,1300,1,1,2004,541.0,0.0,0.0,0.0,0.0,0.0,0.0,0.0,30.0,0.0,0.0,0.0,1168,1.0,245,1.0,1.0,1.0,,0.0,2010-06-07 12:48:12,
226155456010661,2004,54,95,13001.0,1300,1,1,2004,915.0,0.0,0.0,0.0,0.0,0.0,0.0,0.0,30.0,0.0,0.0,0.0,1168,1.0,245,1.0,1.0,1.0,,0.0,2010-06-07 12:48:12,
226154953010661,2004,54,99,15581.0,1558,1,1,2004,365.0,0.88,0.16,0.4,0.63,0.035,0.275,3.0,30.0,0.1,0.1952,0.01952,620,1.0,250,4.0,1.0,1.0,,2.0,2010-06-07 12:45:45,
226154954010661,2004,54,99,15581.0,1558,1,1,2004,366.0,0.0,0.0,0.0,0.0,0.0,0.0,0.0,30.0,0.0,0.0,0.0,620,1.0,250,4.0,1.0,1.0,,2.0,2010-06-07 12:45:45,
226154955010661,2004,54,99,15581.0,1558,1,1,2004,541.0,0.0,0.0,0.0,0.0,0.0,0.0,0.0,30.0,0.0,0.0,0.0,620,1.0,250,4.0,1.0,1.0,,2.0,2010-06-07 12:45:45,
226155125010661,2004,54,101,13731.0,1373,1,1,2004,365.0,0.0,0.0,0.0,0.0,0.0,0.0,0.0,30.0,0.0,0.0,0.0,1874,2.0,0,4.0,1.0,1.0,,0.0,2010-06-07 12:46:34,
226155126010661,2004,54,101,13731.0,1373,1,1,2004,366.0,0.0,0.0,0.0,0.0,0.0,0.0,0.0,21.0,0.0,0.0,0.0,1874,2.0,0,4.0,1.0,1.0,,0.0,2010-06-07 12:46:35,
226155127010661,2004,54,101,13731.0,1373,1,1,2004,915.0,0.0,0.0,0.0,0.0,0.0,0.0,0.0,30.0,0.0,0.0,0.0,1874,2.0,0,4.0,1.0,1.0,,0.0,2010-06-07 12:46:35,
226155006010661,2004,54,109,15391.0,1539,1,1,2004,365.0,0.0,0.0,0.0,0.0,0.0,0.0,0.0,17.0,0.0,0.0,0.0,1440,1.0,180,2.0,1.0,1.0,,0.0,2010-06-07 12:46:01,
226155007010661,2004,54,109,15391.0,1539,1,1,2004,366.0,0.0,0.0,0.0,0.0,0.0,0.0,0.0,30.0,0.0,0.0,0.0,1440,1.0,180,2.0,1.0,1.0,,0.0,2010-06-07 12:46:01,
226155008010661,2004,54,109,15391.0,1539,1,1,2004,621.0,0.0,0.0,0.0,0.0,0.0,0.0,0.0,30.0,0.0,0.0,0.0,1440,1.0,180,2.0,1.0,1.0,,0.0,2010-06-07 12:46:02,
226155009010661,2004,54,109,15391.0,1539,1,1,2004,915.0,0.0,0.0,0.0,0.0,0.0,0.0,0.0,30.0,0.0,0.0,0.0,1440,1.0,180,2.0,1.0,1.0,,0.0,2010-06-07 12:46:02,
226157961010661,2005,54,5,251.0,25,1,1,2005,366.0,0.0,0.0,0.0,0.0,0.0,0.0,0.0,30.0,0.0,0.0,0.0,890,1.0,0,1.0,1.0,1.0,,0.0,2010-06-07 12:58:50,
226157962010661,2005,54,5,251.0,25,1,1,2005,541.0,0.0,0.0,0.0,0.0,0.0,0.0,0.0,16.0,0.0,0.0,0.0,890,1.0,0,1.0,1.0,1.0,,0.0,2010-06-07 12:58:50,
226157963010661,2005,54,5,251.0,25,1,1,2005,621.0,0.0,0.0,0.0,0.0,0.0,0.0,0.0,30.0,0.0,0.0,0.0,890,1.0,0,1.0,1.0,1.0,,0.0,2010-06-07 12:58:50,
226157964010661,2005,54,5,251.0,25,1,1,2005,915.0,0.0,0.0,0.0,0.0,0.0,0.0,0.0,30.0,0.0,0.0,0.0,890,1.0,0,1.0,1.0,1.0,,0.0,2010-06-07 12:58:51,
226157947010661,2005,54,7,8631.0,863,1,1,2005,365.0,0.0,0.0,0.0,0.0,0.0,0.0,0.0,12.0,0.0,0.0,0.0,1303,1.0,5,1.0,1.0,1.0,,0.0,2010-06-07 12:58:46,
226157948010661,2005,54,7,8631.0,863,1,1,2005,541.0,0.0,0.0,0.0,0.0,0.0,0.0,0.0,30.0,0.0,0.0,0.0,1303,1.0,5,1.0,1.0,1.0,,0.0,2010-06-07 12:58:46,
226157949010661,2005,54,7,8631.0,863,1,1,2005,621.0,0.0,0.0,0.0,0.0,0.0,0.0,0.0,30.0,0.0,0.0,0.0,1303,1.0,5,1.0,1.0,1.0,,0.0,2010-06-07 12:58:47,
226157950010661,2005,54,7,8631.0,863,1,1,2005,915.0,0.0,0.0,0.0,0.0,0.0,0.0,0.0,30.0,0.0,0.0,0.0,1303,1.0,5,1.0,1.0,1.0,,0.0,2010-06-07 12:58:47,
226157974010661,2005,54,11,8451.0,845,1,1,2005,365.0,0.0,0.0,0.0,0.0,0.0,0.0,0.0,30.0,0.0,0.0,0.0,1098,1.0,211,1.0,1.0,1.0,,0.0,2010-06-07 12:58:53,
226157975010661,2005,54,11,8451.0,845,1,1,2005,366.0,0.0,0.0,0.0,0.0,0.0,0.0,0.0,12.0,0.0,0.0,0.0,1098,1.0,211,1.0,1.0,1.0,,0.0,2010-06-07 12:58:53,
226157976010661,2005,54,11,8451.0,845,1,1,2005,541.0,0.0,0.0,0.0,0.0,0.0,0.0,0.0,27.0,0.0,0.0,0.0,1098,1.0,211,1.0,1.0,1.0,,0.0,2010-06-07 12:58:54,
226157977010661,2005,54,11,8451.0,845,1,1,2005,915.0,0.0,0.0,0.0,0.0,0.0,0.0,0.0,30.0,0.0,0.0,0.0,1098,1.0,211,1.0,1.0,1.0,,0.0,2010-06-07 12:58:54,
226157978010661,2005,54,11,8451.0,845,1,1,2005,931.0,0.0,0.0,0.0,0.0,0.0,0.0,0.0,30.0,0.0,0.0,0.0,1098,1.0,211,1.0,1.0,1.0,,0.0,2010-06-07 12:58:55,
226157980010661,2005,54,11,12261.0,1226,1,1,2005,365.0,0.0,0.0,0.0,0.0,0.0,0.0,0.0,30.0,0.0,0.0,0.0,540,1.0,0,5.0,1.0,2.0,,0.0,2010-06-07 12:58:55,
226157981010661,2005,54,11,12261.0,1226,1,1,2005,366.0,0.0,0.0,0.0,0.0,0.0,0.0,0.0,30.0,0.0,0.0,0.0,540,1.0,0,5.0,1.0,2.0,,0.0,2010-06-07 12:58:55,
226157982010661,2005,54,11,12261.0,1226,1,1,2005,541.0,0.0,0.0,0.0,0.0,0.0,0.0,0.0,30.0,0.0,0.0,0.0,540,1.0,0,5.0,1.0,2.0,,0.0,2010-06-07 12:58:55,
226157983010661,2005,54,11,12261.0,1226,1,1,2005,915.0,0.0,0.0,0.0,0.0,0.0,0.0,0.0,10.0,0.0,0.0,0.0,540,1.0,0,5.0,1.0,2.0,,0.0,2010-06-07 12:58:56,
226157827010661,2005,54,19,12431.0,1243,1,2,2005,365.0,0.0,0.0,0.0,0.0,0.0,0.0,0.0,30.0,0.0,0.0,0.0,1791,2.0,166,3.0,1.0,1.0,,0.0,2010-06-07 12:58:14,2010-09-07 12:21:27
226157828010661,2005,54,19,12431.0,1243,1,2,2005,366.0,0.0,0.0,0.0,0.0,0.0,0.0,0.0,30.0,0.0,0.0,0.0,1791,2.0,166,3.0,1.0,1.0,,0.0,2010-06-07 12:58:14,2010-09-07 12:21:27
226157829010661,2005,54,19,12431.0,1243,1,2,2005,915.0,0.0,0.0,0.0,0.0,0.0,0.0,0.0,30.0,0.0,0.0,0.0,1791,2.0,166,3.0,1.0,1.0,,0.0,2010-06-07 12:58:14,2010-09-07 12:21:27
226157812010661,2005,54,25,8201.0,820,1,1,2005,365.0,0.0,0.0,0.0,0.0,0.0,0.0,0.0,30.0,0.0,0.0,0.0,3069,1.0,214,1.0,1.0,1.0,,0.0,2010-06-07 12:58:10,
226157813010661,2005,54,25,8201.0,820,1,1,2005,541.0,0.0,0.0,0.0,0.0,0.0,0.0,0.0,10.0,0.0,0.0,0.0,3069,1.0,214,1.0,1.0,1.0,,0.0,2010-06-07 12:58:10,
226157814010661,2005,54,25,8201.0,820,1,1,2005,621.0,0.0,0.0,0.0,0.0,0.0,0.0,0.0,13.0,0.0,0.0,0.0,3069,1.0,214,1.0,1.0,1.0,,0.0,2010-06-07 12:58:10,
226157815010661,2005,54,25,8201.0,820,1,1,2005,915.0,0.0,0.0,0.0,0.0,0.0,0.0,0.0,30.0,0.0,0.0,0.0,3069,1.0,214,1.0,1.0,1.0,,0.0,2010-06-07 12:58:11,
226157816010661,2005,54,25,8201.0,820,1,1,2005,931.0,0.0,0.0,0.0,0.0,0.0,0.0,0.0,30.0,0.0,0.0,0.0,3069,1.0,214,1.0,1.0,1.0,,0.0,2010-06-07 12:58:11,
226158214010661,2005,54,31,5341.0,534,1,2,2005,365.0,0.0,0.0,0.0,0.0,0.0,0.0,0.0,30.0,0.0,0.0,0.0,950,2.0,0,4.0,1.0,1.0,,0.0,2010-06-07 13:00:02,2010-09-07 12:21:22
226158215010661,2005,54,31,5341.0,534,1,2,2005,366.0,0.0,0.0,0.0,0.0,0.0,0.0,0.0,30.0,0.0,0.0,0.0,950,2.0,0,4.0,1.0,1.0,,0.0,2010-06-07 13:00:03,2010-09-07 12:21:22
226158216010661,2005,54,31,5341.0,534,1,2,2005,762.0,0.0,0.0,0.0,0.0,0.0,0.0,0.0,30.0,0.0,0.0,0.0,950,2.0,0,4.0,1.0,1.0,,0.0,2010-06-07 13:00:03,2010-09-07 12:21:22
226158217010661,2005,54,31,5341.0,534,1,2,2005,915.0,0.0,0.0,0.0,0.0,0.0,0.0,0.0,30.0,0.0,0.0,0.0,950,2.0,0,4.0,1.0,1.0,,0.0,2010-06-07 13:00:04,2010-09-07 12:21:22
226157928010661,2005,54,31,13651.0,1365,1,1,2005,365.0,0.0,0.0,0.0,0.0,0.0,0.0,0.0,30.0,0.0,0.0,0.0,896,2.0,0,4.0,1.0,1.0,,0.0,2010-06-07 12:58:40,
226157929010661,2005,54,31,13651.0,1365,1,1,2005,366.0,0.0,0.0,0.0,0.0,0.0,0.0,0.0,30.0,0.0,0.0,0.0,896,2.0,0,4.0,1.0,1.0,,0.0,2010-06-07 12:58:41,
226157930010661,2005,54,31,13651.0,1365,1,1,2005,915.0,0.0,0.0,0.0,0.0,0.0,0.0,0.0,30.0,0.0,0.0,0.0,896,2.0,0,4.0,1.0,1.0,,0.0,2010-06-07 12:58:41,
226157765010661,2005,54,41,13521.0,1352,1,1,2005,365.0,0.0,0.0,0.0,0.0,0.0,0.0,0.0,30.0,0.0,0.0,0.0,1120,1.0,180,3.0,1.0,1.0,,2.0,2010-06-07 12:57:55,
226157766010661,2005,54,41,13521.0,1352,1,1,2005,366.0,0.0,0.0,0.0,0.0,0.0,0.0,0.0,30.0,0.0,0.0,0.0,1120,1.0,180,3.0,1.0,1.0,,2.0,2010-06-07 12:57:56,
226157767010661,2005,54,41,13521.0,1352,1,1,2005,762.0,0.0,0.0,0.0,0.0,0.0,0.0,0.0,30.0,0.0,0.0,0.0,1120,1.0,180,3.0,1.0,1.0,,2.0,2010-06-07 12:57:56,
226157768010661,2005,54,41,13521.0,1352,1,1,2005,915.0,0.0,0.0,0.0,0.0,0.0,0.0,0.0,30.0,0.0,0.0,0.0,1120,1.0,180,3.0,1.0,1.0,,2.0,2010-06-07 12:57:56,
226158251010661,2005,54,41,14241.0,1424,1,1,2005,365.0,0.38,0.035,0.104,0.16,0.035,0.11,5.0,30.0,0.16666667,0.01489,0.00248167,1010,1.0,92,3.0,1.0,1.0,,0.0,2010-06-07 13:00:14,
226158252010661,2005,54,41,14241.0,1424,1,1,2005,366.0,0.0,0.0,0.0,0.0,0.0,0.0,0.0,30.0,0.0,0.0,0.0,1010,1.0,92,3.0,1.0,1.0,,0.0,2010-06-07 13:00:14,
226158253010661,2005,54,41,14241.0,1424,1,1,2005,621.0,0.0,0.0,0.0,0.0,0.0,0.0,0.0,30.0,0.0,0.0,0.0,1010,1.0,92,3.0,1.0,1.0,,0.0,2010-06-07 13:00:14,
226158254010661,2005,54,41,14241.0,1424,1,1,2005,915.0,0.0,0.0,0.0,0.0,0.0,0.0,0.0,12.0,0.0,0.0,0.0,1010,1.0,92,3.0,1.0,1.0,,0.0,2010-06-07 13:00:15,
226157823010661,2005,54,45,1741.0,174,1,2,2005,366.0,0.0,0.0,0.0,0.0,0.0,0.0,0.0,30.0,0.0,0.0,0.0,932,1.0,0,4.0,1.0,1.0,,0.0,2010-06-07 12:58:13,2010-09-07 12:21:27
226157824010661,2005,54,45,1741.0,174,1,2,2005,621.0,0.0,0.0,0.0,0.0,0.0,0.0,0.0,30.0,0.0,0.0,0.0,932,1.0,0,4.0,1.0,1.0,,0.0,2010-06-07 12:58:13,2010-09-07 12:21:27
226157825010661,2005,54,45,1741.0,174,1,2,2005,915.0,0.0,0.0,0.0,0.0,0.0,0.0,0.0,30.0,0.0,0.0,0.0,932,1.0,0,4.0,1.0,1.0,,0.0,2010-06-07 12:58:14,2010-09-07 12:21:27
226157807010661,2005,54,55,51.0,5,1,1,2005,366.0,0.035,0.035,0.035,0.16,0.16,0.16,1.0,30.0,0.03333333,0.0056,0.00018667,2531,2.0,0,1.0,1.0,1.0,,0.0,2010-06-07 12:58:09,
226157808010661,2005,54,55,51.0,5,1,1,2005,621.0,0.0,0.0,0.0,0.0,0.0,0.0,0.0,12.0,0.0,0.0,0.0,2531,2.0,0,1.0,1.0,1.0,,0.0,2010-06-07 12:58:09,
226157809010661,2005,54,55,51.0,5,1,1,2005,915.0,0.0,0.0,0.0,0.0,0.0,0.0,0.0,30.0,0.0,0.0,0.0,2531,2.0,0,1.0,1.0,1.0,,0.0,2010-06-07 12:58:09,
226157810010661,2005,54,55,51.0,5,1,1,2005,931.0,0.0,0.0,0.0,0.0,0.0,0.0,0.0,30.0,0.0,0.0,0.0,2531,2.0,0,1.0,1.0,1.0,,0.0,2010-06-07 12:58:09,
226158256010661,2005,54,61,811.0,81,1,1,2005,365.0,0.88,0.035,0.323,0.63,0.035,0.204,5.0,30.0,0.16666667,0.10915,0.01819167,1082,1.0,326,3.0,1.0,1.0,,0.0,2010-06-07 13:00:16,
226158257010661,2005,54,61,811.0,81,1,1,2005,366.0,0.88,0.16,0.49142857,0.16,0.035,0.05285714,7.0,30.0,0.23333333,0.03291429,0.00768,1082,1.0,326,3.0,1.0,1.0,,0.0,2010-06-07 13:00:16,
226158258010661,2005,54,61,811.0,81,1,1,2005,762.0,0.0,0.0,0.0,0.0,0.0,0.0,0.0,30.0,0.0,0.0,0.0,1082,1.0,326,3.0,1.0,1.0,,0.0,2010-06-07 13:00:16,
226158242010661,2005,54,61,8351.0,835,1,1,2005,365.0,0.88,0.035,0.42382353,0.38,0.035,0.14911765,17.0,30.0,0.56666667,0.075,0.0425,2524,1.0,320,1.0,1.0,1.0,,0.0,2010-06-07 13:00:12,
226158243010661,2005,54,61,8351.0,835,1,1,2005,366.0,0.0,0.0,0.0,0.0,0.0,0.0,0.0,30.0,0.0,0.0,0.0,2524,1.0,320,1.0,1.0,1.0,,0.0,2010-06-07 13:00:12,
226158244010661,2005,54,61,8351.0,835,1,1,2005,762.0,0.16,0.035,0.11,0.38,0.035,0.154,5.0,30.0,0.16666667,0.02289,0.003815,2524,1.0,320,1.0,1.0,1.0,,0.0,2010-06-07 13:00:12,
226158219010661,2005,54,65,521.0,52,1,1,2005,365.0,0.0,0.0,0.0,0.0,0.0,0.0,0.0,30.0,0.0,0.0,0.0,847,2.0,40,3.0,1.0,1.0,,0.0,2010-06-07 13:00:04,
226158220010661,2005,54,65,521.0,52,1,1,2005,541.0,0.0,0.0,0.0,0.0,0.0,0.0,0.0,30.0,0.0,0.0,0.0,847,2.0,40,3.0,1.0,1.0,,0.0,2010-06-07 13:00:04,
226158221010661,2005,54,65,521.0,52,1,1,2005,621.0,0.0,0.0,0.0,0.0,0.0,0.0,0.0,11.0,0.0,0.0,0.0,847,2.0,40,3.0,1.0,1.0,,0.0,2010-06-07 13:00:05,
226158222010661,2005,54,65,521.0,52,1,1,2005,762.0,0.0,0.0,0.0,0.0,0.0,0.0,0.0,23.0,0.0,0.0,0.0,847,2.0,40,3.0,1.0,1.0,,0.0,2010-06-07 13:00:05,
226157957010661,2005,54,67,3711.0,371,1,1,2005,366.0,0.0,0.0,0.0,0.0,0.0,0.0,0.0,30.0,0.0,0.0,0.0,1935,1.0,0,1.0,1.0,1.0,,0.0,2010-06-07 12:58:49,
226157958010661,2005,54,67,3711.0,371,1,1,2005,621.0,0.0,0.0,0.0,0.0,0.0,0.0,0.0,30.0,0.0,0.0,0.0,1935,1.0,0,1.0,1.0,1.0,,0.0,2010-06-07 12:58:49,
226157959010661,2005,54,67,3711.0,371,1,1,2005,915.0,0.0,0.0,0.0,0.0,0.0,0.0,0.0,30.0,0.0,0.0,0.0,1935,1.0,0,1.0,1.0,1.0,,0.0,2010-06-07 12:58:49,
226157932010661,2005,54,75,3361.0,336,1,1,2005,365.0,0.0,0.0,0.0,0.0,0.0,0.0,0.0,30.0,0.0,0.0,0.0,4015,1.0,0,1.0,1.0,1.0,,0.0,2010-06-07 12:58:42,
226157933010661,2005,54,75,3361.0,336,1,1,2005,762.0,0.0,0.0,0.0,0.0,0.0,0.0,0.0,30.0,0.0,0.0,0.0,4015,1.0,0,1.0,1.0,1.0,,0.0,2010-06-07 12:58:42,
226157934010661,2005,54,75,3361.0,336,1,1,2005,915.0,0.0,0.0,0.0,0.0,0.0,0.0,0.0,30.0,0.0,0.0,0.0,4015,1.0,0,1.0,1.0,1.0,,0.0,2010-06-07 12:58:42,
226157936010661,2005,54,83,3671.0,367,1,1,2005,365.0,0.0,0.0,0.0,0.0,0.0,0.0,0.0,30.0,0.0,0.0,0.0,1967,1.0,0,5.0,1.0,1.0,,0.0,2010-06-07 12:58:43,
226157937010661,2005,54,83,3671.0,367,1,1,2005,366.0,0.0,0.0,0.0,0.0,0.0,0.0,0.0,10.0,0.0,0.0,0.0,1967,1.0,0,5.0,1.0,1.0,,0.0,2010-06-07 12:58:43,
226157938010661,2005,54,83,3671.0,367,1,1,2005,621.0,0.0,0.0,0.0,0.0,0.0,0.0,0.0,21.0,0.0,0.0,0.0,1967,1.0,0,5.0,1.0,1.0,,0.0,2010-06-07 12:58:44,
226157939010661,2005,54,83,3671.0,367,1,1,2005,762.0,0.0,0.0,0.0,0.0,0.0,0.0,0.0,30.0,0.0,0.0,0.0,1967,1.0,0,5.0,1.0,1.0,,0.0,2010-06-07 12:58:44,
226157940010661,2005,54,83,3671.0,367,1,1,2005,915.0,0.0,0.0,0.0,0.0,0.0,0.0,0.0,30.0,0.0,0.0,0.0,1967,1.0,0,5.0,1.0,1.0,,0.0,2010-06-07 12:58:44,
226157941010661,2005,54,83,3671.0,367,1,1,2005,931.0,0.0,0.0,0.0,0.0,0.0,0.0,0.0,15.0,0.0,0.0,0.0,1967,1.0,0,5.0,1.0,1.0,,0.0,2010-06-07 12:58:45,
226157952010661,2005,54,83,13951.0,1395,1,1,2005,365.0,0.035,0.035,0.035,0.035,0.035,0.035,1.0,30.0,0.03333333,0.001225,4.083e-05,2810,1.0,303,1.0,1.0,1.0,,0.0,2010-06-07 12:58:47,
226157953010661,2005,54,83,13951.0,1395,1,1,2005,366.0,0.035,0.035,0.035,0.38,0.16,0.23333333,3.0,30.0,0.1,0.00816667,0.00081667,2810,1.0,303,1.0,1.0,1.0,,0.0,2010-06-07 12:58:48,
226157954010661,2005,54,83,13951.0,1395,1,1,2005,621.0,0.0,0.0,0.0,0.0,0.0,0.0,0.0,30.0,0.0,0.0,0.0,2810,1.0,303,1.0,1.0,1.0,,0.0,2010-06-07 12:58:48,
226157955010661,2005,54,83,13951.0,1395,1,1,2005,915.0,0.0,0.0,0.0,0.0,0.0,0.0,0.0,21.0,0.0,0.0,0.0,2810,1.0,303,1.0,1.0,1.0,,0.0,2010-06-07 12:58:48,
226158264010661,2005,54,85,5651.0,565,1,1,2005,365.0,0.0,0.0,0.0,0.0,0.0,0.0,0.0,30.0,0.0,0.0,0.0,827,1.0,0,4.0,2.0,1.0,,0.0,2010-06-07 13:00:18,
226158265010661,2005,54,85,5651.0,565,1,1,2005,366.0,0.38,0.035,0.265,0.035,0.035,0.035,3.0,30.0,0.1,0.009275,0.0009275,827,1.0,0,4.0,2.0,1.0,,0.0,2010-06-07 13:00:18,
226158266010661,2005,54,85,5651.0,565,1,1,2005,762.0,0.0,0.0,0.0,0.0,0.0,0.0,0.0,25.0,0.0,0.0,0.0,827,1.0,0,4.0,2.0,1.0,,0.0,2010-06-07 13:00:18,
226158267010661,2005,54,85,5651.0,565,1,1,2005,915.0,0.0,0.0,0.0,0.0,0.0,0.0,0.0,30.0,0.0,0.0,0.0,827,1.0,0,4.0,2.0,1.0,,0.0,2010-06-07 13:00:19,
226157966010661,2005,54,87,6961.0,696,1,2,2005,366.0,0.0,0.0,0.0,0.0,0.0,0.0,0.0,30.0,0.0,0.0,0.0,751,2.0,313,1.0,1.0,1.0,,0.0,2010-06-07 12:58:51,2010-09-07 12:21:26
226157967010661,2005,54,87,6961.0,696,1,2,2005,621.0,0.0,0.0,0.0,0.0,0.0,0.0,0.0,30.0,0.0,0.0,0.0,751,2.0,313,1.0,1.0,1.0,,0.0,2010-06-07 12:58:51,2010-09-07 12:21:26
226157968010661,2005,54,87,6961.0,696,1,2,2005,915.0,0.0,0.0,0.0,0.0,0.0,0.0,0.0,30.0,0.0,0.0,0.0,751,2.0,313,1.0,1.0,1.0,,0.0,2010-06-07 12:58:52,2010-09-07 12:21:26
226158246010661,2005,54,91,6911.0,691,1,1,2005,366.0,0.0,0.0,0.0,0.0,0.0,0.0,0.0,30.0,0.0,0.0,0.0,1229,2.0,4,4.0,1.0,1.0,,0.0,2010-06-07 13:00:12,
226158247010661,2005,54,91,6911.0,691,1,1,2005,541.0,0.0,0.0,0.0,0.0,0.0,0.0,0.0,12.0,0.0,0.0,0.0,1229,2.0,4,4.0,1.0,1.0,,0.0,2010-06-07 13:00:13,
226158248010661,2005,54,91,6911.0,691,1,1,2005,621.0,0.0,0.0,0.0,0.0,0.0,0.0,0.0,30.0,0.0,0.0,0.0,1229,2.0,4,4.0,1.0,1.0,,0.0,2010-06-07 13:00:13,
226158249010661,2005,54,91,6911.0,691,1,1,2005,915.0,0.0,0.0,0.0,0.0,0.0,0.0,0.0,30.0,0.0,0.0,0.0,1229,2.0,4,4.0,1.0,1.0,,0.0,2010-06-07 13:00:14,
226158231010661,2005,54,93,4281.0,428,1,2,2005,365.0,0.0,0.0,0.0,0.0,0.0,0.0,0.0,31.0,0.0,0.0,0.0,3074,1.0,0,1.0,1.0,1.0,,0.0,2010-06-07 13:00:08,2010-09-07 12:21:22
226158232010661,2005,54,93,4281.0,428,1,2,2005,762.0,0.0,0.0,0.0,0.0,0.0,0.0,0.0,30.0,0.0,0.0,0.0,3074,1.0,0,1.0,1.0,1.0,,0.0,2010-06-07 13:00:09,2010-09-07 12:21:22
226158234010661,2005,54,93,4282.0,428,2,2,2005,366.0,0.0,0.0,0.0,0.0,0.0,0.0,0.0,30.0,0.0,0.0,0.0,3164,2.0,227,1.0,1.0,1.0,,0.0,2010-06-07 13:00:09,2010-09-07 12:21:22
226158273010661,2005,54,95,13001.0,1300,1,1,2005,365.0,0.0,0.0,0.0,0.0,0.0,0.0,0.0,30.0,0.0,0.0,0.0,1168,1.0,250,1.0,1.0,1.0,,2.0,2010-06-07 13:00:20,
226158274010661,2005,54,95,13001.0,1300,1,1,2005,366.0,0.0,0.0,0.0,0.0,0.0,0.0,0.0,30.0,0.0,0.0,0.0,1168,1.0,250,1.0,1.0,1.0,,2.0,2010-06-07 13:00:20,
226158275010661,2005,54,95,13001.0,1300,1,1,2005,915.0,0.0,0.0,0.0,0.0,0.0,0.0,0.0,30.0,0.0,0.0,0.0,1168,1.0,250,1.0,1.0,1.0,,2.0,2010-06-07 13:00:21,
226157760010661,2005,54,99,15581.0,1558,1,1,2005,365.0,0.0,0.0,0.0,0.0,0.0,0.0,0.0,30.0,0.0,0.0,0.0,612,1.0,250,4.0,1.0,1.0,,2.0,2010-06-07 12:57:54,
226157761010661,2005,54,99,15581.0,1558,1,1,2005,541.0,0.0,0.0,0.0,0.0,0.0,0.0,0.0,30.0,0.0,0.0,0.0,612,1.0,250,4.0,1.0,1.0,,2.0,2010-06-07 12:57:54,
226157762010661,2005,54,99,15581.0,1558,1,1,2005,915.0,0.0,0.0,0.0,0.0,0.0,0.0,0.0,30.0,0.0,0.0,0.0,612,1.0,250,4.0,1.0,1.0,,2.0,2010-06-07 12:57:55,
226157763010661,2005,54,99,15581.0,1558,1,1,2005,931.0,0.0,0.0,0.0,0.0,0.0,0.0,0.0,30.0,0.0,0.0,0.0,612,1.0,250,4.0,1.0,1.0,,2.0,2010-06-07 12:57:55,
226157943010661,2005,54,101,13731.0,1373,1,1,2005,365.0,0.0,0.0,0.0,0.0,0.0,0.0,0.0,30.0,0.0,0.0,0.0,1874,2.0,0,4.0,1.0,1.0,,0.0,2010-06-07 12:58:45,
226157944010661,2005,54,101,13731.0,1373,1,1,2005,621.0,0.0,0.0,0.0,0.0,0.0,0.0,0.0,10.0,0.0,0.0,0.0,1874,2.0,0,4.0,1.0,1.0,,0.0,2010-06-07 12:58:45,
226157945010661,2005,54,101,13731.0,1373,1,1,2005,915.0,0.0,0.0,0.0,0.0,0.0,0.0,0.0,30.0,0.0,0.0,0.0,1874,2.0,0,4.0,1.0,1.0,,0.0,2010-06-07 12:58:46,
226157818010661,2005,54,109,15391.0,1539,1,1,2005,365.0,0.0,0.0,0.0,0.0,0.0,0.0,0.0,14.0,0.0,0.0,0.0,1478,1.0,139,3.0,2.0,1.0,,0.0,2010-06-07 12:58:12,
226157819010661,2005,54,109,15391.0,1539,1,1,2005,366.0,0.0,0.0,0.0,0.0,0.0,0.0,0.0,30.0,0.0,0.0,0.0,1478,1.0,139,3.0,2.0,1.0,,0.0,2010-06-07 12:58:12,
226157820010661,2005,54,109,15391.0,1539,1,1,2005,621.0,0.0,0.0,0.0,0.0,0.0,0.0,0.0,30.0,0.0,0.0,0.0,1478,1.0,139,3.0,2.0,1.0,,0.0,2010-06-07 12:58:12,
226157821010661,2005,54,109,15391.0,1539,1,1,2005,915.0,0.0,0.0,0.0,0.0,0.0,0.0,0.0,30.0,0.0,0.0,0.0,1478,1.0,139,3.0,2.0,1.0,,0.0,2010-06-07 12:58:12,
226160692010661,2006,54,5,251.0,25,1,1,2006,365.0,0.0,0.0,0.0,0.0,0.0,0.0,0.0,15.0,0.0,0.0,0.0,666,1.0,0,3.0,1.0,1.0,,0.0,2010-06-07 13:11:54,
226160693010661,2006,54,5,251.0,25,1,1,2006,366.0,0.0,0.0,0.0,0.0,0.0,0.0,0.0,30.0,0.0,0.0,0.0,666,1.0,0,3.0,1.0,1.0,,0.0,2010-06-07 13:11:54,
226160694010661,2006,54,5,251.0,25,1,1,2006,541.0,0.0,0.0,0.0,0.0,0.0,0.0,0.0,30.0,0.0,0.0,0.0,666,1.0,0,3.0,1.0,1.0,,0.0,2010-06-07 13:11:54,
226160695010661,2006,54,5,251.0,25,1,1,2006,621.0,0.0,0.0,0.0,0.0,0.0,0.0,0.0,30.0,0.0,0.0,0.0,666,1.0,0,3.0,1.0,1.0,,0.0,2010-06-07 13:11:55,
226160696010661,2006,54,5,251.0,25,1,1,2006,915.0,0.0,0.0,0.0,0.0,0.0,0.0,0.0,26.0,0.0,0.0,0.0,666,1.0,0,3.0,1.0,1.0,,0.0,2010-06-07 13:11:55,
226160678010661,2006,54,7,8631.0,863,1,1,2006,541.0,0.0,0.0,0.0,0.0,0.0,0.0,0.0,30.0,0.0,0.0,0.0,1189,1.0,345,3.0,1.0,1.0,,0.0,2010-06-07 13:11:48,
226160679010661,2006,54,7,8631.0,863,1,1,2006,621.0,0.0,0.0,0.0,0.0,0.0,0.0,0.0,30.0,0.0,0.0,0.0,1189,1.0,345,3.0,1.0,1.0,,0.0,2010-06-07 13:11:49,
226160680010661,2006,54,7,8631.0,863,1,1,2006,915.0,0.0,0.0,0.0,0.0,0.0,0.0,0.0,30.0,0.0,0.0,0.0,1189,1.0,345,3.0,1.0,1.0,,0.0,2010-06-07 13:11:49,
226160709010661,2006,54,11,8451.0,845,1,1,2006,365.0,0.0,0.0,0.0,0.0,0.0,0.0,0.0,30.0,0.0,0.0,0.0,884,1.0,241,1.0,1.0,1.0,,0.0,2010-06-07 13:12:00,
226160710010661,2006,54,11,8451.0,845,1,1,2006,366.0,0.0,0.0,0.0,0.0,0.0,0.0,0.0,30.0,0.0,0.0,0.0,884,1.0,241,1.0,1.0,1.0,,0.0,2010-06-07 13:12:00,
226160711010661,2006,54,11,8451.0,845,1,1,2006,541.0,0.0,0.0,0.0,0.0,0.0,0.0,0.0,30.0,0.0,0.0,0.0,884,1.0,241,1.0,1.0,1.0,,0.0,2010-06-07 13:12:00,
226160712010661,2006,54,11,8451.0,845,1,1,2006,915.0,0.0,0.0,0.0,0.0,0.0,0.0,0.0,19.0,0.0,0.0,0.0,884,1.0,241,1.0,1.0,1.0,,0.0,2010-06-07 13:12:01,
226160714010661,2006,54,11,12261.0,1226,1,1,2006,365.0,0.0,0.0,0.0,0.0,0.0,0.0,0.0,30.0,0.0,0.0,0.0,443,1.0,0,5.0,1.0,2.0,,0.0,2010-06-07 13:12:02,
226160715010661,2006,54,11,12261.0,1226,1,1,2006,366.0,0.0,0.0,0.0,0.0,0.0,0.0,0.0,30.0,0.0,0.0,0.0,443,1.0,0,5.0,1.0,2.0,,0.0,2010-06-07 13:12:02,
226160716010661,2006,54,11,12261.0,1226,1,1,2006,541.0,0.0,0.0,0.0,0.0,0.0,0.0,0.0,30.0,0.0,0.0,0.0,443,1.0,0,5.0,1.0,2.0,,0.0,2010-06-07 13:12:03,
226160552010661,2006,54,19,12431.0,1243,1,2,2006,365.0,0.0,0.0,0.0,0.0,0.0,0.0,0.0,30.0,0.0,0.0,0.0,1727,2.0,0,4.0,1.0,1.0,,0.0,2010-06-07 13:11:06,2010-09-07 12:21:23
226160553010661,2006,54,19,12431.0,1243,1,2,2006,366.0,0.0,0.0,0.0,0.0,0.0,0.0,0.0,30.0,0.0,0.0,0.0,1727,2.0,0,4.0,1.0,1.0,,0.0,2010-06-07 13:11:07,2010-09-07 12:21:23
226160554010661,2006,54,19,12431.0,1243,1,2,2006,915.0,0.0,0.0,0.0,0.0,0.0,0.0,0.0,30.0,0.0,0.0,0.0,1727,2.0,0,4.0,1.0,1.0,,0.0,2010-06-07 13:11:08,2010-09-07 12:21:23
226160555010661,2006,54,19,12431.0,1243,1,2,2006,931.0,0.0,0.0,0.0,0.0,0.0,0.0,0.0,22.0,0.0,0.0,0.0,1727,2.0,0,4.0,1.0,1.0,,0.0,2010-06-07 13:11:08,2010-09-07 12:21:23
226160538010661,2006,54,25,8201.0,820,1,1,2006,541.0,0.0,0.0,0.0,0.0,0.0,0.0,0.0,30.0,0.0,0.0,0.0,2952,1.0,217,1.0,1.0,1.0,,0.0,2010-06-07 13:11:01,
226160539010661,2006,54,25,8201.0,820,1,1,2006,621.0,0.0,0.0,0.0,0.0,0.0,0.0,0.0,30.0,0.0,0.0,0.0,2952,1.0,217,1.0,1.0,1.0,,0.0,2010-06-07 13:11:01,
226160540010661,2006,54,25,8201.0,820,1,1,2006,915.0,0.63,0.38,0.505,0.38,0.38,0.38,2.0,25.0,0.08,0.1919,0.015352,2952,1.0,217,1.0,1.0,1.0,,0.0,2010-06-07 13:11:02,
226160541010661,2006,54,25,8201.0,820,1,1,2006,931.0,0.0,0.0,0.0,0.0,0.0,0.0,0.0,30.0,0.0,0.0,0.0,2952,1.0,217,1.0,1.0,1.0,,0.0,2010-06-07 13:11:02,
226160961010661,2006,54,31,5341.0,534,1,2,2006,365.0,0.0,0.0,0.0,0.0,0.0,0.0,0.0,23.0,0.0,0.0,0.0,868,1.0,0,4.0,1.0,1.0,,0.0,2010-06-07 13:13:24,2010-09-07 12:21:18
226160962010661,2006,54,31,5341.0,534,1,2,2006,366.0,0.0,0.0,0.0,0.0,0.0,0.0,0.0,30.0,0.0,0.0,0.0,868,1.0,0,4.0,1.0,1.0,,0.0,2010-06-07 13:13:25,2010-09-07 12:21:18
226160963010661,2006,54,31,5341.0,534,1,2,2006,762.0,0.0,0.0,0.0,0.0,0.0,0.0,0.0,32.0,0.0,0.0,0.0,868,1.0,0,4.0,1.0,1.0,,0.0,2010-06-07 13:13:25,2010-09-07 12:21:18
226160964010661,2006,54,31,5341.0,534,1,2,2006,915.0,0.88,0.16,0.52,0.63,0.16,0.3875,4.0,19.0,0.21052632,0.2438,0.05132632,868,1.0,0,4.0,1.0,1.0,,0.0,2010-06-07 13:13:26,2010-09-07 12:21:18
226160659010661,2006,54,31,13651.0,1365,1,1,2006,365.0,0.0,0.0,0.0,0.0,0.0,0.0,0.0,33.0,0.0,0.0,0.0,779,1.0,0,4.0,1.0,1.0,,0.0,2010-06-07 13:11:40,
226160660010661,2006,54,31,13651.0,1365,1,1,2006,366.0,0.0,0.0,0.0,0.0,0.0,0.0,0.0,32.0,0.0,0.0,0.0,779,1.0,0,4.0,1.0,1.0,,0.0,2010-06-07 13:11:41,
226160661010661,2006,54,31,13651.0,1365,1,1,2006,915.0,0.0,0.0,0.0,0.0,0.0,0.0,0.0,30.0,0.0,0.0,0.0,779,1.0,0,4.0,1.0,1.0,,0.0,2010-06-07 13:11:42,
226160491010661,2006,54,41,13521.0,1352,1,1,2006,365.0,0.0,0.0,0.0,0.0,0.0,0.0,0.0,30.0,0.0,0.0,0.0,1120,1.0,180,3.0,1.0,3.0,,0.0,2010-06-07 13:10:44,
226160492010661,2006,54,41,13521.0,1352,1,1,2006,366.0,0.0,0.0,0.0,0.0,0.0,0.0,0.0,30.0,0.0,0.0,0.0,1120,1.0,180,3.0,1.0,3.0,,0.0,2010-06-07 13:10:45,
226160493010661,2006,54,41,13521.0,1352,1,1,2006,762.0,0.0,0.0,0.0,0.0,0.0,0.0,0.0,30.0,0.0,0.0,0.0,1120,1.0,180,3.0,1.0,3.0,,0.0,2010-06-07 13:10:45,
226160494010661,2006,54,41,13521.0,1352,1,1,2006,915.0,0.0,0.0,0.0,0.0,0.0,0.0,0.0,30.0,0.0,0.0,0.0,1120,1.0,180,3.0,1.0,3.0,,0.0,2010-06-07 13:10:45,
226160997010661,2006,54,41,14241.0,1424,1,1,2006,365.0,0.0,0.0,0.0,0.0,0.0,0.0,0.0,30.0,0.0,0.0,0.0,1011,1.0,313,1.0,1.0,1.0,,0.0,2010-06-07 13:13:40,
226160998010661,2006,54,41,14241.0,1424,1,1,2006,366.0,0.0,0.0,0.0,0.0,0.0,0.0,0.0,30.0,0.0,0.0,0.0,1011,1.0,313,1.0,1.0,1.0,,0.0,2010-06-07 13:13:40,
226160999010661,2006,54,41,14241.0,1424,1,1,2006,621.0,0.0,0.0,0.0,0.0,0.0,0.0,0.0,17.0,0.0,0.0,0.0,1011,1.0,313,1.0,1.0,1.0,,0.0,2010-06-07 13:13:41,
226161000010661,2006,54,41,14241.0,1424,1,1,2006,762.0,0.0,0.0,0.0,0.0,0.0,0.0,0.0,30.0,0.0,0.0,0.0,1011,1.0,313,1.0,1.0,1.0,,0.0,2010-06-07 13:13:41,
226161001010661,2006,54,41,14241.0,1424,1,1,2006,915.0,0.0,0.0,0.0,0.0,0.0,0.0,0.0,11.0,0.0,0.0,0.0,1011,1.0,313,1.0,1.0,1.0,,0.0,2010-06-07 13:13:42,
226160547010661,2006,54,45,1741.0,174,1,2,2006,366.0,0.0,0.0,0.0,0.0,0.0,0.0,0.0,30.0,0.0,0.0,0.0,785,1.0,0,4.0,1.0,1.0,,0.0,2010-06-07 13:11:04,2010-09-07 12:21:23
226160548010661,2006,54,45,1741.0,174,1,2,2006,541.0,0.0,0.0,0.0,0.0,0.0,0.0,0.0,30.0,0.0,0.0,0.0,785,1.0,0,4.0,1.0,1.0,,0.0,2010-06-07 13:11:05,2010-09-07 12:21:23
226160549010661,2006,54,45,1741.0,174,1,2,2006,621.0,0.0,0.0,0.0,0.0,0.0,0.0,0.0,30.0,0.0,0.0,0.0,785,1.0,0,4.0,1.0,1.0,,0.0,2010-06-07 13:11:05,2010-09-07 12:21:23
226160550010661,2006,54,45,1741.0,174,1,2,2006,915.0,0.0,0.0,0.0,0.0,0.0,0.0,0.0,11.0,0.0,0.0,0.0,785,1.0,0,4.0,1.0,1.0,,0.0,2010-06-07 13:11:06,2010-09-07 12:21:23
226160533010661,2006,54,55,51.0,5,1,2,2006,365.0,0.0,0.0,0.0,0.0,0.0,0.0,0.0,30.0,0.0,0.0,0.0,2671,1.0,0,1.0,1.0,1.0,,0.0,2010-06-07 13:10:59,2010-09-07 12:21:23
226160534010661,2006,54,55,51.0,5,1,2,2006,366.0,0.0,0.0,0.0,0.0,0.0,0.0,0.0,30.0,0.0,0.0,0.0,2671,1.0,0,1.0,1.0,1.0,,0.0,2010-06-07 13:10:59,2010-09-07 12:21:23
226160535010661,2006,54,55,51.0,5,1,2,2006,621.0,0.0,0.0,0.0,0.0,0.0,0.0,0.0,23.0,0.0,0.0,0.0,2671,1.0,0,1.0,1.0,1.0,,0.0,2010-06-07 13:11:00,2010-09-07 12:21:23
226160536010661,2006,54,55,51.0,5,1,2,2006,931.0,0.0,0.0,0.0,0.0,0.0,0.0,0.0,30.0,0.0,0.0,0.0,2671,1.0,0,1.0,1.0,1.0,,0.0,2010-06-07 13:11:00,2010-09-07 12:21:23
226161003010661,2006,54,61,811.0,81,1,1,2006,365.0,0.0,0.0,0.0,0.0,0.0,0.0,0.0,30.0,0.0,0.0,0.0,960,1.0,0,3.0,1.0,1.0,,0.0,2010-06-07 13:13:42,
226161004010661,2006,54,61,811.0,81,1,1,2006,366.0,0.0,0.0,0.0,0.0,0.0,0.0,0.0,30.0,0.0,0.0,0.0,960,1.0,0,3.0,1.0,1.0,,0.0,2010-06-07 13:13:43,
226161005010661,2006,54,61,811.0,81,1,1,2006,762.0,0.0,0.0,0.0,0.0,0.0,0.0,0.0,30.0,0.0,0.0,0.0,960,1.0,0,3.0,1.0,1.0,,0.0,2010-06-07 13:13:43,
226160989010661,2006,54,61,8351.0,835,1,1,2006,365.0,0.88,0.035,0.389375,0.38,0.035,0.213125,16.0,30.0,0.53333333,0.10850313,0.05786833,2479,1.0,322,1.0,1.0,1.0,,0.0,2010-06-07 13:13:38,
226160990010661,2006,54,61,8351.0,835,1,1,2006,366.0,0.16,0.16,0.16,0.035,0.035,0.035,1.0,30.0,0.03333333,0.0056,0.00018667,2479,1.0,322,1.0,1.0,1.0,,0.0,2010-06-07 13:13:38,
226160991010661,2006,54,61,8351.0,835,1,1,2006,762.0,0.0,0.0,0.0,0.0,0.0,0.0,0.0,30.0,0.0,0.0,0.0,2479,1.0,322,1.0,1.0,1.0,,0.0,2010-06-07 13:13:38,
226160966010661,2006,54,65,521.0,52,1,1,2006,365.0,0.0,0.0,0.0,0.0,0.0,0.0,0.0,44.0,0.0,0.0,0.0,758,1.0,340,1.0,1.0,1.0,,0.0,2010-06-07 13:13:26,
226160967010661,2006,54,65,521.0,52,1,1,2006,762.0,0.0,0.0,0.0,0.0,0.0,0.0,0.0,31.0,0.0,0.0,0.0,758,1.0,340,1.0,1.0,1.0,,0.0,2010-06-07 13:13:27,
226160968010661,2006,54,65,521.0,52,1,1,2006,915.0,0.0,0.0,0.0,0.0,0.0,0.0,0.0,13.0,0.0,0.0,0.0,758,1.0,340,1.0,1.0,1.0,,0.0,2010-06-07 13:13:27,
226160686010661,2006,54,67,3711.0,371,1,1,2006,365.0,0.38,0.38,0.38,0.16,0.035,0.0975,2.0,11.0,0.18181818,0.03705,0.00673636,1838,1.0,23,3.0,1.0,1.0,,0.0,2010-06-07 13:11:51,
226160687010661,2006,54,67,3711.0,371,1,1,2006,366.0,0.0,0.0,0.0,0.0,0.0,0.0,0.0,18.0,0.0,0.0,0.0,1838,1.0,23,3.0,1.0,1.0,,0.0,2010-06-07 13:11:52,
226160688010661,2006,54,67,3711.0,371,1,1,2006,621.0,0.0,0.0,0.0,0.0,0.0,0.0,0.0,30.0,0.0,0.0,0.0,1838,1.0,23,3.0,1.0,1.0,,0.0,2010-06-07 13:11:52,
226160689010661,2006,54,67,3711.0,371,1,1,2006,762.0,0.0,0.0,0.0,0.0,0.0,0.0,0.0,30.0,0.0,0.0,0.0,1838,1.0,23,3.0,1.0,1.0,,0.0,2010-06-07 13:11:53,
226160690010661,2006,54,67,3711.0,371,1,1,2006,915.0,0.0,0.0,0.0,0.0,0.0,0.0,0.0,13.0,0.0,0.0,0.0,1838,1.0,23,3.0,1.0,1.0,,0.0,2010-06-07 13:11:53,
226160663010661,2006,54,75,3361.0,336,1,1,2006,365.0,0.0,0.0,0.0,0.0,0.0,0.0,0.0,30.0,0.0,0.0,0.0,4023,1.0,0,1.0,1.0,1.0,,0.0,2010-06-07 13:11:42,
226160664010661,2006,54,75,3361.0,336,1,1,2006,762.0,0.0,0.0,0.0,0.0,0.0,0.0,0.0,30.0,0.0,0.0,0.0,4023,1.0,0,1.0,1.0,1.0,,0.0,2010-06-07 13:11:43,
226160665010661,2006,54,75,3361.0,336,1,1,2006,915.0,0.0,0.0,0.0,0.0,0.0,0.0,0.0,30.0,0.0,0.0,0.0,4023,1.0,0,1.0,1.0,1.0,,0.0,2010-06-07 13:11:43,
226160667010661,2006,54,83,3671.0,367,1,1,2006,366.0,0.0,0.0,0.0,0.0,0.0,0.0,0.0,30.0,0.0,0.0,0.0,1847,1.0,0,5.0,1.0,1.0,,0.0,2010-06-07 13:11:44,
226160668010661,2006,54,83,3671.0,367,1,1,2006,541.0,0.0,0.0,0.0,0.0,0.0,0.0,0.0,14.0,0.0,0.0,0.0,1847,1.0,0,5.0,1.0,1.0,,0.0,2010-06-07 13:11:44,
226160669010661,2006,54,83,3671.0,367,1,1,2006,762.0,0.16,0.16,0.16,0.16,0.16,0.16,1.0,30.0,0.03333333,0.0256,0.00085333,1847,1.0,0,5.0,1.0,1.0,,0.0,2010-06-07 13:11:45,
226160670010661,2006,54,83,3671.0,367,1,1,2006,915.0,0.0,0.0,0.0,0.0,0.0,0.0,0.0,30.0,0.0,0.0,0.0,1847,1.0,0,5.0,1.0,1.0,,0.0,2010-06-07 13:11:45,
226160671010661,2006,54,83,3671.0,367,1,1,2006,931.0,0.0,0.0,0.0,0.0,0.0,0.0,0.0,30.0,0.0,0.0,0.0,1847,1.0,0,5.0,1.0,1.0,,0.0,2010-06-07 13:11:45,
226160682010661,2006,54,83,13951.0,1395,1,1,2006,366.0,0.0,0.0,0.0,0.0,0.0,0.0,0.0,30.0,0.0,0.0,0.0,2734,1.0,299,3.0,1.0,1.0,,0.0,2010-06-07 13:11:50,
226160683010661,2006,54,83,13951.0,1395,1,1,2006,621.0,0.0,0.0,0.0,0.0,0.0,0.0,0.0,30.0,0.0,0.0,0.0,2734,1.0,299,3.0,1.0,1.0,,0.0,2010-06-07 13:11:50,
226160684010661,2006,54,83,13951.0,1395,1,1,2006,761.0,0.0,0.0,0.0,0.0,0.0,0.0,0.0,30.0,0.0,0.0,0.0,2734,1.0,299,3.0,1.0,1.0,,0.0,2010-06-07 13:11:51,
226161011010661,2006,54,85,5651.0,565,1,1,2006,366.0,0.0,0.0,0.0,0.0,0.0,0.0,0.0,30.0,0.0,0.0,0.0,739,1.0,161,3.0,1.0,1.0,,0.0,2010-06-07 13:13:45,
226161012010661,2006,54,85,5651.0,565,1,1,2006,541.0,0.0,0.0,0.0,0.0,0.0,0.0,0.0,30.0,0.0,0.0,0.0,739,1.0,161,3.0,1.0,1.0,,0.0,2010-06-07 13:13:45,
226161013010661,2006,54,85,5651.0,565,1,1,2006,621.0,0.0,0.0,0.0,0.0,0.0,0.0,0.0,22.0,0.0,0.0,0.0,739,1.0,161,3.0,1.0,1.0,,0.0,2010-06-07 13:13:45,
226161014010661,2006,54,85,5651.0,565,1,1,2006,762.0,0.0,0.0,0.0,0.0,0.0,0.0,0.0,30.0,0.0,0.0,0.0,739,1.0,161,3.0,1.0,1.0,,0.0,2010-06-07 13:13:46,
226161015010661,2006,54,85,5651.0,565,1,1,2006,915.0,0.0,0.0,0.0,0.0,0.0,0.0,0.0,13.0,0.0,0.0,0.0,739,1.0,161,3.0,1.0,1.0,,0.0,2010-06-07 13:13:46,
226160698010661,2006,54,87,6961.0,696,1,2,2006,541.0,0.0,0.0,0.0,0.0,0.0,0.0,0.0,30.0,0.0,0.0,0.0,650,1.0,316,1.0,1.0,1.0,,0.0,2010-06-07 13:11:56,2010-09-07 12:21:23
226160699010661,2006,54,87,6961.0,696,1,2,2006,621.0,0.0,0.0,0.0,0.0,0.0,0.0,0.0,30.0,0.0,0.0,0.0,650,1.0,316,1.0,1.0,1.0,,0.0,2010-06-07 13:11:57,2010-09-07 12:21:23
226160700010661,2006,54,87,6961.0,696,1,2,2006,762.0,0.0,0.0,0.0,0.0,0.0,0.0,0.0,30.0,0.0,0.0,0.0,650,1.0,316,1.0,1.0,1.0,,0.0,2010-06-07 13:11:57,2010-09-07 12:21:23
226160701010661,2006,54,87,6961.0,696,1,2,2006,915.0,0.0,0.0,0.0,0.0,0.0,0.0,0.0,10.0,0.0,0.0,0.0,650,1.0,316,1.0,1.0,1.0,,0.0,2010-06-07 13:11:57,2010-09-07 12:21:23
226160702010661,2006,54,87,6961.0,696,1,2,2006,931.0,0.0,0.0,0.0,0.0,0.0,0.0,0.0,26.0,0.0,0.0,0.0,650,1.0,316,1.0,1.0,1.0,,0.0,2010-06-07 13:11:58,2010-09-07 12:21:23
226160993010661,2006,54,91,6911.0,691,1,1,2006,541.0,0.0,0.0,0.0,0.0,0.0,0.0,0.0,30.0,0.0,0.0,0.0,1109,1.0,0,4.0,1.0,1.0,,0.0,2010-06-07 13:13:39,
226160994010661,2006,54,91,6911.0,691,1,1,2006,621.0,0.0,0.0,0.0,0.0,0.0,0.0,0.0,30.0,0.0,0.0,0.0,1109,1.0,0,4.0,1.0,1.0,,0.0,2010-06-07 13:13:39,
226160995010661,2006,54,91,6911.0,691,1,1,2006,762.0,0.0,0.0,0.0,0.0,0.0,0.0,0.0,30.0,0.0,0.0,0.0,1109,1.0,0,4.0,1.0,1.0,,0.0,2010-06-07 13:13:39,
226160975010661,2006,54,93,4281.0,428,1,2,2006,365.0,0.0,0.0,0.0,0.0,0.0,0.0,0.0,31.0,0.0,0.0,0.0,2992,1.0,0,1.0,1.0,1.0,,0.0,2010-06-07 13:13:30,2010-09-07 12:21:19
226160976010661,2006,54,93,4281.0,428,1,2,2006,762.0,0.0,0.0,0.0,0.0,0.0,0.0,0.0,30.0,0.0,0.0,0.0,2992,1.0,0,1.0,1.0,1.0,,0.0,2010-06-07 13:13:31,2010-09-07 12:21:19
226160978010661,2006,54,93,4282.0,428,2,2,2006,366.0,0.38,0.16,0.23333333,0.38,0.16,0.30666667,3.0,30.0,0.1,0.07693333,0.00769333,3052,2.0,225,1.0,1.0,1.0,,0.0,2010-06-07 13:13:32,2010-09-07 12:21:19
226161021010661,2006,54,95,13001.0,1300,1,1,2006,365.0,0.0,0.0,0.0,0.0,0.0,0.0,0.0,30.0,0.0,0.0,0.0,1017,1.0,0,2.0,1.0,1.0,,0.0,2010-06-07 13:13:48,
226161022010661,2006,54,95,13001.0,1300,1,1,2006,366.0,0.0,0.0,0.0,0.0,0.0,0.0,0.0,30.0,0.0,0.0,0.0,1017,1.0,0,2.0,1.0,1.0,,0.0,2010-06-07 13:13:48,
226161023010661,2006,54,95,13001.0,1300,1,1,2006,915.0,0.0,0.0,0.0,0.0,0.0,0.0,0.0,30.0,0.0,0.0,0.0,1017,1.0,0,2.0,1.0,1.0,,0.0,2010-06-07 13:13:48,
226160487010661,2006,54,99,15581.0,1558,1,1,2006,365.0,0.0,0.0,0.0,0.0,0.0,0.0,0.0,30.0,0.0,0.0,0.0,692,1.0,250,3.0,1.0,1.0,,2.0,2010-06-07 13:10:43,
226160488010661,2006,54,99,15581.0,1558,1,1,2006,541.0,0.0,0.0,0.0,0.0,0.0,0.0,0.0,30.0,0.0,0.0,0.0,692,1.0,250,3.0,1.0,1.0,,2.0,2010-06-07 13:10:44,
226160489010661,2006,54,99,15581.0,1558,1,1,2006,915.0,0.0,0.0,0.0,0.0,0.0,0.0,0.0,30.0,0.0,0.0,0.0,692,1.0,250,3.0,1.0,1.0,,2.0,2010-06-07 13:10:44,
226160673010661,2006,54,101,13731.0,1373,1,1,2006,365.0,0.0,0.0,0.0,0.0,0.0,0.0,0.0,30.0,0.0,0.0,0.0,1792,1.0,0,5.0,1.0,1.0,,0.0,2010-06-07 13:11:46,
226160674010661,2006,54,101,13731.0,1373,1,1,2006,366.0,0.0,0.0,0.0,0.0,0.0,0.0,0.0,30.0,0.0,0.0,0.0,1792,1.0,0,5.0,1.0,1.0,,0.0,2010-06-07 13:11:46,
226160675010661,2006,54,101,13731.0,1373,1,1,2006,762.0,0.0,0.0,0.0,0.0,0.0,0.0,0.0,32.0,0.0,0.0,0.0,1792,1.0,0,5.0,1.0,1.0,,0.0,2010-06-07 13:11:47,
226160676010661,2006,54,101,13731.0,1373,1,1,2006,915.0,0.0,0.0,0.0,0.0,0.0,0.0,0.0,23.0,0.0,0.0,0.0,1792,1.0,0,5.0,1.0,1.0,,0.0,2010-06-07 13:11:47,
226160543010661,2006,54,109,15391.0,1539,1,1,2006,621.0,0.0,0.0,0.0,0.0,0.0,0.0,0.0,30.0,0.0,0.0,0.0,1395,1.0,159,3.0,1.0,1.0,,0.0,2010-06-07 13:11:03,
226160544010661,2006,54,109,15391.0,1539,1,1,2006,915.0,0.0,0.0,0.0,0.0,0.0,0.0,0.0,30.0,0.0,0.0,0.0,1395,1.0,159,3.0,1.0,1.0,,0.0,2010-06-07 13:11:04,
226160545010661,2006,54,109,15391.0,1539,1,1,2006,931.0,0.0,0.0,0.0,0.0,0.0,0.0,0.0,30.0,0.0,0.0,0.0,1395,1.0,159,3.0,1.0,1.0,,0.0,2010-06-07 13:11:04,
226163368010661,2007,54,5,251.0,25,1,1,2007,366.0,0.0,0.0,0.0,0.0,0.0,0.0,0.0,30.0,0.0,0.0,0.0,666,1.0,0,3.0,1.0,1.0,,0.0,2010-06-07 13:25:51,
226163369010661,2007,54,5,251.0,25,1,1,2007,541.0,0.0,0.0,0.0,0.0,0.0,0.0,0.0,30.0,0.0,0.0,0.0,666,1.0,0,3.0,1.0,1.0,,0.0,2010-06-07 13:25:51,
226163370010661,2007,54,5,251.0,25,1,1,2007,621.0,0.0,0.0,0.0,0.0,0.0,0.0,0.0,30.0,0.0,0.0,0.0,666,1.0,0,3.0,1.0,1.0,,0.0,2010-06-07 13:25:51,
226163353010661,2007,54,7,8631.0,863,1,1,2007,364.0,0.0,0.0,0.0,0.0,0.0,0.0,0.0,30.0,0.0,0.0,0.0,1189,1.0,359,3.0,1.0,1.0,,0.0,2010-06-07 13:25:44,
226163354010661,2007,54,7,8631.0,863,1,1,2007,366.0,0.0,0.0,0.0,0.0,0.0,0.0,0.0,22.0,0.0,0.0,0.0,1189,1.0,359,3.0,1.0,1.0,,0.0,2010-06-07 13:25:44,
226163355010661,2007,54,7,8631.0,863,1,1,2007,541.0,0.0,0.0,0.0,0.0,0.0,0.0,0.0,30.0,0.0,0.0,0.0,1189,1.0,359,3.0,1.0,1.0,,0.0,2010-06-07 13:25:45,
226163356010661,2007,54,7,8631.0,863,1,1,2007,621.0,0.0,0.0,0.0,0.0,0.0,0.0,0.0,30.0,0.0,0.0,0.0,1189,1.0,359,3.0,1.0,1.0,,0.0,2010-06-07 13:25:45,
226163357010661,2007,54,7,8631.0,863,1,1,2007,762.0,0.0,0.0,0.0,0.0,0.0,0.0,0.0,11.0,0.0,0.0,0.0,1189,1.0,359,3.0,1.0,1.0,,0.0,2010-06-07 13:25:45,
226163382010661,2007,54,11,8451.0,845,1,1,2007,365.0,0.0,0.0,0.0,0.0,0.0,0.0,0.0,30.0,0.0,0.0,0.0,884,1.0,241,1.0,1.0,1.0,,0.0,2010-06-07 13:25:56,
226163383010661,2007,54,11,8451.0,845,1,1,2007,366.0,0.0,0.0,0.0,0.0,0.0,0.0,0.0,30.0,0.0,0.0,0.0,884,1.0,241,1.0,1.0,1.0,,0.0,2010-06-07 13:25:56,
226163384010661,2007,54,11,8451.0,845,1,1,2007,541.0,0.0,0.0,0.0,0.0,0.0,0.0,0.0,30.0,0.0,0.0,0.0,884,1.0,241,1.0,1.0,1.0,,0.0,2010-06-07 13:25:56,
226163386010661,2007,54,11,12261.0,1226,1,1,2007,365.0,0.0,0.0,0.0,0.0,0.0,0.0,0.0,30.0,0.0,0.0,0.0,443,1.0,0,4.0,1.0,1.0,,0.0,2010-06-07 13:25:57,
226163387010661,2007,54,11,12261.0,1226,1,1,2007,366.0,0.88,0.88,0.88,0.38,0.38,0.38,1.0,30.0,0.03333333,0.3344,0.01114667,443,1.0,0,4.0,1.0,1.0,,0.0,2010-06-07 13:25:57,
226163388010661,2007,54,11,12261.0,1226,1,1,2007,541.0,0.0,0.0,0.0,0.0,0.0,0.0,0.0,30.0,0.0,0.0,0.0,443,1.0,0,4.0,1.0,1.0,,0.0,2010-06-07 13:25:58,
226163233010661,2007,54,19,12431.0,1243,1,2,2007,365.0,0.0,0.0,0.0,0.0,0.0,0.0,0.0,30.0,0.0,0.0,0.0,1727,2.0,0,4.0,1.0,1.0,,0.0,2010-06-07 13:25:04,2010-09-07 12:21:22
226163234010661,2007,54,19,12431.0,1243,1,2,2007,366.0,0.0,0.0,0.0,0.0,0.0,0.0,0.0,30.0,0.0,0.0,0.0,1727,2.0,0,4.0,1.0,1.0,,0.0,2010-06-07 13:25:05,2010-09-07 12:21:22
226163235010661,2007,54,19,12431.0,1243,1,2,2007,931.0,0.0,0.0,0.0,0.0,0.0,0.0,0.0,30.0,0.0,0.0,0.0,1727,2.0,0,4.0,1.0,1.0,,0.0,2010-06-07 13:25:05,2010-09-07 12:21:22
226163219010661,2007,54,25,8201.0,820,1,1,2007,365.0,0.0,0.0,0.0,0.0,0.0,0.0,0.0,11.0,0.0,0.0,0.0,2952,1.0,218,1.0,1.0,1.0,,0.0,2010-06-07 13:24:59,
226163220010661,2007,54,25,8201.0,820,1,1,2007,541.0,0.88,0.38,0.4425,0.38,0.035,0.171875,8.0,30.0,0.26666667,0.0890625,0.02375,2952,1.0,218,1.0,1.0,1.0,,0.0,2010-06-07 13:24:59,
226163221010661,2007,54,25,8201.0,820,1,1,2007,621.0,0.0,0.0,0.0,0.0,0.0,0.0,0.0,30.0,0.0,0.0,0.0,2952,1.0,218,1.0,1.0,1.0,,0.0,2010-06-07 13:25:00,
226163222010661,2007,54,25,8201.0,820,1,1,2007,931.0,0.0,0.0,0.0,0.0,0.0,0.0,0.0,30.0,0.0,0.0,0.0,2952,1.0,218,1.0,1.0,1.0,,0.0,2010-06-07 13:25:01,
226163632010661,2007,54,31,5341.0,534,1,2,2007,365.0,0.0,0.0,0.0,0.0,0.0,0.0,0.0,25.0,0.0,0.0,0.0,862,1.0,0,5.0,1.0,1.0,,0.0,2010-06-07 13:27:12,2010-09-07 12:21:02
226163633010661,2007,54,31,5341.0,534,1,2,2007,366.0,0.0,0.0,0.0,0.0,0.0,0.0,0.0,30.0,0.0,0.0,0.0,862,1.0,0,5.0,1.0,1.0,,0.0,2010-06-07 13:27:13,2010-09-07 12:21:02
226163634010661,2007,54,31,5341.0,534,1,2,2007,541.0,0.0,0.0,0.0,0.0,0.0,0.0,0.0,30.0,0.0,0.0,0.0,862,1.0,0,5.0,1.0,1.0,,0.0,2010-06-07 13:27:13,2010-09-07 12:21:02
226163635010661,2007,54,31,5341.0,534,1,2,2007,762.0,0.0,0.0,0.0,0.0,0.0,0.0,0.0,30.0,0.0,0.0,0.0,862,1.0,0,5.0,1.0,1.0,,0.0,2010-06-07 13:27:13,2010-09-07 12:21:02
226163337010661,2007,54,31,13651.0,1365,1,1,2007,365.0,0.0,0.0,0.0,0.0,0.0,0.0,0.0,30.0,0.0,0.0,0.0,749,1.0,0,5.0,1.0,1.0,,0.0,2010-06-07 13:25:38,
226163338010661,2007,54,31,13651.0,1365,1,1,2007,366.0,0.0,0.0,0.0,0.0,0.0,0.0,0.0,30.0,0.0,0.0,0.0,749,1.0,0,5.0,1.0,1.0,,0.0,2010-06-07 13:25:38,
226163339010661,2007,54,31,13651.0,1365,1,1,2007,915.0,0.0,0.0,0.0,0.0,0.0,0.0,0.0,30.0,0.0,0.0,0.0,749,1.0,0,5.0,1.0,1.0,,0.0,2010-06-07 13:25:39,
226163174010661,2007,54,41,13521.0,1352,1,1,2007,365.0,0.0,0.0,0.0,0.0,0.0,0.0,0.0,30.0,0.0,0.0,0.0,1122,1.0,0,3.0,1.0,1.0,,0.0,2010-06-07 13:24:43,
226163175010661,2007,54,41,13521.0,1352,1,1,2007,366.0,0.88,0.88,0.88,0.16,0.16,0.16,2.0,30.0,0.06666667,0.1408,0.00938667,1122,1.0,0,3.0,1.0,1.0,,0.0,2010-06-07 13:24:44,
226163176010661,2007,54,41,13521.0,1352,1,1,2007,762.0,0.0,0.0,0.0,0.0,0.0,0.0,0.0,30.0,0.0,0.0,0.0,1122,1.0,0,3.0,1.0,1.0,,0.0,2010-06-07 13:24:44,
226163177010661,2007,54,41,13521.0,1352,1,1,2007,915.0,0.0,0.0,0.0,0.0,0.0,0.0,0.0,30.0,0.0,0.0,0.0,1122,1.0,0,3.0,1.0,1.0,,0.0,2010-06-07 13:24:44,
226163667010661,2007,54,41,14241.0,1424,1,1,2007,365.0,0.16,0.16,0.16,0.16,0.035,0.06625,4.0,30.0,0.13333333,0.0106,0.00141333,1011,1.0,313,3.0,1.0,1.0,,1.0,2010-06-07 13:27:25,
226163668010661,2007,54,41,14241.0,1424,1,1,2007,366.0,0.0,0.0,0.0,0.0,0.0,0.0,0.0,30.0,0.0,0.0,0.0,1011,1.0,313,3.0,1.0,1.0,,1.0,2010-06-07 13:27:25,
226163669010661,2007,54,41,14241.0,1424,1,1,2007,762.0,0.0,0.0,0.0,0.0,0.0,0.0,0.0,30.0,0.0,0.0,0.0,1011,1.0,313,3.0,1.0,1.0,,1.0,2010-06-07 13:27:26,
226163228010661,2007,54,45,1741.0,174,1,2,2007,366.0,0.0,0.0,0.0,0.0,0.0,0.0,0.0,30.0,0.0,0.0,0.0,785,1.0,0,4.0,1.0,1.0,,0.0,2010-06-07 13:25:03,2010-09-07 12:21:22
226163229010661,2007,54,45,1741.0,174,1,2,2007,541.0,0.0,0.0,0.0,0.0,0.0,0.0,0.0,30.0,0.0,0.0,0.0,785,1.0,0,4.0,1.0,1.0,,0.0,2010-06-07 13:25:03,2010-09-07 12:21:22
226163230010661,2007,54,45,1741.0,174,1,2,2007,621.0,0.0,0.0,0.0,0.0,0.0,0.0,0.0,30.0,0.0,0.0,0.0,785,1.0,0,4.0,1.0,1.0,,0.0,2010-06-07 13:25:03,2010-09-07 12:21:22
226163231010661,2007,54,45,1741.0,174,1,2,2007,762.0,0.0,0.0,0.0,0.0,0.0,0.0,0.0,10.0,0.0,0.0,0.0,785,1.0,0,4.0,1.0,1.0,,0.0,2010-06-07 13:25:04,2010-09-07 12:21:22
226163214010661,2007,54,55,51.0,5,1,2,2007,365.0,0.16,0.16,0.16,0.16,0.16,0.16,3.0,21.0,0.14285714,0.0256,0.00365714,2671,1.0,0,1.0,1.0,1.0,,0.0,2010-06-07 13:24:57,2010-09-07 12:21:22
226163215010661,2007,54,55,51.0,5,1,2,2007,366.0,0.0,0.0,0.0,0.0,0.0,0.0,0.0,30.0,0.0,0.0,0.0,2671,1.0,0,1.0,1.0,1.0,,0.0,2010-06-07 13:24:58,2010-09-07 12:21:22
226163216010661,2007,54,55,51.0,5,1,2,2007,621.0,0.0,0.0,0.0,0.0,0.0,0.0,0.0,30.0,0.0,0.0,0.0,2671,1.0,0,1.0,1.0,1.0,,0.0,2010-06-07 13:24:58,2010-09-07 12:21:22
226163217010661,2007,54,55,51.0,5,1,2,2007,931.0,0.0,0.0,0.0,0.0,0.0,0.0,0.0,30.0,0.0,0.0,0.0,2671,1.0,0,1.0,1.0,1.0,,0.0,2010-06-07 13:24:59,2010-09-07 12:21:22
226163671010661,2007,54,61,811.0,81,1,1,2007,366.0,0.0,0.0,0.0,0.0,0.0,0.0,0.0,30.0,0.0,0.0,0.0,989,2.0,333,3.0,1.0,1.0,,0.0,2010-06-07 13:27:26,
226163672010661,2007,54,61,811.0,81,1,1,2007,541.0,0.0,0.0,0.0,0.0,0.0,0.0,0.0,30.0,0.0,0.0,0.0,989,2.0,333,3.0,1.0,1.0,,0.0,2010-06-07 13:27:26,
226163673010661,2007,54,61,811.0,81,1,1,2007,762.0,0.0,0.0,0.0,0.0,0.0,0.0,0.0,30.0,0.0,0.0,0.0,989,2.0,333,3.0,1.0,1.0,,0.0,2010-06-07 13:27:27,
226163659010661,2007,54,61,8351.0,835,1,1,2007,365.0,0.63,0.16,0.24692308,0.38,0.035,0.19153846,13.0,30.0,0.43333333,0.05995385,0.02598,2479,2.0,322,1.0,1.0,1.0,,0.0,2010-06-07 13:27:22,
226163660010661,2007,54,61,8351.0,835,1,1,2007,366.0,0.0,0.0,0.0,0.0,0.0,0.0,0.0,30.0,0.0,0.0,0.0,2479,2.0,322,1.0,1.0,1.0,,0.0,2010-06-07 13:27:23,
226163661010661,2007,54,61,8351.0,835,1,1,2007,762.0,0.88,0.16,0.47833333,0.16,0.035,0.0975,6.0,30.0,0.2,0.06653333,0.01330667,2479,2.0,322,1.0,1.0,1.0,,0.0,2010-06-07 13:27:23,
226163637010661,2007,54,65,521.0,52,1,1,2007,365.0,0.0,0.0,0.0,0.0,0.0,0.0,0.0,30.0,0.0,0.0,0.0,747,1.0,0,1.0,1.0,1.0,,0.0,2010-06-07 13:27:14,
226163638010661,2007,54,65,521.0,52,1,1,2007,541.0,0.63,0.16,0.31666667,0.16,0.035,0.07666667,3.0,30.0,0.1,0.03733333,0.00373333,747,1.0,0,1.0,1.0,1.0,,0.0,2010-06-07 13:27:14,
226163639010661,2007,54,65,521.0,52,1,1,2007,762.0,0.0,0.0,0.0,0.0,0.0,0.0,0.0,30.0,0.0,0.0,0.0,747,1.0,0,1.0,1.0,1.0,,0.0,2010-06-07 13:27:15,
226163364010661,2007,54,67,3711.0,371,1,1,2007,365.0,0.0,0.0,0.0,0.0,0.0,0.0,0.0,30.0,0.0,0.0,0.0,1838,1.0,23,3.0,1.0,1.0,,0.0,2010-06-07 13:25:48,
226163365010661,2007,54,67,3711.0,371,1,1,2007,366.0,0.0,0.0,0.0,0.0,0.0,0.0,0.0,30.0,0.0,0.0,0.0,1838,1.0,23,3.0,1.0,1.0,,0.0,2010-06-07 13:25:49,
226163366010661,2007,54,67,3711.0,371,1,1,2007,621.0,0.0,0.0,0.0,0.0,0.0,0.0,0.0,30.0,0.0,0.0,0.0,1838,1.0,23,3.0,1.0,1.0,,0.0,2010-06-07 13:25:49,
226163341010661,2007,54,75,3361.0,336,1,1,2007,365.0,0.16,0.16,0.16,0.16,0.16,0.16,2.0,30.0,0.06666667,0.0256,0.00170667,4023,2.0,0,1.0,1.0,1.0,,0.0,2010-06-07 13:25:40,
226163342010661,2007,54,75,3361.0,336,1,1,2007,366.0,0.16,0.16,0.16,0.16,0.035,0.12875,4.0,30.0,0.13333333,0.0206,0.00274667,4023,2.0,0,1.0,1.0,1.0,,0.0,2010-06-07 13:25:40,
226163343010661,2007,54,75,3361.0,336,1,1,2007,762.0,0.0,0.0,0.0,0.0,0.0,0.0,0.0,30.0,0.0,0.0,0.0,4023,2.0,0,1.0,1.0,1.0,,0.0,2010-06-07 13:25:40,
226163345010661,2007,54,83,3671.0,367,1,1,2007,365.0,0.0,0.0,0.0,0.0,0.0,0.0,0.0,30.0,0.0,0.0,0.0,1847,2.0,0,5.0,1.0,2.0,,1.0,2010-06-07 13:25:41,
226163346010661,2007,54,83,3671.0,367,1,1,2007,366.0,0.38,0.38,0.38,0.035,0.035,0.035,1.0,30.0,0.03333333,0.0133,0.00044333,1847,2.0,0,5.0,1.0,2.0,,1.0,2010-06-07 13:25:41,
226163347010661,2007,54,83,3671.0,367,1,1,2007,762.0,0.0,0.0,0.0,0.0,0.0,0.0,0.0,30.0,0.0,0.0,0.0,1847,2.0,0,5.0,1.0,2.0,,1.0,2010-06-07 13:25:42,
226163359010661,2007,54,83,13951.0,1395,1,1,2007,365.0,0.0,0.0,0.0,0.0,0.0,0.0,0.0,12.0,0.0,0.0,0.0,2734,1.0,299,3.0,1.0,1.0,,0.0,2010-06-07 13:25:46,
226163360010661,2007,54,83,13951.0,1395,1,1,2007,366.0,0.0,0.0,0.0,0.0,0.0,0.0,0.0,30.0,0.0,0.0,0.0,2734,1.0,299,3.0,1.0,1.0,,0.0,2010-06-07 13:25:47,
226163361010661,2007,54,83,13951.0,1395,1,1,2007,621.0,0.0,0.0,0.0,0.0,0.0,0.0,0.0,30.0,0.0,0.0,0.0,2734,1.0,299,3.0,1.0,1.0,,0.0,2010-06-07 13:25:47,
226163362010661,2007,54,83,13951.0,1395,1,1,2007,761.0,0.0,0.0,0.0,0.0,0.0,0.0,0.0,30.0,0.0,0.0,0.0,2734,1.0,299,3.0,1.0,1.0,,0.0,2010-06-07 13:25:48,
226163679010661,2007,54,85,5651.0,565,1,1,2007,366.0,0.0,0.0,0.0,0.0,0.0,0.0,0.0,30.0,0.0,0.0,0.0,739,1.0,161,3.0,1.0,1.0,,0.0,2010-06-07 13:27:28,
226163680010661,2007,54,85,5651.0,565,1,1,2007,541.0,0.0,0.0,0.0,0.0,0.0,0.0,0.0,30.0,0.0,0.0,0.0,739,1.0,161,3.0,1.0,1.0,,0.0,2010-06-07 13:27:29,
226163681010661,2007,54,85,5651.0,565,1,1,2007,762.0,0.0,0.0,0.0,0.0,0.0,0.0,0.0,30.0,0.0,0.0,0.0,739,1.0,161,3.0,1.0,1.0,,0.0,2010-06-07 13:27:29,
226163372010661,2007,54,87,6961.0,696,1,2,2007,365.0,0.16,0.16,0.16,0.16,0.035,0.0975,2.0,30.0,0.06666667,0.0156,0.00104,530,2.0,244,3.0,2.0,1.0,,0.0,2010-06-07 13:25:52,2010-09-07 12:21:07
226163373010661,2007,54,87,6961.0,696,1,2,2007,366.0,0.0,0.0,0.0,0.0,0.0,0.0,0.0,30.0,0.0,0.0,0.0,530,2.0,244,3.0,2.0,1.0,,0.0,2010-06-07 13:25:53,2010-09-07 12:21:07
226163374010661,2007,54,87,6961.0,696,1,2,2007,621.0,0.0,0.0,0.0,0.0,0.0,0.0,0.0,30.0,0.0,0.0,0.0,530,2.0,244,3.0,2.0,1.0,,0.0,2010-06-07 13:25:53,2010-09-07 12:21:07
226163663010661,2007,54,91,6911.0,691,1,1,2007,365.0,0.88,0.88,0.88,0.16,0.16,0.16,1.0,30.0,0.03333333,0.1408,0.00469333,1109,1.0,0,4.0,1.0,1.0,,0.0,2010-06-07 13:27:24,
226163664010661,2007,54,91,6911.0,691,1,1,2007,541.0,0.0,0.0,0.0,0.0,0.0,0.0,0.0,30.0,0.0,0.0,0.0,1109,1.0,0,4.0,1.0,1.0,,0.0,2010-06-07 13:27:24,
226163665010661,2007,54,91,6911.0,691,1,1,2007,621.0,0.0,0.0,0.0,0.0,0.0,0.0,0.0,30.0,0.0,0.0,0.0,1109,1.0,0,4.0,1.0,1.0,,0.0,2010-06-07 13:27:24,
226163647010661,2007,54,93,4281.0,428,1,2,2007,365.0,0.0,0.0,0.0,0.0,0.0,0.0,0.0,30.0,0.0,0.0,0.0,3200,1.0,0,4.0,1.0,1.0,,0.0,2010-06-07 13:27:17,2010-09-07 12:21:02
226163648010661,2007,54,93,4281.0,428,1,2,2007,762.0,0.16,0.16,0.16,0.16,0.035,0.0975,2.0,30.0,0.06666667,0.0156,0.00104,3200,1.0,0,4.0,1.0,1.0,,0.0,2010-06-07 13:27:17,2010-09-07 12:21:02
226163650010661,2007,54,93,4282.0,428,2,2,2007,366.0,0.88,0.035,0.425,0.38,0.035,0.20863636,11.0,30.0,0.36666667,0.08768182,0.03215,3200,2.0,0,4.0,1.0,1.0,,0.0,2010-06-07 13:27:18,2010-09-07 12:21:02
226163687010661,2007,54,95,13001.0,1300,1,1,2007,365.0,0.16,0.16,0.16,0.16,0.16,0.16,1.0,30.0,0.03333333,0.0256,0.00085333,1080,1.0,0,1.0,1.0,1.0,,0.0,2010-06-07 13:27:31,
226163688010661,2007,54,95,13001.0,1300,1,1,2007,366.0,0.0,0.0,0.0,0.0,0.0,0.0,0.0,30.0,0.0,0.0,0.0,1080,1.0,0,1.0,1.0,1.0,,0.0,2010-06-07 13:27:31,
226163689010661,2007,54,95,13001.0,1300,1,1,2007,541.0,0.0,0.0,0.0,0.0,0.0,0.0,0.0,16.0,0.0,0.0,0.0,1080,1.0,0,1.0,1.0,1.0,,0.0,2010-06-07 13:27:31,
226163690010661,2007,54,95,13001.0,1300,1,1,2007,762.0,0.0,0.0,0.0,0.0,0.0,0.0,0.0,30.0,0.0,0.0,0.0,1080,1.0,0,1.0,1.0,1.0,,0.0,2010-06-07 13:27:32,
226163171010661,2007,54,99,15581.0,1558,1,1,2007,365.0,0.0,0.0,0.0,0.0,0.0,0.0,0.0,30.0,0.0,0.0,0.0,692,1.0,250,3.0,1.0,1.0,,2.0,2010-06-07 13:24:43,
226163172010661,2007,54,99,15581.0,1558,1,1,2007,541.0,0.0,0.0,0.0,0.0,0.0,0.0,0.0,30.0,0.0,0.0,0.0,692,1.0,250,3.0,1.0,1.0,,2.0,2010-06-07 13:24:43,
226163349010661,2007,54,101,13731.0,1373,1,2,2007,365.0,0.16,0.035,0.0975,0.16,0.035,0.07666667,6.0,30.0,0.2,0.007475,0.001495,2162,1.0,0,5.0,1.0,2.0,,0.0,2010-06-07 13:25:43,2010-09-07 12:21:07
226163350010661,2007,54,101,13731.0,1373,1,2,2007,366.0,0.0,0.0,0.0,0.0,0.0,0.0,0.0,30.0,0.0,0.0,0.0,2162,1.0,0,5.0,1.0,2.0,,0.0,2010-06-07 13:25:43,2010-09-07 12:21:07
226163351010661,2007,54,101,13731.0,1373,1,2,2007,762.0,0.0,0.0,0.0,0.0,0.0,0.0,0.0,30.0,0.0,0.0,0.0,2162,1.0,0,5.0,1.0,2.0,,0.0,2010-06-07 13:25:43,2010-09-07 12:21:07
226163224010661,2007,54,109,15391.0,1539,1,1,2007,364.0,0.0,0.0,0.0,0.0,0.0,0.0,0.0,30.0,0.0,0.0,0.0,1395,2.0,159,3.0,1.0,1.0,,0.0,2010-06-07 13:25:01,
226163225010661,2007,54,109,15391.0,1539,1,1,2007,621.0,0.0,0.0,0.0,0.0,0.0,0.0,0.0,30.0,0.0,0.0,0.0,1395,2.0,159,3.0,1.0,1.0,,0.0,2010-06-07 13:25:02,
226163226010661,2007,54,109,15391.0,1539,1,1,2007,931.0,0.0,0.0,0.0,0.0,0.0,0.0,0.0,30.0,0.0,0.0,0.0,1395,2.0,159,3.0,1.0,1.0,,0.0,2010-06-07 13:25:02,
234058730010661,2008,54,1,6912.0,691,2,1,2008,365.0,0.0,0.0,0.0,0.0,0.0,0.0,0.0,26.0,0.0,0.0,0.0,1180,1.0,0,5.0,1.0,1.0,,0.0,2010-09-20 12:05:25,
234058731010661,2008,54,1,6912.0,691,2,1,2008,366.0,0.0,0.0,0.0,0.0,0.0,0.0,0.0,30.0,0.0,0.0,0.0,1180,1.0,0,5.0,1.0,1.0,,0.0,2010-09-20 12:05:25,
234058349010661,2008,54,5,251.0,25,1,1,2008,365.0,0.0,0.0,0.0,0.0,0.0,0.0,0.0,28.0,0.0,0.0,0.0,782,1.0,0,3.0,1.0,1.0,,0.0,2010-09-20 12:03:36,
234058350010661,2008,54,5,251.0,25,1,1,2008,366.0,0.0,0.0,0.0,0.0,0.0,0.0,0.0,32.0,0.0,0.0,0.0,782,1.0,0,3.0,1.0,1.0,,0.0,2010-09-20 12:03:36,
234058352010661,2008,54,5,251.0,25,1,1,2008,621.0,0.0,0.0,0.0,0.0,0.0,0.0,0.0,30.0,0.0,0.0,0.0,782,1.0,0,3.0,1.0,1.0,,0.0,2010-09-20 12:03:37,
234058354010661,2008,54,5,251.0,25,1,1,2008,915.0,0.0,0.0,0.0,0.0,0.0,0.0,0.0,20.0,0.0,0.0,0.0,782,1.0,0,3.0,1.0,1.0,,0.0,2010-09-20 12:03:37,
234058318010661,2008,54,7,8631.0,863,1,2,2008,364.0,0.0,0.0,0.0,0.0,0.0,0.0,0.0,31.0,0.0,0.0,0.0,1346,1.0,0,1.0,1.0,1.0,,0.0,2010-09-20 12:03:27,2010-09-21 13:23:49
234058319010661,2008,54,7,8631.0,863,1,2,2008,365.0,0.0,0.0,0.0,0.0,0.0,0.0,0.0,29.0,0.0,0.0,0.0,1346,1.0,0,1.0,1.0,1.0,,0.0,2010-09-20 12:03:27,2010-09-21 13:23:49
234058320010661,2008,54,7,8631.0,863,1,2,2008,366.0,0.0,0.0,0.0,0.0,0.0,0.0,0.0,34.0,0.0,0.0,0.0,1346,1.0,0,1.0,1.0,1.0,,0.0,2010-09-20 12:03:27,2010-09-21 13:23:49
234058322010661,2008,54,7,8631.0,863,1,2,2008,621.0,0.0,0.0,0.0,0.0,0.0,0.0,0.0,29.0,0.0,0.0,0.0,1346,1.0,0,1.0,1.0,1.0,,0.0,2010-09-20 12:03:28,2010-09-21 13:23:49
234058323010661,2008,54,7,8631.0,863,1,2,2008,762.0,0.0,0.0,0.0,0.0,0.0,0.0,0.0,31.0,0.0,0.0,0.0,1346,1.0,0,1.0,1.0,1.0,,0.0,2010-09-20 12:03:28,2010-09-21 13:23:49
234058324010661,2008,54,7,8631.0,863,1,2,2008,915.0,0.0,0.0,0.0,0.0,0.0,0.0,0.0,25.0,0.0,0.0,0.0,1346,1.0,0,1.0,1.0,1.0,,0.0,2010-09-20 12:03:29,2010-09-21 13:23:49
234058368010661,2008,54,11,8451.0,845,1,1,2008,365.0,0.0,0.0,0.0,0.0,0.0,0.0,0.0,30.0,0.0,0.0,0.0,961,2.0,241,1.0,1.0,1.0,,0.0,2010-09-20 12:03:41,
234058369010661,2008,54,11,8451.0,845,1,1,2008,366.0,0.0,0.0,0.0,0.0,0.0,0.0,0.0,30.0,0.0,0.0,0.0,961,2.0,241,1.0,1.0,1.0,,0.0,2010-09-20 12:03:42,
234058370010661,2008,54,11,8451.0,845,1,1,2008,541.0,0.0,0.0,0.0,0.0,0.0,0.0,0.0,32.0,0.0,0.0,0.0,961,2.0,241,1.0,1.0,1.0,,0.0,2010-09-20 12:03:42,
234058375010661,2008,54,11,12261.0,1226,1,1,2008,365.0,0.0,0.0,0.0,0.0,0.0,0.0,0.0,33.0,0.0,0.0,0.0,548,1.0,0,4.0,1.0,2.0,,0.0,2010-09-20 12:03:43,
234058376010661,2008,54,11,12261.0,1226,1,1,2008,366.0,0.0,0.0,0.0,0.0,0.0,0.0,0.0,30.0,0.0,0.0,0.0,548,1.0,0,4.0,1.0,2.0,,0.0,2010-09-20 12:03:44,
234058377010661,2008,54,11,12261.0,1226,1,1,2008,541.0,0.0,0.0,0.0,0.0,0.0,0.0,0.0,31.0,0.0,0.0,0.0,548,1.0,0,4.0,1.0,2.0,,0.0,2010-09-20 12:03:44,
234058378010661,2008,54,11,12261.0,1226,1,1,2008,915.0,0.0,0.0,0.0,0.0,0.0,0.0,0.0,15.0,0.0,0.0,0.0,548,1.0,0,4.0,1.0,2.0,,0.0,2010-09-20 12:03:44,
234058166010661,2008,54,19,12431.0,1243,1,2,2008,365.0,0.0,0.0,0.0,0.0,0.0,0.0,0.0,14.0,0.0,0.0,0.0,1866,2.0,0,4.0,1.0,1.0,,0.0,2010-09-20 12:02:43,2010-09-21 13:23:48
234058167010661,2008,54,19,12431.0,1243,1,2,2008,366.0,0.0,0.0,0.0,0.0,0.0,0.0,0.0,33.0,0.0,0.0,0.0,1866,2.0,0,4.0,1.0,1.0,,0.0,2010-09-20 12:02:43,2010-09-21 13:23:48
234058169010661,2008,54,19,12431.0,1243,1,2,2008,621.0,0.0,0.0,0.0,0.0,0.0,0.0,0.0,32.0,0.0,0.0,0.0,1866,2.0,0,4.0,1.0,1.0,,0.0,2010-09-20 12:02:44,2010-09-21 13:23:48
234058171010661,2008,54,19,12431.0,1243,1,2,2008,915.0,0.0,0.0,0.0,0.0,0.0,0.0,0.0,32.0,0.0,0.0,0.0,1866,2.0,0,4.0,1.0,1.0,,0.0,2010-09-20 12:02:45,2010-09-21 13:23:48
234058172010661,2008,54,19,12431.0,1243,1,2,2008,931.0,0.0,0.0,0.0,0.0,0.0,0.0,0.0,19.0,0.0,0.0,0.0,1866,2.0,0,4.0,1.0,1.0,,0.0,2010-09-20 12:02:45,2010-09-21 13:23:48
234058145010661,2008,54,25,8201.0,820,1,1,2008,365.0,0.0,0.0,0.0,0.0,0.0,0.0,0.0,13.0,0.0,0.0,0.0,2920,1.0,218,1.0,1.0,1.0,,0.0,2010-09-20 12:02:37,
234058146010661,2008,54,25,8201.0,820,1,1,2008,541.0,0.0,0.0,0.0,0.0,0.0,0.0,0.0,30.0,0.0,0.0,0.0,2920,1.0,218,1.0,1.0,1.0,,0.0,2010-09-20 12:02:37,
234058147010661,2008,54,25,8201.0,820,1,1,2008,621.0,0.0,0.0,0.0,0.0,0.0,0.0,0.0,30.0,0.0,0.0,0.0,2920,1.0,218,1.0,1.0,1.0,,0.0,2010-09-20 12:02:37,
234058149010661,2008,54,25,8201.0,820,1,1,2008,762.0,0.0,0.0,0.0,0.0,0.0,0.0,0.0,10.0,0.0,0.0,0.0,2920,1.0,218,1.0,1.0,1.0,,0.0,2010-09-20 12:02:38,
234058150010661,2008,54,25,8201.0,820,1,1,2008,931.0,0.0,0.0,0.0,0.0,0.0,0.0,0.0,30.0,0.0,0.0,0.0,2920,1.0,218,1.0,1.0,1.0,,0.0,2010-09-20 12:02:38,
234058683010661,2008,54,31,5341.0,534,1,2,2008,365.0,0.16,0.16,0.16,0.16,0.16,0.16,1.0,30.0,0.03333333,0.0256,0.00085333,980,1.0,0,5.0,1.0,1.0,,0.0,2010-09-20 12:05:12,2010-09-21 13:23:48
234058684010661,2008,54,31,5341.0,534,1,2,2008,541.0,0.0,0.0,0.0,0.0,0.0,0.0,0.0,30.0,0.0,0.0,0.0,980,1.0,0,5.0,1.0,1.0,,0.0,2010-09-20 12:05:12,2010-09-21 13:23:48
234058685010661,2008,54,31,5341.0,534,1,2,2008,762.0,0.0,0.0,0.0,0.0,0.0,0.0,0.0,30.0,0.0,0.0,0.0,980,1.0,0,5.0,1.0,1.0,,0.0,2010-09-20 12:05:12,2010-09-21 13:23:48
234058289010661,2008,54,31,13651.0,1365,1,1,2008,365.0,0.0,0.0,0.0,0.0,0.0,0.0,0.0,30.0,0.0,0.0,0.0,846,1.0,0,5.0,1.0,1.0,,0.0,2010-09-20 12:03:18,
234058290010661,2008,54,31,13651.0,1365,1,1,2008,366.0,0.0,0.0,0.0,0.0,0.0,0.0,0.0,30.0,0.0,0.0,0.0,846,1.0,0,5.0,1.0,1.0,,0.0,2010-09-20 12:03:19,
234058293010661,2008,54,31,13651.0,1365,1,1,2008,915.0,0.0,0.0,0.0,0.0,0.0,0.0,0.0,30.0,0.0,0.0,0.0,846,1.0,0,5.0,1.0,1.0,,0.0,2010-09-20 12:03:20,
234058083010661,2008,54,41,13521.0,1352,1,1,2008,365.0,0.16,0.035,0.085,0.035,0.035,0.035,5.0,30.0,0.16666667,0.002975,0.00049583,1122,1.0,0,3.0,1.0,3.0,,0.0,2010-09-20 12:02:18,
234058084010661,2008,54,41,13521.0,1352,1,1,2008,366.0,0.035,0.035,0.035,0.63,0.16,0.395,2.0,30.0,0.06666667,0.013825,0.00092167,1122,1.0,0,3.0,1.0,3.0,,0.0,2010-09-20 12:02:18,
234058085010661,2008,54,41,13521.0,1352,1,1,2008,762.0,0.0,0.0,0.0,0.0,0.0,0.0,0.0,30.0,0.0,0.0,0.0,1122,1.0,0,3.0,1.0,3.0,,0.0,2010-09-20 12:02:19,
234058086010661,2008,54,41,13521.0,1352,1,1,2008,915.0,0.0,0.0,0.0,0.0,0.0,0.0,0.0,30.0,0.0,0.0,0.0,1122,1.0,0,3.0,1.0,3.0,,0.0,2010-09-20 12:02:19,
234058744010661,2008,54,41,14241.0,1424,1,1,2008,364.0,0.88,0.88,0.88,0.63,0.38,0.54666667,3.0,30.0,0.1,0.48106667,0.04810667,1120,1.0,0,5.0,1.0,2.0,,0.0,2010-09-20 12:05:29,
234058745010661,2008,54,41,14241.0,1424,1,1,2008,365.0,0.0,0.0,0.0,0.0,0.0,0.0,0.0,30.0,0.0,0.0,0.0,1120,1.0,0,5.0,1.0,2.0,,0.0,2010-09-20 12:05:29,
234058746010661,2008,54,41,14241.0,1424,1,1,2008,366.0,0.0,0.0,0.0,0.0,0.0,0.0,0.0,30.0,0.0,0.0,0.0,1120,1.0,0,5.0,1.0,2.0,,0.0,2010-09-20 12:05:29,
234058159010661,2008,54,45,1741.0,174,1,2,2008,366.0,0.0,0.0,0.0,0.0,0.0,0.0,0.0,30.0,0.0,0.0,0.0,988,1.0,0,4.0,1.0,1.0,,0.0,2010-09-20 12:02:41,2010-09-21 13:23:49
234058160010661,2008,54,45,1741.0,174,1,2,2008,541.0,0.0,0.0,0.0,0.0,0.0,0.0,0.0,30.0,0.0,0.0,0.0,988,1.0,0,4.0,1.0,1.0,,0.0,2010-09-20 12:02:41,2010-09-21 13:23:49
234058161010661,2008,54,45,1741.0,174,1,2,2008,621.0,0.0,0.0,0.0,0.0,0.0,0.0,0.0,33.0,0.0,0.0,0.0,988,1.0,0,4.0,1.0,1.0,,0.0,2010-09-20 12:02:42,2010-09-21 13:23:49
234058163010661,2008,54,45,1741.0,174,1,2,2008,915.0,0.0,0.0,0.0,0.0,0.0,0.0,0.0,12.0,0.0,0.0,0.0,988,1.0,0,4.0,1.0,1.0,,0.0,2010-09-20 12:02:42,2010-09-21 13:23:49
234058137010661,2008,54,55,51.0,5,1,2,2008,365.0,0.0,0.0,0.0,0.0,0.0,0.0,0.0,30.0,0.0,0.0,0.0,2755,1.0,0,1.0,1.0,1.0,,0.0,2010-09-20 12:02:34,2010-09-21 13:23:49
234058138010661,2008,54,55,51.0,5,1,2,2008,366.0,0.0,0.0,0.0,0.0,0.0,0.0,0.0,33.0,0.0,0.0,0.0,2755,1.0,0,1.0,1.0,1.0,,0.0,2010-09-20 12:02:35,2010-09-21 13:23:49
234058140010661,2008,54,55,51.0,5,1,2,2008,621.0,0.0,0.0,0.0,0.0,0.0,0.0,0.0,13.0,0.0,0.0,0.0,2755,1.0,0,1.0,1.0,1.0,,0.0,2010-09-20 12:02:35,2010-09-21 13:23:49
234058143010661,2008,54,55,51.0,5,1,2,2008,931.0,0.0,0.0,0.0,0.0,0.0,0.0,0.0,30.0,0.0,0.0,0.0,2755,1.0,0,1.0,1.0,1.0,,0.0,2010-09-20 12:02:36,2010-09-21 13:23:49
234058750010661,2008,54,61,811.0,81,1,1,2008,366.0,0.0,0.0,0.0,0.0,0.0,0.0,0.0,30.0,0.0,0.0,0.0,1094,2.0,333,3.0,1.0,1.0,,0.0,2010-09-20 12:05:30,
234058751010661,2008,54,61,811.0,81,1,1,2008,541.0,0.0,0.0,0.0,0.0,0.0,0.0,0.0,30.0,0.0,0.0,0.0,1094,2.0,333,3.0,1.0,1.0,,0.0,2010-09-20 12:05:31,
234058752010661,2008,54,61,811.0,81,1,1,2008,762.0,0.0,0.0,0.0,0.0,0.0,0.0,0.0,30.0,0.0,0.0,0.0,1094,2.0,333,3.0,1.0,1.0,,0.0,2010-09-20 12:05:31,
234058726010661,2008,54,61,8351.0,835,1,1,2008,365.0,0.16,0.16,0.16,0.035,0.035,0.035,1.0,30.0,0.03333333,0.0056,0.00018667,2549,2.0,300,1.0,2.0,1.0,,0.0,2010-09-20 12:05:24,
234058727010661,2008,54,61,8351.0,835,1,1,2008,366.0,0.0,0.0,0.0,0.0,0.0,0.0,0.0,30.0,0.0,0.0,0.0,2549,2.0,300,1.0,2.0,1.0,,0.0,2010-09-20 12:05:24,
234058728010661,2008,54,61,8351.0,835,1,1,2008,762.0,0.88,0.16,0.50111111,0.38,0.035,0.16722222,9.0,30.0,0.3,0.10736667,0.03221,2549,2.0,300,1.0,2.0,1.0,,0.0,2010-09-20 12:05:24,
234058688010661,2008,54,65,521.0,52,1,1,2008,365.0,0.0,0.0,0.0,0.0,0.0,0.0,0.0,30.0,0.0,0.0,0.0,878,2.0,350,1.0,1.0,1.0,,0.0,2010-09-20 12:05:13,
234058689010661,2008,54,65,521.0,52,1,1,2008,541.0,0.0,0.0,0.0,0.0,0.0,0.0,0.0,30.0,0.0,0.0,0.0,878,2.0,350,1.0,1.0,1.0,,0.0,2010-09-20 12:05:13,
234058691010661,2008,54,65,521.0,52,1,1,2008,762.0,0.0,0.0,0.0,0.0,0.0,0.0,0.0,30.0,0.0,0.0,0.0,878,2.0,350,1.0,1.0,1.0,,0.0,2010-09-20 12:05:14,
234058342010661,2008,54,67,3711.0,371,1,1,2008,365.0,0.0,0.0,0.0,0.0,0.0,0.0,0.0,21.0,0.0,0.0,0.0,1945,1.0,23,3.0,1.0,1.0,,0.0,2010-09-20 12:03:34,
234058343010661,2008,54,67,3711.0,371,1,1,2008,366.0,0.0,0.0,0.0,0.0,0.0,0.0,0.0,11.0,0.0,0.0,0.0,1945,1.0,23,3.0,1.0,1.0,,0.0,2010-09-20 12:03:34,
234058344010661,2008,54,67,3711.0,371,1,1,2008,621.0,0.0,0.0,0.0,0.0,0.0,0.0,0.0,32.0,0.0,0.0,0.0,1945,1.0,23,3.0,1.0,1.0,,0.0,2010-09-20 12:03:34,
234058345010661,2008,54,67,3711.0,371,1,1,2008,761.0,0.0,0.0,0.0,0.0,0.0,0.0,0.0,31.0,0.0,0.0,0.0,1945,1.0,23,3.0,1.0,1.0,,0.0,2010-09-20 12:03:35,
234058346010661,2008,54,67,3711.0,371,1,1,2008,915.0,0.0,0.0,0.0,0.0,0.0,0.0,0.0,12.0,0.0,0.0,0.0,1945,1.0,23,3.0,1.0,1.0,,0.0,2010-09-20 12:03:35,
234058295010661,2008,54,75,3361.0,336,1,1,2008,365.0,0.0,0.0,0.0,0.0,0.0,0.0,0.0,30.0,0.0,0.0,0.0,4108,2.0,0,1.0,1.0,1.0,,0.0,2010-09-20 12:03:20,
234058296010661,2008,54,75,3361.0,336,1,1,2008,366.0,0.0,0.0,0.0,0.0,0.0,0.0,0.0,6.0,0.0,0.0,0.0,4108,2.0,0,1.0,1.0,1.0,,0.0,2010-09-20 12:03:21,
234058297010661,2008,54,75,3361.0,336,1,1,2008,762.0,0.0,0.0,0.0,0.0,0.0,0.0,0.0,18.0,0.0,0.0,0.0,4108,2.0,0,1.0,1.0,1.0,,0.0,2010-09-20 12:03:21,
234058301010661,2008,54,75,3362.0,336,2,1,2008,366.0,0.0,0.0,0.0,0.0,0.0,0.0,0.0,26.0,0.0,0.0,0.0,3824,2.0,360,1.0,1.0,1.0,,0.0,2010-09-20 12:03:22,
234058302010661,2008,54,75,3362.0,336,2,1,2008,762.0,0.0,0.0,0.0,0.0,0.0,0.0,0.0,3.0,0.0,0.0,0.0,3824,2.0,360,1.0,1.0,1.0,,0.0,2010-09-20 12:03:22,
234058305010661,2008,54,83,3671.0,367,1,1,2008,365.0,0.0,0.0,0.0,0.0,0.0,0.0,0.0,30.0,0.0,0.0,0.0,1958,1.0,0,5.0,1.0,2.0,,0.0,2010-09-20 12:03:23,
234058306010661,2008,54,83,3671.0,367,1,1,2008,366.0,0.0,0.0,0.0,0.0,0.0,0.0,0.0,30.0,0.0,0.0,0.0,1958,1.0,0,5.0,1.0,2.0,,0.0,2010-09-20 12:03:23,
234058307010661,2008,54,83,3671.0,367,1,1,2008,541.0,0.0,0.0,0.0,0.0,0.0,0.0,0.0,15.0,0.0,0.0,0.0,1958,1.0,0,5.0,1.0,2.0,,0.0,2010-09-20 12:03:24,
234058308010661,2008,54,83,3671.0,367,1,1,2008,762.0,0.0,0.0,0.0,0.0,0.0,0.0,0.0,30.0,0.0,0.0,0.0,1958,1.0,0,5.0,1.0,2.0,,0.0,2010-09-20 12:03:24,
234058327010661,2008,54,83,13951.0,1395,1,1,2008,365.0,0.0,0.0,0.0,0.0,0.0,0.0,0.0,17.0,0.0,0.0,0.0,2824,1.0,300,3.0,1.0,1.0,,0.0,2010-09-20 12:03:29,
234058328010661,2008,54,83,13951.0,1395,1,1,2008,366.0,0.0,0.0,0.0,0.0,0.0,0.0,0.0,25.0,0.0,0.0,0.0,2824,1.0,300,3.0,1.0,1.0,,0.0,2010-09-20 12:03:30,
234058330010661,2008,54,83,13951.0,1395,1,1,2008,621.0,0.0,0.0,0.0,0.0,0.0,0.0,0.0,30.0,0.0,0.0,0.0,2824,1.0,300,3.0,1.0,1.0,,0.0,2010-09-20 12:03:30,
234058332010661,2008,54,83,13951.0,1395,1,1,2008,931.0,0.0,0.0,0.0,0.0,0.0,0.0,0.0,12.0,0.0,0.0,0.0,2824,1.0,300,3.0,1.0,1.0,,0.0,2010-09-20 12:03:31,
234058335010661,2008,54,83,13952.0,1395,2,1,2008,365.0,0.0,0.0,0.0,0.0,0.0,0.0,0.0,13.0,0.0,0.0,0.0,2606,2.0,155,3.0,1.0,1.0,,0.0,2010-09-20 12:03:32,
234058336010661,2008,54,83,13952.0,1395,2,1,2008,366.0,0.0,0.0,0.0,0.0,0.0,0.0,0.0,5.0,0.0,0.0,0.0,2606,2.0,155,3.0,1.0,1.0,,0.0,2010-09-20 12:03:32,
234058762010661,2008,54,85,5651.0,565,1,1,2008,365.0,0.0,0.0,0.0,0.0,0.0,0.0,0.0,11.0,0.0,0.0,0.0,812,2.0,159,3.0,1.0,1.0,,0.0,2010-09-20 12:05:34,
234058763010661,2008,54,85,5651.0,565,1,1,2008,366.0,0.0,0.0,0.0,0.0,0.0,0.0,0.0,30.0,0.0,0.0,0.0,812,2.0,159,3.0,1.0,1.0,,0.0,2010-09-20 12:05:34,
234058764010661,2008,54,85,5651.0,565,1,1,2008,541.0,0.0,0.0,0.0,0.0,0.0,0.0,0.0,30.0,0.0,0.0,0.0,812,2.0,159,3.0,1.0,1.0,,0.0,2010-09-20 12:05:35,
234058766010661,2008,54,85,5651.0,565,1,1,2008,762.0,0.16,0.16,0.16,0.16,0.16,0.16,4.0,30.0,0.13333333,0.0256,0.00341333,812,2.0,159,3.0,1.0,1.0,,0.0,2010-09-20 12:05:35,
234058767010661,2008,54,85,5651.0,565,1,1,2008,915.0,0.0,0.0,0.0,0.0,0.0,0.0,0.0,13.0,0.0,0.0,0.0,812,2.0,159,3.0,1.0,1.0,,0.0,2010-09-20 12:05:36,
234058356010661,2008,54,87,6961.0,696,1,2,2008,365.0,0.0,0.0,0.0,0.0,0.0,0.0,0.0,31.0,0.0,0.0,0.0,644,1.0,244,3.0,2.0,1.0,,0.0,2010-09-20 12:03:38,2010-09-21 13:23:49
234058357010661,2008,54,87,6961.0,696,1,2,2008,366.0,0.0,0.0,0.0,0.0,0.0,0.0,0.0,35.0,0.0,0.0,0.0,644,1.0,244,3.0,2.0,1.0,,0.0,2010-09-20 12:03:38,2010-09-21 13:23:49
234058359010661,2008,54,87,6961.0,696,1,2,2008,621.0,0.0,0.0,0.0,0.0,0.0,0.0,0.0,16.0,0.0,0.0,0.0,644,1.0,244,3.0,2.0,1.0,,0.0,2010-09-20 12:03:39,2010-09-21 13:23:48
234058737010661,2008,54,91,6911.0,691,1,1,2008,365.0,0.16,0.16,0.16,0.16,0.16,0.16,1.0,4.0,0.25,0.0256,0.0064,1247,2.0,0,5.0,1.0,1.0,,0.0,2010-09-20 12:05:27,
234058739010661,2008,54,91,6911.0,691,1,1,2008,541.0,0.0,0.0,0.0,0.0,0.0,0.0,0.0,30.0,0.0,0.0,0.0,1247,2.0,0,5.0,1.0,1.0,,0.0,2010-09-20 12:05:27,
234058740010661,2008,54,91,6911.0,691,1,1,2008,621.0,0.0,0.0,0.0,0.0,0.0,0.0,0.0,13.0,0.0,0.0,0.0,1247,2.0,0,5.0,1.0,1.0,,0.0,2010-09-20 12:05:28,
234058700010661,2008,54,93,4281.0,428,1,2,2008,365.0,0.0,0.0,0.0,0.0,0.0,0.0,0.0,30.0,0.0,0.0,0.0,3112,1.0,0,5.0,2.0,1.0,,0.0,2010-09-20 12:05:17,2010-09-21 13:23:48
234058702010661,2008,54,93,4281.0,428,1,2,2008,762.0,0.0,0.0,0.0,0.0,0.0,0.0,0.0,30.0,0.0,0.0,0.0,3112,1.0,0,5.0,2.0,1.0,,0.0,2010-09-20 12:05:17,2010-09-21 13:23:48
234058706010661,2008,54,93,4282.0,428,2,2,2008,366.0,0.88,0.035,0.32,0.16,0.035,0.0975,10.0,30.0,0.33333333,0.041575,0.01385833,3188,2.0,0,5.0,2.0,2.0,,0.0,2010-09-20 12:05:18,2010-09-21 13:23:48
234058774010661,2008,54,95,13001.0,1300,1,1,2008,365.0,0.16,0.16,0.16,0.16,0.16,0.16,1.0,30.0,0.03333333,0.0256,0.00085333,1198,2.0,0,1.0,1.0,1.0,,0.0,2010-09-20 12:05:37,
234058775010661,2008,54,95,13001.0,1300,1,1,2008,366.0,0.0,0.0,0.0,0.0,0.0,0.0,0.0,30.0,0.0,0.0,0.0,1198,2.0,0,1.0,1.0,1.0,,0.0,2010-09-20 12:05:38,
234058776010661,2008,54,95,13001.0,1300,1,1,2008,541.0,0.0,0.0,0.0,0.0,0.0,0.0,0.0,11.0,0.0,0.0,0.0,1198,2.0,0,1.0,1.0,1.0,,0.0,2010-09-20 12:05:38,
234058777010661,2008,54,95,13001.0,1300,1,1,2008,762.0,0.38,0.38,0.38,0.16,0.16,0.16,1.0,24.0,0.04166667,0.0608,0.00253333,1198,2.0,0,1.0,1.0,1.0,,0.0,2010-09-20 12:05:38,
234058778010661,2008,54,95,13001.0,1300,1,1,2008,931.0,0.0,0.0,0.0,0.0,0.0,0.0,0.0,21.0,0.0,0.0,0.0,1198,2.0,0,1.0,1.0,1.0,,0.0,2010-09-20 12:05:39,
234058782010661,2008,54,95,13002.0,1300,2,1,2008,541.0,0.0,0.0,0.0,0.0,0.0,0.0,0.0,19.0,0.0,0.0,0.0,1213,1.0,53,1.0,1.0,1.0,,0.0,2010-09-20 12:05:40,
234058783010661,2008,54,95,13002.0,1300,2,1,2008,762.0,0.0,0.0,0.0,0.0,0.0,0.0,0.0,1.0,0.0,0.0,0.0,1213,1.0,53,1.0,1.0,1.0,,0.0,2010-09-20 12:05:40,
234058078010661,2008,54,99,15581.0,1558,1,1,2008,365.0,0.0,0.0,0.0,0.0,0.0,0.0,0.0,30.0,0.0,0.0,0.0,692,1.0,0,3.0,1.0,1.0,,0.0,2010-09-20 12:02:16,
234058079010661,2008,54,99,15581.0,1558,1,1,2008,541.0,0.0,0.0,0.0,0.0,0.0,0.0,0.0,30.0,0.0,0.0,0.0,692,1.0,0,3.0,1.0,1.0,,0.0,2010-09-20 12:02:17,
234058080010661,2008,54,99,15581.0,1558,1,1,2008,915.0,0.0,0.0,0.0,0.0,0.0,0.0,0.0,30.0,0.0,0.0,0.0,692,1.0,0,3.0,1.0,1.0,,0.0,2010-09-20 12:02:17,
234058081010661,2008,54,99,15581.0,1558,1,1,2008,931.0,0.0,0.0,0.0,0.0,0.0,0.0,0.0,29.0,0.0,0.0,0.0,692,1.0,0,3.0,1.0,1.0,,0.0,2010-09-20 12:02:18,
234058312010661,2008,54,101,13731.0,1373,1,2,2008,365.0,0.16,0.035,0.07666667,0.16,0.16,0.16,3.0,32.0,0.09375,0.01226667,0.00115,2274,1.0,0,5.0,1.0,2.0,,0.0,2010-09-20 12:03:25,2010-09-21 13:23:49
234058313010661,2008,54,101,13731.0,1373,1,2,2008,366.0,0.0,0.0,0.0,0.0,0.0,0.0,0.0,30.0,0.0,0.0,0.0,2274,1.0,0,5.0,1.0,2.0,,0.0,2010-09-20 12:03:25,2010-09-21 13:23:49
234058315010661,2008,54,101,13731.0,1373,1,2,2008,762.0,0.0,0.0,0.0,0.0,0.0,0.0,0.0,30.0,0.0,0.0,0.0,2274,1.0,0,5.0,1.0,2.0,,0.0,2010-09-20 12:03:26,2010-09-21 13:23:49
234058152010661,2008,54,109,15391.0,1539,1,1,2008,364.0,0.0,0.0,0.0,0.0,0.0,0.0,0.0,30.0,0.0,0.0,0.0,1541,2.0,159,3.0,1.0,1.0,,0.0,2010-09-20 12:02:39,
234058153010661,2008,54,109,15391.0,1539,1,1,2008,365.0,0.0,0.0,0.0,0.0,0.0,0.0,0.0,31.0,0.0,0.0,0.0,1541,2.0,159,3.0,1.0,1.0,,0.0,2010-09-20 12:02:39,
234058155010661,2008,54,109,15391.0,1539,1,1,2008,621.0,0.0,0.0,0.0,0.0,0.0,0.0,0.0,31.0,0.0,0.0,0.0,1541,2.0,159,3.0,1.0,1.0,,0.0,2010-09-20 12:02:40,
234061833010661,2009,54,3,521.0,52,1,2,2009,366.0,0.035,0.035,0.035,0.16,0.16,0.16,1.0,30.0,0.03333333,0.0056,0.00018667,1606,2.0,0,4.0,1.0,1.0,,0.0,2010-09-20 12:36:17,2010-09-21 13:23:44
234061834010661,2009,54,3,521.0,52,1,2,2009,915.0,0.16,0.16,0.16,0.16,0.16,0.16,1.0,30.0,0.03333333,0.0256,0.00085333,1606,2.0,0,4.0,1.0,1.0,,0.0,2010-09-20 12:36:17,2010-09-21 13:23:44
234061835010661,2009,54,3,521.0,52,1,2,2009,931.0,0.0,0.0,0.0,0.0,0.0,0.0,0.0,30.0,0.0,0.0,0.0,1606,2.0,0,4.0,1.0,1.0,,0.0,2010-09-20 12:36:18,2010-09-21 13:23:44
234061488010661,2009,54,5,251.0,25,1,1,2009,365.0,0.0,0.0,0.0,0.0,0.0,0.0,0.0,14.0,0.0,0.0,0.0,806,1.0,0,3.0,1.0,1.0,,0.0,2010-09-20 12:34:37,
234061489010661,2009,54,5,251.0,25,1,1,2009,366.0,0.0,0.0,0.0,0.0,0.0,0.0,0.0,22.0,0.0,0.0,0.0,806,1.0,0,3.0,1.0,1.0,,0.0,2010-09-20 12:34:37,
234061491010661,2009,54,5,251.0,25,1,1,2009,621.0,0.0,0.0,0.0,0.0,0.0,0.0,0.0,30.0,0.0,0.0,0.0,806,1.0,0,3.0,1.0,1.0,,0.0,2010-09-20 12:34:38,
234061492010661,2009,54,5,251.0,25,1,1,2009,915.0,0.0,0.0,0.0,0.0,0.0,0.0,0.0,30.0,0.0,0.0,0.0,806,1.0,0,3.0,1.0,1.0,,0.0,2010-09-20 12:34:38,
234061470010661,2009,54,7,8631.0,863,1,2,2009,366.0,0.0,0.0,0.0,0.0,0.0,0.0,0.0,30.0,0.0,0.0,0.0,1283,2.0,0,1.0,1.0,1.0,,0.0,2010-09-20 12:34:32,2010-09-21 13:23:46
234061473010661,2009,54,7,8631.0,863,1,2,2009,762.0,0.0,0.0,0.0,0.0,0.0,0.0,0.0,26.0,0.0,0.0,0.0,1283,2.0,0,1.0,1.0,1.0,,0.0,2010-09-20 12:34:33,2010-09-21 13:23:46
234061474010661,2009,54,7,8631.0,863,1,2,2009,915.0,0.0,0.0,0.0,0.0,0.0,0.0,0.0,29.0,0.0,0.0,0.0,1283,2.0,0,1.0,1.0,1.0,,0.0,2010-09-20 12:34:33,2010-09-21 13:23:46
234061511010661,2009,54,11,8452.0,845,2,2,2009,611.0,0.0,0.0,0.0,0.0,0.0,0.0,0.0,16.0,0.0,0.0,0.0,633,1.0,0,4.0,1.0,1.0,,0.0,2010-09-20 12:34:44,2010-09-21 13:23:46
234061513010661,2009,54,11,8452.0,845,2,2,2009,762.0,0.0,0.0,0.0,0.0,0.0,0.0,0.0,20.0,0.0,0.0,0.0,633,1.0,0,4.0,1.0,1.0,,0.0,2010-09-20 12:34:45,2010-09-21 13:23:46
234061522010661,2009,54,11,12261.0,1226,1,1,2009,365.0,0.0,0.0,0.0,0.0,0.0,0.0,0.0,30.0,0.0,0.0,0.0,592,1.0,0,4.0,1.0,1.0,,0.0,2010-09-20 12:34:47,
234061523010661,2009,54,11,12261.0,1226,1,1,2009,366.0,0.0,0.0,0.0,0.0,0.0,0.0,0.0,30.0,0.0,0.0,0.0,592,1.0,0,4.0,1.0,1.0,,0.0,2010-09-20 12:34:47,
234061524010661,2009,54,11,12261.0,1226,1,1,2009,541.0,0.0,0.0,0.0,0.0,0.0,0.0,0.0,30.0,0.0,0.0,0.0,592,1.0,0,4.0,1.0,1.0,,0.0,2010-09-20 12:34:48,
234061525010661,2009,54,11,12261.0,1226,1,1,2009,915.0,0.0,0.0,0.0,0.0,0.0,0.0,0.0,20.0,0.0,0.0,0.0,592,1.0,0,4.0,1.0,1.0,,0.0,2010-09-20 12:34:48,
234061326010661,2009,54,19,12431.0,1243,1,2,2009,366.0,0.0,0.0,0.0,0.0,0.0,0.0,0.0,26.0,0.0,0.0,0.0,1907,2.0,0,4.0,1.0,1.0,,0.0,2010-09-20 12:33:50,2010-09-21 13:23:49
234061327010661,2009,54,19,12431.0,1243,1,2,2009,621.0,0.0,0.0,0.0,0.0,0.0,0.0,0.0,25.0,0.0,0.0,0.0,1907,2.0,0,4.0,1.0,1.0,,0.0,2010-09-20 12:33:50,2010-09-21 13:23:49
234061328010661,2009,54,19,12431.0,1243,1,2,2009,915.0,0.0,0.0,0.0,0.0,0.0,0.0,0.0,27.0,0.0,0.0,0.0,1907,2.0,0,4.0,1.0,1.0,,0.0,2010-09-20 12:33:50,2010-09-21 13:23:49
234061329010661,2009,54,19,12431.0,1243,1,2,2009,931.0,0.0,0.0,0.0,0.0,0.0,0.0,0.0,30.0,0.0,0.0,0.0,1907,2.0,0,4.0,1.0,1.0,,0.0,2010-09-20 12:33:51,2010-09-21 13:23:49
234061307010661,2009,54,25,8201.0,820,1,1,2009,365.0,0.0,0.0,0.0,0.0,0.0,0.0,0.0,15.0,0.0,0.0,0.0,3039,1.0,218,1.0,1.0,1.0,,0.0,2010-09-20 12:33:44,
234061308010661,2009,54,25,8201.0,820,1,1,2009,541.0,0.0,0.0,0.0,0.0,0.0,0.0,0.0,30.0,0.0,0.0,0.0,3039,1.0,218,1.0,1.0,1.0,,0.0,2010-09-20 12:33:45,
234061309010661,2009,54,25,8201.0,820,1,1,2009,621.0,0.0,0.0,0.0,0.0,0.0,0.0,0.0,30.0,0.0,0.0,0.0,3039,1.0,218,1.0,1.0,1.0,,0.0,2010-09-20 12:33:45,
234061310010661,2009,54,25,8201.0,820,1,1,2009,761.0,0.0,0.0,0.0,0.0,0.0,0.0,0.0,12.0,0.0,0.0,0.0,3039,1.0,218,1.0,1.0,1.0,,0.0,2010-09-20 12:33:45,
234061311010661,2009,54,25,8201.0,820,1,1,2009,931.0,0.0,0.0,0.0,0.0,0.0,0.0,0.0,30.0,0.0,0.0,0.0,3039,1.0,218,1.0,1.0,1.0,,0.0,2010-09-20 12:33:46,
234061827010661,2009,54,31,5341.0,534,1,2,2009,365.0,0.0,0.0,0.0,0.0,0.0,0.0,0.0,11.0,0.0,0.0,0.0,964,1.0,0,5.0,1.0,1.0,,0.0,2010-09-20 12:36:15,2010-09-21 13:23:44
234061829010661,2009,54,31,5341.0,534,1,2,2009,541.0,0.0,0.0,0.0,0.0,0.0,0.0,0.0,17.0,0.0,0.0,0.0,964,1.0,0,5.0,1.0,1.0,,0.0,2010-09-20 12:36:16,2010-09-21 13:23:44
234061830010661,2009,54,31,5341.0,534,1,2,2009,762.0,0.0,0.0,0.0,0.0,0.0,0.0,0.0,30.0,0.0,0.0,0.0,964,1.0,0,5.0,1.0,1.0,,0.0,2010-09-20 12:36:16,2010-09-21 13:23:44
234061831010661,2009,54,31,5341.0,534,1,2,2009,915.0,0.0,0.0,0.0,0.0,0.0,0.0,0.0,30.0,0.0,0.0,0.0,964,1.0,0,5.0,1.0,1.0,,0.0,2010-09-20 12:36:17,2010-09-21 13:23:44
234061439010661,2009,54,31,13651.0,1365,1,1,2009,365.0,0.0,0.0,0.0,0.0,0.0,0.0,0.0,30.0,0.0,0.0,0.0,842,1.0,0,5.0,1.0,1.0,,0.0,2010-09-20 12:34:23,
234061440010661,2009,54,31,13651.0,1365,1,1,2009,366.0,0.0,0.0,0.0,0.0,0.0,0.0,0.0,30.0,0.0,0.0,0.0,842,1.0,0,5.0,1.0,1.0,,0.0,2010-09-20 12:34:23,
234061443010661,2009,54,31,13651.0,1365,1,1,2009,915.0,0.0,0.0,0.0,0.0,0.0,0.0,0.0,19.0,0.0,0.0,0.0,842,1.0,0,5.0,1.0,1.0,,0.0,2010-09-20 12:34:24,
234061875010661,2009,54,33,14241.0,1424,1,2,2009,365.0,0.0,0.0,0.0,0.0,0.0,0.0,0.0,30.0,0.0,0.0,0.0,1162,1.0,290,3.0,1.0,1.0,,0.0,2010-09-20 12:36:29,2010-09-21 13:23:44
234061876010661,2009,54,33,14241.0,1424,1,2,2009,366.0,0.0,0.0,0.0,0.0,0.0,0.0,0.0,30.0,0.0,0.0,0.0,1162,1.0,290,3.0,1.0,1.0,,0.0,2010-09-20 12:36:29,2010-09-21 13:23:44
234061877010661,2009,54,33,14241.0,1424,1,2,2009,541.0,0.035,0.035,0.035,0.035,0.035,0.035,1.0,10.0,0.1,0.001225,0.0001225,1162,1.0,290,3.0,1.0,1.0,,0.0,2010-09-20 12:36:29,2010-09-21 13:23:44
234061878010661,2009,54,33,14241.0,1424,1,2,2009,762.0,0.0,0.0,0.0,0.0,0.0,0.0,0.0,20.0,0.0,0.0,0.0,1162,1.0,290,3.0,1.0,1.0,,0.0,2010-09-20 12:36:30,2010-09-21 13:23:44
234061879010661,2009,54,33,14241.0,1424,1,2,2009,915.0,0.0,0.0,0.0,0.0,0.0,0.0,0.0,30.0,0.0,0.0,0.0,1162,1.0,290,3.0,1.0,1.0,,0.0,2010-09-20 12:36:30,2010-09-21 13:23:44
234061246010661,2009,54,41,13521.0,1352,1,1,2009,365.0,0.88,0.16,0.45,0.38,0.035,0.1525,4.0,30.0,0.13333333,0.103525,0.01380333,1122,1.0,180,3.0,1.0,3.0,,0.0,2010-09-20 12:33:26,
234061247010661,2009,54,41,13521.0,1352,1,1,2009,366.0,0.0,0.0,0.0,0.0,0.0,0.0,0.0,30.0,0.0,0.0,0.0,1122,1.0,180,3.0,1.0,3.0,,0.0,2010-09-20 12:33:26,
234061248010661,2009,54,41,13521.0,1352,1,1,2009,762.0,0.0,0.0,0.0,0.0,0.0,0.0,0.0,30.0,0.0,0.0,0.0,1122,1.0,180,3.0,1.0,3.0,,0.0,2010-09-20 12:33:27,
234061249010661,2009,54,41,13521.0,1352,1,1,2009,915.0,0.0,0.0,0.0,0.0,0.0,0.0,0.0,30.0,0.0,0.0,0.0,1122,1.0,180,3.0,1.0,3.0,,0.0,2010-09-20 12:33:27,
234061320010661,2009,54,45,1741.0,174,1,2,2009,366.0,0.0,0.0,0.0,0.0,0.0,0.0,0.0,30.0,0.0,0.0,0.0,949,1.0,0,4.0,1.0,1.0,,0.0,2010-09-20 12:33:48,2010-09-21 13:23:49
234061322010661,2009,54,45,1741.0,174,1,2,2009,621.0,0.0,0.0,0.0,0.0,0.0,0.0,0.0,26.0,0.0,0.0,0.0,949,1.0,0,4.0,1.0,1.0,,0.0,2010-09-20 12:33:49,2010-09-21 13:23:49
234061324010661,2009,54,45,1741.0,174,1,2,2009,915.0,0.0,0.0,0.0,0.0,0.0,0.0,0.0,13.0,0.0,0.0,0.0,949,1.0,0,4.0,1.0,1.0,,0.0,2010-09-20 12:33:49,2010-09-21 13:23:49
234061301010661,2009,54,55,51.0,5,1,2,2009,365.0,0.0,0.0,0.0,0.0,0.0,0.0,0.0,30.0,0.0,0.0,0.0,2766,2.0,0,1.0,1.0,1.0,,0.0,2010-09-20 12:33:42,2010-09-21 13:23:49
234061302010661,2009,54,55,51.0,5,1,2,2009,366.0,0.0,0.0,0.0,0.0,0.0,0.0,0.0,30.0,0.0,0.0,0.0,2766,2.0,0,1.0,1.0,1.0,,0.0,2010-09-20 12:33:43,2010-09-21 13:23:49
234061303010661,2009,54,55,51.0,5,1,2,2009,621.0,0.0,0.0,0.0,0.0,0.0,0.0,0.0,22.0,0.0,0.0,0.0,2766,2.0,0,1.0,1.0,1.0,,0.0,2010-09-20 12:33:43,2010-09-21 13:23:49
234061304010661,2009,54,55,51.0,5,1,2,2009,762.0,0.0,0.0,0.0,0.0,0.0,0.0,0.0,11.0,0.0,0.0,0.0,2766,2.0,0,1.0,1.0,1.0,,0.0,2010-09-20 12:33:43,2010-09-21 13:23:49
234061305010661,2009,54,55,51.0,5,1,2,2009,931.0,0.0,0.0,0.0,0.0,0.0,0.0,0.0,14.0,0.0,0.0,0.0,2766,2.0,0,1.0,1.0,1.0,,0.0,2010-09-20 12:33:44,2010-09-21 13:23:49
234061881010661,2009,54,61,811.0,81,1,1,2009,366.0,0.0,0.0,0.0,0.0,0.0,0.0,0.0,30.0,0.0,0.0,0.0,1082,2.0,333,3.0,1.0,1.0,,0.0,2010-09-20 12:36:30,
234061882010661,2009,54,61,811.0,81,1,1,2009,762.0,0.0,0.0,0.0,0.0,0.0,0.0,0.0,30.0,0.0,0.0,0.0,1082,2.0,333,3.0,1.0,1.0,,0.0,2010-09-20 12:36:31,
234061883010661,2009,54,61,811.0,81,1,1,2009,915.0,0.0,0.0,0.0,0.0,0.0,0.0,0.0,30.0,0.0,0.0,0.0,1082,2.0,333,3.0,1.0,1.0,,0.0,2010-09-20 12:36:31,
234061481010661,2009,54,67,3711.0,371,1,1,2009,365.0,0.0,0.0,0.0,0.0,0.0,0.0,0.0,12.0,0.0,0.0,0.0,1959,2.0,23,3.0,1.0,1.0,,0.0,2010-09-20 12:34:35,
234061482010661,2009,54,67,3711.0,371,1,1,2009,366.0,0.0,0.0,0.0,0.0,0.0,0.0,0.0,11.0,0.0,0.0,0.0,1959,2.0,23,3.0,1.0,1.0,,0.0,2010-09-20 12:34:35,
234061483010661,2009,54,67,3711.0,371,1,1,2009,621.0,0.0,0.0,0.0,0.0,0.0,0.0,0.0,30.0,0.0,0.0,0.0,1959,2.0,23,3.0,1.0,1.0,,0.0,2010-09-20 12:34:35,
234061484010661,2009,54,67,3711.0,371,1,1,2009,761.0,0.0,0.0,0.0,0.0,0.0,0.0,0.0,30.0,0.0,0.0,0.0,1959,2.0,23,3.0,1.0,1.0,,0.0,2010-09-20 12:34:36,
234061485010661,2009,54,67,3711.0,371,1,1,2009,762.0,0.0,0.0,0.0,0.0,0.0,0.0,0.0,21.0,0.0,0.0,0.0,1959,2.0,23,3.0,1.0,1.0,,0.0,2010-09-20 12:34:36,
234061486010661,2009,54,67,3711.0,371,1,1,2009,915.0,0.0,0.0,0.0,0.0,0.0,0.0,0.0,12.0,0.0,0.0,0.0,1959,2.0,23,3.0,1.0,1.0,,0.0,2010-09-20 12:34:37,
234061446010661,2009,54,75,3361.0,336,1,1,2009,365.0,0.0,0.0,0.0,0.0,0.0,0.0,0.0,30.0,0.0,0.0,0.0,4091,2.0,0,1.0,1.0,1.0,,0.0,2010-09-20 12:34:25,
234061447010661,2009,54,75,3361.0,336,1,1,2009,366.0,0.0,0.0,0.0,0.0,0.0,0.0,0.0,1.0,0.0,0.0,0.0,4091,2.0,0,1.0,1.0,1.0,,0.0,2010-09-20 12:34:25,
234061448010661,2009,54,75,3361.0,336,1,1,2009,762.0,0.0,0.0,0.0,0.0,0.0,0.0,0.0,30.0,0.0,0.0,0.0,4091,2.0,0,1.0,1.0,1.0,,0.0,2010-09-20 12:34:25,
234061449010661,2009,54,75,3361.0,336,1,1,2009,915.0,0.0,0.0,0.0,0.0,0.0,0.0,0.0,30.0,0.0,0.0,0.0,4091,2.0,0,1.0,1.0,1.0,,0.0,2010-09-20 12:34:26,
234061450010661,2009,54,75,3361.0,336,1,1,2009,998.0,0.0,0.0,0.0,0.0,0.0,0.0,0.0,10.0,0.0,0.0,0.0,4091,2.0,0,1.0,1.0,1.0,,0.0,2010-09-20 12:34:26,
234061452010661,2009,54,75,3362.0,336,2,1,2009,365.0,0.0,0.0,0.0,0.0,0.0,0.0,0.0,30.0,0.0,0.0,0.0,3751,2.0,182,1.0,1.0,1.0,,0.0,2010-09-20 12:34:27,
234061453010661,2009,54,75,3362.0,336,2,1,2009,366.0,0.0,0.0,0.0,0.0,0.0,0.0,0.0,30.0,0.0,0.0,0.0,3751,2.0,182,1.0,1.0,1.0,,0.0,2010-09-20 12:34:27,
234061865010661,2009,54,77,8351.0,835,1,2,2009,366.0,0.0,0.0,0.0,0.0,0.0,0.0,0.0,12.0,0.0,0.0,0.0,2277,1.0,143,1.0,1.0,1.0,,0.0,2010-09-20 12:36:26,2010-09-21 13:23:45
234061866010661,2009,54,77,8351.0,835,1,2,2009,621.0,0.38,0.38,0.38,0.035,0.035,0.035,1.0,30.0,0.03333333,0.0133,0.00044333,2277,1.0,143,1.0,1.0,1.0,,0.0,2010-09-20 12:36:26,2010-09-21 13:23:45
234061867010661,2009,54,77,8351.0,835,1,2,2009,762.0,0.0,0.0,0.0,0.0,0.0,0.0,0.0,30.0,0.0,0.0,0.0,2277,1.0,143,1.0,1.0,1.0,,0.0,2010-09-20 12:36:26,2010-09-21 13:23:44
234061868010661,2009,54,77,8351.0,835,1,2,2009,915.0,0.0,0.0,0.0,0.0,0.0,0.0,0.0,30.0,0.0,0.0,0.0,2277,1.0,143,1.0,1.0,1.0,,0.0,2010-09-20 12:36:27,2010-09-21 13:23:44
234061458010661,2009,54,83,3671.0,367,1,2,2009,365.0,0.0,0.0,0.0,0.0,0.0,0.0,0.0,30.0,0.0,0.0,0.0,2614,1.0,190,1.0,1.0,1.0,,0.0,2010-09-20 12:34:28,2010-09-21 13:23:46
234061459010661,2009,54,83,3671.0,367,1,2,2009,366.0,0.0,0.0,0.0,0.0,0.0,0.0,0.0,30.0,0.0,0.0,0.0,2614,1.0,190,1.0,1.0,1.0,,0.0,2010-09-20 12:34:28,2010-09-21 13:23:46
234061460010661,2009,54,83,3671.0,367,1,2,2009,541.0,0.0,0.0,0.0,0.0,0.0,0.0,0.0,15.0,0.0,0.0,0.0,2614,1.0,190,1.0,1.0,1.0,,0.0,2010-09-20 12:34:29,2010-09-21 13:23:46
234061461010661,2009,54,83,3671.0,367,1,2,2009,915.0,0.0,0.0,0.0,0.0,0.0,0.0,0.0,30.0,0.0,0.0,0.0,2614,1.0,190,1.0,1.0,1.0,,0.0,2010-09-20 12:34:29,2010-09-21 13:23:46
234061476010661,2009,54,83,13951.0,1395,1,2,2009,365.0,0.88,0.88,0.88,0.16,0.16,0.16,1.0,30.0,0.03333333,0.1408,0.00469333,3601,1.0,0,4.0,1.0,2.0,,0.0,2010-09-20 12:34:33,2010-09-21 13:23:46
234061477010661,2009,54,83,13951.0,1395,1,2,2009,366.0,0.0,0.0,0.0,0.0,0.0,0.0,0.0,30.0,0.0,0.0,0.0,3601,1.0,0,4.0,1.0,2.0,,0.0,2010-09-20 12:34:34,2010-09-21 13:23:46
234061479010661,2009,54,83,13951.0,1395,1,2,2009,915.0,0.0,0.0,0.0,0.0,0.0,0.0,0.0,29.0,0.0,0.0,0.0,3601,1.0,0,4.0,1.0,2.0,,0.0,2010-09-20 12:34:34,2010-09-21 13:23:46
234061892010661,2009,54,85,5651.0,565,1,1,2009,366.0,0.0,0.0,0.0,0.0,0.0,0.0,0.0,30.0,0.0,0.0,0.0,806,1.0,115,3.0,1.0,1.0,,0.0,2010-09-20 12:36:34,
234061893010661,2009,54,85,5651.0,565,1,1,2009,541.0,0.0,0.0,0.0,0.0,0.0,0.0,0.0,16.0,0.0,0.0,0.0,806,1.0,115,3.0,1.0,1.0,,0.0,2010-09-20 12:36:34,
234061895010661,2009,54,85,5651.0,565,1,1,2009,762.0,0.0,0.0,0.0,0.0,0.0,0.0,0.0,30.0,0.0,0.0,0.0,806,1.0,115,3.0,1.0,1.0,,0.0,2010-09-20 12:36:35,
234061896010661,2009,54,85,5651.0,565,1,1,2009,915.0,0.0,0.0,0.0,0.0,0.0,0.0,0.0,30.0,0.0,0.0,0.0,806,1.0,115,3.0,1.0,1.0,,0.0,2010-09-20 12:36:35,
234061494010661,2009,54,87,6961.0,696,1,2,2009,365.0,0.0,0.0,0.0,0.0,0.0,0.0,0.0,30.0,0.0,0.0,0.0,650,2.0,244,4.0,2.0,1.0,,0.0,2010-09-20 12:34:39,2010-09-21 13:23:46
234061495010661,2009,54,87,6961.0,696,1,2,2009,366.0,0.0,0.0,0.0,0.0,0.0,0.0,0.0,30.0,0.0,0.0,0.0,650,2.0,244,4.0,2.0,1.0,,0.0,2010-09-20 12:34:39,2010-09-21 13:23:46
234061496010661,2009,54,87,6961.0,696,1,2,2009,621.0,0.0,0.0,0.0,0.0,0.0,0.0,0.0,16.0,0.0,0.0,0.0,650,2.0,244,4.0,2.0,1.0,,0.0,2010-09-20 12:34:39,2010-09-21 13:23:46
234061497010661,2009,54,87,6961.0,696,1,2,2009,762.0,0.0,0.0,0.0,0.0,0.0,0.0,0.0,13.0,0.0,0.0,0.0,650,2.0,244,4.0,2.0,1.0,,0.0,2010-09-20 12:34:40,2010-09-21 13:23:46
234061870010661,2009,54,91,6911.0,691,1,1,2009,366.0,0.0,0.0,0.0,0.0,0.0,0.0,0.0,30.0,0.0,0.0,0.0,1254,2.0,0,5.0,2.0,2.0,,0.0,2010-09-20 12:36:27,
234061871010661,2009,54,91,6911.0,691,1,1,2009,541.0,0.0,0.0,0.0,0.0,0.0,0.0,0.0,30.0,0.0,0.0,0.0,1254,2.0,0,5.0,2.0,2.0,,0.0,2010-09-20 12:36:28,
234061872010661,2009,54,91,6911.0,691,1,1,2009,915.0,0.0,0.0,0.0,0.0,0.0,0.0,0.0,30.0,0.0,0.0,0.0,1254,2.0,0,5.0,2.0,2.0,,0.0,2010-09-20 12:36:28,
234061842010661,2009,54,93,4281.0,428,1,2,2009,365.0,0.0,0.0,0.0,0.0,0.0,0.0,0.0,30.0,0.0,0.0,0.0,3095,1.0,242,3.0,1.0,2.0,,0.0,2010-09-20 12:36:20,2010-09-21 13:23:45
234061844010661,2009,54,93,4281.0,428,1,2,2009,762.0,0.0,0.0,0.0,0.0,0.0,0.0,0.0,5.0,0.0,0.0,0.0,3095,1.0,242,3.0,1.0,2.0,,0.0,2010-09-20 12:36:20,2010-09-21 13:23:45
234061845010661,2009,54,93,4281.0,428,1,2,2009,998.0,0.0,0.0,0.0,0.0,0.0,0.0,0.0,30.0,0.0,0.0,0.0,3095,1.0,242,3.0,1.0,2.0,,0.0,2010-09-20 12:36:21,2010-09-21 13:23:45
234061848010661,2009,54,93,4282.0,428,2,2,2009,366.0,0.0,0.0,0.0,0.0,0.0,0.0,0.0,30.0,0.0,0.0,0.0,3188,1.0,0,1.0,1.0,1.0,,0.0,2010-09-20 12:36:21,2010-09-21 13:23:45
234061849010661,2009,54,93,4282.0,428,2,2,2009,762.0,0.0,0.0,0.0,0.0,0.0,0.0,0.0,20.0,0.0,0.0,0.0,3188,1.0,0,1.0,1.0,1.0,,0.0,2010-09-20 12:36:22,2010-09-21 13:23:45
234061850010661,2009,54,93,4282.0,428,2,2,2009,998.0,0.0,0.0,0.0,0.0,0.0,0.0,0.0,30.0,0.0,0.0,0.0,3188,1.0,0,1.0,1.0,1.0,,0.0,2010-09-20 12:36:22,2010-09-21 13:23:45
234061905010661,2009,54,95,13001.0,1300,1,1,2009,365.0,0.0,0.0,0.0,0.0,0.0,0.0,0.0,30.0,0.0,0.0,0.0,1224,1.0,240,1.0,1.0,1.0,,0.0,2010-09-20 12:36:37,
234061906010661,2009,54,95,13001.0,1300,1,1,2009,366.0,0.0,0.0,0.0,0.0,0.0,0.0,0.0,10.0,0.0,0.0,0.0,1224,1.0,240,1.0,1.0,1.0,,0.0,2010-09-20 12:36:38,
234061907010661,2009,54,95,13001.0,1300,1,1,2009,541.0,0.0,0.0,0.0,0.0,0.0,0.0,0.0,1.0,0.0,0.0,0.0,1224,1.0,240,1.0,1.0,1.0,,0.0,2010-09-20 12:36:38,
234061909010661,2009,54,95,13001.0,1300,1,1,2009,915.0,0.0,0.0,0.0,0.0,0.0,0.0,0.0,27.0,0.0,0.0,0.0,1224,1.0,240,1.0,1.0,1.0,,0.0,2010-09-20 12:36:39,
234061913010661,2009,54,95,13002.0,1300,2,1,2009,541.0,0.0,0.0,0.0,0.0,0.0,0.0,0.0,30.0,0.0,0.0,0.0,1212,2.0,70,1.0,1.0,1.0,,0.0,2010-09-20 12:36:40,
234061915010661,2009,54,95,13002.0,1300,2,1,2009,915.0,0.0,0.0,0.0,0.0,0.0,0.0,0.0,16.0,0.0,0.0,0.0,1212,2.0,70,1.0,1.0,1.0,,0.0,2010-09-20 12:36:40,
234061516010661,2009,54,99,8451.0,845,1,2,2009,365.0,0.0,0.0,0.0,0.0,0.0,0.0,0.0,30.0,0.0,0.0,0.0,697,1.0,0,4.0,1.0,1.0,,0.0,2010-09-20 12:34:45,2010-09-21 13:23:46
234061519010661,2009,54,99,8451.0,845,1,2,2009,762.0,0.0,0.0,0.0,0.0,0.0,0.0,0.0,8.0,0.0,0.0,0.0,697,1.0,0,4.0,1.0,1.0,,0.0,2010-09-20 12:34:46,2010-09-21 13:23:45
234061242010661,2009,54,99,15581.0,1558,1,1,2009,365.0,0.0,0.0,0.0,0.0,0.0,0.0,0.0,30.0,0.0,0.0,0.0,605,1.0,250,3.0,1.0,1.0,,0.0,2010-09-20 12:33:25,
234061243010661,2009,54,99,15581.0,1558,1,1,2009,541.0,0.0,0.0,0.0,0.0,0.0,0.0,0.0,30.0,0.0,0.0,0.0,605,1.0,250,3.0,1.0,1.0,,0.0,2010-09-20 12:33:25,
234061244010661,2009,54,99,15581.0,1558,1,1,2009,915.0,0.63,0.63,0.63,0.16,0.16,0.16,1.0,30.0,0.03333333,0.1008,0.00336,605,1.0,250,3.0,1.0,1.0,,0.0,2010-09-20 12:33:26,
234061464010661,2009,54,101,13731.0,1373,1,2,2009,365.0,0.035,0.035,0.035,0.16,0.035,0.0975,2.0,30.0,0.06666667,0.0034125,0.0002275,2268,1.0,0,5.0,1.0,2.0,,0.0,2010-09-20 12:34:30,2010-09-21 13:23:46
234061465010661,2009,54,101,13731.0,1373,1,2,2009,366.0,0.0,0.0,0.0,0.0,0.0,0.0,0.0,30.0,0.0,0.0,0.0,2268,1.0,0,5.0,1.0,2.0,,0.0,2010-09-20 12:34:30,2010-09-21 13:23:46
234061466010661,2009,54,101,13731.0,1373,1,2,2009,621.0,0.0,0.0,0.0,0.0,0.0,0.0,0.0,17.0,0.0,0.0,0.0,2268,1.0,0,5.0,1.0,2.0,,0.0,2010-09-20 12:34:31,2010-09-21 13:23:46
234061467010661,2009,54,101,13731.0,1373,1,2,2009,762.0,0.0,0.0,0.0,0.0,0.0,0.0,0.0,14.0,0.0,0.0,0.0,2268,1.0,0,5.0,1.0,2.0,,0.0,2010-09-20 12:34:31,2010-09-21 13:23:46
234061313010661,2009,54,109,15391.0,1539,1,1,2009,364.0,0.0,0.0,0.0,0.0,0.0,0.0,0.0,30.0,0.0,0.0,0.0,1517,2.0,160,4.0,1.0,1.0,,0.0,2010-09-20 12:33:46,
234061314010661,2009,54,109,15391.0,1539,1,1,2009,365.0,0.0,0.0,0.0,0.0,0.0,0.0,0.0,27.0,0.0,0.0,0.0,1517,2.0,160,4.0,1.0,1.0,,0.0,2010-09-20 12:33:46,
234061316010661,2009,54,109,15391.0,1539,1,1,2009,621.0,0.0,0.0,0.0,0.0,0.0,0.0,0.0,30.0,0.0,0.0,0.0,1517,2.0,160,4.0,1.0,1.0,,0.0,2010-09-20 12:33:47,
248864379010661,2010,54,3,521.0,52,1,2,2010,366.0,0.0,0.0,0.0,0.0,0.0,0.0,0.0,10.0,0.0,0.0,0.0,1649,2.0,0,4.0,1.0,1.0,,0.0,2011-05-24 08:54:04,2011-05-25 08:46:40
248864381010661,2010,54,3,521.0,52,1,2,2010,762.0,0.0,0.0,0.0,0.0,0.0,0.0,0.0,11.0,0.0,0.0,0.0,1649,2.0,0,4.0,1.0,1.0,,0.0,2011-05-24 08:54:05,2011-05-25 08:46:40
248864382010661,2010,54,3,521.0,52,1,2,2010,915.0,0.88,0.88,0.88,0.88,0.88,0.88,1.0,30.0,0.03333333,0.7744,0.02581333,1649,2.0,0,4.0,1.0,1.0,,0.0,2011-05-24 08:54:06,2011-05-25 08:46:40
248864383010661,2010,54,3,521.0,52,1,2,2010,931.0,0.0,0.0,0.0,0.0,0.0,0.0,0.0,30.0,0.0,0.0,0.0,1649,2.0,0,4.0,1.0,1.0,,0.0,2011-05-24 08:54:06,2011-05-25 08:46:40
248864040010661,2010,54,5,251.0,25,1,1,2010,365.0,0.0,0.0,0.0,0.0,0.0,0.0,0.0,30.0,0.0,0.0,0.0,759,1.0,0,3.0,1.0,1.0,,0.0,2011-05-24 08:52:17,
248864041010661,2010,54,5,251.0,25,1,1,2010,366.0,0.0,0.0,0.0,0.0,0.0,0.0,0.0,30.0,0.0,0.0,0.0,759,1.0,0,3.0,1.0,1.0,,0.0,2011-05-24 08:52:17,
248864043010661,2010,54,5,251.0,25,1,1,2010,621.0,0.0,0.0,0.0,0.0,0.0,0.0,0.0,15.0,0.0,0.0,0.0,759,1.0,0,3.0,1.0,1.0,,0.0,2011-05-24 08:52:18,
248864044010661,2010,54,5,251.0,25,1,1,2010,915.0,0.0,0.0,0.0,0.0,0.0,0.0,0.0,30.0,0.0,0.0,0.0,759,1.0,0,3.0,1.0,1.0,,0.0,2011-05-24 08:52:18,
248864022010661,2010,54,7,8631.0,863,1,2,2010,365.0,0.0,0.0,0.0,0.0,0.0,0.0,0.0,30.0,0.0,0.0,0.0,1245,1.0,0,4.0,1.0,1.0,,0.0,2011-05-24 08:52:11,2011-05-25 08:46:40
248864023010661,2010,54,7,8631.0,863,1,2,2010,366.0,0.0,0.0,0.0,0.0,0.0,0.0,0.0,16.0,0.0,0.0,0.0,1245,1.0,0,4.0,1.0,1.0,,0.0,2011-05-24 08:52:11,2011-05-25 08:46:40
248864024010661,2010,54,7,8631.0,863,1,2,2010,541.0,0.0,0.0,0.0,0.0,0.0,0.0,0.0,23.0,0.0,0.0,0.0,1245,1.0,0,4.0,1.0,1.0,,0.0,2011-05-24 08:52:11,2011-05-25 08:46:40
248864025010661,2010,54,7,8631.0,863,1,2,2010,621.0,0.0,0.0,0.0,0.0,0.0,0.0,0.0,15.0,0.0,0.0,0.0,1245,1.0,0,4.0,1.0,1.0,,0.0,2011-05-24 08:52:12,2011-05-25 08:46:40
248864026010661,2010,54,7,8631.0,863,1,2,2010,762.0,0.0,0.0,0.0,0.0,0.0,0.0,0.0,25.0,0.0,0.0,0.0,1245,1.0,0,4.0,1.0,1.0,,0.0,2011-05-24 08:52:12,2011-05-25 08:46:40
248864027010661,2010,54,7,8631.0,863,1,2,2010,915.0,0.0,0.0,0.0,0.0,0.0,0.0,0.0,30.0,0.0,0.0,0.0,1245,1.0,0,4.0,1.0,1.0,,0.0,2011-05-24 08:52:13,2011-05-25 08:46:40
248864065010661,2010,54,11,12261.0,1226,1,1,2010,365.0,0.88,0.38,0.63,0.88,0.38,0.63,2.0,30.0,0.06666667,0.4594,0.03062667,558,1.0,0,4.0,1.0,1.0,,0.0,2011-05-24 08:52:25,
248864067010661,2010,54,11,12261.0,1226,1,1,2010,541.0,0.0,0.0,0.0,0.0,0.0,0.0,0.0,30.0,0.0,0.0,0.0,558,1.0,0,4.0,1.0,1.0,,0.0,2011-05-24 08:52:26,
248864068010661,2010,54,11,12261.0,1226,1,1,2010,915.0,0.0,0.0,0.0,0.0,0.0,0.0,0.0,30.0,0.0,0.0,0.0,558,1.0,0,4.0,1.0,1.0,,0.0,2011-05-24 08:52:26,
248863869010661,2010,54,19,12431.0,1243,1,2,2010,366.0,0.0,0.0,0.0,0.0,0.0,0.0,0.0,30.0,0.0,0.0,0.0,1959,2.0,0,4.0,1.0,1.0,,0.0,2011-05-24 08:51:20,2011-05-25 08:46:40
248863870010661,2010,54,19,12431.0,1243,1,2,2010,621.0,0.0,0.0,0.0,0.0,0.0,0.0,0.0,22.0,0.0,0.0,0.0,1959,2.0,0,4.0,1.0,1.0,,0.0,2011-05-24 08:51:21,2011-05-25 08:46:40
248863871010661,2010,54,19,12431.0,1243,1,2,2010,915.0,0.0,0.0,0.0,0.0,0.0,0.0,0.0,25.0,0.0,0.0,0.0,1959,2.0,0,4.0,1.0,1.0,,0.0,2011-05-24 08:51:21,2011-05-25 08:46:40
248863872010661,2010,54,19,12431.0,1243,1,2,2010,931.0,0.0,0.0,0.0,0.0,0.0,0.0,0.0,30.0,0.0,0.0,0.0,1959,2.0,0,4.0,1.0,1.0,,0.0,2011-05-24 08:51:22,2011-05-25 08:46:40
248863850010661,2010,54,25,8201.0,820,1,1,2010,365.0,0.38,0.38,0.38,0.035,0.035,0.035,1.0,30.0,0.03333333,0.0133,0.00044333,3071,1.0,218,1.0,1.0,1.0,,0.0,2011-05-24 08:51:14,
248863852010661,2010,54,25,8201.0,820,1,1,2010,621.0,0.0,0.0,0.0,0.0,0.0,0.0,0.0,30.0,0.0,0.0,0.0,3071,1.0,218,1.0,1.0,1.0,,0.0,2011-05-24 08:51:15,
248863855010661,2010,54,25,8201.0,820,1,1,2010,931.0,0.0,0.0,0.0,0.0,0.0,0.0,0.0,33.0,0.0,0.0,0.0,3071,1.0,218,1.0,1.0,1.0,,0.0,2011-05-24 08:51:16,
248864372010661,2010,54,31,5341.0,534,1,2,2010,541.0,0.0,0.0,0.0,0.0,0.0,0.0,0.0,30.0,0.0,0.0,0.0,9999,1.0,0,4.0,1.0,1.0,,1.0,2011-05-24 08:54:02,2011-05-25 08:46:40
248864375010661,2010,54,31,5341.0,534,1,2,2010,915.0,0.0,0.0,0.0,0.0,0.0,0.0,0.0,30.0,0.0,0.0,0.0,9999,1.0,0,4.0,1.0,1.0,,1.0,2011-05-24 08:54:03,2011-05-25 08:46:40
248864376010661,2010,54,31,5341.0,534,1,2,2010,998.0,0.0,0.0,0.0,0.0,0.0,0.0,0.0,30.0,0.0,0.0,0.0,9999,1.0,0,4.0,1.0,1.0,,1.0,2011-05-24 08:54:04,2011-05-25 08:46:40
248863994010661,2010,54,31,13651.0,1365,1,1,2010,365.0,0.0,0.0,0.0,0.0,0.0,0.0,0.0,30.0,0.0,0.0,0.0,884,1.0,0,4.0,1.0,1.0,,0.0,2011-05-24 08:52:02,
248863995010661,2010,54,31,13651.0,1365,1,1,2010,366.0,0.0,0.0,0.0,0.0,0.0,0.0,0.0,30.0,0.0,0.0,0.0,884,1.0,0,4.0,1.0,1.0,,0.0,2011-05-24 08:52:02,
248863998010661,2010,54,31,13651.0,1365,1,1,2010,915.0,0.0,0.0,0.0,0.0,0.0,0.0,0.0,30.0,0.0,0.0,0.0,884,1.0,0,4.0,1.0,1.0,,0.0,2011-05-24 08:52:03,
248864428010661,2010,54,33,14241.0,1424,1,2,2010,365.0,0.0,0.0,0.0,0.0,0.0,0.0,0.0,30.0,0.0,0.0,0.0,1182,1.0,290,4.0,1.0,1.0,,0.0,2011-05-24 08:54:20,2011-05-25 08:46:40
248864429010661,2010,54,33,14241.0,1424,1,2,2010,366.0,0.0,0.0,0.0,0.0,0.0,0.0,0.0,30.0,0.0,0.0,0.0,1182,1.0,290,4.0,1.0,1.0,,0.0,2011-05-24 08:54:20,2011-05-25 08:46:40
248863863010661,2010,54,45,1741.0,174,1,2,2010,366.0,0.63,0.63,0.63,0.63,0.63,0.63,2.0,30.0,0.06666667,0.3969,0.02646,900,1.0,0,4.0,1.0,1.0,,0.0,2011-05-24 08:51:18,2011-05-25 08:46:40
248863864010661,2010,54,45,1741.0,174,1,2,2010,541.0,0.0,0.0,0.0,0.0,0.0,0.0,0.0,15.0,0.0,0.0,0.0,900,1.0,0,4.0,1.0,1.0,,0.0,2011-05-24 08:51:19,2011-05-25 08:46:40
248863865010661,2010,54,45,1741.0,174,1,2,2010,621.0,0.0,0.0,0.0,0.0,0.0,0.0,0.0,30.0,0.0,0.0,0.0,900,1.0,0,4.0,1.0,1.0,,0.0,2011-05-24 08:51:19,2011-05-25 08:46:40
248863843010661,2010,54,55,51.0,5,1,2,2010,365.0,0.0,0.0,0.0,0.0,0.0,0.0,0.0,33.0,0.0,0.0,0.0,2692,2.0,0,1.0,1.0,1.0,,0.0,2011-05-24 08:51:12,2011-05-25 08:46:40
248863844010661,2010,54,55,51.0,5,1,2,2010,366.0,0.0,0.0,0.0,0.0,0.0,0.0,0.0,32.0,0.0,0.0,0.0,2692,2.0,0,1.0,1.0,1.0,,0.0,2011-05-24 08:51:12,2011-05-25 08:46:40
248863845010661,2010,54,55,51.0,5,1,2,2010,621.0,0.0,0.0,0.0,0.0,0.0,0.0,0.0,31.0,0.0,0.0,0.0,2692,2.0,0,1.0,1.0,1.0,,0.0,2011-05-24 08:51:13,2011-05-25 08:46:40
248863848010661,2010,54,55,51.0,5,1,2,2010,931.0,0.0,0.0,0.0,0.0,0.0,0.0,0.0,17.0,0.0,0.0,0.0,2692,2.0,0,1.0,1.0,1.0,,0.0,2011-05-24 08:51:14,2011-05-25 08:46:40
248864434010661,2010,54,61,811.0,81,1,1,2010,366.0,0.0,0.0,0.0,0.0,0.0,0.0,0.0,30.0,0.0,0.0,0.0,1119,2.0,315,3.0,1.0,1.0,,0.0,2011-05-24 08:54:22,
248864435010661,2010,54,61,811.0,81,1,1,2010,762.0,0.0,0.0,0.0,0.0,0.0,0.0,0.0,30.0,0.0,0.0,0.0,1119,2.0,315,3.0,1.0,1.0,,0.0,2011-05-24 08:54:22,
248864436010661,2010,54,61,811.0,81,1,1,2010,915.0,0.0,0.0,0.0,0.0,0.0,0.0,0.0,33.0,0.0,0.0,0.0,1119,2.0,315,3.0,1.0,1.0,,0.0,2011-05-24 08:54:22,
248864033010661,2010,54,67,3711.0,371,1,1,2010,365.0,0.035,0.035,0.035,0.16,0.16,0.16,1.0,18.0,0.05555556,0.0056,0.00031111,1960,2.0,23,3.0,1.0,1.0,,0.0,2011-05-24 08:52:14,
248864034010661,2010,54,67,3711.0,371,1,1,2010,366.0,0.0,0.0,0.0,0.0,0.0,0.0,0.0,15.0,0.0,0.0,0.0,1960,2.0,23,3.0,1.0,1.0,,0.0,2011-05-24 08:52:15,
248864035010661,2010,54,67,3711.0,371,1,1,2010,621.0,0.0,0.0,0.0,0.0,0.0,0.0,0.0,13.0,0.0,0.0,0.0,1960,2.0,23,3.0,1.0,1.0,,0.0,2011-05-24 08:52:15,
248864036010661,2010,54,67,3711.0,371,1,1,2010,761.0,0.0,0.0,0.0,0.0,0.0,0.0,0.0,30.0,0.0,0.0,0.0,1960,2.0,23,3.0,1.0,1.0,,0.0,2011-05-24 08:52:15,
248864037010661,2010,54,67,3711.0,371,1,1,2010,915.0,0.0,0.0,0.0,0.0,0.0,0.0,0.0,30.0,0.0,0.0,0.0,1960,2.0,23,3.0,1.0,1.0,,0.0,2011-05-24 08:52:16,
248864038010661,2010,54,67,3711.0,371,1,1,2010,998.0,0.63,0.035,0.23333333,0.63,0.16,0.31166667,6.0,30.0,0.2,0.09148333,0.01829667,1960,2.0,23,3.0,1.0,1.0,,0.0,2011-05-24 08:52:16,
248864000010661,2010,54,75,3361.0,336,1,1,2010,365.0,0.0,0.0,0.0,0.0,0.0,0.0,0.0,12.0,0.0,0.0,0.0,4072,2.0,0,1.0,1.0,1.0,,0.0,2011-05-24 08:52:04,
248864002010661,2010,54,75,3361.0,336,1,1,2010,762.0,0.0,0.0,0.0,0.0,0.0,0.0,0.0,18.0,0.0,0.0,0.0,4072,2.0,0,1.0,1.0,1.0,,0.0,2011-05-24 08:52:04,
248864003010661,2010,54,75,3361.0,336,1,1,2010,915.0,0.0,0.0,0.0,0.0,0.0,0.0,0.0,30.0,0.0,0.0,0.0,4072,2.0,0,1.0,1.0,1.0,,0.0,2011-05-24 08:52:05,
248864005010661,2010,54,75,3362.0,336,2,1,2010,365.0,0.0,0.0,0.0,0.0,0.0,0.0,0.0,30.0,0.0,0.0,0.0,3817,2.0,182,1.0,1.0,1.0,,0.0,2011-05-24 08:52:05,
248864006010661,2010,54,75,3362.0,336,2,1,2010,366.0,0.0,0.0,0.0,0.0,0.0,0.0,0.0,30.0,0.0,0.0,0.0,3817,2.0,182,1.0,1.0,1.0,,0.0,2011-05-24 08:52:06,
248864418010661,2010,54,77,8351.0,835,1,2,2010,366.0,0.0,0.0,0.0,0.0,0.0,0.0,0.0,30.0,0.0,0.0,0.0,2312,1.0,143,1.0,1.0,1.0,,0.0,2011-05-24 08:54:17,2011-05-25 08:46:40
248864419010661,2010,54,77,8351.0,835,1,2,2010,621.0,0.0,0.0,0.0,0.0,0.0,0.0,0.0,30.0,0.0,0.0,0.0,2312,1.0,143,1.0,1.0,1.0,,0.0,2011-05-24 08:54:17,2011-05-25 08:46:40
248864420010661,2010,54,77,8351.0,835,1,2,2010,915.0,0.0,0.0,0.0,0.0,0.0,0.0,0.0,31.0,0.0,0.0,0.0,2312,1.0,143,1.0,1.0,1.0,,0.0,2011-05-24 08:54:17,2011-05-25 08:46:40
248864010010661,2010,54,83,3671.0,367,1,2,2010,365.0,0.0,0.0,0.0,0.0,0.0,0.0,0.0,30.0,0.0,0.0,0.0,2613,2.0,179,1.0,1.0,1.0,,0.0,2011-05-24 08:52:07,2011-05-25 08:46:40
248864011010661,2010,54,83,3671.0,367,1,2,2010,366.0,0.0,0.0,0.0,0.0,0.0,0.0,0.0,30.0,0.0,0.0,0.0,2613,2.0,179,1.0,1.0,1.0,,0.0,2011-05-24 08:52:07,2011-05-25 08:46:40
248864012010661,2010,54,83,3671.0,367,1,2,2010,541.0,0.0,0.0,0.0,0.0,0.0,0.0,0.0,16.0,0.0,0.0,0.0,2613,2.0,179,1.0,1.0,1.0,,0.0,2011-05-24 08:52:07,2011-05-25 08:46:40
248864014010661,2010,54,83,3671.0,367,1,2,2010,915.0,0.0,0.0,0.0,0.0,0.0,0.0,0.0,30.0,0.0,0.0,0.0,2613,2.0,179,1.0,1.0,1.0,,0.0,2011-05-24 08:52:08,2011-05-25 08:46:40
248864029010661,2010,54,83,13951.0,1395,1,2,2010,365.0,0.88,0.16,0.45,0.38,0.16,0.325,4.0,30.0,0.13333333,0.1622,0.02162667,3566,1.0,0,4.0,1.0,2.0,,0.0,2011-05-24 08:52:13,2011-05-25 08:46:40
248864030010661,2010,54,83,13951.0,1395,1,2,2010,366.0,0.0,0.0,0.0,0.0,0.0,0.0,0.0,30.0,0.0,0.0,0.0,3566,1.0,0,4.0,1.0,2.0,,0.0,2011-05-24 08:52:13,2011-05-25 08:46:40
248864031010661,2010,54,83,13951.0,1395,1,2,2010,915.0,0.0,0.0,0.0,0.0,0.0,0.0,0.0,21.0,0.0,0.0,0.0,3566,1.0,0,4.0,1.0,2.0,,0.0,2011-05-24 08:52:14,2011-05-25 08:46:40
248864444010661,2010,54,85,5651.0,565,1,1,2010,366.0,0.88,0.16,0.47833333,0.38,0.035,0.17583333,6.0,30.0,0.2,0.07906667,0.01581333,802,1.0,115,4.0,1.0,1.0,,0.0,2011-05-24 08:54:25,
248864446010661,2010,54,85,5651.0,565,1,1,2010,762.0,0.0,0.0,0.0,0.0,0.0,0.0,0.0,12.0,0.0,0.0,0.0,802,1.0,115,4.0,1.0,1.0,,0.0,2011-05-24 08:54:25,
248864447010661,2010,54,85,5651.0,565,1,1,2010,915.0,0.0,0.0,0.0,0.0,0.0,0.0,0.0,30.0,0.0,0.0,0.0,802,1.0,115,4.0,1.0,1.0,,0.0,2011-05-24 08:54:26,
248864046010661,2010,54,87,6961.0,696,1,2,2010,365.0,0.0,0.0,0.0,0.0,0.0,0.0,0.0,30.0,0.0,0.0,0.0,643,2.0,0,4.0,1.0,1.0,,0.0,2011-05-24 08:52:19,2011-05-25 08:46:40
248864047010661,2010,54,87,6961.0,696,1,2,2010,366.0,0.0,0.0,0.0,0.0,0.0,0.0,0.0,30.0,0.0,0.0,0.0,643,2.0,0,4.0,1.0,1.0,,0.0,2011-05-24 08:52:19,2011-05-25 08:46:40
248864048010661,2010,54,87,6961.0,696,1,2,2010,621.0,0.0,0.0,0.0,0.0,0.0,0.0,0.0,30.0,0.0,0.0,0.0,643,2.0,0,4.0,1.0,1.0,,0.0,2011-05-24 08:52:20,2011-05-25 08:46:40
248864423010661,2010,54,91,6911.0,691,1,1,2010,366.0,0.0,0.0,0.0,0.0,0.0,0.0,0.0,13.0,0.0,0.0,0.0,1286,1.0,120,1.0,1.0,1.0,,0.0,2011-05-24 08:54:18,
248864424010661,2010,54,91,6911.0,691,1,1,2010,621.0,0.0,0.0,0.0,0.0,0.0,0.0,0.0,30.0,0.0,0.0,0.0,1286,1.0,120,1.0,1.0,1.0,,0.0,2011-05-24 08:54:19,
248864425010661,2010,54,91,6911.0,691,1,1,2010,762.0,0.0,0.0,0.0,0.0,0.0,0.0,0.0,22.0,0.0,0.0,0.0,1286,1.0,120,1.0,1.0,1.0,,0.0,2011-05-24 08:54:19,
248864426010661,2010,54,91,6911.0,691,1,1,2010,915.0,0.0,0.0,0.0,0.0,0.0,0.0,0.0,30.0,0.0,0.0,0.0,1286,1.0,120,1.0,1.0,1.0,,0.0,2011-05-24 08:54:19,
248864392010661,2010,54,93,4281.0,428,1,2,2010,365.0,0.38,0.035,0.19166667,0.38,0.035,0.19166667,3.0,30.0,0.1,0.057075,0.0057075,3102,1.0,240,3.0,1.0,1.0,,0.0,2011-05-24 08:54:09,2011-05-25 08:46:40
248864394010661,2010,54,93,4281.0,428,1,2,2010,762.0,0.0,0.0,0.0,0.0,0.0,0.0,0.0,5.0,0.0,0.0,0.0,3102,1.0,240,3.0,1.0,1.0,,0.0,2011-05-24 08:54:09,2011-05-25 08:46:40
248864396010661,2010,54,93,4281.0,428,1,2,2010,998.0,0.0,0.0,0.0,0.0,0.0,0.0,0.0,12.0,0.0,0.0,0.0,3102,1.0,240,3.0,1.0,1.0,,0.0,2011-05-24 08:54:10,2011-05-25 08:46:40
248864399010661,2010,54,93,4282.0,428,2,2,2010,366.0,0.0,0.0,0.0,0.0,0.0,0.0,0.0,20.0,0.0,0.0,0.0,3171,1.0,165,3.0,1.0,1.0,,0.0,2011-05-24 08:54:11,2011-05-25 08:46:40
248864400010661,2010,54,93,4282.0,428,2,2,2010,762.0,0.0,0.0,0.0,0.0,0.0,0.0,0.0,25.0,0.0,0.0,0.0,3171,1.0,165,3.0,1.0,1.0,,0.0,2011-05-24 08:54:11,2011-05-25 08:46:40
248864456010661,2010,54,95,13001.0,1300,1,1,2010,365.0,0.38,0.16,0.215,0.16,0.16,0.16,4.0,30.0,0.13333333,0.0344,0.00458667,1179,1.0,240,1.0,1.0,1.0,,0.0,2011-05-24 08:54:28,
248864457010661,2010,54,95,13001.0,1300,1,1,2010,541.0,0.0,0.0,0.0,0.0,0.0,0.0,0.0,1.0,0.0,0.0,0.0,1179,1.0,240,1.0,1.0,1.0,,0.0,2011-05-24 08:54:29,
248864459010661,2010,54,95,13001.0,1300,1,1,2010,915.0,0.0,0.0,0.0,0.0,0.0,0.0,0.0,16.0,0.0,0.0,0.0,1179,1.0,240,1.0,1.0,1.0,,0.0,2011-05-24 08:54:29,
248864462010661,2010,54,95,13002.0,1300,2,1,2010,541.0,0.0,0.0,0.0,0.0,0.0,0.0,0.0,10.0,0.0,0.0,0.0,1200,2.0,70,1.0,1.0,1.0,,0.0,2011-05-24 08:54:30,
248864464010661,2010,54,95,13002.0,1300,2,1,2010,915.0,0.0,0.0,0.0,0.0,0.0,0.0,0.0,17.0,0.0,0.0,0.0,1200,2.0,70,1.0,1.0,1.0,,0.0,2011-05-24 08:54:31,
248864059010661,2010,54,99,8451.0,845,1,2,2010,365.0,0.0,0.0,0.0,0.0,0.0,0.0,0.0,30.0,0.0,0.0,0.0,632,1.0,0,4.0,1.0,1.0,,0.0,2011-05-24 08:52:23,2011-05-25 08:46:40
248864060010661,2010,54,99,8451.0,845,1,2,2010,611.0,0.0,0.0,0.0,0.0,0.0,0.0,0.0,30.0,0.0,0.0,0.0,632,1.0,0,4.0,1.0,1.0,,0.0,2011-05-24 08:52:23,2011-05-25 08:46:40
248864061010661,2010,54,99,8451.0,845,1,2,2010,621.0,0.0,0.0,0.0,0.0,0.0,0.0,0.0,16.0,0.0,0.0,0.0,632,1.0,0,4.0,1.0,1.0,,0.0,2011-05-24 08:52:24,2011-05-25 08:46:40
248864062010661,2010,54,99,8451.0,845,1,2,2010,762.0,0.0,0.0,0.0,0.0,0.0,0.0,0.0,10.0,0.0,0.0,0.0,632,1.0,0,4.0,1.0,1.0,,0.0,2011-05-24 08:52:24,2011-05-25 08:46:40
248864017010661,2010,54,101,13731.0,1373,1,2,2010,365.0,0.0,0.0,0.0,0.0,0.0,0.0,0.0,30.0,0.0,0.0,0.0,2260,1.0,0,4.0,1.0,1.0,,0.0,2011-05-24 08:52:09,2011-05-25 08:46:40
248864018010661,2010,54,101,13731.0,1373,1,2,2010,366.0,0.0,0.0,0.0,0.0,0.0,0.0,0.0,30.0,0.0,0.0,0.0,2260,1.0,0,4.0,1.0,1.0,,0.0,2011-05-24 08:52:09,2011-05-25 08:46:40
248864019010661,2010,54,101,13731.0,1373,1,2,2010,762.0,0.0,0.0,0.0,0.0,0.0,0.0,0.0,30.0,0.0,0.0,0.0,2260,1.0,0,4.0,1.0,1.0,,0.0,2011-05-24 08:52:10,2011-05-25 08:46:40
248864020010661,2010,54,101,13731.0,1373,1,2,2010,915.0,0.0,0.0,0.0,0.0,0.0,0.0,0.0,11.0,0.0,0.0,0.0,2260,1.0,0,4.0,1.0,1.0,,0.0,2011-05-24 08:52:10,2011-05-25 08:46:40
248863857010661,2010,54,109,15391.0,1539,1,1,2010,365.0,0.0,0.0,0.0,0.0,0.0,0.0,0.0,30.0,0.0,0.0,0.0,1442,2.0,160,4.0,1.0,1.0,,0.0,2011-05-24 08:51:16,
248863859010661,2010,54,109,15391.0,1539,1,1,2010,621.0,0.0,0.0,0.0,0.0,0.0,0.0,0.0,30.0,0.0,0.0,0.0,1442,2.0,160,4.0,1.0,1.0,,0.0,2011-05-24 08:51:17,
248863860010661,2010,54,109,15391.0,1539,1,1,2010,915.0,0.0,0.0,0.0,0.0,0.0,0.0,0.0,17.0,0.0,0.0,0.0,1442,2.0,160,4.0,1.0,1.0,,0.0,2011-05-24 08:51:18,
