CN,PLT_CN,VVT_CN,VSB_CN,INVYR,STATECD,COUNTYCD,PLOT,SUBP,QUADRAT,CONDID,QUADRAT_STATUS,QUADRAT_STATUS_PRE2004,TRAMPLING,CREATED_DATE,MODIFIED_DATE
218415104010661,122560886010661,218415120010661,218415116010661,2007,54,11,1711,1,1,1,1,,1,2009-10-30 10:22:37,
218415108010661,122560886010661,218415120010661,218415116010661,2007,54,11,1711,1,2,1,1,,1,2009-10-30 10:22:37,
218415112010661,122560886010661,218415120010661,218415116010661,2007,54,11,1711,1,3,1,1,,2,2009-10-30 10:22:37,
218415105010661,122560886010661,218415120010661,218415117010661,2007,54,11,1711,2,1,1,1,,1,2009-10-30 10:22:37,
218415109010661,122560886010661,218415120010661,218415117010661,2007,54,11,1711,2,2,1,1,,1,2009-10-30 10:22:37,
218415113010661,122560886010661,218415120010661,218415117010661,2007,54,11,1711,2,3,1,1,,1,2009-10-30 10:22:37,
218415106010661,122560886010661,218415120010661,218415118010661,2007,54,11,1711,3,1,2,2,,,2009-10-30 10:22:37,
218415110010661,122560886010661,218415120010661,218415118010661,2007,54,11,1711,3,2,2,2,,,2009-10-30 10:22:37,
218415114010661,122560886010661,218415120010661,218415118010661,2007,54,11,1711,3,3,2,2,,,2009-10-30 10:22:37,
218415107010661,122560886010661,218415120010661,218415119010661,2007,54,11,1711,4,1,3,1,,1,2009-10-30 10:22:37,
218415111010661,122560886010661,218415120010661,218415119010661,2007,54,11,1711,4,2,3,1,,1,2009-10-30 10:22:37,
218415115010661,122560886010661,218415120010661,218415119010661,2007,54,11,1711,4,3,3,1,,1,2009-10-30 10:22:37,
218416134010661,122560562010661,218416150010661,218416146010661,2007,54,13,1984,1,1,1,1,,1,2009-10-30 10:22:37,
218416138010661,122560562010661,218416150010661,218416146010661,2007,54,13,1984,1,2,1,1,,1,2009-10-30 10:22:37,
218416142010661,122560562010661,218416150010661,218416146010661,2007,54,13,1984,1,3,1,1,,1,2009-10-30 10:22:37,
218416135010661,122560562010661,218416150010661,218416147010661,2007,54,13,1984,2,1,1,1,,1,2009-10-30 10:22:37,
218416139010661,122560562010661,218416150010661,218416147010661,2007,54,13,1984,2,2,1,1,,1,2009-10-30 10:22:37,
218416143010661,122560562010661,218416150010661,218416147010661,2007,54,13,1984,2,3,1,1,,1,2009-10-30 10:22:37,
218416136010661,122560562010661,218416150010661,218416148010661,2007,54,13,1984,3,1,1,1,,1,2009-10-30 10:22:37,
218416140010661,122560562010661,218416150010661,218416148010661,2007,54,13,1984,3,2,1,1,,1,2009-10-30 10:22:37,
218416144010661,122560562010661,218416150010661,218416148010661,2007,54,13,1984,3,3,1,1,,1,2009-10-30 10:22:37,
218416137010661,122560562010661,218416150010661,218416149010661,2007,54,13,1984,4,1,1,1,,1,2009-10-30 10:22:37,
218416141010661,122560562010661,218416150010661,218416149010661,2007,54,13,1984,4,2,1,1,,1,2009-10-30 10:22:37,
218416145010661,122560562010661,218416150010661,218416149010661,2007,54,13,1984,4,3,1,1,,1,2009-10-30 10:22:37,
218415197010661,122560452010661,218415213010661,218415209010661,2007,54,15,1739,1,1,1,1,,1,2009-10-30 10:22:38,
218415201010661,122560452010661,218415213010661,218415209010661,2007,54,15,1739,1,2,1,1,,1,2009-10-30 10:22:38,
218415205010661,122560452010661,218415213010661,218415209010661,2007,54,15,1739,1,3,1,1,,1,2009-10-30 10:22:38,
218415198010661,122560452010661,218415213010661,218415210010661,2007,54,15,1739,2,1,1,1,,1,2009-10-30 10:22:38,
218415202010661,122560452010661,218415213010661,218415210010661,2007,54,15,1739,2,2,1,1,,1,2009-10-30 10:22:38,
218415206010661,122560452010661,218415213010661,218415210010661,2007,54,15,1739,2,3,1,1,,1,2009-10-30 10:22:38,
218415199010661,122560452010661,218415213010661,218415211010661,2007,54,15,1739,3,1,1,1,,1,2009-10-30 10:22:38,
218415203010661,122560452010661,218415213010661,218415211010661,2007,54,15,1739,3,2,1,1,,1,2009-10-30 10:22:38,
218415207010661,122560452010661,218415213010661,218415211010661,2007,54,15,1739,3,3,1,1,,1,2009-10-30 10:22:38,
218415200010661,122560452010661,218415213010661,218415212010661,2007,54,15,1739,4,1,1,1,,1,2009-10-30 10:22:38,
218415204010661,122560452010661,218415213010661,218415212010661,2007,54,15,1739,4,2,1,1,,1,2009-10-30 10:22:38,
218415208010661,122560452010661,218415213010661,218415212010661,2007,54,15,1739,4,3,1,1,,1,2009-10-30 10:22:38,
218415446010661,122560400010661,218415462010661,218415458010661,2007,54,17,1836,1,1,1,1,,1,2009-10-30 10:22:38,
218415450010661,122560400010661,218415462010661,218415458010661,2007,54,17,1836,1,2,1,1,,1,2009-10-30 10:22:38,
218415454010661,122560400010661,218415462010661,218415458010661,2007,54,17,1836,1,3,1,1,,1,2009-10-30 10:22:38,
218415447010661,122560400010661,218415462010661,218415459010661,2007,54,17,1836,2,1,1,1,,1,2009-10-30 10:22:38,
218415451010661,122560400010661,218415462010661,218415459010661,2007,54,17,1836,2,2,1,1,,1,2009-10-30 10:22:38,
218415455010661,122560400010661,218415462010661,218415459010661,2007,54,17,1836,2,3,1,1,,1,2009-10-30 10:22:38,
218415448010661,122560400010661,218415462010661,218415460010661,2007,54,17,1836,3,1,1,1,,1,2009-10-30 10:22:38,
218415452010661,122560400010661,218415462010661,218415460010661,2007,54,17,1836,3,2,1,1,,1,2009-10-30 10:22:38,
218415456010661,122560400010661,218415462010661,218415460010661,2007,54,17,1836,3,3,1,1,,1,2009-10-30 10:22:38,
218415449010661,122560400010661,218415462010661,218415461010661,2007,54,17,1836,4,1,1,1,,1,2009-10-30 10:22:38,
218415453010661,122560400010661,218415462010661,218415461010661,2007,54,17,1836,4,2,1,1,,1,2009-10-30 10:22:38,
218415457010661,122560400010661,218415462010661,218415461010661,2007,54,17,1836,4,3,1,1,,1,2009-10-30 10:22:38,
218415325010661,122560472010661,218415343010661,218415337010661,2007,54,19,361,1,1,1,1,,1,2009-10-30 10:22:39,
218415329010661,122560472010661,218415343010661,218415337010661,2007,54,19,361,1,2,1,1,,1,2009-10-30 10:22:39,
218415333010661,122560472010661,218415343010661,218415337010661,2007,54,19,361,1,3,1,1,,1,2009-10-30 10:22:39,
218415326010661,122560472010661,218415343010661,218415338010661,2007,54,19,361,2,1,2,1,,1,2009-10-30 10:22:39,
218415330010661,122560472010661,218415343010661,218415338010661,2007,54,19,361,2,2,2,1,,1,2009-10-30 10:22:39,
218415334010661,122560472010661,218415343010661,218415338010661,2007,54,19,361,2,3,2,1,,1,2009-10-30 10:22:39,
218415327010661,122560472010661,218415343010661,218415339010661,2007,54,19,361,3,1,2,1,,1,2009-10-30 10:22:39,
218415331010661,122560472010661,218415343010661,218415339010661,2007,54,19,361,3,2,2,1,,1,2009-10-30 10:22:39,
218415335010661,122560472010661,218415343010661,218415339010661,2007,54,19,361,3,3,2,1,,1,2009-10-30 10:22:39,
218415328010661,122560472010661,218415343010661,218415340010661,2007,54,19,361,4,1,1,1,,1,2009-10-30 10:22:39,
218415332010661,122560472010661,218415343010661,218415340010661,2007,54,19,361,4,2,1,1,,1,2009-10-30 10:22:39,
218415336010661,122560472010661,218415343010661,218415340010661,2007,54,19,361,4,3,1,1,,1,2009-10-30 10:22:39,
218415576010661,122560424010661,218415592010661,218415588010661,2007,54,21,1777,1,1,1,1,,1,2009-10-30 10:22:39,
218415580010661,122560424010661,218415592010661,218415588010661,2007,54,21,1777,1,2,1,1,,1,2009-10-30 10:22:39,
218415584010661,122560424010661,218415592010661,218415588010661,2007,54,21,1777,1,3,1,1,,1,2009-10-30 10:22:39,
218415577010661,122560424010661,218415592010661,218415589010661,2007,54,21,1777,2,1,1,1,,1,2009-10-30 10:22:39,
218415581010661,122560424010661,218415592010661,218415589010661,2007,54,21,1777,2,2,1,1,,1,2009-10-30 10:22:39,
218415585010661,122560424010661,218415592010661,218415589010661,2007,54,21,1777,2,3,1,1,,1,2009-10-30 10:22:39,
218415578010661,122560424010661,218415592010661,218415590010661,2007,54,21,1777,3,1,1,1,,1,2009-10-30 10:22:39,
218415582010661,122560424010661,218415592010661,218415590010661,2007,54,21,1777,3,2,2,2,,,2009-10-30 10:22:39,
218415586010661,122560424010661,218415592010661,218415590010661,2007,54,21,1777,3,3,1,1,,1,2009-10-30 10:22:39,
218415579010661,122560424010661,218415592010661,218415591010661,2007,54,21,1777,4,1,1,1,,1,2009-10-30 10:22:39,
218415583010661,122560424010661,218415592010661,218415591010661,2007,54,21,1777,4,2,1,1,,1,2009-10-30 10:22:39,
218415587010661,122560424010661,218415592010661,218415591010661,2007,54,21,1777,4,3,1,1,,1,2009-10-30 10:22:39,
218417263010661,122560220010661,218417279010661,218417275010661,2007,54,25,677,1,1,1,1,,1,2009-10-30 10:22:40,
218417267010661,122560220010661,218417279010661,218417275010661,2007,54,25,677,1,2,1,1,,1,2009-10-30 10:22:40,
218417271010661,122560220010661,218417279010661,218417275010661,2007,54,25,677,1,3,1,1,,1,2009-10-30 10:22:40,
218417264010661,122560220010661,218417279010661,218417276010661,2007,54,25,677,2,1,1,1,,1,2009-10-30 10:22:40,
218417268010661,122560220010661,218417279010661,218417276010661,2007,54,25,677,2,2,2,2,,1,2009-10-30 10:22:40,
218417272010661,122560220010661,218417279010661,218417276010661,2007,54,25,677,2,3,2,2,,1,2009-10-30 10:22:40,
218417265010661,122560220010661,218417279010661,218417277010661,2007,54,25,677,3,1,1,1,,1,2009-10-30 10:22:40,
218417269010661,122560220010661,218417279010661,218417277010661,2007,54,25,677,3,2,1,1,,1,2009-10-30 10:22:40,
218417273010661,122560220010661,218417279010661,218417277010661,2007,54,25,677,3,3,1,1,,1,2009-10-30 10:22:40,
218417266010661,122560220010661,218417279010661,218417278010661,2007,54,25,677,4,1,1,1,,1,2009-10-30 10:22:40,
218417270010661,122560220010661,218417279010661,218417278010661,2007,54,25,677,4,2,1,1,,1,2009-10-30 10:22:40,
218417274010661,122560220010661,218417279010661,218417278010661,2007,54,25,677,4,3,1,1,,1,2009-10-30 10:22:40,
218415152010661,122560712010661,218415159010661,218415157010661,2007,54,39,2504,3,1,2,1,,1,2009-10-30 10:22:40,
218415153010661,122560712010661,218415159010661,218415157010661,2007,54,39,2504,3,2,2,1,,1,2009-10-30 10:22:40,
218415154010661,122560712010661,218415159010661,218415157010661,2007,54,39,2504,3,3,2,1,,1,2009-10-30 10:22:40,
218416846010661,122561056010661,218416862010661,218416858010661,2007,54,45,284,1,1,1,1,,2,2009-10-30 10:22:40,
218416850010661,122561056010661,218416862010661,218416858010661,2007,54,45,284,1,2,1,1,,1,2009-10-30 10:22:40,
218416854010661,122561056010661,218416862010661,218416858010661,2007,54,45,284,1,3,1,1,,1,2009-10-30 10:22:40,
218416847010661,122561056010661,218416862010661,218416859010661,2007,54,45,284,2,1,1,1,,1,2009-10-30 10:22:40,
218416851010661,122561056010661,218416862010661,218416859010661,2007,54,45,284,2,2,1,1,,1,2009-10-30 10:22:40,
218416855010661,122561056010661,218416862010661,218416859010661,2007,54,45,284,2,3,1,1,,1,2009-10-30 10:22:40,
218416848010661,122561056010661,218416862010661,218416860010661,2007,54,45,284,3,1,1,1,,1,2009-10-30 10:22:40,
218416852010661,122561056010661,218416862010661,218416860010661,2007,54,45,284,3,2,1,1,,1,2009-10-30 10:22:40,
218416856010661,122561056010661,218416862010661,218416860010661,2007,54,45,284,3,3,1,1,,1,2009-10-30 10:22:40,
218416849010661,122561056010661,218416862010661,218416861010661,2007,54,45,284,4,1,1,1,,1,2009-10-30 10:22:40,
218416853010661,122561056010661,218416862010661,218416861010661,2007,54,45,284,4,2,1,1,,1,2009-10-30 10:22:40,
218416857010661,122561056010661,218416862010661,218416861010661,2007,54,45,284,4,3,1,1,,1,2009-10-30 10:22:40,
218417388010661,122560278010661,218417404010661,218417400010661,2007,54,49,1524,1,1,1,1,,2,2009-10-30 10:22:41,
218417392010661,122560278010661,218417404010661,218417400010661,2007,54,49,1524,1,2,1,1,,3,2009-10-30 10:22:41,
218417396010661,122560278010661,218417404010661,218417400010661,2007,54,49,1524,1,3,2,2,,,2009-10-30 10:22:41,
218417389010661,122560278010661,218417404010661,218417401010661,2007,54,49,1524,2,1,2,2,,,2009-10-30 10:22:41,
218417393010661,122560278010661,218417404010661,218417401010661,2007,54,49,1524,2,2,2,2,,,2009-10-30 10:22:41,
218417397010661,122560278010661,218417404010661,218417401010661,2007,54,49,1524,2,3,1,1,,1,2009-10-30 10:22:41,
218417390010661,122560278010661,218417404010661,218417402010661,2007,54,49,1524,3,1,1,1,,1,2009-10-30 10:22:41,
218417394010661,122560278010661,218417404010661,218417402010661,2007,54,49,1524,3,2,1,1,,3,2009-10-30 10:22:41,
218417398010661,122560278010661,218417404010661,218417402010661,2007,54,49,1524,3,3,1,1,,3,2009-10-30 10:22:41,
218417391010661,122560278010661,218417404010661,218417403010661,2007,54,49,1524,4,1,2,2,,,2009-10-30 10:22:41,
218417395010661,122560278010661,218417404010661,218417403010661,2007,54,49,1524,4,2,2,2,,,2009-10-30 10:22:41,
218417399010661,122560278010661,218417404010661,218417403010661,2007,54,49,1524,4,3,1,1,,1,2009-10-30 10:22:41,
218416936010661,122561064010661,218416952010661,218416948010661,2007,54,51,785,1,1,1,1,,1,2009-10-30 10:22:41,
218416940010661,122561064010661,218416952010661,218416948010661,2007,54,51,785,1,2,1,1,,1,2009-10-30 10:22:41,
218416944010661,122561064010661,218416952010661,218416948010661,2007,54,51,785,1,3,1,1,,1,2009-10-30 10:22:41,
218416937010661,122561064010661,218416952010661,218416949010661,2007,54,51,785,2,1,1,1,,1,2009-10-30 10:22:41,
218416941010661,122561064010661,218416952010661,218416949010661,2007,54,51,785,2,2,1,1,,1,2009-10-30 10:22:41,
218416945010661,122561064010661,218416952010661,218416949010661,2007,54,51,785,2,3,1,1,,1,2009-10-30 10:22:41,
218416938010661,122561064010661,218416952010661,218416950010661,2007,54,51,785,3,1,1,1,,1,2009-10-30 10:22:41,
218416942010661,122561064010661,218416952010661,218416950010661,2007,54,51,785,3,2,1,1,,1,2009-10-30 10:22:41,
218416946010661,122561064010661,218416952010661,218416950010661,2007,54,51,785,3,3,1,1,,1,2009-10-30 10:22:41,
218416939010661,122561064010661,218416952010661,218416951010661,2007,54,51,785,4,1,2,2,,,2009-10-30 10:22:41,
218416943010661,122561064010661,218416952010661,218416951010661,2007,54,51,785,4,2,2,2,,,2009-10-30 10:22:41,
218416947010661,122561064010661,218416952010661,218416951010661,2007,54,51,785,4,3,2,2,,,2009-10-30 10:22:41,
218416512010661,122560862010661,218416528010661,218416524010661,2007,54,53,1601,1,1,1,1,,1,2009-10-30 10:22:42,
218416516010661,122560862010661,218416528010661,218416524010661,2007,54,53,1601,1,2,1,1,,1,2009-10-30 10:22:42,
218416520010661,122560862010661,218416528010661,218416524010661,2007,54,53,1601,1,3,1,1,,1,2009-10-30 10:22:42,
218416513010661,122560862010661,218416528010661,218416525010661,2007,54,53,1601,2,1,1,1,,1,2009-10-30 10:22:42,
218416517010661,122560862010661,218416528010661,218416525010661,2007,54,53,1601,2,2,1,1,,1,2009-10-30 10:22:42,
218416521010661,122560862010661,218416528010661,218416525010661,2007,54,53,1601,2,3,1,1,,1,2009-10-30 10:22:42,
218416514010661,122560862010661,218416528010661,218416526010661,2007,54,53,1601,3,1,1,1,,1,2009-10-30 10:22:42,
218416518010661,122560862010661,218416528010661,218416526010661,2007,54,53,1601,3,2,1,1,,1,2009-10-30 10:22:42,
218416522010661,122560862010661,218416528010661,218416526010661,2007,54,53,1601,3,3,1,1,,1,2009-10-30 10:22:42,
218416515010661,122560862010661,218416528010661,218416527010661,2007,54,53,1601,4,1,1,1,,1,2009-10-30 10:22:42,
218416519010661,122560862010661,218416528010661,218416527010661,2007,54,53,1601,4,2,1,1,,1,2009-10-30 10:22:42,
218416523010661,122560862010661,218416528010661,218416527010661,2007,54,53,1601,4,3,1,1,,1,2009-10-30 10:22:42,
218415644010661,122560344010661,218415660010661,218415656010661,2007,54,67,2125,1,1,1,1,,1,2009-10-30 10:22:42,
218415648010661,122560344010661,218415660010661,218415656010661,2007,54,67,2125,1,2,1,1,,1,2009-10-30 10:22:42,
218415652010661,122560344010661,218415660010661,218415656010661,2007,54,67,2125,1,3,1,1,,1,2009-10-30 10:22:42,
218415645010661,122560344010661,218415660010661,218415657010661,2007,54,67,2125,2,1,1,1,,1,2009-10-30 10:22:42,
218415649010661,122560344010661,218415660010661,218415657010661,2007,54,67,2125,2,2,1,1,,1,2009-10-30 10:22:42,
218415653010661,122560344010661,218415660010661,218415657010661,2007,54,67,2125,2,3,1,1,,1,2009-10-30 10:22:42,
218415646010661,122560344010661,218415660010661,218415658010661,2007,54,67,2125,3,1,1,1,,1,2009-10-30 10:22:42,
218415650010661,122560344010661,218415660010661,218415658010661,2007,54,67,2125,3,2,1,1,,1,2009-10-30 10:22:42,
218415654010661,122560344010661,218415660010661,218415658010661,2007,54,67,2125,3,3,1,1,,1,2009-10-30 10:22:42,
218415647010661,122560344010661,218415660010661,218415659010661,2007,54,67,2125,4,1,1,1,,1,2009-10-30 10:22:42,
218415651010661,122560344010661,218415660010661,218415659010661,2007,54,67,2125,4,2,1,1,,1,2009-10-30 10:22:42,
218415655010661,122560344010661,218415660010661,218415659010661,2007,54,67,2125,4,3,1,1,,1,2009-10-30 10:22:42,
218415983010661,122559864010661,218415999010661,218415995010661,2007,54,71,525,1,1,1,1,,1,2009-10-30 10:22:42,
218415987010661,122559864010661,218415999010661,218415995010661,2007,54,71,525,1,2,1,1,,1,2009-10-30 10:22:42,
218415991010661,122559864010661,218415999010661,218415995010661,2007,54,71,525,1,3,1,1,,1,2009-10-30 10:22:42,
218415984010661,122559864010661,218415999010661,218415996010661,2007,54,71,525,2,1,1,1,,1,2009-10-30 10:22:42,
218415988010661,122559864010661,218415999010661,218415996010661,2007,54,71,525,2,2,1,1,,1,2009-10-30 10:22:42,
218415992010661,122559864010661,218415999010661,218415996010661,2007,54,71,525,2,3,1,1,,1,2009-10-30 10:22:42,
218415985010661,122559864010661,218415999010661,218415997010661,2007,54,71,525,3,1,1,1,,1,2009-10-30 10:22:42,
218415989010661,122559864010661,218415999010661,218415997010661,2007,54,71,525,3,2,1,1,,1,2009-10-30 10:22:42,
218415993010661,122559864010661,218415999010661,218415997010661,2007,54,71,525,3,3,1,1,,1,2009-10-30 10:22:42,
218415986010661,122559864010661,218415999010661,218415998010661,2007,54,71,525,4,1,1,1,,1,2009-10-30 10:22:42,
218415990010661,122559864010661,218415999010661,218415998010661,2007,54,71,525,4,2,1,1,,1,2009-10-30 10:22:42,
218415994010661,122559864010661,218415999010661,218415998010661,2007,54,71,525,4,3,1,1,,1,2009-10-30 10:22:42,
218415922010661,122559940010661,218415938010661,218415934010661,2007,54,75,2500,1,1,1,1,,1,2009-10-30 10:22:42,
218415926010661,122559940010661,218415938010661,218415934010661,2007,54,75,2500,1,2,1,1,,1,2009-10-30 10:22:42,
218415930010661,122559940010661,218415938010661,218415934010661,2007,54,75,2500,1,3,1,1,,1,2009-10-30 10:22:42,
218415923010661,122559940010661,218415938010661,218415935010661,2007,54,75,2500,2,1,1,1,,2,2009-10-30 10:22:42,
218415927010661,122559940010661,218415938010661,218415935010661,2007,54,75,2500,2,2,1,1,,2,2009-10-30 10:22:42,
218415931010661,122559940010661,218415938010661,218415935010661,2007,54,75,2500,2,3,1,1,,2,2009-10-30 10:22:42,
218415924010661,122559940010661,218415938010661,218415936010661,2007,54,75,2500,3,1,1,1,,1,2009-10-30 10:22:42,
218415928010661,122559940010661,218415938010661,218415936010661,2007,54,75,2500,3,2,1,1,,1,2009-10-30 10:22:42,
218415932010661,122559940010661,218415938010661,218415936010661,2007,54,75,2500,3,3,1,1,,1,2009-10-30 10:22:42,
218415925010661,122559940010661,218415938010661,218415937010661,2007,54,75,2500,4,1,1,1,,1,2009-10-30 10:22:42,
218415929010661,122559940010661,218415938010661,218415937010661,2007,54,75,2500,4,2,1,1,,1,2009-10-30 10:22:42,
218415933010661,122559940010661,218415938010661,218415937010661,2007,54,75,2500,4,3,1,1,,1,2009-10-30 10:22:42,
218417054010661,122560808010661,218417070010661,218417066010661,2007,54,79,879,1,1,1,1,,1,2009-10-30 10:22:43,
218417058010661,122560808010661,218417070010661,218417066010661,2007,54,79,879,1,2,1,1,,1,2009-10-30 10:22:43,
218417062010661,122560808010661,218417070010661,218417066010661,2007,54,79,879,1,3,1,1,,1,2009-10-30 10:22:43,
218417055010661,122560808010661,218417070010661,218417067010661,2007,54,79,879,2,1,1,1,,1,2009-10-30 10:22:43,
218417059010661,122560808010661,218417070010661,218417067010661,2007,54,79,879,2,2,1,1,,1,2009-10-30 10:22:43,
218417063010661,122560808010661,218417070010661,218417067010661,2007,54,79,879,2,3,1,1,,1,2009-10-30 10:22:43,
218417056010661,122560808010661,218417070010661,218417068010661,2007,54,79,879,3,1,1,1,,1,2009-10-30 10:22:43,
218417060010661,122560808010661,218417070010661,218417068010661,2007,54,79,879,3,2,1,1,,1,2009-10-30 10:22:43,
218417064010661,122560808010661,218417070010661,218417068010661,2007,54,79,879,3,3,1,1,,1,2009-10-30 10:22:43,
218417057010661,122560808010661,218417070010661,218417069010661,2007,54,79,879,4,1,1,1,,1,2009-10-30 10:22:43,
218417061010661,122560808010661,218417070010661,218417069010661,2007,54,79,879,4,2,1,1,,1,2009-10-30 10:22:43,
218417065010661,122560808010661,218417070010661,218417069010661,2007,54,79,879,4,3,1,1,,1,2009-10-30 10:22:43,
218417135010661,122560048010661,218417148010661,218417144010661,2007,54,83,112,1,1,1,1,,1,2009-10-30 10:22:43,
218417138010661,122560048010661,218417148010661,218417144010661,2007,54,83,112,1,2,1,1,,1,2009-10-30 10:22:43,
218417141010661,122560048010661,218417148010661,218417144010661,2007,54,83,112,1,3,1,1,,1,2009-10-30 10:22:43,
218417136010661,122560048010661,218417148010661,218417145010661,2007,54,83,112,2,1,1,1,,1,2009-10-30 10:22:43,
218417139010661,122560048010661,218417148010661,218417145010661,2007,54,83,112,2,2,1,1,,1,2009-10-30 10:22:43,
218417142010661,122560048010661,218417148010661,218417145010661,2007,54,83,112,2,3,1,1,,1,2009-10-30 10:22:43,
218417137010661,122560048010661,218417148010661,218417146010661,2007,54,83,112,3,1,1,1,,1,2009-10-30 10:22:43,
218417140010661,122560048010661,218417148010661,218417146010661,2007,54,83,112,3,2,1,1,,1,2009-10-30 10:22:43,
218417143010661,122560048010661,218417148010661,218417146010661,2007,54,83,112,3,3,1,1,,1,2009-10-30 10:22:43,
218416627010661,122560652010661,218416643010661,218416639010661,2007,54,85,240,1,1,1,1,,1,2009-10-30 10:22:43,
218416631010661,122560652010661,218416643010661,218416639010661,2007,54,85,240,1,2,1,1,,1,2009-10-30 10:22:43,
218416635010661,122560652010661,218416643010661,218416639010661,2007,54,85,240,1,3,1,1,,1,2009-10-30 10:22:43,
218416628010661,122560652010661,218416643010661,218416640010661,2007,54,85,240,2,1,1,1,,1,2009-10-30 10:22:43,
218416632010661,122560652010661,218416643010661,218416640010661,2007,54,85,240,2,2,1,1,,1,2009-10-30 10:22:43,
218416636010661,122560652010661,218416643010661,218416640010661,2007,54,85,240,2,3,1,1,,1,2009-10-30 10:22:43,
218416629010661,122560652010661,218416643010661,218416641010661,2007,54,85,240,3,1,1,1,,1,2009-10-30 10:22:43,
218416633010661,122560652010661,218416643010661,218416641010661,2007,54,85,240,3,2,1,1,,1,2009-10-30 10:22:43,
218416637010661,122560652010661,218416643010661,218416641010661,2007,54,85,240,3,3,1,1,,1,2009-10-30 10:22:43,
218416630010661,122560652010661,218416643010661,218416642010661,2007,54,85,240,4,1,1,1,,1,2009-10-30 10:22:43,
218416634010661,122560652010661,218416643010661,218416642010661,2007,54,85,240,4,2,1,1,,1,2009-10-30 10:22:43,
218416638010661,122560652010661,218416643010661,218416642010661,2007,54,85,240,4,3,1,1,,1,2009-10-30 10:22:43,
218416288010661,122560682010661,218416304010661,218416300010661,2007,54,87,275,1,1,1,1,,1,2009-10-30 10:22:44,
218416292010661,122560682010661,218416304010661,218416300010661,2007,54,87,275,1,2,1,1,,1,2009-10-30 10:22:44,
218416296010661,122560682010661,218416304010661,218416300010661,2007,54,87,275,1,3,1,1,,1,2009-10-30 10:22:44,
218416289010661,122560682010661,218416304010661,218416301010661,2007,54,87,275,2,1,1,1,,1,2009-10-30 10:22:44,
218416293010661,122560682010661,218416304010661,218416301010661,2007,54,87,275,2,2,1,1,,1,2009-10-30 10:22:44,
218416297010661,122560682010661,218416304010661,218416301010661,2007,54,87,275,2,3,1,1,,1,2009-10-30 10:22:44,
218416290010661,122560682010661,218416304010661,218416302010661,2007,54,87,275,3,1,1,1,,1,2009-10-30 10:22:44,
218416294010661,122560682010661,218416304010661,218416302010661,2007,54,87,275,3,2,1,1,,1,2009-10-30 10:22:44,
218416298010661,122560682010661,218416304010661,218416302010661,2007,54,87,275,3,3,1,1,,1,2009-10-30 10:22:44,
218416291010661,122560682010661,218416304010661,218416303010661,2007,54,87,275,4,1,1,1,,1,2009-10-30 10:22:44,
218416295010661,122560682010661,218416304010661,218416303010661,2007,54,87,275,4,2,1,1,,1,2009-10-30 10:22:44,
218416299010661,122560682010661,218416304010661,218416303010661,2007,54,87,275,4,3,1,1,,1,2009-10-30 10:22:44,
218416741010661,122560248010661,218416757010661,218416753010661,2007,54,89,2204,1,1,1,1,,1,2009-10-30 10:22:44,
218416745010661,122560248010661,218416757010661,218416753010661,2007,54,89,2204,1,2,1,1,,1,2009-10-30 10:22:44,
218416749010661,122560248010661,218416757010661,218416753010661,2007,54,89,2204,1,3,1,1,,1,2009-10-30 10:22:44,
218416742010661,122560248010661,218416757010661,218416754010661,2007,54,89,2204,2,1,1,1,,1,2009-10-30 10:22:44,
218416746010661,122560248010661,218416757010661,218416754010661,2007,54,89,2204,2,2,1,1,,1,2009-10-30 10:22:44,
218416750010661,122560248010661,218416757010661,218416754010661,2007,54,89,2204,2,3,1,1,,1,2009-10-30 10:22:44,
218416743010661,122560248010661,218416757010661,218416755010661,2007,54,89,2204,3,1,1,1,,1,2009-10-30 10:22:44,
218416747010661,122560248010661,218416757010661,218416755010661,2007,54,89,2204,3,2,1,3,,1,2009-10-30 10:22:44,2009-11-18 13:28:53
218416751010661,122560248010661,218416757010661,218416755010661,2007,54,89,2204,3,3,1,1,,1,2009-10-30 10:22:44,
218416744010661,122560248010661,218416757010661,218416756010661,2007,54,89,2204,4,1,1,1,,1,2009-10-30 10:22:44,
218416748010661,122560248010661,218416757010661,218416756010661,2007,54,89,2204,4,2,1,1,,1,2009-10-30 10:22:44,
218416752010661,122560248010661,218416757010661,218416756010661,2007,54,89,2204,4,3,1,1,,1,2009-10-30 10:22:44,
218417173010661,122559922010661,218417189010661,218417185010661,2007,54,93,857,1,1,1,1,,1,2009-10-30 10:22:45,
218417177010661,122559922010661,218417189010661,218417185010661,2007,54,93,857,1,2,1,1,,1,2009-10-30 10:22:45,
218417181010661,122559922010661,218417189010661,218417185010661,2007,54,93,857,1,3,1,1,,1,2009-10-30 10:22:45,
218417174010661,122559922010661,218417189010661,218417186010661,2007,54,93,857,2,1,1,1,,1,2009-10-30 10:22:45,
218417178010661,122559922010661,218417189010661,218417186010661,2007,54,93,857,2,2,1,1,,1,2009-10-30 10:22:45,
218417182010661,122559922010661,218417189010661,218417186010661,2007,54,93,857,2,3,1,1,,1,2009-10-30 10:22:45,
218417175010661,122559922010661,218417189010661,218417187010661,2007,54,93,857,3,1,1,1,,1,2009-10-30 10:22:45,
218417179010661,122559922010661,218417189010661,218417187010661,2007,54,93,857,3,2,1,1,,1,2009-10-30 10:22:45,
218417183010661,122559922010661,218417189010661,218417187010661,2007,54,93,857,3,3,1,1,,1,2009-10-30 10:22:45,
218417176010661,122559922010661,218417189010661,218417188010661,2007,54,93,857,4,1,1,1,,1,2009-10-30 10:22:45,
218417180010661,122559922010661,218417189010661,218417188010661,2007,54,93,857,4,2,1,1,,1,2009-10-30 10:22:45,
218417184010661,122559922010661,218417189010661,218417188010661,2007,54,93,857,4,3,1,1,,1,2009-10-30 10:22:45,
218415774010661,122560160010661,218415790010661,218415786010661,2007,54,97,2408,1,1,1,2,,,2009-10-30 10:22:45,
218415778010661,122560160010661,218415790010661,218415786010661,2007,54,97,2408,1,2,1,2,,,2009-10-30 10:22:45,
218415782010661,122560160010661,218415790010661,218415786010661,2007,54,97,2408,1,3,1,2,,,2009-10-30 10:22:45,
218415775010661,122560160010661,218415790010661,218415787010661,2007,54,97,2408,2,1,1,2,,,2009-10-30 10:22:45,
218415779010661,122560160010661,218415790010661,218415787010661,2007,54,97,2408,2,2,1,2,,,2009-10-30 10:22:45,
218415783010661,122560160010661,218415790010661,218415787010661,2007,54,97,2408,2,3,1,2,,,2009-10-30 10:22:45,
218415776010661,122560160010661,218415790010661,218415788010661,2007,54,97,2408,3,1,2,1,,1,2009-10-30 10:22:45,
218415780010661,122560160010661,218415790010661,218415788010661,2007,54,97,2408,3,2,2,1,,1,2009-10-30 10:22:45,
218415784010661,122560160010661,218415790010661,218415788010661,2007,54,97,2408,3,3,2,1,,2,2009-10-30 10:22:45,
218415777010661,122560160010661,218415790010661,218415789010661,2007,54,97,2408,4,1,2,1,,1,2009-10-30 10:22:45,
218415781010661,122560160010661,218415790010661,218415789010661,2007,54,97,2408,4,2,2,1,,1,2009-10-30 10:22:45,
218415785010661,122560160010661,218415790010661,218415789010661,2007,54,97,2408,4,3,2,1,,1,2009-10-30 10:22:45,
218415868010661,122560194010661,218415881010661,218415877010661,2007,54,101,696,1,1,1,1,,1,2009-10-30 10:22:45,
218415871010661,122560194010661,218415881010661,218415877010661,2007,54,101,696,1,2,1,1,,1,2009-10-30 10:22:45,
218415874010661,122560194010661,218415881010661,218415877010661,2007,54,101,696,1,3,1,1,,1,2009-10-30 10:22:45,
218415869010661,122560194010661,218415881010661,218415878010661,2007,54,101,696,2,1,1,1,,1,2009-10-30 10:22:45,
218415872010661,122560194010661,218415881010661,218415878010661,2007,54,101,696,2,2,1,1,,1,2009-10-30 10:22:45,
218415875010661,122560194010661,218415881010661,218415878010661,2007,54,101,696,2,3,1,1,,1,2009-10-30 10:22:45,
218415870010661,122560194010661,218415881010661,218415879010661,2007,54,101,696,3,1,1,1,,1,2009-10-30 10:22:45,
218415873010661,122560194010661,218415881010661,218415879010661,2007,54,101,696,3,2,1,1,,1,2009-10-30 10:22:45,
218415876010661,122560194010661,218415881010661,218415879010661,2007,54,101,696,3,3,1,1,,1,2009-10-30 10:22:45,
218414997010661,122560978010661,218415013010661,218415009010661,2007,54,109,250,1,1,1,1,,1,2009-10-30 10:22:46,
218415001010661,122560978010661,218415013010661,218415009010661,2007,54,109,250,1,2,1,1,,1,2009-10-30 10:22:46,
218415005010661,122560978010661,218415013010661,218415009010661,2007,54,109,250,1,3,1,1,,1,2009-10-30 10:22:46,
218414998010661,122560978010661,218415013010661,218415010010661,2007,54,109,250,2,1,1,1,,1,2009-10-30 10:22:46,
218415002010661,122560978010661,218415013010661,218415010010661,2007,54,109,250,2,2,1,1,,1,2009-10-30 10:22:46,
218415006010661,122560978010661,218415013010661,218415010010661,2007,54,109,250,2,3,1,1,,1,2009-10-30 10:22:46,
218414999010661,122560978010661,218415013010661,218415011010661,2007,54,109,250,3,1,1,1,,1,2009-10-30 10:22:46,
218415003010661,122560978010661,218415013010661,218415011010661,2007,54,109,250,3,2,1,1,,2,2009-10-30 10:22:46,
218415007010661,122560978010661,218415013010661,218415011010661,2007,54,109,250,3,3,1,1,,1,2009-10-30 10:22:46,
218415000010661,122560978010661,218415013010661,218415012010661,2007,54,109,250,4,1,1,1,,1,2009-10-30 10:22:46,
218415004010661,122560978010661,218415013010661,218415012010661,2007,54,109,250,4,2,1,1,,1,2009-10-30 10:22:46,
218415008010661,122560978010661,218415013010661,218415012010661,2007,54,109,250,4,3,1,1,,1,2009-10-30 10:22:46,
218416420010661,122560500010661,218416436010661,218416432010661,2007,54,109,379,1,1,1,1,,1,2009-10-30 10:22:46,
218416424010661,122560500010661,218416436010661,218416432010661,2007,54,109,379,1,2,1,1,,1,2009-10-30 10:22:46,
218416428010661,122560500010661,218416436010661,218416432010661,2007,54,109,379,1,3,1,1,,1,2009-10-30 10:22:46,
218416421010661,122560500010661,218416436010661,218416433010661,2007,54,109,379,2,1,2,1,,2,2009-10-30 10:22:46,
218416425010661,122560500010661,218416436010661,218416433010661,2007,54,109,379,2,2,2,1,,2,2009-10-30 10:22:46,
218416429010661,122560500010661,218416436010661,218416433010661,2007,54,109,379,2,3,2,1,,3,2009-10-30 10:22:46,
218416422010661,122560500010661,218416436010661,218416434010661,2007,54,109,379,3,1,1,1,,1,2009-10-30 10:22:46,
218416426010661,122560500010661,218416436010661,218416434010661,2007,54,109,379,3,2,1,1,,1,2009-10-30 10:22:46,
218416430010661,122560500010661,218416436010661,218416434010661,2007,54,109,379,3,3,1,1,,1,2009-10-30 10:22:46,
218416423010661,122560500010661,218416436010661,218416435010661,2007,54,109,379,4,1,2,1,,1,2009-10-30 10:22:46,
218416427010661,122560500010661,218416436010661,218416435010661,2007,54,109,379,4,2,2,1,,2,2009-10-30 10:22:46,
218416431010661,122560500010661,218416436010661,218416435010661,2007,54,109,379,4,3,2,1,,1,2009-10-30 10:22:46,
218445366010661,171000245010661,218445431010661,218445378010661,2008,54,1,2226,1,1,1,1,,1,2009-10-30 10:22:47,
218445370010661,171000245010661,218445431010661,218445378010661,2008,54,1,2226,1,2,1,1,,1,2009-10-30 10:22:47,
218445374010661,171000245010661,218445431010661,218445378010661,2008,54,1,2226,1,3,1,1,,1,2009-10-30 10:22:47,
218445367010661,171000245010661,218445431010661,218445379010661,2008,54,1,2226,2,1,1,1,,1,2009-10-30 10:22:47,
218445371010661,171000245010661,218445431010661,218445379010661,2008,54,1,2226,2,2,1,1,,1,2009-10-30 10:22:47,
218445375010661,171000245010661,218445431010661,218445379010661,2008,54,1,2226,2,3,1,1,,1,2009-10-30 10:22:47,
218445368010661,171000245010661,218445431010661,218445380010661,2008,54,1,2226,3,1,1,1,,1,2009-10-30 10:22:47,
218445372010661,171000245010661,218445431010661,218445380010661,2008,54,1,2226,3,2,1,1,,1,2009-10-30 10:22:47,
218445376010661,171000245010661,218445431010661,218445380010661,2008,54,1,2226,3,3,1,1,,1,2009-10-30 10:22:47,
218445369010661,171000245010661,218445431010661,218445381010661,2008,54,1,2226,4,1,1,1,,1,2009-10-30 10:22:47,
218445373010661,171000245010661,218445431010661,218445381010661,2008,54,1,2226,4,2,1,1,,1,2009-10-30 10:22:47,
218445377010661,171000245010661,218445431010661,218445381010661,2008,54,1,2226,4,3,1,1,,1,2009-10-30 10:22:47,
218445812010661,171000270010661,218445828010661,218445824010661,2008,54,7,1131,1,1,1,1,,1,2009-10-30 10:22:47,
218445816010661,171000270010661,218445828010661,218445824010661,2008,54,7,1131,1,2,1,1,,1,2009-10-30 10:22:47,
218445820010661,171000270010661,218445828010661,218445824010661,2008,54,7,1131,1,3,1,1,,1,2009-10-30 10:22:47,
218445813010661,171000270010661,218445828010661,218445825010661,2008,54,7,1131,2,1,1,1,,1,2009-10-30 10:22:47,
218445817010661,171000270010661,218445828010661,218445825010661,2008,54,7,1131,2,2,1,1,,1,2009-10-30 10:22:47,
218445821010661,171000270010661,218445828010661,218445825010661,2008,54,7,1131,2,3,1,1,,1,2009-10-30 10:22:47,
218445814010661,171000270010661,218445828010661,218445826010661,2008,54,7,1131,3,1,1,1,,1,2009-10-30 10:22:47,
218445818010661,171000270010661,218445828010661,218445826010661,2008,54,7,1131,3,2,1,1,,1,2009-10-30 10:22:47,
218445822010661,171000270010661,218445828010661,218445826010661,2008,54,7,1131,3,3,1,1,,1,2009-10-30 10:22:47,
218445815010661,171000270010661,218445828010661,218445827010661,2008,54,7,1131,4,1,1,1,,1,2009-10-30 10:22:47,
218445819010661,171000270010661,218445828010661,218445827010661,2008,54,7,1131,4,2,1,1,,1,2009-10-30 10:22:47,
218445823010661,171000270010661,218445828010661,218445827010661,2008,54,7,1131,4,3,1,1,,1,2009-10-30 10:22:47,
218445905010661,171001051010661,218445918010661,218445914010661,2008,54,15,1484,1,1,1,1,,1,2009-10-30 10:22:48,
218445908010661,171001051010661,218445918010661,218445914010661,2008,54,15,1484,1,2,1,1,,1,2009-10-30 10:22:48,
218445911010661,171001051010661,218445918010661,218445914010661,2008,54,15,1484,1,3,1,1,,1,2009-10-30 10:22:48,
218445906010661,171001051010661,218445918010661,218445915010661,2008,54,15,1484,2,1,1,1,,1,2009-10-30 10:22:48,
218445909010661,171001051010661,218445918010661,218445915010661,2008,54,15,1484,2,2,1,1,,1,2009-10-30 10:22:48,
218445912010661,171001051010661,218445918010661,218445915010661,2008,54,15,1484,2,3,1,1,,1,2009-10-30 10:22:48,
218445907010661,171001051010661,218445918010661,218445917010661,2008,54,15,1484,4,1,1,1,,1,2009-10-30 10:22:48,
218445910010661,171001051010661,218445918010661,218445917010661,2008,54,15,1484,4,2,1,1,,1,2009-10-30 10:22:48,
218445913010661,171001051010661,218445918010661,218445917010661,2008,54,15,1484,4,3,1,1,,1,2009-10-30 10:22:48,
218446964010661,171001223010661,218446980010661,218446976010661,2008,54,19,442,1,1,1,1,,1,2009-10-30 10:22:48,
218446968010661,171001223010661,218446980010661,218446976010661,2008,54,19,442,1,2,1,1,,1,2009-10-30 10:22:48,
218446972010661,171001223010661,218446980010661,218446976010661,2008,54,19,442,1,3,1,1,,1,2009-10-30 10:22:48,
218446965010661,171001223010661,218446980010661,218446977010661,2008,54,19,442,2,1,1,1,,1,2009-10-30 10:22:48,
218446969010661,171001223010661,218446980010661,218446977010661,2008,54,19,442,2,2,1,1,,1,2009-10-30 10:22:48,
218446973010661,171001223010661,218446980010661,218446977010661,2008,54,19,442,2,3,1,1,,1,2009-10-30 10:22:48,
218446966010661,171001223010661,218446980010661,218446978010661,2008,54,19,442,3,1,1,1,,1,2009-10-30 10:22:48,
218446970010661,171001223010661,218446980010661,218446978010661,2008,54,19,442,3,2,1,1,,1,2009-10-30 10:22:48,
218446974010661,171001223010661,218446980010661,218446978010661,2008,54,19,442,3,3,1,1,,1,2009-10-30 10:22:48,
218446967010661,171001223010661,218446980010661,218446979010661,2008,54,19,442,4,1,1,1,,1,2009-10-30 10:22:48,
218446971010661,171001223010661,218446980010661,218446979010661,2008,54,19,442,4,2,1,1,,1,2009-10-30 10:22:48,
218446975010661,171001223010661,218446980010661,218446979010661,2008,54,19,442,4,3,1,1,,1,2009-10-30 10:22:48,
218445559010661,171000314010661,218445620010661,218445571010661,2008,54,25,286,1,1,1,1,,1,2009-10-30 10:22:48,
218445563010661,171000314010661,218445620010661,218445571010661,2008,54,25,286,1,2,1,1,,1,2009-10-30 10:22:48,
218445567010661,171000314010661,218445620010661,218445571010661,2008,54,25,286,1,3,1,1,,1,2009-10-30 10:22:48,
218445560010661,171000314010661,218445620010661,218445572010661,2008,54,25,286,2,1,1,1,,2,2009-10-30 10:22:48,
218445564010661,171000314010661,218445620010661,218445572010661,2008,54,25,286,2,2,1,1,,1,2009-10-30 10:22:48,
218445568010661,171000314010661,218445620010661,218445572010661,2008,54,25,286,2,3,1,1,,1,2009-10-30 10:22:48,
218445561010661,171000314010661,218445620010661,218445573010661,2008,54,25,286,3,1,1,1,,1,2009-10-30 10:22:48,
218445565010661,171000314010661,218445620010661,218445573010661,2008,54,25,286,3,2,1,1,,1,2009-10-30 10:22:48,
218445569010661,171000314010661,218445620010661,218445573010661,2008,54,25,286,3,3,1,1,,1,2009-10-30 10:22:48,
218445562010661,171000314010661,218445620010661,218445574010661,2008,54,25,286,4,1,1,1,,1,2009-10-30 10:22:48,
218445566010661,171000314010661,218445620010661,218445574010661,2008,54,25,286,4,2,1,1,,1,2009-10-30 10:22:48,
218445570010661,171000314010661,218445620010661,218445574010661,2008,54,25,286,4,3,1,1,,1,2009-10-30 10:22:48,
218444926010661,171000326010661,218444942010661,218444938010661,2008,54,27,188,1,1,1,1,,1,2009-10-30 10:22:49,
218444930010661,171000326010661,218444942010661,218444938010661,2008,54,27,188,1,2,1,1,,1,2009-10-30 10:22:49,
218444934010661,171000326010661,218444942010661,218444938010661,2008,54,27,188,1,3,1,1,,1,2009-10-30 10:22:49,
218444927010661,171000326010661,218444942010661,218444939010661,2008,54,27,188,2,1,1,1,,1,2009-10-30 10:22:49,
218444931010661,171000326010661,218444942010661,218444939010661,2008,54,27,188,2,2,1,1,,1,2009-10-30 10:22:49,
218444935010661,171000326010661,218444942010661,218444939010661,2008,54,27,188,2,3,1,1,,1,2009-10-30 10:22:49,
218444928010661,171000326010661,218444942010661,218444940010661,2008,54,27,188,3,1,1,3,,1,2009-10-30 10:22:49,2009-11-18 13:28:34
218444932010661,171000326010661,218444942010661,218444940010661,2008,54,27,188,3,2,1,1,,1,2009-10-30 10:22:49,
218444936010661,171000326010661,218444942010661,218444940010661,2008,54,27,188,3,3,1,1,,1,2009-10-30 10:22:49,
218444929010661,171000326010661,218444942010661,218444941010661,2008,54,27,188,4,1,1,1,,1,2009-10-30 10:22:49,
218444933010661,171000326010661,218444942010661,218444941010661,2008,54,27,188,4,2,1,1,,3,2009-10-30 10:22:49,
218444937010661,171000326010661,218444942010661,218444941010661,2008,54,27,188,4,3,1,1,,1,2009-10-30 10:22:49,
218445072010661,171000334010661,218445088010661,218445084010661,2008,54,27,1658,1,1,1,1,,1,2009-10-30 10:22:49,
218445076010661,171000334010661,218445088010661,218445084010661,2008,54,27,1658,1,2,1,1,,1,2009-10-30 10:22:49,
218445080010661,171000334010661,218445088010661,218445084010661,2008,54,27,1658,1,3,1,1,,1,2009-10-30 10:22:49,
218445073010661,171000334010661,218445088010661,218445085010661,2008,54,27,1658,2,1,1,1,,1,2009-10-30 10:22:49,
218445077010661,171000334010661,218445088010661,218445085010661,2008,54,27,1658,2,2,1,1,,1,2009-10-30 10:22:49,
218445081010661,171000334010661,218445088010661,218445085010661,2008,54,27,1658,2,3,1,1,,1,2009-10-30 10:22:49,
218445074010661,171000334010661,218445088010661,218445086010661,2008,54,27,1658,3,1,1,1,,1,2009-10-30 10:22:49,
218445078010661,171000334010661,218445088010661,218445086010661,2008,54,27,1658,3,2,1,1,,1,2009-10-30 10:22:49,
218445082010661,171000334010661,218445088010661,218445086010661,2008,54,27,1658,3,3,1,1,,1,2009-10-30 10:22:49,
218445075010661,171000334010661,218445088010661,218445087010661,2008,54,27,1658,4,1,1,1,,1,2009-10-30 10:22:49,
218445079010661,171000334010661,218445088010661,218445087010661,2008,54,27,1658,4,2,1,1,,1,2009-10-30 10:22:49,
218445083010661,171000334010661,218445088010661,218445087010661,2008,54,27,1658,4,3,1,1,,1,2009-10-30 10:22:49,
218446400010661,171001056010661,218446490010661,218446412010661,2008,54,29,2007,1,1,1,1,,2,2009-10-30 10:22:49,
218446404010661,171001056010661,218446490010661,218446412010661,2008,54,29,2007,1,2,1,1,,1,2009-10-30 10:22:49,
218446408010661,171001056010661,218446490010661,218446412010661,2008,54,29,2007,1,3,1,1,,1,2009-10-30 10:22:49,
218446401010661,171001056010661,218446490010661,218446413010661,2008,54,29,2007,2,1,1,1,,1,2009-10-30 10:22:49,
218446405010661,171001056010661,218446490010661,218446413010661,2008,54,29,2007,2,2,1,1,,1,2009-10-30 10:22:49,
218446409010661,171001056010661,218446490010661,218446413010661,2008,54,29,2007,2,3,1,1,,1,2009-10-30 10:22:49,
218446402010661,171001056010661,218446490010661,218446414010661,2008,54,29,2007,3,1,1,1,,1,2009-10-30 10:22:49,
218446406010661,171001056010661,218446490010661,218446414010661,2008,54,29,2007,3,2,1,1,,1,2009-10-30 10:22:49,
218446410010661,171001056010661,218446490010661,218446414010661,2008,54,29,2007,3,3,1,1,,1,2009-10-30 10:22:49,
218446403010661,171001056010661,218446490010661,218446415010661,2008,54,29,2007,4,1,1,1,,1,2009-10-30 10:22:49,
218446407010661,171001056010661,218446490010661,218446415010661,2008,54,29,2007,4,2,1,1,,1,2009-10-30 10:22:49,
218446411010661,171001056010661,218446490010661,218446415010661,2008,54,29,2007,4,3,1,1,,1,2009-10-30 10:22:49,
218444977010661,171000341010661,218444993010661,218444989010661,2008,54,31,608,1,1,1,1,,1,2009-10-30 10:22:50,
218444981010661,171000341010661,218444993010661,218444989010661,2008,54,31,608,1,2,1,1,,1,2009-10-30 10:22:50,
218444985010661,171000341010661,218444993010661,218444989010661,2008,54,31,608,1,3,1,1,,1,2009-10-30 10:22:50,
218444978010661,171000341010661,218444993010661,218444990010661,2008,54,31,608,2,1,1,1,,1,2009-10-30 10:22:50,
218444982010661,171000341010661,218444993010661,218444990010661,2008,54,31,608,2,2,1,1,,1,2009-10-30 10:22:50,
218444986010661,171000341010661,218444993010661,218444990010661,2008,54,31,608,2,3,1,1,,1,2009-10-30 10:22:50,
218444979010661,171000341010661,218444993010661,218444991010661,2008,54,31,608,3,1,1,1,,1,2009-10-30 10:22:50,
218444983010661,171000341010661,218444993010661,218444991010661,2008,54,31,608,3,2,1,1,,1,2009-10-30 10:22:50,
218444987010661,171000341010661,218444993010661,218444991010661,2008,54,31,608,3,3,1,1,,1,2009-10-30 10:22:50,
218444980010661,171000341010661,218444993010661,218444992010661,2008,54,31,608,4,1,1,1,,1,2009-10-30 10:22:50,
218444984010661,171000341010661,218444993010661,218444992010661,2008,54,31,608,4,2,1,1,,1,2009-10-30 10:22:50,
218444988010661,171000341010661,218444993010661,218444992010661,2008,54,31,608,4,3,1,1,,1,2009-10-30 10:22:50,
218446754010661,171000359010661,218446770010661,218446766010661,2008,54,35,893,1,1,1,1,,1,2009-10-30 10:22:50,
218446758010661,171000359010661,218446770010661,218446766010661,2008,54,35,893,1,2,1,1,,1,2009-10-30 10:22:50,
218446762010661,171000359010661,218446770010661,218446766010661,2008,54,35,893,1,3,1,1,,1,2009-10-30 10:22:50,
218446755010661,171000359010661,218446770010661,218446767010661,2008,54,35,893,2,1,1,1,,1,2009-10-30 10:22:50,
218446759010661,171000359010661,218446770010661,218446767010661,2008,54,35,893,2,2,1,1,,1,2009-10-30 10:22:50,
218446763010661,171000359010661,218446770010661,218446767010661,2008,54,35,893,2,3,1,1,,1,2009-10-30 10:22:50,
218446756010661,171000359010661,218446770010661,218446768010661,2008,54,35,893,3,1,1,1,,1,2009-10-30 10:22:50,
218446760010661,171000359010661,218446770010661,218446768010661,2008,54,35,893,3,2,1,1,,1,2009-10-30 10:22:50,
218446764010661,171000359010661,218446770010661,218446768010661,2008,54,35,893,3,3,1,1,,1,2009-10-30 10:22:50,
218446757010661,171000359010661,218446770010661,218446769010661,2008,54,35,893,4,1,1,1,,1,2009-10-30 10:22:50,
218446761010661,171000359010661,218446770010661,218446769010661,2008,54,35,893,4,2,1,1,,3,2009-10-30 10:22:50,
218446765010661,171000359010661,218446770010661,218446769010661,2008,54,35,893,4,3,1,1,,1,2009-10-30 10:22:50,
218444845010661,171000366010661,218444852010661,218444850010661,2008,54,37,222,3,1,2,1,,1,2009-10-30 10:22:50,
218444846010661,171000366010661,218444852010661,218444850010661,2008,54,37,222,3,2,2,1,,1,2009-10-30 10:22:50,
218444847010661,171000366010661,218444852010661,218444850010661,2008,54,37,222,3,3,2,1,,1,2009-10-30 10:22:50,
218446667010661,171000381010661,218446698010661,218446673010661,2008,54,39,1428,4,1,3,1,,1,2009-10-30 10:22:51,
218446668010661,171000381010661,218446698010661,218446673010661,2008,54,39,1428,4,2,1,2,,,2009-10-30 10:22:51,
218446669010661,171000381010661,218446698010661,218446673010661,2008,54,39,1428,4,3,3,1,,2,2009-10-30 10:22:51,
218446832010661,171001062010661,218446878010661,218446844010661,2008,54,43,794,1,1,1,1,,1,2009-10-30 10:22:51,
218446836010661,171001062010661,218446878010661,218446844010661,2008,54,43,794,1,2,1,1,,1,2009-10-30 10:22:51,
218446840010661,171001062010661,218446878010661,218446844010661,2008,54,43,794,1,3,1,1,,1,2009-10-30 10:22:51,
218446833010661,171001062010661,218446878010661,218446845010661,2008,54,43,794,2,1,1,1,,1,2009-10-30 10:22:51,
218446837010661,171001062010661,218446878010661,218446845010661,2008,54,43,794,2,2,1,1,,1,2009-10-30 10:22:51,
218446841010661,171001062010661,218446878010661,218446845010661,2008,54,43,794,2,3,1,1,,1,2009-10-30 10:22:51,
218446834010661,171001062010661,218446878010661,218446846010661,2008,54,43,794,3,1,1,1,,2,2009-10-30 10:22:51,
218446838010661,171001062010661,218446878010661,218446846010661,2008,54,43,794,3,2,1,1,,1,2009-10-30 10:22:51,
218446842010661,171001062010661,218446878010661,218446846010661,2008,54,43,794,3,3,1,1,,1,2009-10-30 10:22:51,
218446835010661,171001062010661,218446878010661,218446847010661,2008,54,43,794,4,1,1,1,,1,2009-10-30 10:22:51,
218446839010661,171001062010661,218446878010661,218446847010661,2008,54,43,794,4,2,1,1,,1,2009-10-30 10:22:51,
218446843010661,171001062010661,218446878010661,218446847010661,2008,54,43,794,4,3,1,1,,1,2009-10-30 10:22:51,
218446256010661,171001139010661,218446301010661,218446264010661,2008,54,47,1914,3,1,2,3,,1,2009-10-30 10:22:51,2009-11-18 13:28:34
218446258010661,171001139010661,218446301010661,218446264010661,2008,54,47,1914,3,2,2,1,,1,2009-10-30 10:22:51,
218446260010661,171001139010661,218446301010661,218446264010661,2008,54,47,1914,3,3,2,1,,1,2009-10-30 10:22:51,
218446257010661,171001139010661,218446301010661,218446265010661,2008,54,47,1914,4,1,2,1,,1,2009-10-30 10:22:51,
218446259010661,171001139010661,218446301010661,218446265010661,2008,54,47,1914,4,2,2,1,,1,2009-10-30 10:22:51,
218446261010661,171001139010661,218446301010661,218446265010661,2008,54,47,1914,4,3,2,1,,1,2009-10-30 10:22:51,
218445707010661,171000473010661,218445723010661,218445719010661,2008,54,67,1365,1,1,1,1,,1,2009-10-30 10:22:51,
218445711010661,171000473010661,218445723010661,218445719010661,2008,54,67,1365,1,2,1,1,,1,2009-10-30 10:22:51,
218445715010661,171000473010661,218445723010661,218445719010661,2008,54,67,1365,1,3,1,1,,1,2009-10-30 10:22:51,
218445708010661,171000473010661,218445723010661,218445720010661,2008,54,67,1365,2,1,1,1,,1,2009-10-30 10:22:51,
218445712010661,171000473010661,218445723010661,218445720010661,2008,54,67,1365,2,2,1,1,,1,2009-10-30 10:22:51,
218445716010661,171000473010661,218445723010661,218445720010661,2008,54,67,1365,2,3,1,1,,1,2009-10-30 10:22:51,
218445709010661,171000473010661,218445723010661,218445721010661,2008,54,67,1365,3,1,1,1,,1,2009-10-30 10:22:51,
218445713010661,171000473010661,218445723010661,218445721010661,2008,54,67,1365,3,2,1,1,,1,2009-10-30 10:22:51,
218445717010661,171000473010661,218445723010661,218445721010661,2008,54,67,1365,3,3,1,1,,1,2009-10-30 10:22:51,
218445710010661,171000473010661,218445723010661,218445722010661,2008,54,67,1365,4,1,1,1,,1,2009-10-30 10:22:51,
218445714010661,171000473010661,218445723010661,218445722010661,2008,54,67,1365,4,2,1,1,,1,2009-10-30 10:22:51,
218445718010661,171000473010661,218445723010661,218445722010661,2008,54,67,1365,4,3,1,1,,1,2009-10-30 10:22:51,
218446066010661,171000476010661,218446079010661,218446075010661,2008,54,69,354,1,1,1,1,,1,2009-10-30 10:22:52,
218446069010661,171000476010661,218446079010661,218446075010661,2008,54,69,354,1,2,1,1,,1,2009-10-30 10:22:52,
218446072010661,171000476010661,218446079010661,218446075010661,2008,54,69,354,1,3,1,1,,1,2009-10-30 10:22:52,
218446067010661,171000476010661,218446079010661,218446076010661,2008,54,69,354,2,1,1,1,,3,2009-10-30 10:22:52,
218446070010661,171000476010661,218446079010661,218446076010661,2008,54,69,354,2,2,1,1,,1,2009-10-30 10:22:52,
218446073010661,171000476010661,218446079010661,218446076010661,2008,54,69,354,2,3,1,1,,1,2009-10-30 10:22:52,
218446068010661,171000476010661,218446079010661,218446077010661,2008,54,69,354,3,1,1,1,,1,2009-10-30 10:22:52,
218446071010661,171000476010661,218446079010661,218446077010661,2008,54,69,354,3,2,1,1,,1,2009-10-30 10:22:52,
218446074010661,171000476010661,218446079010661,218446077010661,2008,54,69,354,3,3,1,1,,2,2009-10-30 10:22:52,
218445245010661,171000487010661,218445293010661,218445257010661,2008,54,75,1110,1,1,1,1,,1,2009-10-30 10:22:52,
218445249010661,171000487010661,218445293010661,218445257010661,2008,54,75,1110,1,2,1,1,,1,2009-10-30 10:22:52,
218445253010661,171000487010661,218445293010661,218445257010661,2008,54,75,1110,1,3,1,1,,1,2009-10-30 10:22:52,
218445246010661,171000487010661,218445293010661,218445258010661,2008,54,75,1110,2,1,1,1,,1,2009-10-30 10:22:52,
218445250010661,171000487010661,218445293010661,218445258010661,2008,54,75,1110,2,2,1,1,,2,2009-10-30 10:22:52,
218445254010661,171000487010661,218445293010661,218445258010661,2008,54,75,1110,2,3,1,1,,1,2009-10-30 10:22:52,
218445247010661,171000487010661,218445293010661,218445259010661,2008,54,75,1110,3,1,1,1,,1,2009-10-30 10:22:52,
218445251010661,171000487010661,218445293010661,218445259010661,2008,54,75,1110,3,2,1,1,,3,2009-10-30 10:22:52,
218445255010661,171000487010661,218445293010661,218445259010661,2008,54,75,1110,3,3,1,1,,1,2009-10-30 10:22:52,
218445248010661,171000487010661,218445293010661,218445260010661,2008,54,75,1110,4,1,1,1,,1,2009-10-30 10:22:52,
218445252010661,171000487010661,218445293010661,218445260010661,2008,54,75,1110,4,2,1,1,,1,2009-10-30 10:22:52,
218445256010661,171000487010661,218445293010661,218445260010661,2008,54,75,1110,4,3,1,1,,1,2009-10-30 10:22:52,
218445162010661,171000614010661,218445178010661,218445174010661,2008,54,83,214,1,1,1,1,,1,2009-10-30 10:22:52,
218445166010661,171000614010661,218445178010661,218445174010661,2008,54,83,214,1,2,1,1,,1,2009-10-30 10:22:52,
218445170010661,171000614010661,218445178010661,218445174010661,2008,54,83,214,1,3,1,1,,1,2009-10-30 10:22:52,
218445163010661,171000614010661,218445178010661,218445175010661,2008,54,83,214,2,1,1,1,,2,2009-10-30 10:22:52,
218445167010661,171000614010661,218445178010661,218445175010661,2008,54,83,214,2,2,1,1,,1,2009-10-30 10:22:52,
218445171010661,171000614010661,218445178010661,218445175010661,2008,54,83,214,2,3,1,1,,1,2009-10-30 10:22:52,
218445164010661,171000614010661,218445178010661,218445176010661,2008,54,83,214,3,1,1,1,,1,2009-10-30 10:22:52,
218445168010661,171000614010661,218445178010661,218445176010661,2008,54,83,214,3,2,1,1,,1,2009-10-30 10:22:52,
218445172010661,171000614010661,218445178010661,218445176010661,2008,54,83,214,3,3,1,1,,1,2009-10-30 10:22:52,
218445165010661,171000614010661,218445178010661,218445177010661,2008,54,83,214,4,1,1,1,,1,2009-10-30 10:22:52,
218445169010661,171000614010661,218445178010661,218445177010661,2008,54,83,214,4,2,1,1,,1,2009-10-30 10:22:52,
218445173010661,171000614010661,218445178010661,218445177010661,2008,54,83,214,4,3,1,1,,1,2009-10-30 10:22:52,
218446149010661,171000537010661,218446199010661,218446161010661,2008,54,87,744,1,1,1,1,,1,2009-10-30 10:22:52,
218446153010661,171000537010661,218446199010661,218446161010661,2008,54,87,744,1,2,1,1,,1,2009-10-30 10:22:52,
218446157010661,171000537010661,218446199010661,218446161010661,2008,54,87,744,1,3,1,1,,1,2009-10-30 10:22:52,
218446150010661,171000537010661,218446199010661,218446162010661,2008,54,87,744,2,1,1,1,,1,2009-10-30 10:22:52,
218446154010661,171000537010661,218446199010661,218446162010661,2008,54,87,744,2,2,1,1,,1,2009-10-30 10:22:52,
218446158010661,171000537010661,218446199010661,218446162010661,2008,54,87,744,2,3,1,1,,1,2009-10-30 10:22:52,
218446151010661,171000537010661,218446199010661,218446163010661,2008,54,87,744,3,1,1,1,,1,2009-10-30 10:22:52,
218446155010661,171000537010661,218446199010661,218446163010661,2008,54,87,744,3,2,1,1,,1,2009-10-30 10:22:52,
218446159010661,171000537010661,218446199010661,218446163010661,2008,54,87,744,3,3,1,1,,1,2009-10-30 10:22:52,
218446152010661,171000537010661,218446199010661,218446164010661,2008,54,87,744,4,1,1,1,,1,2009-10-30 10:22:52,
218446156010661,171000537010661,218446199010661,218446164010661,2008,54,87,744,4,2,2,2,,,2009-10-30 10:22:52,
218446160010661,171000537010661,218446199010661,218446164010661,2008,54,87,744,4,3,1,1,,1,2009-10-30 10:22:52,
218445129010661,171000619010661,218445145010661,218445141010661,2008,54,93,218,1,1,1,1,,1,2009-10-30 10:22:53,
218445133010661,171000619010661,218445145010661,218445141010661,2008,54,93,218,1,2,1,1,,1,2009-10-30 10:22:53,
218445137010661,171000619010661,218445145010661,218445141010661,2008,54,93,218,1,3,1,1,,1,2009-10-30 10:22:53,
218445130010661,171000619010661,218445145010661,218445142010661,2008,54,93,218,2,1,1,1,,1,2009-10-30 10:22:53,
218445134010661,171000619010661,218445145010661,218445142010661,2008,54,93,218,2,2,1,1,,1,2009-10-30 10:22:53,
218445138010661,171000619010661,218445145010661,218445142010661,2008,54,93,218,2,3,1,1,,1,2009-10-30 10:22:53,
218445131010661,171000619010661,218445145010661,218445143010661,2008,54,93,218,3,1,1,1,,1,2009-10-30 10:22:53,
218445135010661,171000619010661,218445145010661,218445143010661,2008,54,93,218,3,2,1,1,,1,2009-10-30 10:22:53,
218445139010661,171000619010661,218445145010661,218445143010661,2008,54,93,218,3,3,1,1,,1,2009-10-30 10:22:53,
218445132010661,171000619010661,218445145010661,218445144010661,2008,54,93,218,4,1,1,1,,1,2009-10-30 10:22:53,
218445136010661,171000619010661,218445145010661,218445144010661,2008,54,93,218,4,2,1,1,,1,2009-10-30 10:22:53,
218445140010661,171000619010661,218445145010661,218445144010661,2008,54,93,218,4,3,1,1,,1,2009-10-30 10:22:53,
218445452010661,171000624010661,218445468010661,218445464010661,2008,54,101,1753,1,1,1,1,,1,2009-10-30 10:22:53,
218445456010661,171000624010661,218445468010661,218445464010661,2008,54,101,1753,1,2,1,1,,1,2009-10-30 10:22:53,
218445460010661,171000624010661,218445468010661,218445464010661,2008,54,101,1753,1,3,1,1,,1,2009-10-30 10:22:53,
218445453010661,171000624010661,218445468010661,218445465010661,2008,54,101,1753,2,1,1,1,,1,2009-10-30 10:22:53,
218445457010661,171000624010661,218445468010661,218445465010661,2008,54,101,1753,2,2,1,1,,1,2009-10-30 10:22:53,
218445461010661,171000624010661,218445468010661,218445465010661,2008,54,101,1753,2,3,1,1,,1,2009-10-30 10:22:53,
218445454010661,171000624010661,218445468010661,218445466010661,2008,54,101,1753,3,1,1,1,,1,2009-10-30 10:22:53,
218445458010661,171000624010661,218445468010661,218445466010661,2008,54,101,1753,3,2,1,1,,1,2009-10-30 10:22:53,
218445462010661,171000624010661,218445468010661,218445466010661,2008,54,101,1753,3,3,1,1,,1,2009-10-30 10:22:53,
218445455010661,171000624010661,218445468010661,218445467010661,2008,54,101,1753,4,1,1,1,,1,2009-10-30 10:22:53,
218445459010661,171000624010661,218445468010661,218445467010661,2008,54,101,1753,4,2,1,1,,1,2009-10-30 10:22:53,
218445463010661,171000624010661,218445468010661,218445467010661,2008,54,101,1753,4,3,1,1,,1,2009-10-30 10:22:53,
218446580010661,171000585010661,218446638010661,218446592010661,2008,54,107,934,1,1,1,1,,1,2009-10-30 10:22:53,
218446584010661,171000585010661,218446638010661,218446592010661,2008,54,107,934,1,2,1,1,,2,2009-10-30 10:22:53,
218446588010661,171000585010661,218446638010661,218446592010661,2008,54,107,934,1,3,1,1,,1,2009-10-30 10:22:53,
218446581010661,171000585010661,218446638010661,218446593010661,2008,54,107,934,2,1,1,1,,1,2009-10-30 10:22:53,
218446585010661,171000585010661,218446638010661,218446593010661,2008,54,107,934,2,2,1,1,,1,2009-10-30 10:22:53,
218446589010661,171000585010661,218446638010661,218446593010661,2008,54,107,934,2,3,1,1,,1,2009-10-30 10:22:53,
218446582010661,171000585010661,218446638010661,218446594010661,2008,54,107,934,3,1,1,1,,1,2009-10-30 10:22:53,
218446586010661,171000585010661,218446638010661,218446594010661,2008,54,107,934,3,2,1,1,,1,2009-10-30 10:22:53,
218446590010661,171000585010661,218446638010661,218446594010661,2008,54,107,934,3,3,1,1,,1,2009-10-30 10:22:53,
218446583010661,171000585010661,218446638010661,218446595010661,2008,54,107,934,4,1,2,1,,1,2009-10-30 10:22:53,
218446587010661,171000585010661,218446638010661,218446595010661,2008,54,107,934,4,2,2,1,,1,2009-10-30 10:22:53,
218446591010661,171000585010661,218446638010661,218446595010661,2008,54,107,934,4,3,2,1,,1,2009-10-30 10:22:53,
218445979010661,171000596010661,218445986010661,218445983010661,2008,54,109,1029,2,1,2,1,,3,2009-10-30 10:22:53,
218445980010661,171000596010661,218445986010661,218445983010661,2008,54,109,1029,2,2,1,2,,,2009-10-30 10:22:53,
218445981010661,171000596010661,218445986010661,218445983010661,2008,54,109,1029,2,3,2,1,,2,2009-10-30 10:22:53,
236063619010661,145007461010661,236063635010661,236063631010661,2009,54,1,1932,1,1,1,1,,1,2010-11-05 10:21:12,
236063620010661,145007461010661,236063635010661,236063631010661,2009,54,1,1932,1,2,1,1,,1,2010-11-05 10:21:12,
236063621010661,145007461010661,236063635010661,236063631010661,2009,54,1,1932,1,3,1,1,,1,2010-11-05 10:21:12,
236063622010661,145007461010661,236063635010661,236063632010661,2009,54,1,1932,2,1,1,1,,1,2010-11-05 10:21:12,
236063623010661,145007461010661,236063635010661,236063632010661,2009,54,1,1932,2,2,1,1,,1,2010-11-05 10:21:12,
236063624010661,145007461010661,236063635010661,236063632010661,2009,54,1,1932,2,3,1,1,,1,2010-11-05 10:21:12,
236063625010661,145007461010661,236063635010661,236063633010661,2009,54,1,1932,3,1,1,1,,1,2010-11-05 10:21:12,
236063626010661,145007461010661,236063635010661,236063633010661,2009,54,1,1932,3,2,1,1,,1,2010-11-05 10:21:12,
236063627010661,145007461010661,236063635010661,236063633010661,2009,54,1,1932,3,3,1,1,,1,2010-11-05 10:21:12,
236063628010661,145007461010661,236063635010661,236063634010661,2009,54,1,1932,4,1,1,1,,1,2010-11-05 10:21:12,
236063629010661,145007461010661,236063635010661,236063634010661,2009,54,1,1932,4,2,1,1,,2,2010-11-05 10:21:12,
236063630010661,145007461010661,236063635010661,236063634010661,2009,54,1,1932,4,3,1,1,,1,2010-11-05 10:21:12,
236063673010661,145007169010661,236063680010661,236063679010661,2009,54,3,610,4,1,1,2,,,2010-11-05 10:21:13,
236063674010661,145007169010661,236063680010661,236063679010661,2009,54,3,610,4,2,1,2,,,2010-11-05 10:21:13,
236063675010661,145007169010661,236063680010661,236063679010661,2009,54,3,610,4,3,1,2,,,2010-11-05 10:21:13,
236065740010661,145008085010661,236065753010661,236065749010661,2009,54,5,1861,1,1,1,1,,1,2010-11-05 10:21:13,
236065741010661,145008085010661,236065753010661,236065749010661,2009,54,5,1861,1,2,1,1,,1,2010-11-05 10:21:13,
236065742010661,145008085010661,236065753010661,236065749010661,2009,54,5,1861,1,3,1,1,,1,2010-11-05 10:21:13,
236065743010661,145008085010661,236065753010661,236065750010661,2009,54,5,1861,2,1,1,1,,1,2010-11-05 10:21:13,
236065744010661,145008085010661,236065753010661,236065750010661,2009,54,5,1861,2,2,1,1,,1,2010-11-05 10:21:13,
236065745010661,145008085010661,236065753010661,236065750010661,2009,54,5,1861,2,3,1,1,,1,2010-11-05 10:21:13,
236065746010661,145008085010661,236065753010661,236065752010661,2009,54,5,1861,4,1,1,1,,1,2010-11-05 10:21:13,
236065747010661,145008085010661,236065753010661,236065752010661,2009,54,5,1861,4,2,1,1,,1,2010-11-05 10:21:13,
236065748010661,145008085010661,236065753010661,236065752010661,2009,54,5,1861,4,3,1,1,,1,2010-11-05 10:21:13,
236064091010661,145007681010661,236064107010661,236064103010661,2009,54,7,1499,1,1,1,1,,2,2010-11-05 10:21:14,
236064092010661,145007681010661,236064107010661,236064103010661,2009,54,7,1499,1,2,1,1,,1,2010-11-05 10:21:14,
236064093010661,145007681010661,236064107010661,236064103010661,2009,54,7,1499,1,3,1,1,,1,2010-11-05 10:21:14,
236064094010661,145007681010661,236064107010661,236064104010661,2009,54,7,1499,2,1,1,1,,1,2010-11-05 10:21:14,
236064095010661,145007681010661,236064107010661,236064104010661,2009,54,7,1499,2,2,1,1,,1,2010-11-05 10:21:14,
236064096010661,145007681010661,236064107010661,236064104010661,2009,54,7,1499,2,3,1,1,,1,2010-11-05 10:21:14,
236064097010661,145007681010661,236064107010661,236064105010661,2009,54,7,1499,3,1,1,1,,1,2010-11-05 10:21:14,
236064098010661,145007681010661,236064107010661,236064105010661,2009,54,7,1499,3,2,1,1,,1,2010-11-05 10:21:14,
236064099010661,145007681010661,236064107010661,236064105010661,2009,54,7,1499,3,3,1,1,,1,2010-11-05 10:21:14,
236064100010661,145007681010661,236064107010661,236064106010661,2009,54,7,1499,4,1,1,1,,1,2010-11-05 10:21:14,
236064101010661,145007681010661,236064107010661,236064106010661,2009,54,7,1499,4,2,1,1,,1,2010-11-05 10:21:14,
236064102010661,145007681010661,236064107010661,236064106010661,2009,54,7,1499,4,3,1,1,,1,2010-11-05 10:21:14,
236063897010661,145007553010661,236063913010661,236063909010661,2009,54,7,1744,1,1,1,1,,1,2010-11-05 10:21:13,
236063898010661,145007553010661,236063913010661,236063909010661,2009,54,7,1744,1,2,1,1,,1,2010-11-05 10:21:13,
236063899010661,145007553010661,236063913010661,236063909010661,2009,54,7,1744,1,3,1,1,,1,2010-11-05 10:21:13,
236063900010661,145007553010661,236063913010661,236063910010661,2009,54,7,1744,2,1,1,1,,1,2010-11-05 10:21:13,
236063901010661,145007553010661,236063913010661,236063910010661,2009,54,7,1744,2,2,1,1,,1,2010-11-05 10:21:13,
236063902010661,145007553010661,236063913010661,236063910010661,2009,54,7,1744,2,3,1,1,,1,2010-11-05 10:21:13,
236063903010661,145007553010661,236063913010661,236063911010661,2009,54,7,1744,3,1,1,1,,2,2010-11-05 10:21:13,
236063904010661,145007553010661,236063913010661,236063911010661,2009,54,7,1744,3,2,1,1,,1,2010-11-05 10:21:13,
236063905010661,145007553010661,236063913010661,236063911010661,2009,54,7,1744,3,3,1,1,,2,2010-11-05 10:21:13,
236063906010661,145007553010661,236063913010661,236063912010661,2009,54,7,1744,4,1,1,1,,1,2010-11-05 10:21:13,
236063907010661,145007553010661,236063913010661,236063912010661,2009,54,7,1744,4,2,1,1,,1,2010-11-05 10:21:13,
236063908010661,145007553010661,236063913010661,236063912010661,2009,54,7,1744,4,3,1,1,,1,2010-11-05 10:21:13,
236068316010661,145007991010661,236068332010661,236068328010661,2009,54,11,797,1,1,1,1,,1,2010-11-05 10:21:15,
236068317010661,145007991010661,236068332010661,236068328010661,2009,54,11,797,1,2,1,1,,1,2010-11-05 10:21:15,
236068318010661,145007991010661,236068332010661,236068328010661,2009,54,11,797,1,3,1,1,,1,2010-11-05 10:21:15,
236068319010661,145007991010661,236068332010661,236068329010661,2009,54,11,797,2,1,1,1,,1,2010-11-05 10:21:15,
236068320010661,145007991010661,236068332010661,236068329010661,2009,54,11,797,2,2,1,1,,1,2010-11-05 10:21:15,
236068321010661,145007991010661,236068332010661,236068329010661,2009,54,11,797,2,3,1,1,,1,2010-11-05 10:21:15,
236068322010661,145007991010661,236068332010661,236068330010661,2009,54,11,797,3,1,1,1,,1,2010-11-05 10:21:15,
236068323010661,145007991010661,236068332010661,236068330010661,2009,54,11,797,3,2,1,1,,1,2010-11-05 10:21:15,
236068324010661,145007991010661,236068332010661,236068330010661,2009,54,11,797,3,3,1,1,,1,2010-11-05 10:21:15,
236068325010661,145007991010661,236068332010661,236068331010661,2009,54,11,797,4,1,2,2,,,2010-11-05 10:21:15,
236068326010661,145007991010661,236068332010661,236068331010661,2009,54,11,797,4,2,2,2,,,2010-11-05 10:21:15,
236068327010661,145007991010661,236068332010661,236068331010661,2009,54,11,797,4,3,2,2,,,2010-11-05 10:21:15,
236068503010661,145007655010661,236068519010661,236068515010661,2009,54,17,1054,1,1,1,1,,1,2010-11-05 10:21:15,
236068504010661,145007655010661,236068519010661,236068515010661,2009,54,17,1054,1,2,1,1,,1,2010-11-05 10:21:15,
236068505010661,145007655010661,236068519010661,236068515010661,2009,54,17,1054,1,3,1,1,,1,2010-11-05 10:21:15,
236068506010661,145007655010661,236068519010661,236068516010661,2009,54,17,1054,2,1,1,1,,1,2010-11-05 10:21:15,
236068507010661,145007655010661,236068519010661,236068516010661,2009,54,17,1054,2,2,1,1,,1,2010-11-05 10:21:15,
236068508010661,145007655010661,236068519010661,236068516010661,2009,54,17,1054,2,3,1,1,,1,2010-11-05 10:21:15,
236068509010661,145007655010661,236068519010661,236068517010661,2009,54,17,1054,3,1,1,1,,1,2010-11-05 10:21:15,
236068510010661,145007655010661,236068519010661,236068517010661,2009,54,17,1054,3,2,1,1,,1,2010-11-05 10:21:15,
236068511010661,145007655010661,236068519010661,236068517010661,2009,54,17,1054,3,3,1,1,,1,2010-11-05 10:21:15,
236068512010661,145007655010661,236068519010661,236068518010661,2009,54,17,1054,4,1,1,1,,1,2010-11-05 10:21:15,
236068513010661,145007655010661,236068519010661,236068518010661,2009,54,17,1054,4,2,1,1,,1,2010-11-05 10:21:15,
236068514010661,145007655010661,236068519010661,236068518010661,2009,54,17,1054,4,3,1,1,,1,2010-11-05 10:21:15,
236066161010661,145007489010661,236066177010661,236066173010661,2009,54,25,2197,1,1,1,1,,1,2010-11-05 10:21:16,
236066162010661,145007489010661,236066177010661,236066173010661,2009,54,25,2197,1,2,1,1,,1,2010-11-05 10:21:16,
236066163010661,145007489010661,236066177010661,236066173010661,2009,54,25,2197,1,3,1,1,,1,2010-11-05 10:21:16,
236066164010661,145007489010661,236066177010661,236066174010661,2009,54,25,2197,2,1,1,1,,1,2010-11-05 10:21:16,
236066165010661,145007489010661,236066177010661,236066174010661,2009,54,25,2197,2,2,1,1,,1,2010-11-05 10:21:16,
236066166010661,145007489010661,236066177010661,236066174010661,2009,54,25,2197,2,3,1,1,,1,2010-11-05 10:21:16,
236066167010661,145007489010661,236066177010661,236066175010661,2009,54,25,2197,3,1,1,1,,1,2010-11-05 10:21:16,
236066168010661,145007489010661,236066177010661,236066175010661,2009,54,25,2197,3,2,1,1,,1,2010-11-05 10:21:16,
236066169010661,145007489010661,236066177010661,236066175010661,2009,54,25,2197,3,3,1,1,,1,2010-11-05 10:21:16,
236066170010661,145007489010661,236066177010661,236066176010661,2009,54,25,2197,4,1,1,1,,1,2010-11-05 10:21:16,
236066171010661,145007489010661,236066177010661,236066176010661,2009,54,25,2197,4,2,1,1,,1,2010-11-05 10:21:16,
236066172010661,145007489010661,236066177010661,236066176010661,2009,54,25,2197,4,3,1,1,,1,2010-11-05 10:21:16,
236065937010661,145008167010661,236065953010661,236065949010661,2009,54,25,2331,1,1,1,1,,1,2010-11-05 10:21:16,
236065938010661,145008167010661,236065953010661,236065949010661,2009,54,25,2331,1,2,1,1,,1,2010-11-05 10:21:16,
236065939010661,145008167010661,236065953010661,236065949010661,2009,54,25,2331,1,3,1,1,,1,2010-11-05 10:21:16,
236065940010661,145008167010661,236065953010661,236065950010661,2009,54,25,2331,2,1,1,1,,1,2010-11-05 10:21:16,
236065941010661,145008167010661,236065953010661,236065950010661,2009,54,25,2331,2,2,1,1,,1,2010-11-05 10:21:16,
236065942010661,145008167010661,236065953010661,236065950010661,2009,54,25,2331,2,3,1,1,,1,2010-11-05 10:21:16,
236065943010661,145008167010661,236065953010661,236065951010661,2009,54,25,2331,3,1,1,1,,1,2010-11-05 10:21:16,
236065944010661,145008167010661,236065953010661,236065951010661,2009,54,25,2331,3,2,1,1,,1,2010-11-05 10:21:16,
236065945010661,145008167010661,236065953010661,236065951010661,2009,54,25,2331,3,3,1,1,,1,2010-11-05 10:21:16,
236065946010661,145008167010661,236065953010661,236065952010661,2009,54,25,2331,4,1,1,1,,1,2010-11-05 10:21:16,
236065947010661,145008167010661,236065953010661,236065952010661,2009,54,25,2331,4,2,1,1,,1,2010-11-05 10:21:16,
236065948010661,145008167010661,236065953010661,236065952010661,2009,54,25,2331,4,3,1,1,,1,2010-11-05 10:21:16,
236064418010661,145007189010661,236064434010661,236064430010661,2009,54,31,598,1,1,1,1,,1,2010-11-05 10:21:17,
236064419010661,145007189010661,236064434010661,236064430010661,2009,54,31,598,1,2,1,1,,1,2010-11-05 10:21:17,
236064420010661,145007189010661,236064434010661,236064430010661,2009,54,31,598,1,3,1,1,,1,2010-11-05 10:21:17,
236064421010661,145007189010661,236064434010661,236064431010661,2009,54,31,598,2,1,1,1,,1,2010-11-05 10:21:17,
236064422010661,145007189010661,236064434010661,236064431010661,2009,54,31,598,2,2,1,1,,1,2010-11-05 10:21:17,
236064423010661,145007189010661,236064434010661,236064431010661,2009,54,31,598,2,3,1,1,,1,2010-11-05 10:21:17,
236064424010661,145007189010661,236064434010661,236064432010661,2009,54,31,598,3,1,1,1,,1,2010-11-05 10:21:17,
236064425010661,145007189010661,236064434010661,236064432010661,2009,54,31,598,3,2,1,1,,1,2010-11-05 10:21:17,
236064426010661,145007189010661,236064434010661,236064432010661,2009,54,31,598,3,3,1,1,,1,2010-11-05 10:21:17,
236064427010661,145007189010661,236064434010661,236064433010661,2009,54,31,598,4,1,1,1,,1,2010-11-05 10:21:17,
236064428010661,145007189010661,236064434010661,236064433010661,2009,54,31,598,4,2,1,1,,1,2010-11-05 10:21:17,
236064429010661,145007189010661,236064434010661,236064433010661,2009,54,31,598,4,3,1,1,,1,2010-11-05 10:21:17,
236064254010661,145007229010661,236064270010661,236064266010661,2009,54,31,2183,1,1,1,1,,1,2010-11-05 10:21:17,
236064255010661,145007229010661,236064270010661,236064266010661,2009,54,31,2183,1,2,1,1,,1,2010-11-05 10:21:17,
236064256010661,145007229010661,236064270010661,236064266010661,2009,54,31,2183,1,3,1,3,,1,2010-11-05 10:21:17,
236064257010661,145007229010661,236064270010661,236064267010661,2009,54,31,2183,2,1,2,1,,1,2010-11-05 10:21:17,
236064258010661,145007229010661,236064270010661,236064267010661,2009,54,31,2183,2,2,2,1,,2,2010-11-05 10:21:17,
236064259010661,145007229010661,236064270010661,236064267010661,2009,54,31,2183,2,3,2,1,,1,2010-11-05 10:21:17,
236064260010661,145007229010661,236064270010661,236064268010661,2009,54,31,2183,3,1,1,3,,1,2010-11-05 10:21:17,
236064261010661,145007229010661,236064270010661,236064268010661,2009,54,31,2183,3,2,1,1,,1,2010-11-05 10:21:17,
236064262010661,145007229010661,236064270010661,236064268010661,2009,54,31,2183,3,3,1,1,,1,2010-11-05 10:21:17,
236064263010661,145007229010661,236064270010661,236064269010661,2009,54,31,2183,4,1,1,1,,1,2010-11-05 10:21:17,
236064264010661,145007229010661,236064270010661,236064269010661,2009,54,31,2183,4,2,1,1,,1,2010-11-05 10:21:17,
236064265010661,145007229010661,236064270010661,236064269010661,2009,54,31,2183,4,3,1,1,,1,2010-11-05 10:21:17,
236066575010661,145007883010661,236066591010661,236066587010661,2009,54,39,649,1,1,1,1,,1,2010-11-05 10:21:18,
236066576010661,145007883010661,236066591010661,236066587010661,2009,54,39,649,1,2,1,1,,2,2010-11-05 10:21:18,
236066577010661,145007883010661,236066591010661,236066587010661,2009,54,39,649,1,3,1,1,,2,2010-11-05 10:21:18,
236066578010661,145007883010661,236066591010661,236066588010661,2009,54,39,649,2,1,2,1,,1,2010-11-05 10:21:18,
236066579010661,145007883010661,236066591010661,236066588010661,2009,54,39,649,2,2,2,1,,1,2010-11-05 10:21:18,
236066580010661,145007883010661,236066591010661,236066588010661,2009,54,39,649,2,3,2,1,,1,2010-11-05 10:21:18,
236066581010661,145007883010661,236066591010661,236066589010661,2009,54,39,649,3,1,1,1,,1,2010-11-05 10:21:18,
236066582010661,145007883010661,236066591010661,236066589010661,2009,54,39,649,3,2,1,1,,2,2010-11-05 10:21:18,
236066583010661,145007883010661,236066591010661,236066589010661,2009,54,39,649,3,3,1,1,,1,2010-11-05 10:21:18,
236066584010661,145007883010661,236066591010661,236066590010661,2009,54,39,649,4,1,1,1,,2,2010-11-05 10:21:18,
236066585010661,145007883010661,236066591010661,236066590010661,2009,54,39,649,4,2,1,1,,1,2010-11-05 10:21:18,
236066586010661,145007883010661,236066591010661,236066590010661,2009,54,39,649,4,3,1,1,,1,2010-11-05 10:21:18,
236066356010661,145007811010661,236066372010661,236066368010661,2009,54,39,1369,1,1,1,1,,1,2010-11-05 10:21:17,
236066357010661,145007811010661,236066372010661,236066368010661,2009,54,39,1369,1,2,1,1,,1,2010-11-05 10:21:17,
236066358010661,145007811010661,236066372010661,236066368010661,2009,54,39,1369,1,3,1,1,,1,2010-11-05 10:21:17,
236066359010661,145007811010661,236066372010661,236066369010661,2009,54,39,1369,2,1,1,1,,2,2010-11-05 10:21:17,
236066360010661,145007811010661,236066372010661,236066369010661,2009,54,39,1369,2,2,1,1,,1,2010-11-05 10:21:17,
236066361010661,145007811010661,236066372010661,236066369010661,2009,54,39,1369,2,3,1,1,,1,2010-11-05 10:21:17,
236066362010661,145007811010661,236066372010661,236066370010661,2009,54,39,1369,3,1,1,1,,1,2010-11-05 10:21:17,
236066363010661,145007811010661,236066372010661,236066370010661,2009,54,39,1369,3,2,1,1,,1,2010-11-05 10:21:17,
236066364010661,145007811010661,236066372010661,236066370010661,2009,54,39,1369,3,3,1,1,,1,2010-11-05 10:21:17,
236066365010661,145007811010661,236066372010661,236066371010661,2009,54,39,1369,4,1,1,1,,1,2010-11-05 10:21:17,
236066366010661,145007811010661,236066372010661,236066371010661,2009,54,39,1369,4,2,1,1,,1,2010-11-05 10:21:17,
236066367010661,145007811010661,236066372010661,236066371010661,2009,54,39,1369,4,3,1,1,,1,2010-11-05 10:21:17,
236066807010661,145007927010661,236066823010661,236066819010661,2009,54,45,534,1,1,1,1,,1,2010-11-05 10:21:18,
236066808010661,145007927010661,236066823010661,236066819010661,2009,54,45,534,1,2,1,1,,1,2010-11-05 10:21:18,
236066809010661,145007927010661,236066823010661,236066819010661,2009,54,45,534,1,3,1,1,,2,2010-11-05 10:21:18,
236066810010661,145007927010661,236066823010661,236066820010661,2009,54,45,534,2,1,1,1,,2,2010-11-05 10:21:18,
236066811010661,145007927010661,236066823010661,236066820010661,2009,54,45,534,2,2,1,1,,2,2010-11-05 10:21:18,
236066812010661,145007927010661,236066823010661,236066820010661,2009,54,45,534,2,3,1,1,,1,2010-11-05 10:21:18,
236066813010661,145007927010661,236066823010661,236066821010661,2009,54,45,534,3,1,1,1,,1,2010-11-05 10:21:18,
236066814010661,145007927010661,236066823010661,236066821010661,2009,54,45,534,3,2,1,1,,2,2010-11-05 10:21:18,
236066815010661,145007927010661,236066823010661,236066821010661,2009,54,45,534,3,3,1,1,,1,2010-11-05 10:21:18,
236066816010661,145007927010661,236066823010661,236066822010661,2009,54,45,534,4,1,1,1,,1,2010-11-05 10:21:18,
236066817010661,145007927010661,236066823010661,236066822010661,2009,54,45,534,4,2,1,1,,1,2010-11-05 10:21:18,
236066818010661,145007927010661,236066823010661,236066822010661,2009,54,45,534,4,3,1,1,,1,2010-11-05 10:21:18,
236066981010661,145007747010661,236066997010661,236066993010661,2009,54,47,437,1,1,1,1,,2,2010-11-05 10:21:19,
236066982010661,145007747010661,236066997010661,236066993010661,2009,54,47,437,1,2,1,1,,1,2010-11-05 10:21:19,
236066983010661,145007747010661,236066997010661,236066993010661,2009,54,47,437,1,3,1,1,,1,2010-11-05 10:21:19,
236066984010661,145007747010661,236066997010661,236066994010661,2009,54,47,437,2,1,1,1,,1,2010-11-05 10:21:19,
236066985010661,145007747010661,236066997010661,236066994010661,2009,54,47,437,2,2,1,1,,1,2010-11-05 10:21:19,
236066986010661,145007747010661,236066997010661,236066994010661,2009,54,47,437,2,3,1,1,,1,2010-11-05 10:21:19,
236066987010661,145007747010661,236066997010661,236066995010661,2009,54,47,437,3,1,1,1,,1,2010-11-05 10:21:19,
236066988010661,145007747010661,236066997010661,236066995010661,2009,54,47,437,3,2,1,1,,1,2010-11-05 10:21:19,
236066989010661,145007747010661,236066997010661,236066995010661,2009,54,47,437,3,3,1,1,,1,2010-11-05 10:21:19,
236066990010661,145007747010661,236066997010661,236066996010661,2009,54,47,437,4,1,1,1,,1,2010-11-05 10:21:19,
236066991010661,145007747010661,236066997010661,236066996010661,2009,54,47,437,4,2,1,1,,1,2010-11-05 10:21:19,
236066992010661,145007747010661,236066997010661,236066996010661,2009,54,47,437,4,3,1,1,,1,2010-11-05 10:21:19,
236067207010661,145007619010661,236067223010661,236067219010661,2009,54,55,961,1,1,1,1,,1,2010-11-05 10:21:19,
236067208010661,145007619010661,236067223010661,236067219010661,2009,54,55,961,1,2,1,1,,1,2010-11-05 10:21:19,
236067209010661,145007619010661,236067223010661,236067219010661,2009,54,55,961,1,3,1,1,,1,2010-11-05 10:21:19,
236067210010661,145007619010661,236067223010661,236067220010661,2009,54,55,961,2,1,1,1,,1,2010-11-05 10:21:19,
236067211010661,145007619010661,236067223010661,236067220010661,2009,54,55,961,2,2,1,1,,1,2010-11-05 10:21:19,
236067212010661,145007619010661,236067223010661,236067220010661,2009,54,55,961,2,3,1,1,,1,2010-11-05 10:21:19,
236067213010661,145007619010661,236067223010661,236067221010661,2009,54,55,961,3,1,1,1,,1,2010-11-05 10:21:19,
236067214010661,145007619010661,236067223010661,236067221010661,2009,54,55,961,3,2,1,1,,1,2010-11-05 10:21:19,
236067215010661,145007619010661,236067223010661,236067221010661,2009,54,55,961,3,3,1,1,,1,2010-11-05 10:21:19,
236067216010661,145007619010661,236067223010661,236067222010661,2009,54,55,961,4,1,1,1,,1,2010-11-05 10:21:19,
236067217010661,145007619010661,236067223010661,236067222010661,2009,54,55,961,4,2,1,1,,2,2010-11-05 10:21:19,
236067218010661,145007619010661,236067223010661,236067222010661,2009,54,55,961,4,3,1,1,,1,2010-11-05 10:21:19,
236067418010661,145007503010661,236067434010661,236067430010661,2009,54,55,2278,1,1,1,1,,1,2010-11-05 10:21:20,
236067419010661,145007503010661,236067434010661,236067430010661,2009,54,55,2278,1,2,1,1,,1,2010-11-05 10:21:20,
236067420010661,145007503010661,236067434010661,236067430010661,2009,54,55,2278,1,3,1,1,,1,2010-11-05 10:21:20,
236067421010661,145007503010661,236067434010661,236067431010661,2009,54,55,2278,2,1,1,1,,1,2010-11-05 10:21:20,
236067422010661,145007503010661,236067434010661,236067431010661,2009,54,55,2278,2,2,1,1,,1,2010-11-05 10:21:20,
236067423010661,145007503010661,236067434010661,236067431010661,2009,54,55,2278,2,3,1,1,,1,2010-11-05 10:21:20,
236067424010661,145007503010661,236067434010661,236067432010661,2009,54,55,2278,3,1,1,1,,1,2010-11-05 10:21:20,
236067425010661,145007503010661,236067434010661,236067432010661,2009,54,55,2278,3,2,1,1,,1,2010-11-05 10:21:20,
236067426010661,145007503010661,236067434010661,236067432010661,2009,54,55,2278,3,3,1,1,,1,2010-11-05 10:21:20,
236067427010661,145007503010661,236067434010661,236067433010661,2009,54,55,2278,4,1,1,1,,1,2010-11-05 10:21:20,
236067428010661,145007503010661,236067434010661,236067433010661,2009,54,55,2278,4,2,1,1,,1,2010-11-05 10:21:20,
236067429010661,145007503010661,236067434010661,236067433010661,2009,54,55,2278,4,3,1,1,,1,2010-11-05 10:21:20,
236067624010661,145008093010661,236067640010661,236067636010661,2009,54,59,257,1,1,1,1,,1,2010-11-05 10:21:20,
236067625010661,145008093010661,236067640010661,236067636010661,2009,54,59,257,1,2,1,1,,1,2010-11-05 10:21:20,
236067626010661,145008093010661,236067640010661,236067636010661,2009,54,59,257,1,3,1,1,,1,2010-11-05 10:21:20,
236067627010661,145008093010661,236067640010661,236067637010661,2009,54,59,257,2,1,1,1,,1,2010-11-05 10:21:20,
236067628010661,145008093010661,236067640010661,236067637010661,2009,54,59,257,2,2,1,1,,2,2010-11-05 10:21:20,
236067629010661,145008093010661,236067640010661,236067637010661,2009,54,59,257,2,3,1,1,,2,2010-11-05 10:21:20,
236067630010661,145008093010661,236067640010661,236067638010661,2009,54,59,257,3,1,1,1,,1,2010-11-05 10:21:20,
236067631010661,145008093010661,236067640010661,236067638010661,2009,54,59,257,3,2,1,1,,1,2010-11-05 10:21:20,
236067632010661,145008093010661,236067640010661,236067638010661,2009,54,59,257,3,3,1,1,,1,2010-11-05 10:21:20,
236067633010661,145008093010661,236067640010661,236067639010661,2009,54,59,257,4,1,2,1,,1,2010-11-05 10:21:20,
236067634010661,145008093010661,236067640010661,236067639010661,2009,54,59,257,4,2,2,1,,1,2010-11-05 10:21:20,
236067635010661,145008093010661,236067640010661,236067639010661,2009,54,59,257,4,3,2,1,,1,2010-11-05 10:21:20,
236068666010661,145007449010661,236068682010661,236068678010661,2009,54,61,2189,1,1,1,1,,1,2010-11-05 10:21:21,
236068667010661,145007449010661,236068682010661,236068678010661,2009,54,61,2189,1,2,1,1,,1,2010-11-05 10:21:21,
236068668010661,145007449010661,236068682010661,236068678010661,2009,54,61,2189,1,3,1,1,,1,2010-11-05 10:21:21,
236068669010661,145007449010661,236068682010661,236068679010661,2009,54,61,2189,2,1,1,1,,1,2010-11-05 10:21:21,
236068670010661,145007449010661,236068682010661,236068679010661,2009,54,61,2189,2,2,1,1,,1,2010-11-05 10:21:21,
236068671010661,145007449010661,236068682010661,236068679010661,2009,54,61,2189,2,3,1,1,,1,2010-11-05 10:21:21,
236068672010661,145007449010661,236068682010661,236068680010661,2009,54,61,2189,3,1,1,1,,1,2010-11-05 10:21:21,
236068673010661,145007449010661,236068682010661,236068680010661,2009,54,61,2189,3,2,1,1,,1,2010-11-05 10:21:21,
236068674010661,145007449010661,236068682010661,236068680010661,2009,54,61,2189,3,3,1,1,,1,2010-11-05 10:21:21,
236068675010661,145007449010661,236068682010661,236068681010661,2009,54,61,2189,4,1,1,1,,1,2010-11-05 10:21:21,
236068676010661,145007449010661,236068682010661,236068681010661,2009,54,61,2189,4,2,1,1,,2,2010-11-05 10:21:21,
236068677010661,145007449010661,236068682010661,236068681010661,2009,54,61,2189,4,3,1,1,,1,2010-11-05 10:21:21,
236064633010661,145007171010661,236064649010661,236064645010661,2009,54,65,623,1,1,1,1,,1,2010-11-05 10:21:21,
236064634010661,145007171010661,236064649010661,236064645010661,2009,54,65,623,1,2,2,2,,,2010-11-05 10:21:21,
236064635010661,145007171010661,236064649010661,236064645010661,2009,54,65,623,1,3,1,1,,1,2010-11-05 10:21:21,
236064636010661,145007171010661,236064649010661,236064646010661,2009,54,65,623,2,1,1,1,,2,2010-11-05 10:21:21,
236064637010661,145007171010661,236064649010661,236064646010661,2009,54,65,623,2,2,1,1,,1,2010-11-05 10:21:21,
236064638010661,145007171010661,236064649010661,236064646010661,2009,54,65,623,2,3,1,1,,2,2010-11-05 10:21:21,
236064639010661,145007171010661,236064649010661,236064647010661,2009,54,65,623,3,1,3,1,,1,2010-11-05 10:21:21,
236064640010661,145007171010661,236064649010661,236064647010661,2009,54,65,623,3,2,3,1,,1,2010-11-05 10:21:21,
236064641010661,145007171010661,236064649010661,236064647010661,2009,54,65,623,3,3,3,1,,1,2010-11-05 10:21:21,
236064642010661,145007171010661,236064649010661,236064648010661,2009,54,65,623,4,1,1,1,,1,2010-11-05 10:21:21,
236064643010661,145007171010661,236064649010661,236064648010661,2009,54,65,623,4,2,1,1,,1,2010-11-05 10:21:21,
236064644010661,145007171010661,236064649010661,236064648010661,2009,54,65,623,4,3,1,1,,1,2010-11-05 10:21:21,
236067838010661,145007703010661,236067854010661,236067850010661,2009,54,67,2152,1,1,1,1,,1,2010-11-05 10:21:21,
236067839010661,145007703010661,236067854010661,236067850010661,2009,54,67,2152,1,2,1,1,,1,2010-11-05 10:21:21,
236067840010661,145007703010661,236067854010661,236067850010661,2009,54,67,2152,1,3,1,3,,1,2010-11-05 10:21:21,
236067841010661,145007703010661,236067854010661,236067851010661,2009,54,67,2152,2,1,1,1,,1,2010-11-05 10:21:21,
236067842010661,145007703010661,236067854010661,236067851010661,2009,54,67,2152,2,2,1,1,,1,2010-11-05 10:21:21,
236067843010661,145007703010661,236067854010661,236067851010661,2009,54,67,2152,2,3,1,1,,1,2010-11-05 10:21:21,
236067844010661,145007703010661,236067854010661,236067852010661,2009,54,67,2152,3,1,2,1,,1,2010-11-05 10:21:21,
236067845010661,145007703010661,236067854010661,236067852010661,2009,54,67,2152,3,2,2,1,,1,2010-11-05 10:21:21,
236067846010661,145007703010661,236067854010661,236067852010661,2009,54,67,2152,3,3,2,1,,1,2010-11-05 10:21:21,
236067847010661,145007703010661,236067854010661,236067853010661,2009,54,67,2152,4,1,1,1,,3,2010-11-05 10:21:21,
236067848010661,145007703010661,236067854010661,236067853010661,2009,54,67,2152,4,2,1,1,,1,2010-11-05 10:21:21,
236067849010661,145007703010661,236067854010661,236067853010661,2009,54,67,2152,4,3,1,1,,1,2010-11-05 10:21:21,
236064840010661,145007335010661,236064856010661,236064852010661,2009,54,75,1492,1,1,1,1,,1,2010-11-05 10:21:22,
236064841010661,145007335010661,236064856010661,236064852010661,2009,54,75,1492,1,2,1,1,,1,2010-11-05 10:21:22,
236064842010661,145007335010661,236064856010661,236064852010661,2009,54,75,1492,1,3,1,1,,1,2010-11-05 10:21:22,
236064843010661,145007335010661,236064856010661,236064853010661,2009,54,75,1492,2,1,1,1,,1,2010-11-05 10:21:22,
236064844010661,145007335010661,236064856010661,236064853010661,2009,54,75,1492,2,2,1,1,,1,2010-11-05 10:21:22,
236064845010661,145007335010661,236064856010661,236064853010661,2009,54,75,1492,2,3,1,1,,1,2010-11-05 10:21:22,
236064846010661,145007335010661,236064856010661,236064854010661,2009,54,75,1492,3,1,1,1,,1,2010-11-05 10:21:22,
236064847010661,145007335010661,236064856010661,236064854010661,2009,54,75,1492,3,2,1,1,,1,2010-11-05 10:21:22,
236064848010661,145007335010661,236064856010661,236064854010661,2009,54,75,1492,3,3,1,1,,1,2010-11-05 10:21:22,
236064849010661,145007335010661,236064856010661,236064855010661,2009,54,75,1492,4,1,1,1,,1,2010-11-05 10:21:22,
236064850010661,145007335010661,236064856010661,236064855010661,2009,54,75,1492,4,2,1,1,,1,2010-11-05 10:21:22,
236064851010661,145007335010661,236064856010661,236064855010661,2009,54,75,1492,4,3,1,1,,1,2010-11-05 10:21:22,
236065051010661,145008043010661,236065067010661,236065063010661,2009,54,77,1290,1,1,1,1,,1,2010-11-05 10:21:22,
236065052010661,145008043010661,236065067010661,236065063010661,2009,54,77,1290,1,2,1,1,,1,2010-11-05 10:21:22,
236065053010661,145008043010661,236065067010661,236065063010661,2009,54,77,1290,1,3,1,1,,1,2010-11-05 10:21:22,
236065054010661,145008043010661,236065067010661,236065064010661,2009,54,77,1290,2,1,1,1,,1,2010-11-05 10:21:22,
236065055010661,145008043010661,236065067010661,236065064010661,2009,54,77,1290,2,2,1,1,,1,2010-11-05 10:21:22,
236065056010661,145008043010661,236065067010661,236065064010661,2009,54,77,1290,2,3,1,1,,1,2010-11-05 10:21:22,
236065057010661,145008043010661,236065067010661,236065065010661,2009,54,77,1290,3,1,1,1,,1,2010-11-05 10:21:22,
236065058010661,145008043010661,236065067010661,236065065010661,2009,54,77,1290,3,2,1,1,,1,2010-11-05 10:21:22,
236065059010661,145008043010661,236065067010661,236065065010661,2009,54,77,1290,3,3,1,1,,1,2010-11-05 10:21:22,
236065060010661,145008043010661,236065067010661,236065066010661,2009,54,77,1290,4,1,1,1,,1,2010-11-05 10:21:22,
236065061010661,145008043010661,236065067010661,236065066010661,2009,54,77,1290,4,2,1,1,,1,2010-11-05 10:21:22,
236065062010661,145008043010661,236065067010661,236065066010661,2009,54,77,1290,4,3,1,1,,1,2010-11-05 10:21:22,
236068075010661,145007725010661,236068091010661,236068087010661,2009,54,81,1027,1,1,1,1,,3,2010-11-05 10:21:23,
236068076010661,145007725010661,236068091010661,236068087010661,2009,54,81,1027,1,2,1,1,,1,2010-11-05 10:21:23,
236068077010661,145007725010661,236068091010661,236068087010661,2009,54,81,1027,1,3,1,1,,1,2010-11-05 10:21:23,
236068078010661,145007725010661,236068091010661,236068088010661,2009,54,81,1027,2,1,1,1,,1,2010-11-05 10:21:23,
236068079010661,145007725010661,236068091010661,236068088010661,2009,54,81,1027,2,2,1,1,,1,2010-11-05 10:21:23,
236068080010661,145007725010661,236068091010661,236068088010661,2009,54,81,1027,2,3,1,1,,1,2010-11-05 10:21:23,
236068081010661,145007725010661,236068091010661,236068089010661,2009,54,81,1027,3,1,1,1,,1,2010-11-05 10:21:23,
236068082010661,145007725010661,236068091010661,236068089010661,2009,54,81,1027,3,2,1,1,,1,2010-11-05 10:21:23,
236068083010661,145007725010661,236068091010661,236068089010661,2009,54,81,1027,3,3,1,1,,1,2010-11-05 10:21:23,
236068084010661,145007725010661,236068091010661,236068090010661,2009,54,81,1027,4,1,1,1,,1,2010-11-05 10:21:23,
236068085010661,145007725010661,236068091010661,236068090010661,2009,54,81,1027,4,2,1,1,,1,2010-11-05 10:21:23,
236068086010661,145007725010661,236068091010661,236068090010661,2009,54,81,1027,4,3,1,1,,1,2010-11-05 10:21:23,
236065231010661,145007315010661,236065247010661,236065243010661,2009,54,83,1402,1,1,1,1,,1,2010-11-05 10:21:23,
236065232010661,145007315010661,236065247010661,236065243010661,2009,54,83,1402,1,2,1,1,,1,2010-11-05 10:21:23,
236065233010661,145007315010661,236065247010661,236065243010661,2009,54,83,1402,1,3,1,1,,1,2010-11-05 10:21:23,
236065234010661,145007315010661,236065247010661,236065244010661,2009,54,83,1402,2,1,1,1,,1,2010-11-05 10:21:23,
236065235010661,145007315010661,236065247010661,236065244010661,2009,54,83,1402,2,2,1,1,,1,2010-11-05 10:21:23,
236065236010661,145007315010661,236065247010661,236065244010661,2009,54,83,1402,2,3,1,1,,1,2010-11-05 10:21:23,
236065237010661,145007315010661,236065247010661,236065245010661,2009,54,83,1402,3,1,1,1,,1,2010-11-05 10:21:23,
236065238010661,145007315010661,236065247010661,236065245010661,2009,54,83,1402,3,2,1,1,,1,2010-11-05 10:21:23,
236065239010661,145007315010661,236065247010661,236065245010661,2009,54,83,1402,3,3,1,1,,1,2010-11-05 10:21:23,
236065240010661,145007315010661,236065247010661,236065246010661,2009,54,83,1402,4,1,1,1,,1,2010-11-05 10:21:23,
236065241010661,145007315010661,236065247010661,236065246010661,2009,54,83,1402,4,2,1,1,,1,2010-11-05 10:21:23,
236065242010661,145007315010661,236065247010661,236065246010661,2009,54,83,1402,4,3,1,1,,1,2010-11-05 10:21:23,
236065388010661,145007475010661,236065404010661,236065400010661,2009,54,97,2114,1,1,1,1,,1,2010-11-05 10:21:23,
236065389010661,145007475010661,236065404010661,236065400010661,2009,54,97,2114,1,2,1,1,,1,2010-11-05 10:21:24,
236065390010661,145007475010661,236065404010661,236065400010661,2009,54,97,2114,1,3,1,1,,1,2010-11-05 10:21:24,
236065391010661,145007475010661,236065404010661,236065401010661,2009,54,97,2114,2,1,1,1,,1,2010-11-05 10:21:24,
236065392010661,145007475010661,236065404010661,236065401010661,2009,54,97,2114,2,2,1,1,,1,2010-11-05 10:21:24,
236065393010661,145007475010661,236065404010661,236065401010661,2009,54,97,2114,2,3,2,2,,,2010-11-05 10:21:24,
236065394010661,145007475010661,236065404010661,236065402010661,2009,54,97,2114,3,1,2,2,,,2010-11-05 10:21:24,
236065395010661,145007475010661,236065404010661,236065402010661,2009,54,97,2114,3,2,2,2,,,2010-11-05 10:21:24,
236065396010661,145007475010661,236065404010661,236065402010661,2009,54,97,2114,3,3,1,1,,1,2010-11-05 10:21:24,
236065397010661,145007475010661,236065404010661,236065403010661,2009,54,97,2114,4,1,1,1,,1,2010-11-05 10:21:24,
236065398010661,145007475010661,236065404010661,236065403010661,2009,54,97,2114,4,2,1,1,,1,2010-11-05 10:21:24,
236065399010661,145007475010661,236065404010661,236065403010661,2009,54,97,2114,4,3,1,1,,1,2010-11-05 10:21:24,
236068881010661,145008011010661,236068897010661,236068893010661,2009,54,99,1933,1,1,1,1,,1,2010-11-05 10:21:24,
236068882010661,145008011010661,236068897010661,236068893010661,2009,54,99,1933,1,2,1,1,,1,2010-11-05 10:21:24,
236068883010661,145008011010661,236068897010661,236068893010661,2009,54,99,1933,1,3,1,1,,1,2010-11-05 10:21:24,
236068884010661,145008011010661,236068897010661,236068894010661,2009,54,99,1933,2,1,1,1,,1,2010-11-05 10:21:24,
236068885010661,145008011010661,236068897010661,236068894010661,2009,54,99,1933,2,2,1,1,,1,2010-11-05 10:21:24,
236068886010661,145008011010661,236068897010661,236068894010661,2009,54,99,1933,2,3,1,1,,1,2010-11-05 10:21:24,
236068887010661,145008011010661,236068897010661,236068895010661,2009,54,99,1933,3,1,1,1,,1,2010-11-05 10:21:24,
236068888010661,145008011010661,236068897010661,236068895010661,2009,54,99,1933,3,2,1,1,,1,2010-11-05 10:21:24,
236068889010661,145008011010661,236068897010661,236068895010661,2009,54,99,1933,3,3,1,1,,1,2010-11-05 10:21:24,
236068890010661,145008011010661,236068897010661,236068896010661,2009,54,99,1933,4,1,1,1,,1,2010-11-05 10:21:24,
236068891010661,145008011010661,236068897010661,236068896010661,2009,54,99,1933,4,2,1,1,,1,2010-11-05 10:21:24,
236068892010661,145008011010661,236068897010661,236068896010661,2009,54,99,1933,4,3,1,1,,1,2010-11-05 10:21:24,
236065542010661,145008105010661,236065558010661,236065554010661,2009,54,101,2463,1,1,1,1,,1,2010-11-05 10:21:24,
236065543010661,145008105010661,236065558010661,236065554010661,2009,54,101,2463,1,2,1,1,,1,2010-11-05 10:21:24,
236065544010661,145008105010661,236065558010661,236065554010661,2009,54,101,2463,1,3,1,1,,1,2010-11-05 10:21:24,
236065545010661,145008105010661,236065558010661,236065555010661,2009,54,101,2463,2,1,1,1,,1,2010-11-05 10:21:24,
236065546010661,145008105010661,236065558010661,236065555010661,2009,54,101,2463,2,2,1,1,,1,2010-11-05 10:21:24,
236065547010661,145008105010661,236065558010661,236065555010661,2009,54,101,2463,2,3,1,1,,1,2010-11-05 10:21:24,
236065548010661,145008105010661,236065558010661,236065556010661,2009,54,101,2463,3,1,1,1,,1,2010-11-05 10:21:24,
236065549010661,145008105010661,236065558010661,236065556010661,2009,54,101,2463,3,2,1,1,,1,2010-11-05 10:21:24,
236065550010661,145008105010661,236065558010661,236065556010661,2009,54,101,2463,3,3,1,1,,1,2010-11-05 10:21:24,
236065551010661,145008105010661,236065558010661,236065557010661,2009,54,101,2463,4,1,1,1,,1,2010-11-05 10:21:24,
236065552010661,145008105010661,236065558010661,236065557010661,2009,54,101,2463,4,2,1,1,,1,2010-11-05 10:21:24,
236065553010661,145008105010661,236065558010661,236065557010661,2009,54,101,2463,4,3,1,1,,1,2010-11-05 10:21:24,
236069106010661,145007763010661,236069122010661,236069118010661,2009,54,103,380,1,1,1,1,,1,2010-11-05 10:21:25,
236069107010661,145007763010661,236069122010661,236069118010661,2009,54,103,380,1,2,1,1,,1,2010-11-05 10:21:25,
236069108010661,145007763010661,236069122010661,236069118010661,2009,54,103,380,1,3,1,1,,1,2010-11-05 10:21:25,
236069109010661,145007763010661,236069122010661,236069119010661,2009,54,103,380,2,1,1,1,,1,2010-11-05 10:21:25,
236069110010661,145007763010661,236069122010661,236069119010661,2009,54,103,380,2,2,1,1,,1,2010-11-05 10:21:25,
236069111010661,145007763010661,236069122010661,236069119010661,2009,54,103,380,2,3,1,1,,1,2010-11-05 10:21:25,
236069112010661,145007763010661,236069122010661,236069120010661,2009,54,103,380,3,1,1,1,,1,2010-11-05 10:21:25,
236069113010661,145007763010661,236069122010661,236069120010661,2009,54,103,380,3,2,1,1,,1,2010-11-05 10:21:25,
236069114010661,145007763010661,236069122010661,236069120010661,2009,54,103,380,3,3,1,1,,1,2010-11-05 10:21:25,
236069115010661,145007763010661,236069122010661,236069121010661,2009,54,103,380,4,1,1,1,,1,2010-11-05 10:21:25,
236069116010661,145007763010661,236069122010661,236069121010661,2009,54,103,380,4,2,1,1,,1,2010-11-05 10:21:25,
236069117010661,145007763010661,236069122010661,236069121010661,2009,54,103,380,4,3,1,1,,1,2010-11-05 10:21:25,
236069336010661,174547884010661,236069352010661,236069348010661,2009,54,103,3601,1,1,1,1,,1,2010-11-05 10:21:25,
236069337010661,174547884010661,236069352010661,236069348010661,2009,54,103,3601,1,2,1,1,,1,2010-11-05 10:21:25,
236069338010661,174547884010661,236069352010661,236069348010661,2009,54,103,3601,1,3,1,1,,1,2010-11-05 10:21:25,
236069339010661,174547884010661,236069352010661,236069349010661,2009,54,103,3601,2,1,1,1,,1,2010-11-05 10:21:25,
236069340010661,174547884010661,236069352010661,236069349010661,2009,54,103,3601,2,2,1,1,,1,2010-11-05 10:21:25,
236069341010661,174547884010661,236069352010661,236069349010661,2009,54,103,3601,2,3,1,1,,1,2010-11-05 10:21:25,
236069342010661,174547884010661,236069352010661,236069350010661,2009,54,103,3601,3,1,1,1,,1,2010-11-05 10:21:25,
236069343010661,174547884010661,236069352010661,236069350010661,2009,54,103,3601,3,2,1,1,,1,2010-11-05 10:21:25,
236069344010661,174547884010661,236069352010661,236069350010661,2009,54,103,3601,3,3,1,1,,1,2010-11-05 10:21:25,
236069345010661,174547884010661,236069352010661,236069351010661,2009,54,103,3601,4,1,1,1,,1,2010-11-05 10:21:25,
236069346010661,174547884010661,236069352010661,236069351010661,2009,54,103,3601,4,2,1,1,,1,2010-11-05 10:21:25,
236069347010661,174547884010661,236069352010661,236069351010661,2009,54,103,3601,4,3,1,1,,1,2010-11-05 10:21:25,
236069477010661,145007857010661,236069490010661,236069486010661,2009,54,105,1773,1,1,1,1,,1,2010-11-05 10:21:26,
236069478010661,145007857010661,236069490010661,236069486010661,2009,54,105,1773,1,2,2,2,,,2010-11-05 10:21:26,
236069479010661,145007857010661,236069490010661,236069486010661,2009,54,105,1773,1,3,1,1,,1,2010-11-05 10:21:26,
236069480010661,145007857010661,236069490010661,236069487010661,2009,54,105,1773,2,1,1,1,,1,2010-11-05 10:21:26,
236069481010661,145007857010661,236069490010661,236069487010661,2009,54,105,1773,2,2,1,1,,1,2010-11-05 10:21:26,
236069482010661,145007857010661,236069490010661,236069487010661,2009,54,105,1773,2,3,1,1,,1,2010-11-05 10:21:26,
236069483010661,145007857010661,236069490010661,236069489010661,2009,54,105,1773,4,1,2,2,,,2010-11-05 10:21:26,
236069484010661,145007857010661,236069490010661,236069489010661,2009,54,105,1773,4,2,2,2,,,2010-11-05 10:21:26,
236069485010661,145007857010661,236069490010661,236069489010661,2009,54,105,1773,4,3,2,2,,,2010-11-05 10:21:26,
236069703010661,145007939010661,236069719010661,236069715010661,2009,54,107,1633,1,1,1,1,,1,2010-11-05 10:21:26,
236069704010661,145007939010661,236069719010661,236069715010661,2009,54,107,1633,1,2,1,1,,1,2010-11-05 10:21:26,
236069705010661,145007939010661,236069719010661,236069715010661,2009,54,107,1633,1,3,1,1,,1,2010-11-05 10:21:26,
236069706010661,145007939010661,236069719010661,236069716010661,2009,54,107,1633,2,1,1,1,,1,2010-11-05 10:21:26,
236069707010661,145007939010661,236069719010661,236069716010661,2009,54,107,1633,2,2,1,1,,1,2010-11-05 10:21:26,
236069708010661,145007939010661,236069719010661,236069716010661,2009,54,107,1633,2,3,1,1,,1,2010-11-05 10:21:26,
236069709010661,145007939010661,236069719010661,236069717010661,2009,54,107,1633,3,1,1,1,,1,2010-11-05 10:21:26,
236069710010661,145007939010661,236069719010661,236069717010661,2009,54,107,1633,3,2,1,1,,1,2010-11-05 10:21:26,
236069711010661,145007939010661,236069719010661,236069717010661,2009,54,107,1633,3,3,1,1,,1,2010-11-05 10:21:26,
236069712010661,145007939010661,236069719010661,236069718010661,2009,54,107,1633,4,1,1,1,,1,2010-11-05 10:21:26,
236069713010661,145007939010661,236069719010661,236069718010661,2009,54,107,1633,4,2,1,1,,1,2010-11-05 10:21:26,
236069714010661,145007939010661,236069719010661,236069718010661,2009,54,107,1633,4,3,1,1,,1,2010-11-05 10:21:26,
249349089010661,169112647010661,249349105010661,249349101010661,2010,54,1,2429,1,1,1,1,,1,2011-06-06 07:01:36,
249349090010661,169112647010661,249349105010661,249349101010661,2010,54,1,2429,1,2,1,1,,1,2011-06-06 07:01:36,
249349091010661,169112647010661,249349105010661,249349101010661,2010,54,1,2429,1,3,1,1,,1,2011-06-06 07:01:36,
249349092010661,169112647010661,249349105010661,249349102010661,2010,54,1,2429,2,1,1,1,,1,2011-06-06 07:01:36,
249349093010661,169112647010661,249349105010661,249349102010661,2010,54,1,2429,2,2,1,1,,1,2011-06-06 07:01:36,
249349094010661,169112647010661,249349105010661,249349102010661,2010,54,1,2429,2,3,1,1,,1,2011-06-06 07:01:36,
249349095010661,169112647010661,249349105010661,249349103010661,2010,54,1,2429,3,1,1,1,,1,2011-06-06 07:01:36,
249349096010661,169112647010661,249349105010661,249349103010661,2010,54,1,2429,3,2,1,1,,1,2011-06-06 07:01:36,
249349097010661,169112647010661,249349105010661,249349103010661,2010,54,1,2429,3,3,1,1,,1,2011-06-06 07:01:36,
249349098010661,169112647010661,249349105010661,249349104010661,2010,54,1,2429,4,1,1,1,,1,2011-06-06 07:01:36,
249349099010661,169112647010661,249349105010661,249349104010661,2010,54,1,2429,4,2,1,1,,1,2011-06-06 07:01:36,
249349100010661,169112647010661,249349105010661,249349104010661,2010,54,1,2429,4,3,1,1,,1,2011-06-06 07:01:36,
249349272010661,169113105010661,249349288010661,249349284010661,2010,54,5,2402,1,1,1,1,,1,2011-06-06 07:01:37,
249349273010661,169113105010661,249349288010661,249349284010661,2010,54,5,2402,1,2,1,1,,1,2011-06-06 07:01:37,
249349274010661,169113105010661,249349288010661,249349284010661,2010,54,5,2402,1,3,1,1,,1,2011-06-06 07:01:37,
249349275010661,169113105010661,249349288010661,249349285010661,2010,54,5,2402,2,1,1,1,,1,2011-06-06 07:01:37,
249349276010661,169113105010661,249349288010661,249349285010661,2010,54,5,2402,2,2,1,1,,1,2011-06-06 07:01:37,
249349277010661,169113105010661,249349288010661,249349285010661,2010,54,5,2402,2,3,1,1,,1,2011-06-06 07:01:37,
249349278010661,169113105010661,249349288010661,249349286010661,2010,54,5,2402,3,1,1,1,,1,2011-06-06 07:01:37,
249349279010661,169113105010661,249349288010661,249349286010661,2010,54,5,2402,3,2,1,1,,1,2011-06-06 07:01:37,
249349280010661,169113105010661,249349288010661,249349286010661,2010,54,5,2402,3,3,1,1,,1,2011-06-06 07:01:37,
249349281010661,169113105010661,249349288010661,249349287010661,2010,54,5,2402,4,1,1,1,,1,2011-06-06 07:01:37,
249349282010661,169113105010661,249349288010661,249349287010661,2010,54,5,2402,4,2,1,1,,1,2011-06-06 07:01:37,
249349283010661,169113105010661,249349288010661,249349287010661,2010,54,5,2402,4,3,1,1,,1,2011-06-06 07:01:37,
249349417010661,169113285010661,249349433010661,249349429010661,2010,54,15,1378,1,1,1,1,,1,2011-06-06 07:01:37,
249349418010661,169113285010661,249349433010661,249349429010661,2010,54,15,1378,1,2,1,1,,1,2011-06-06 07:01:37,
249349419010661,169113285010661,249349433010661,249349429010661,2010,54,15,1378,1,3,1,1,,1,2011-06-06 07:01:37,
249349420010661,169113285010661,249349433010661,249349430010661,2010,54,15,1378,2,1,1,1,,1,2011-06-06 07:01:37,
249349421010661,169113285010661,249349433010661,249349430010661,2010,54,15,1378,2,2,1,1,,1,2011-06-06 07:01:37,
249349422010661,169113285010661,249349433010661,249349430010661,2010,54,15,1378,2,3,1,1,,1,2011-06-06 07:01:37,
249349423010661,169113285010661,249349433010661,249349431010661,2010,54,15,1378,3,1,1,1,,1,2011-06-06 07:01:37,
249349424010661,169113285010661,249349433010661,249349431010661,2010,54,15,1378,3,2,1,1,,1,2011-06-06 07:01:37,
249349425010661,169113285010661,249349433010661,249349431010661,2010,54,15,1378,3,3,1,1,,1,2011-06-06 07:01:37,
249349426010661,169113285010661,249349433010661,249349432010661,2010,54,15,1378,4,1,1,1,,1,2011-06-06 07:01:37,
249349427010661,169113285010661,249349433010661,249349432010661,2010,54,15,1378,4,2,1,1,,1,2011-06-06 07:01:37,
249349428010661,169113285010661,249349433010661,249349432010661,2010,54,15,1378,4,3,1,1,,1,2011-06-06 07:01:37,
249349630010661,169112775010661,249349646010661,249349642010661,2010,54,19,913,1,1,1,1,,1,2011-06-06 07:01:38,
249349631010661,169112775010661,249349646010661,249349642010661,2010,54,19,913,1,2,1,1,,1,2011-06-06 07:01:38,
249349632010661,169112775010661,249349646010661,249349642010661,2010,54,19,913,1,3,1,1,,1,2011-06-06 07:01:38,
249349633010661,169112775010661,249349646010661,249349643010661,2010,54,19,913,2,1,1,1,,1,2011-06-06 07:01:38,
249349634010661,169112775010661,249349646010661,249349643010661,2010,54,19,913,2,2,1,1,,1,2011-06-06 07:01:38,
249349635010661,169112775010661,249349646010661,249349643010661,2010,54,19,913,2,3,1,1,,1,2011-06-06 07:01:38,
249349636010661,169112775010661,249349646010661,249349644010661,2010,54,19,913,3,1,2,2,,,2011-06-06 07:01:38,
249349637010661,169112775010661,249349646010661,249349644010661,2010,54,19,913,3,2,1,1,,1,2011-06-06 07:01:38,
249349638010661,169112775010661,249349646010661,249349644010661,2010,54,19,913,3,3,2,2,,,2011-06-06 07:01:38,
249349639010661,169112775010661,249349646010661,249349645010661,2010,54,19,913,4,1,1,1,,1,2011-06-06 07:01:38,
249349640010661,169112775010661,249349646010661,249349645010661,2010,54,19,913,4,2,1,1,,1,2011-06-06 07:01:38,
249349641010661,169112775010661,249349646010661,249349645010661,2010,54,19,913,4,3,1,1,,1,2011-06-06 07:01:38,
249349753010661,169112363010661,249349769010661,249349765010661,2010,54,27,602,1,1,1,1,,1,2011-06-06 07:01:39,
249349754010661,169112363010661,249349769010661,249349765010661,2010,54,27,602,1,2,1,1,,1,2011-06-06 07:01:39,
249349755010661,169112363010661,249349769010661,249349765010661,2010,54,27,602,1,3,1,1,,1,2011-06-06 07:01:39,
249349756010661,169112363010661,249349769010661,249349766010661,2010,54,27,602,2,1,1,1,,1,2011-06-06 07:01:39,
249349757010661,169112363010661,249349769010661,249349766010661,2010,54,27,602,2,2,1,1,,1,2011-06-06 07:01:39,
249349758010661,169112363010661,249349769010661,249349766010661,2010,54,27,602,2,3,1,1,,1,2011-06-06 07:01:39,
249349759010661,169112363010661,249349769010661,249349767010661,2010,54,27,602,3,1,1,1,,1,2011-06-06 07:01:39,
249349760010661,169112363010661,249349769010661,249349767010661,2010,54,27,602,3,2,1,1,,1,2011-06-06 07:01:39,
249349761010661,169112363010661,249349769010661,249349767010661,2010,54,27,602,3,3,1,1,,1,2011-06-06 07:01:39,
249349762010661,169112363010661,249349769010661,249349768010661,2010,54,27,602,4,1,1,1,,1,2011-06-06 07:01:39,
249349763010661,169112363010661,249349769010661,249349768010661,2010,54,27,602,4,2,1,1,,1,2011-06-06 07:01:39,
249349764010661,169112363010661,249349769010661,249349768010661,2010,54,27,602,4,3,1,1,,1,2011-06-06 07:01:39,
249349948010661,169112739010661,249349964010661,249349960010661,2010,54,33,830,1,1,2,1,,2,2011-06-06 07:01:39,
249349949010661,169112739010661,249349964010661,249349960010661,2010,54,33,830,1,2,1,1,,1,2011-06-06 07:01:39,
249349950010661,169112739010661,249349964010661,249349960010661,2010,54,33,830,1,3,1,1,,1,2011-06-06 07:01:39,
249349951010661,169112739010661,249349964010661,249349961010661,2010,54,33,830,2,1,2,1,,1,2011-06-06 07:01:39,
249349952010661,169112739010661,249349964010661,249349961010661,2010,54,33,830,2,2,2,1,,1,2011-06-06 07:01:39,
249349953010661,169112739010661,249349964010661,249349961010661,2010,54,33,830,2,3,2,1,,1,2011-06-06 07:01:39,
249349954010661,169112739010661,249349964010661,249349962010661,2010,54,33,830,3,1,1,1,,1,2011-06-06 07:01:39,
249349955010661,169112739010661,249349964010661,249349962010661,2010,54,33,830,3,2,1,1,,1,2011-06-06 07:01:39,
249349956010661,169112739010661,249349964010661,249349962010661,2010,54,33,830,3,3,1,1,,1,2011-06-06 07:01:39,
249349957010661,169112739010661,249349964010661,249349963010661,2010,54,33,830,4,1,1,1,,1,2011-06-06 07:01:39,
249349958010661,169112739010661,249349964010661,249349963010661,2010,54,33,830,4,2,1,1,,1,2011-06-06 07:01:39,
249349959010661,169112739010661,249349964010661,249349963010661,2010,54,33,830,4,3,1,1,,1,2011-06-06 07:01:39,
249350160010661,169113149010661,249350176010661,249350172010661,2010,54,35,1145,1,1,1,1,,1,2011-06-06 07:01:40,
249350161010661,169113149010661,249350176010661,249350172010661,2010,54,35,1145,1,2,2,2,,,2011-06-06 07:01:40,
249350162010661,169113149010661,249350176010661,249350172010661,2010,54,35,1145,1,3,2,2,,,2011-06-06 07:01:40,
249350163010661,169113149010661,249350176010661,249350173010661,2010,54,35,1145,2,1,1,1,,1,2011-06-06 07:01:40,
249350164010661,169113149010661,249350176010661,249350173010661,2010,54,35,1145,2,2,1,1,,1,2011-06-06 07:01:40,
249350165010661,169113149010661,249350176010661,249350173010661,2010,54,35,1145,2,3,1,1,,1,2011-06-06 07:01:40,
249350166010661,169113149010661,249350176010661,249350174010661,2010,54,35,1145,3,1,2,2,,,2011-06-06 07:01:40,
249350167010661,169113149010661,249350176010661,249350174010661,2010,54,35,1145,3,2,1,1,,1,2011-06-06 07:01:40,
249350168010661,169113149010661,249350176010661,249350174010661,2010,54,35,1145,3,3,1,1,,1,2011-06-06 07:01:40,
249350169010661,169113149010661,249350176010661,249350175010661,2010,54,35,1145,4,1,2,2,,,2011-06-06 07:01:40,
249350170010661,169113149010661,249350176010661,249350175010661,2010,54,35,1145,4,2,2,2,,,2011-06-06 07:01:40,
249350171010661,169113149010661,249350176010661,249350175010661,2010,54,35,1145,4,3,1,1,,1,2011-06-06 07:01:40,
249350315010661,169112995010661,249350331010661,249350327010661,2010,54,39,2374,1,1,1,1,,1,2011-06-06 07:01:40,
249350316010661,169112995010661,249350331010661,249350327010661,2010,54,39,2374,1,2,1,1,,1,2011-06-06 07:01:40,
249350317010661,169112995010661,249350331010661,249350327010661,2010,54,39,2374,1,3,1,1,,1,2011-06-06 07:01:40,
249350318010661,169112995010661,249350331010661,249350328010661,2010,54,39,2374,2,1,1,1,,1,2011-06-06 07:01:40,
249350319010661,169112995010661,249350331010661,249350328010661,2010,54,39,2374,2,2,1,1,,1,2011-06-06 07:01:40,
249350320010661,169112995010661,249350331010661,249350328010661,2010,54,39,2374,2,3,1,1,,1,2011-06-06 07:01:40,
249350321010661,169112995010661,249350331010661,249350329010661,2010,54,39,2374,3,1,1,1,,1,2011-06-06 07:01:40,
249350322010661,169112995010661,249350331010661,249350329010661,2010,54,39,2374,3,2,1,1,,1,2011-06-06 07:01:40,
249350323010661,169112995010661,249350331010661,249350329010661,2010,54,39,2374,3,3,1,1,,1,2011-06-06 07:01:40,
249350324010661,169112995010661,249350331010661,249350330010661,2010,54,39,2374,4,1,1,1,,1,2011-06-06 07:01:41,
249350325010661,169112995010661,249350331010661,249350330010661,2010,54,39,2374,4,2,1,1,,1,2011-06-06 07:01:41,
249350326010661,169112995010661,249350331010661,249350330010661,2010,54,39,2374,4,3,1,1,,1,2011-06-06 07:01:41,
249350482010661,169112751010661,249350498010661,249350494010661,2010,54,41,2378,1,1,1,1,,1,2011-06-06 07:01:41,
249350483010661,169112751010661,249350498010661,249350494010661,2010,54,41,2378,1,2,1,1,,1,2011-06-06 07:01:41,
249350484010661,169112751010661,249350498010661,249350494010661,2010,54,41,2378,1,3,1,1,,1,2011-06-06 07:01:41,
249350485010661,169112751010661,249350498010661,249350495010661,2010,54,41,2378,2,1,2,2,,,2011-06-06 07:01:41,
249350486010661,169112751010661,249350498010661,249350495010661,2010,54,41,2378,2,2,2,2,,,2011-06-06 07:01:41,
249350487010661,169112751010661,249350498010661,249350495010661,2010,54,41,2378,2,3,2,2,,,2011-06-06 07:01:41,
249350488010661,169112751010661,249350498010661,249350496010661,2010,54,41,2378,3,1,1,1,,1,2011-06-06 07:01:41,
249350489010661,169112751010661,249350498010661,249350496010661,2010,54,41,2378,3,2,1,1,,1,2011-06-06 07:01:41,
249350490010661,169112751010661,249350498010661,249350496010661,2010,54,41,2378,3,3,1,1,,1,2011-06-06 07:01:41,
249350491010661,169112751010661,249350498010661,249350497010661,2010,54,41,2378,4,1,1,1,,1,2011-06-06 07:01:41,
249350492010661,169112751010661,249350498010661,249350497010661,2010,54,41,2378,4,2,1,1,,1,2011-06-06 07:01:41,
249350493010661,169112751010661,249350498010661,249350497010661,2010,54,41,2378,4,3,1,1,,1,2011-06-06 07:01:41,
249350866010661,169113039010661,249350882010661,249350878010661,2010,54,47,1853,1,1,1,1,,1,2011-06-06 07:01:42,
249350867010661,169113039010661,249350882010661,249350878010661,2010,54,47,1853,1,2,1,1,,1,2011-06-06 07:01:42,
249350868010661,169113039010661,249350882010661,249350878010661,2010,54,47,1853,1,3,1,1,,1,2011-06-06 07:01:42,
249350869010661,169113039010661,249350882010661,249350879010661,2010,54,47,1853,2,1,1,1,,1,2011-06-06 07:01:42,
249350870010661,169113039010661,249350882010661,249350879010661,2010,54,47,1853,2,2,1,1,,1,2011-06-06 07:01:42,
249350871010661,169113039010661,249350882010661,249350879010661,2010,54,47,1853,2,3,1,1,,1,2011-06-06 07:01:42,
249350872010661,169113039010661,249350882010661,249350880010661,2010,54,47,1853,3,1,1,1,,1,2011-06-06 07:01:42,
249350873010661,169113039010661,249350882010661,249350880010661,2010,54,47,1853,3,2,1,1,,1,2011-06-06 07:01:42,
249350874010661,169113039010661,249350882010661,249350880010661,2010,54,47,1853,3,3,1,1,,1,2011-06-06 07:01:42,
249350875010661,169113039010661,249350882010661,249350881010661,2010,54,47,1853,4,1,1,1,,1,2011-06-06 07:01:42,
249350876010661,169113039010661,249350882010661,249350881010661,2010,54,47,1853,4,2,1,1,,1,2011-06-06 07:01:42,
249350877010661,169113039010661,249350882010661,249350881010661,2010,54,47,1853,4,3,1,1,,1,2011-06-06 07:01:42,
249350680010661,169112915010661,249350696010661,249350692010661,2010,54,47,2474,1,1,1,1,,1,2011-06-06 07:01:42,
249350681010661,169112915010661,249350696010661,249350692010661,2010,54,47,2474,1,2,1,1,,1,2011-06-06 07:01:42,
249350682010661,169112915010661,249350696010661,249350692010661,2010,54,47,2474,1,3,1,1,,1,2011-06-06 07:01:42,
249350683010661,169112915010661,249350696010661,249350693010661,2010,54,47,2474,2,1,1,1,,1,2011-06-06 07:01:42,
249350684010661,169112915010661,249350696010661,249350693010661,2010,54,47,2474,2,2,1,1,,1,2011-06-06 07:01:42,
249350685010661,169112915010661,249350696010661,249350693010661,2010,54,47,2474,2,3,1,1,,1,2011-06-06 07:01:42,
249350686010661,169112915010661,249350696010661,249350694010661,2010,54,47,2474,3,1,1,1,,1,2011-06-06 07:01:42,
249350687010661,169112915010661,249350696010661,249350694010661,2010,54,47,2474,3,2,1,1,,1,2011-06-06 07:01:42,
249350688010661,169112915010661,249350696010661,249350694010661,2010,54,47,2474,3,3,1,1,,1,2011-06-06 07:01:42,
249350689010661,169112915010661,249350696010661,249350695010661,2010,54,47,2474,4,1,1,1,,1,2011-06-06 07:01:42,
249350690010661,169112915010661,249350696010661,249350695010661,2010,54,47,2474,4,2,1,1,,1,2011-06-06 07:01:42,
249350691010661,169112915010661,249350696010661,249350695010661,2010,54,47,2474,4,3,1,1,,1,2011-06-06 07:01:42,
249350967010661,169112927010661,249350974010661,249350973010661,2010,54,51,1731,4,1,2,1,,1,2011-06-06 07:01:43,
249350968010661,169112927010661,249350974010661,249350973010661,2010,54,51,1731,4,2,2,1,,1,2011-06-06 07:01:43,
249350969010661,169112927010661,249350974010661,249350973010661,2010,54,51,1731,4,3,2,1,,1,2011-06-06 07:01:43,
249351172010661,169112787010661,249351188010661,249351184010661,2010,54,55,737,1,1,1,1,,1,2011-06-06 07:01:43,
249351173010661,169112787010661,249351188010661,249351184010661,2010,54,55,737,1,2,1,1,,1,2011-06-06 07:01:43,
249351174010661,169112787010661,249351188010661,249351184010661,2010,54,55,737,1,3,1,1,,1,2011-06-06 07:01:43,
249351175010661,169112787010661,249351188010661,249351185010661,2010,54,55,737,2,1,1,1,,1,2011-06-06 07:01:43,
249351176010661,169112787010661,249351188010661,249351185010661,2010,54,55,737,2,2,1,1,,1,2011-06-06 07:01:43,
249351177010661,169112787010661,249351188010661,249351185010661,2010,54,55,737,2,3,1,1,,1,2011-06-06 07:01:43,
249351178010661,169112787010661,249351188010661,249351186010661,2010,54,55,737,3,1,1,1,,1,2011-06-06 07:01:43,
249351179010661,169112787010661,249351188010661,249351186010661,2010,54,55,737,3,2,1,1,,1,2011-06-06 07:01:43,
249351180010661,169112787010661,249351188010661,249351186010661,2010,54,55,737,3,3,1,1,,1,2011-06-06 07:01:43,
249351181010661,169112787010661,249351188010661,249351187010661,2010,54,55,737,4,1,2,1,,1,2011-06-06 07:01:43,
249351182010661,169112787010661,249351188010661,249351187010661,2010,54,55,737,4,2,2,1,,1,2011-06-06 07:01:43,
249351183010661,169112787010661,249351188010661,249351187010661,2010,54,55,737,4,3,2,1,,1,2011-06-06 07:01:43,
249351383010661,169113193010661,249351396010661,249351392010661,2010,54,59,1096,1,1,2,4,,,2011-06-06 07:01:44,
249351384010661,169113193010661,249351396010661,249351392010661,2010,54,59,1096,1,2,1,1,,1,2011-06-06 07:01:44,
249351385010661,169113193010661,249351396010661,249351392010661,2010,54,59,1096,1,3,1,1,,1,2011-06-06 07:01:44,
249351386010661,169113193010661,249351396010661,249351393010661,2010,54,59,1096,2,1,1,1,,1,2011-06-06 07:01:44,
249351387010661,169113193010661,249351396010661,249351393010661,2010,54,59,1096,2,2,1,1,,1,2011-06-06 07:01:44,
249351388010661,169113193010661,249351396010661,249351393010661,2010,54,59,1096,2,3,1,1,,1,2011-06-06 07:01:44,
249351389010661,169113193010661,249351396010661,249351395010661,2010,54,59,1096,4,1,1,1,,1,2011-06-06 07:01:44,
249351390010661,169113193010661,249351396010661,249351395010661,2010,54,59,1096,4,2,1,1,,1,2011-06-06 07:01:44,
249351391010661,169113193010661,249351396010661,249351395010661,2010,54,59,1096,4,3,1,1,,1,2011-06-06 07:01:44,
249351553010661,169112609010661,249351569010661,249351565010661,2010,54,63,1793,1,1,1,1,,1,2011-06-06 07:01:44,
249351554010661,169112609010661,249351569010661,249351565010661,2010,54,63,1793,1,2,1,1,,1,2011-06-06 07:01:44,
249351555010661,169112609010661,249351569010661,249351565010661,2010,54,63,1793,1,3,1,1,,1,2011-06-06 07:01:44,
249351556010661,169112609010661,249351569010661,249351566010661,2010,54,63,1793,2,1,1,1,,1,2011-06-06 07:01:44,
249351557010661,169112609010661,249351569010661,249351566010661,2010,54,63,1793,2,2,1,1,,1,2011-06-06 07:01:44,
249351558010661,169112609010661,249351569010661,249351566010661,2010,54,63,1793,2,3,1,1,,1,2011-06-06 07:01:44,
249351559010661,169112609010661,249351569010661,249351567010661,2010,54,63,1793,3,1,2,1,,1,2011-06-06 07:01:44,
249351560010661,169112609010661,249351569010661,249351567010661,2010,54,63,1793,3,2,2,1,,1,2011-06-06 07:01:44,
249351561010661,169112609010661,249351569010661,249351567010661,2010,54,63,1793,3,3,2,1,,1,2011-06-06 07:01:44,
249351562010661,169112609010661,249351569010661,249351568010661,2010,54,63,1793,4,1,1,1,,1,2011-06-06 07:01:44,
249351563010661,169112609010661,249351569010661,249351568010661,2010,54,63,1793,4,2,1,1,,1,2011-06-06 07:01:44,
249351564010661,169112609010661,249351569010661,249351568010661,2010,54,63,1793,4,3,1,1,,1,2011-06-06 07:01:44,
249351703010661,169113311010661,249351719010661,249351715010661,2010,54,65,1431,1,1,1,1,,1,2011-06-06 07:01:45,
249351704010661,169113311010661,249351719010661,249351715010661,2010,54,65,1431,1,2,1,1,,1,2011-06-06 07:01:45,
249351705010661,169113311010661,249351719010661,249351715010661,2010,54,65,1431,1,3,1,1,,1,2011-06-06 07:01:45,
249351706010661,169113311010661,249351719010661,249351716010661,2010,54,65,1431,2,1,1,1,,1,2011-06-06 07:01:45,
249351707010661,169113311010661,249351719010661,249351716010661,2010,54,65,1431,2,2,1,1,,1,2011-06-06 07:01:45,
249351708010661,169113311010661,249351719010661,249351716010661,2010,54,65,1431,2,3,1,1,,1,2011-06-06 07:01:45,
249351709010661,169113311010661,249351719010661,249351717010661,2010,54,65,1431,3,1,1,1,,1,2011-06-06 07:01:45,
249351710010661,169113311010661,249351719010661,249351717010661,2010,54,65,1431,3,2,1,1,,1,2011-06-06 07:01:45,
249351711010661,169113311010661,249351719010661,249351717010661,2010,54,65,1431,3,3,1,1,,1,2011-06-06 07:01:45,
249351712010661,169113311010661,249351719010661,249351718010661,2010,54,65,1431,4,1,1,1,,1,2011-06-06 07:01:45,
249351713010661,169113311010661,249351719010661,249351718010661,2010,54,65,1431,4,2,1,1,,1,2011-06-06 07:01:45,
249351714010661,169113311010661,249351719010661,249351718010661,2010,54,65,1431,4,3,1,1,,1,2011-06-06 07:01:45,
249351857010661,169112765010661,249351873010661,249351869010661,2010,54,67,862,1,1,1,1,,1,2011-06-06 07:01:45,
249351858010661,169112765010661,249351873010661,249351869010661,2010,54,67,862,1,2,1,1,,1,2011-06-06 07:01:45,
249351859010661,169112765010661,249351873010661,249351869010661,2010,54,67,862,1,3,1,1,,1,2011-06-06 07:01:45,
249351860010661,169112765010661,249351873010661,249351870010661,2010,54,67,862,2,1,1,1,,1,2011-06-06 07:01:45,
249351861010661,169112765010661,249351873010661,249351870010661,2010,54,67,862,2,2,1,1,,1,2011-06-06 07:01:45,
249351862010661,169112765010661,249351873010661,249351870010661,2010,54,67,862,2,3,1,1,,1,2011-06-06 07:01:45,
249351863010661,169112765010661,249351873010661,249351871010661,2010,54,67,862,3,1,1,1,,1,2011-06-06 07:01:45,
249351864010661,169112765010661,249351873010661,249351871010661,2010,54,67,862,3,2,1,1,,1,2011-06-06 07:01:45,
249351865010661,169112765010661,249351873010661,249351871010661,2010,54,67,862,3,3,1,1,,1,2011-06-06 07:01:45,
249351866010661,169112765010661,249351873010661,249351872010661,2010,54,67,862,4,1,1,1,,1,2011-06-06 07:01:45,
249351867010661,169112765010661,249351873010661,249351872010661,2010,54,67,862,4,2,1,1,,1,2011-06-06 07:01:45,
249351868010661,169112765010661,249351873010661,249351872010661,2010,54,67,862,4,3,1,1,,1,2011-06-06 07:01:45,
249351932010661,169112397010661,249351948010661,249351944010661,2010,54,71,1818,1,1,1,1,,1,2011-06-06 07:01:46,
249351933010661,169112397010661,249351948010661,249351944010661,2010,54,71,1818,1,2,1,1,,1,2011-06-06 07:01:46,
249351934010661,169112397010661,249351948010661,249351944010661,2010,54,71,1818,1,3,1,1,,1,2011-06-06 07:01:46,
249351935010661,169112397010661,249351948010661,249351945010661,2010,54,71,1818,2,1,1,1,,1,2011-06-06 07:01:46,
249351936010661,169112397010661,249351948010661,249351945010661,2010,54,71,1818,2,2,1,1,,1,2011-06-06 07:01:46,
249351937010661,169112397010661,249351948010661,249351945010661,2010,54,71,1818,2,3,1,1,,1,2011-06-06 07:01:46,
249351938010661,169112397010661,249351948010661,249351946010661,2010,54,71,1818,3,1,1,1,,1,2011-06-06 07:01:46,
249351939010661,169112397010661,249351948010661,249351946010661,2010,54,71,1818,3,2,1,1,,1,2011-06-06 07:01:46,
249351940010661,169112397010661,249351948010661,249351946010661,2010,54,71,1818,3,3,1,1,,1,2011-06-06 07:01:46,
249351941010661,169112397010661,249351948010661,249351947010661,2010,54,71,1818,4,1,1,1,,1,2011-06-06 07:01:46,
249351942010661,169112397010661,249351948010661,249351947010661,2010,54,71,1818,4,2,1,1,,1,2011-06-06 07:01:46,
249351943010661,169112397010661,249351948010661,249351947010661,2010,54,71,1818,4,3,1,1,,1,2011-06-06 07:01:46,
249352078010661,169112451010661,249352094010661,249352090010661,2010,54,71,2100,1,1,1,1,,1,2011-06-06 07:01:46,
249352079010661,169112451010661,249352094010661,249352090010661,2010,54,71,2100,1,2,1,1,,1,2011-06-06 07:01:46,
249352080010661,169112451010661,249352094010661,249352090010661,2010,54,71,2100,1,3,1,1,,1,2011-06-06 07:01:46,
249352081010661,169112451010661,249352094010661,249352091010661,2010,54,71,2100,2,1,1,1,,1,2011-06-06 07:01:46,
249352082010661,169112451010661,249352094010661,249352091010661,2010,54,71,2100,2,2,1,1,,1,2011-06-06 07:01:46,
249352083010661,169112451010661,249352094010661,249352091010661,2010,54,71,2100,2,3,1,1,,1,2011-06-06 07:01:46,
249352084010661,169112451010661,249352094010661,249352092010661,2010,54,71,2100,3,1,1,1,,1,2011-06-06 07:01:46,
249352085010661,169112451010661,249352094010661,249352092010661,2010,54,71,2100,3,2,1,1,,1,2011-06-06 07:01:46,
249352086010661,169112451010661,249352094010661,249352092010661,2010,54,71,2100,3,3,1,1,,1,2011-06-06 07:01:46,
249352087010661,169112451010661,249352094010661,249352093010661,2010,54,71,2100,4,1,1,1,,1,2011-06-06 07:01:46,
249352088010661,169112451010661,249352094010661,249352093010661,2010,54,71,2100,4,2,1,1,,1,2011-06-06 07:01:46,
249352089010661,169112451010661,249352094010661,249352093010661,2010,54,71,2100,4,3,1,1,,1,2011-06-06 07:01:46,
249352208010661,169112507010661,249352224010661,249352220010661,2010,54,75,3599,1,1,1,1,,1,2011-06-06 07:01:46,
249352209010661,169112507010661,249352224010661,249352220010661,2010,54,75,3599,1,2,1,1,,1,2011-06-06 07:01:46,
249352210010661,169112507010661,249352224010661,249352220010661,2010,54,75,3599,1,3,1,1,,1,2011-06-06 07:01:46,
249352211010661,169112507010661,249352224010661,249352221010661,2010,54,75,3599,2,1,1,1,,1,2011-06-06 07:01:46,
249352212010661,169112507010661,249352224010661,249352221010661,2010,54,75,3599,2,2,1,1,,1,2011-06-06 07:01:46,
249352213010661,169112507010661,249352224010661,249352221010661,2010,54,75,3599,2,3,1,1,,1,2011-06-06 07:01:46,
249352214010661,169112507010661,249352224010661,249352222010661,2010,54,75,3599,3,1,1,1,,1,2011-06-06 07:01:46,
249352215010661,169112507010661,249352224010661,249352222010661,2010,54,75,3599,3,2,1,1,,1,2011-06-06 07:01:47,
249352216010661,169112507010661,249352224010661,249352222010661,2010,54,75,3599,3,3,1,1,,1,2011-06-06 07:01:47,
249352217010661,169112507010661,249352224010661,249352223010661,2010,54,75,3599,4,1,1,1,,1,2011-06-06 07:01:47,
249352218010661,169112507010661,249352224010661,249352223010661,2010,54,75,3599,4,2,1,1,,1,2011-06-06 07:01:47,
249352219010661,169112507010661,249352224010661,249352223010661,2010,54,75,3599,4,3,1,1,,1,2011-06-06 07:01:47,
249352392010661,169113319010661,249352408010661,249352404010661,2010,54,77,1835,1,1,1,1,,1,2011-06-06 07:01:47,
249352393010661,169113319010661,249352408010661,249352404010661,2010,54,77,1835,1,2,1,1,,1,2011-06-06 07:01:47,
249352394010661,169113319010661,249352408010661,249352404010661,2010,54,77,1835,1,3,1,1,,1,2011-06-06 07:01:47,
249352395010661,169113319010661,249352408010661,249352405010661,2010,54,77,1835,2,1,1,1,,1,2011-06-06 07:01:47,
249352396010661,169113319010661,249352408010661,249352405010661,2010,54,77,1835,2,2,1,1,,1,2011-06-06 07:01:47,
249352397010661,169113319010661,249352408010661,249352405010661,2010,54,77,1835,2,3,1,1,,1,2011-06-06 07:01:47,
249352398010661,169113319010661,249352408010661,249352406010661,2010,54,77,1835,3,1,1,1,,1,2011-06-06 07:01:47,
249352399010661,169113319010661,249352408010661,249352406010661,2010,54,77,1835,3,2,1,1,,2,2011-06-06 07:01:47,
249352400010661,169113319010661,249352408010661,249352406010661,2010,54,77,1835,3,3,1,1,,1,2011-06-06 07:01:47,
249352401010661,169113319010661,249352408010661,249352407010661,2010,54,77,1835,4,1,1,1,,1,2011-06-06 07:01:47,
249352402010661,169113319010661,249352408010661,249352407010661,2010,54,77,1835,4,2,1,1,,1,2011-06-06 07:01:47,
249352403010661,169113319010661,249352408010661,249352407010661,2010,54,77,1835,4,3,1,1,,1,2011-06-06 07:01:47,
249352551010661,169113379010661,249352567010661,249352563010661,2010,54,79,1640,1,1,1,1,,1,2011-06-06 07:01:47,
249352552010661,169113379010661,249352567010661,249352563010661,2010,54,79,1640,1,2,1,1,,1,2011-06-06 07:01:47,
249352553010661,169113379010661,249352567010661,249352563010661,2010,54,79,1640,1,3,1,1,,1,2011-06-06 07:01:47,
249352554010661,169113379010661,249352567010661,249352564010661,2010,54,79,1640,2,1,1,1,,1,2011-06-06 07:01:47,
249352555010661,169113379010661,249352567010661,249352564010661,2010,54,79,1640,2,2,1,1,,1,2011-06-06 07:01:47,
249352556010661,169113379010661,249352567010661,249352564010661,2010,54,79,1640,2,3,1,1,,1,2011-06-06 07:01:47,
249352557010661,169113379010661,249352567010661,249352565010661,2010,54,79,1640,3,1,1,1,,1,2011-06-06 07:01:47,
249352558010661,169113379010661,249352567010661,249352565010661,2010,54,79,1640,3,2,1,1,,1,2011-06-06 07:01:47,
249352559010661,169113379010661,249352567010661,249352565010661,2010,54,79,1640,3,3,1,1,,1,2011-06-06 07:01:47,
249352560010661,169113379010661,249352567010661,249352566010661,2010,54,79,1640,4,1,1,1,,1,2011-06-06 07:01:47,
249352561010661,169113379010661,249352567010661,249352566010661,2010,54,79,1640,4,2,1,1,,1,2011-06-06 07:01:47,
249352562010661,169113379010661,249352567010661,249352566010661,2010,54,79,1640,4,3,1,1,,1,2011-06-06 07:01:47,
249352680010661,169113349010661,249352690010661,249352688010661,2010,54,81,1604,3,1,2,1,,1,2011-06-06 07:01:48,
249352681010661,169113349010661,249352690010661,249352688010661,2010,54,81,1604,3,2,1,2,,,2011-06-06 07:01:48,
249352682010661,169113349010661,249352690010661,249352688010661,2010,54,81,1604,3,3,1,2,,,2011-06-06 07:01:48,
249352683010661,169113349010661,249352690010661,249352689010661,2010,54,81,1604,4,1,3,1,,1,2011-06-06 07:01:48,
249352684010661,169113349010661,249352690010661,249352689010661,2010,54,81,1604,4,2,3,1,,1,2011-06-06 07:01:48,
249352685010661,169113349010661,249352690010661,249352689010661,2010,54,81,1604,4,3,3,1,,1,2011-06-06 07:01:48,
249352882010661,169112575010661,249352898010661,249352894010661,2010,54,83,1282,1,1,1,1,,1,2011-06-06 07:01:48,
249352883010661,169112575010661,249352898010661,249352894010661,2010,54,83,1282,1,2,1,1,,1,2011-06-06 07:01:48,
249352884010661,169112575010661,249352898010661,249352894010661,2010,54,83,1282,1,3,1,1,,1,2011-06-06 07:01:48,
249352885010661,169112575010661,249352898010661,249352895010661,2010,54,83,1282,2,1,1,1,,1,2011-06-06 07:01:48,
249352886010661,169112575010661,249352898010661,249352895010661,2010,54,83,1282,2,2,1,1,,1,2011-06-06 07:01:48,
249352887010661,169112575010661,249352898010661,249352895010661,2010,54,83,1282,2,3,1,1,,1,2011-06-06 07:01:48,
249352888010661,169112575010661,249352898010661,249352896010661,2010,54,83,1282,3,1,1,1,,1,2011-06-06 07:01:48,
249352889010661,169112575010661,249352898010661,249352896010661,2010,54,83,1282,3,2,1,1,,1,2011-06-06 07:01:48,
249352890010661,169112575010661,249352898010661,249352896010661,2010,54,83,1282,3,3,1,1,,1,2011-06-06 07:01:48,
249352891010661,169112575010661,249352898010661,249352897010661,2010,54,83,1282,4,1,1,1,,1,2011-06-06 07:01:48,
249352892010661,169112575010661,249352898010661,249352897010661,2010,54,83,1282,4,2,1,1,,1,2011-06-06 07:01:48,
249352893010661,169112575010661,249352898010661,249352897010661,2010,54,83,1282,4,3,1,1,,1,2011-06-06 07:01:48,
249353064010661,169113235010661,249353080010661,249353076010661,2010,54,99,1003,1,1,1,1,,1,2011-06-06 07:01:49,
249353065010661,169113235010661,249353080010661,249353076010661,2010,54,99,1003,1,2,1,1,,1,2011-06-06 07:01:49,
249353066010661,169113235010661,249353080010661,249353076010661,2010,54,99,1003,1,3,1,1,,1,2011-06-06 07:01:49,
249353067010661,169113235010661,249353080010661,249353077010661,2010,54,99,1003,2,1,1,1,,1,2011-06-06 07:01:49,
249353068010661,169113235010661,249353080010661,249353077010661,2010,54,99,1003,2,2,1,1,,1,2011-06-06 07:01:49,
249353069010661,169113235010661,249353080010661,249353077010661,2010,54,99,1003,2,3,1,1,,1,2011-06-06 07:01:49,
249353070010661,169113235010661,249353080010661,249353078010661,2010,54,99,1003,3,1,1,1,,1,2011-06-06 07:01:49,
249353071010661,169113235010661,249353080010661,249353078010661,2010,54,99,1003,3,2,1,1,,1,2011-06-06 07:01:49,
249353072010661,169113235010661,249353080010661,249353078010661,2010,54,99,1003,3,3,1,1,,1,2011-06-06 07:01:49,
249353073010661,169113235010661,249353080010661,249353079010661,2010,54,99,1003,4,1,1,1,,1,2011-06-06 07:01:49,
249353074010661,169113235010661,249353080010661,249353079010661,2010,54,99,1003,4,2,1,1,,1,2011-06-06 07:01:49,
249353075010661,169113235010661,249353080010661,249353079010661,2010,54,99,1003,4,3,1,1,,1,2011-06-06 07:01:49,
249353185010661,169113125010661,249353192010661,249353189010661,2010,54,107,762,2,1,2,1,,1,2011-06-06 07:01:50,
249353186010661,169113125010661,249353192010661,249353189010661,2010,54,107,762,2,2,2,1,,1,2011-06-06 07:01:50,
249353187010661,169113125010661,249353192010661,249353189010661,2010,54,107,762,2,3,2,1,,1,2011-06-06 07:01:50,
