tree_uid,plot_id,plot_label_raw,watershed,tag_number,common_name,genus,species,dbh_in,dbh_cm,crown_class,origin,ba_m2,jenkins_group,agb_kg_jenkins,agb_kg_legacy_cm_assumed,myc_type,qc_note
T0001,WS5-6,WS5-6,WS5,,American Basswood,Tilia,americana,3.2,8.128,Overtopped,Seed,0.005189,mixed hardwood,15.237,1.50403649,ECM,
T0002,WS5-6,WS5-6,WS5,95.0,American Beech,Fagus,grandifolia,11.5,29.21,Co-dominant,Seed,0.067012,hard maple/oak/hickory/beech,476.602,46.77032656,ECM,
T0003,WS5-6,WS5-6,WS5,609.0,American Beech,Fagus,grandifolia,2.7,6.858,Overtopped,Seed,0.003694,hard maple/oak/hickory/beech,13.866,1.288078839,ECM,
T0004,WS5-6,WS5-6,WS5,84.0,American Beech,Fagus,grandifolia,4.3,10.922,Overtopped,Stem-sprout,0.009369,hard maple/oak/hickory/beech,43.181,4.082542192,ECM,
T0005,WS5-6,WS5-6,WS5,610.0,American Beech,Fagus,grandifolia,1.8,4.572,Overtopped,Seed,0.001642,hard maple/oak/hickory/beech,5.154,0.471452277,ECM,
T0006,WS5-6,WS5-6,WS5,93.0,American Beech,Fagus,grandifolia,5.4,13.716,Intermediate,Seed,0.014776,hard maple/oak/hickory/beech,75.295,7.180458431,ECM,
T0007,WS5-6,WS5-6,WS5,507.0,American Beech,Fagus,grandifolia,7.3,18.542,Intermediate,Stem-sprout,0.027002,hard maple/oak/hickory/beech,157.168,15.1602525,ECM,
T0008,WS5-6,WS5-6,WS5,86.0,American Beech,Fagus,grandifolia,5.0,12.7,Intermediate,Seed,0.012668,hard maple/oak/hickory/beech,62.399,5.933343982,ECM,
T0009,WS5-6,WS5-6,WS5,,American Beech,Fagus,grandifolia,4.7,11.938,Intermediate,Seed,0.011193,hard maple/oak/hickory/beech,53.652,5.089643588,ECM,
T0010,WS5-6,WS5-6,WS5,508.0,American Beech,Fagus,grandifolia,5.3,13.462,Overtopped,Seed,0.014233,hard maple/oak/hickory/beech,71.937,6.855341579,ECM,
T0011,WS5-6,WS5-6,WS5,79.0,American Beech,Fagus,grandifolia,4.0,10.16,Overtopped,Seed,0.008107,hard maple/oak/hickory/beech,36.193,3.412507789,ECM,
T0012,WS5-6,WS5-6,WS5,505.0,American Beech,Fagus,grandifolia,3.3,8.382,Overtopped,Seed,0.005518,hard maple/oak/hickory/beech,22.63,2.11823968,ECM,
T0013,WS5-6,WS5-6,WS5,613.0,American Beech,Fagus,grandifolia,2.7,6.858,Overtopped,Seed,0.003694,hard maple/oak/hickory/beech,13.866,1.288078839,ECM,
T0014,WS5-6,WS5-6,WS5,608.0,American Beech,Fagus,grandifolia,2.5,6.35,Overtopped,Seed,0.003167,hard maple/oak/hickory/beech,11.491,1.064363077,ECM,
T0015,WS5-6,WS5-6,WS5,,American Beech,Fagus,grandifolia,2.5,6.35,Overtopped,Seed,0.003167,hard maple/oak/hickory/beech,11.491,1.064363077,ECM,
T0016,WS5-6,WS5-6,WS5,614.0,American Beech,Fagus,grandifolia,2.3,5.842,Overtopped,Seed,0.00268,hard maple/oak/hickory/beech,9.375,0.865615597,ECM,
T0017,WS5-6,WS5-6,WS5,,American Beech,Fagus,grandifolia,2.2,5.588,Overtopped,Seed,0.002452,hard maple/oak/hickory/beech,8.411,0.775301084,ECM,
T0018,WS5-6,WS5-6,WS5,,American Beech,Fagus,grandifolia,2.2,5.588,Overtopped,Stem-sprout,0.002452,hard maple/oak/hickory/beech,8.411,0.775301084,ECM,
T0019,WS5-6,WS5-6,WS5,96.0,American Beech,Fagus,grandifolia,1.8,4.572,Overtopped,Seed,0.001642,hard maple/oak/hickory/beech,5.154,0.471452277,ECM,
T0020,WS5-6,WS5-6,WS5,678.0,American Beech,Fagus,grandifolia,1.8,4.572,Overtopped,Seed,0.001642,hard maple/oak/hickory/beech,5.154,0.471452277,ECM,
T0021,WS5-6,WS5-6,WS5,575.0,American Beech,Fagus,grandifolia,1.7,4.318,Overtopped,Seed,0.001464,hard maple/oak/hickory/beech,4.482,0.409169894,ECM,
T0022,WS5-6,WS5-6,WS5,679.0,American Beech,Fagus,grandifolia,1.5,3.81,Overtopped,Seed,0.00114,hard maple/oak/hickory/beech,3.302,0.300026009,ECM,
T0023,WS5-6,WS5-6,WS5,607.0,American Beech,Fagus,grandifolia,1.4,3.556,Overtopped,Seed,0.000993,hard maple/oak/hickory/beech,2.791,0.252862494,ECM,
T0024,WS5-6,WS5-6,WS5,,American Beech,Fagus,grandifolia,1.4,3.556,Overtopped,Seed,0.000993,hard maple/oak/hickory/beech,2.791,0.252862494,ECM,
T0025,WS5-6,WS5-6,WS5,677.0,American Beech,Fagus,grandifolia,1.3,3.302,Overtopped,Seed,0.000856,hard maple/oak/hickory/beech,2.329,0.210427867,ECM,
T0026,WS5-6,WS5-6,WS5,,American Beech,Fagus,grandifolia,1.2,3.048,Overtopped,Seed,0.00073,hard maple/oak/hickory/beech,1.915,0.172557178,ECM,
T0027,WS5-6,WS5-6,WS5,77.0,Black Cherry,Prunus,serotina,19.8,50.292,Dominant,Seed,0.19865,mixed hardwood,1408.063,142.2712726,AM,
T0028,WS5-6,WS5-6,WS5,76.0,Chestnut Oak,Quercus,montana,11.6,29.464,Co-dominant,Seed,0.068183,hard maple/oak/hickory/beech,486.782,73.64516445,ECM,
T0029,WS5-6,WS5-6,WS5,92.0,Chestnut Oak,Quercus,montana,12.5,31.75,Co-dominant,Seed,0.079173,hard maple/oak/hickory/beech,584.184,86.97403256,ECM,
T0030,WS5-6,WS5-6,WS5,17.0,Chestnut Oak,Quercus,montana,,,,,,hard maple/oak/hickory/beech,,,ECM,DBH missing
T0031,WS5-6,WS5-6,WS5,16.0,Cucumbertree,Magnolia,acuminata,9.2,23.368,Co-dominant,Seed,0.042888,mixed hardwood,209.856,22.20941902,AM,
T0032,WS5-6,WS5-6,WS5,106.0,Northern Red Oak,Quercus,rubra,9.5,24.13,Co-dominant,Seed,0.04573,hard maple/oak/hickory/beech,298.962,47.56763585,ECM,
T0033,WS5-6,WS5-6,WS5,57.0,Northern Red Oak,Quercus,rubra,23.2,58.928,Dominant,Seed,0.27273,hard maple/oak/hickory/beech,2643.313,346.6220689,ECM,
T0034,WS5-6,WS5-6,WS5,62.0,Red Maple,Acer,rubrum,10.3,26.162,Intermediate,Seed,0.053757,soft maple/birch,332.991,29.22614546,AM,
T0035,WS5-6,WS5-6,WS5,84.0,Red Maple,Acer,rubrum,12.4,31.496,Co-dominant,Seed,0.077911,soft maple/birch,516.443,46.95159493,AM,
T0036,WS5-6,WS5-6,WS5,97.0,Red Maple,Acer,rubrum,21.1,53.594,Co-dominant,Seed,0.225591,soft maple/birch,1815.647,182.5820635,AM,
T0037,WS5-6,WS5-6,WS5,105.0,Red Maple,Acer,rubrum,13.3,33.782,Co-dominant,Seed,0.089631,soft maple/birch,609.526,56.15564447,AM,
T0038,WS5-6,WS5-6,WS5,61.0,Red Maple,Acer,rubrum,10.1,25.654,Intermediate,Seed,0.051689,soft maple/birch,317.901,27.79809748,AM,
T0039,WS5-6,WS5-6,WS5,107.0,Red Maple,Acer,rubrum,9.1,23.114,Intermediate,Seed,0.04196,soft maple/birch,248.428,21.29770767,AM,
T0040,WS5-6,WS5-6,WS5,60.0,Red Maple,Acer,rubrum,5.5,13.97,Overtopped,Seed,0.015328,soft maple/birch,75.51,5.883667099,AM,
T0041,WS5-6,WS5-6,WS5,,Striped Maple,Acer,pennsylvanicum,1.1,2.794,Overtopped,Seed,0.000613,soft maple/birch,1.678,0.099476779,AM,
T0042,WS5-6,WS5-6,WS5,,Striped Maple,Acer,pennsylvanicum,2.3,5.842,Overtopped,Seed,0.00268,soft maple/birch,9.605,0.651446245,AM,
T0043,WS5-6,WS5-6,WS5,72.0,Striped Maple,Acer,pennsylvanicum,,,,,,soft maple/birch,,,AM,DBH missing
T0044,WS5-6,WS5-6,WS5,618.0,Striped Maple,Acer,pennsylvanicum,,,,Seed,,soft maple/birch,,,AM,DBH missing
T0045,WS5-6,WS5-6,WS5,,Sugar Maple,Acer,saccharum,4.5,11.43,Intermediate,Seed,0.010261,hard maple/oak/hickory/beech,48.249,3.558833734,AM,
T0046,WS5-6,WS5-6,WS5,,Sugar Maple,Acer,saccharum,18.5,46.99,Dominant,Seed,0.173421,hard maple/oak/hickory/beech,1521.103,131.235254,AM,
T0047,WS5-6,WS5-6,WS5,,Sugar Maple,Acer,saccharum,6.6,16.764,Intermediate,Seed,0.022072,hard maple/oak/hickory/beech,122.885,9.457220525,AM,
T0048,WS5-6,WS5-6,WS5,82.0,Sugar Maple,Acer,saccharum,5.9,14.986,Intermediate,Seed,0.017638,hard maple/oak/hickory/beech,93.464,7.104085146,AM,
T0049,WS5-6,WS5-6,WS5,74.0,Sugar Maple,Acer,saccharum,1.9,4.826,Overtopped,Seed,0.001829,hard maple/oak/hickory/beech,5.881,0.394219421,AM,
T0050,WS5-6,WS5-6,WS5,31.0,Sweet Birch,Betula,lenta,5.7,14.478,Intermediate,Seed,0.016463,soft maple/birch,82.166,26.60682369,ECM,
T0051,WS5-6,WS5-6,WS5,,Sweet Birch,Betula,lenta,1.6,4.064,Overtopped,Seed,0.001297,soft maple/birch,4.071,2.221789883,ECM,
T0052,WS5-6,WS5-6,WS5,,Sweet Birch,Betula,lenta,1.5,3.81,Overtopped,Seed,0.00114,soft maple/birch,3.495,1.958513994,ECM,
T0053,WS5-6,WS5-6,WS5,,Sweet Birch,Betula,lenta,1.1,2.794,Overtopped,Seed,0.000613,soft maple/birch,1.678,1.068283092,ECM,
T0054,WS5-5,WS5-5,WS5,,American Basswood,Tilia,americana,1.0,2.54,Overtopped,Seed,0.000507,mixed hardwood,0.848,0.079773457,ECM,
T0055,WS5-5,WS5-5,WS5,142.0,American Beech,Fagus,grandifolia,4.6,11.684,Overtopped,Seed,0.010722,hard maple/oak/hickory/beech,50.908,4.825416443,ECM,
T0056,WS5-5,WS5-5,WS5,612.0,American Beech,Fagus,grandifolia,2.6,6.604,Overtopped,Seed,0.003425,hard maple/oak/hickory/beech,12.646,1.173040427,ECM,
T0057,WS5-5,WS5-5,WS5,708.0,American Beech,Fagus,grandifolia,2.0,5.08,Overtopped,Seed,0.002027,hard maple/oak/hickory/beech,6.665,0.612158557,ECM,
T0058,WS5-5,WS5-5,WS5,709.0,American Beech,Fagus,grandifolia,1.4,3.556,Overtopped,Seed,0.000993,hard maple/oak/hickory/beech,2.791,0.252862494,ECM,
T0059,WS5-5,WS5-5,WS5,580.0,American Beech,Fagus,grandifolia,4.5,11.43,Overtopped,Seed,0.010261,hard maple/oak/hickory/beech,48.249,4.569549016,ECM,
T0060,WS5-5,WS5-5,WS5,722.0,American Beech,Fagus,grandifolia,1.8,4.572,Overtopped,Seed,0.001642,hard maple/oak/hickory/beech,5.154,0.471452277,ECM,
T0061,WS5-5,WS5-5,WS5,102.0,American Beech,Fagus,grandifolia,6.5,16.51,Intermediate,Seed,0.021408,hard maple/oak/hickory/beech,118.39,11.36968891,ECM,
T0062,WS5-5,WS5-5,WS5,659.0,American Beech,Fagus,grandifolia,4.8,12.192,Overtopped,Seed,0.011675,hard maple/oak/hickory/beech,56.481,5.36231699,ECM,
T0063,WS5-5,WS5-5,WS5,635.0,American Beech,Fagus,grandifolia,2.7,6.858,Overtopped,Seed,0.003694,hard maple/oak/hickory/beech,13.866,1.288078839,ECM,
T0064,WS5-5,WS5-5,WS5,789.0,American Beech,Fagus,grandifolia,1.8,4.572,Overtopped,Seed,0.001642,hard maple/oak/hickory/beech,5.154,0.471452277,ECM,
T0065,WS5-5,WS5-5,WS5,706.0,American Beech,Fagus,grandifolia,1.7,4.318,Overtopped,Seed,0.001464,hard maple/oak/hickory/beech,4.482,0.409169894,ECM,
T0066,WS5-5,WS5-5,WS5,761.0,American Beech,Fagus,grandifolia,1.7,4.318,Overtopped,Seed,0.001464,hard maple/oak/hickory/beech,4.482,0.409169894,ECM,
T0067,WS5-5,WS5-5,WS5,707.0,American Beech,Fagus,grandifolia,1.5,3.81,Overtopped,Seed,0.00114,hard maple/oak/hickory/beech,3.302,0.300026009,ECM,
T0068,WS5-5,WS5-5,WS5,790.0,American Beech,Fagus,grandifolia,1.5,3.81,Overtopped,Seed,0.00114,hard maple/oak/hickory/beech,3.302,0.300026009,ECM,
T0069,WS5-5,WS5-5,WS5,,American Beech,Fagus,grandifolia,1.2,3.048,Overtopped,Seed,0.00073,hard maple/oak/hickory/beech,1.915,0.172557178,ECM,
T0070,WS5-5,WS5-5,WS5,,American Beech,Fagus,grandifolia,1.1,2.794,Overtopped,Seed,0.000613,hard maple/oak/hickory/beech,1.549,0.139078713,ECM,
T0071,WS5-5,WS5-5,WS5,767.0,Cucumbertree,Magnolia,acuminata,1.3,3.302,Overtopped,Seed,0.000856,mixed hardwood,1.627,0.162538497,AM,
T0072,WS5-5,WS5-5,WS5,788.0,Cucumbertree,Magnolia,acuminata,1.1,2.794,Overtopped,Seed,0.000613,mixed hardwood,1.074,0.106817668,AM,
T0073,WS5-5,WS5-5,WS5,139.0,Northern Red Oak,Quercus,rubra,15.9,40.386,Co-dominant,Seed,0.128101,hard maple/oak/hickory/beech,1051.0,149.5725304,ECM,
T0074,WS5-5,WS5-5,WS5,,Red Maple,Acer,rubrum,20.4,51.816,Dominant,Seed,0.210871,soft maple/birch,1676.398,167.5036017,AM,
T0075,WS5-5,WS5-5,WS5,764.0,Striped Maple,Acer,pennsylvanicum,2.1,5.334,,Seed,0.002235,soft maple/birch,7.746,0.516675494,AM,
T0076,WS5-5,WS5-5,WS5,,Striped Maple,Acer,pennsylvanicum,1.3,3.302,Overtopped,Seed,0.000856,soft maple/birch,2.491,0.15225371,AM,
T0077,WS5-5,WS5-5,WS5,,Striped Maple,Acer,pennsylvanicum,1.0,2.54,Overtopped,Seed,0.000507,soft maple/birch,1.34,0.078029807,AM,
T0078,WS5-5,WS5-5,WS5,,Sugar Maple,Acer,saccharum,2.9,7.366,Overtopped,Seed,0.004261,hard maple/oak/hickory/beech,16.508,1.159776377,AM,
T0079,WS5-5,WS5-5,WS5,613.0,Sugar Maple,Acer,saccharum,2.6,6.604,,Seed,0.003425,hard maple/oak/hickory/beech,12.646,0.877713577,AM,
T0080,WS5-5,WS5-5,WS5,629.0,Sugar Maple,Acer,saccharum,7.3,18.542,Intermediate,Seed,0.027002,hard maple/oak/hickory/beech,157.168,12.23155152,AM,
T0081,WS5-5,WS5-5,WS5,108.0,Sugar Maple,Acer,saccharum,4.4,11.176,Intermediate,Seed,0.00981,hard maple/oak/hickory/beech,45.673,3.360484394,AM,
T0082,WS5-5,WS5-5,WS5,1.0,Sugar Maple,Acer,saccharum,16.5,41.91,Co-dominant,Seed,0.137951,hard maple/oak/hickory/beech,1150.458,98.00626854,AM,
T0083,WS5-5,WS5-5,WS5,515.0,Sugar Maple,Acer,saccharum,5.7,14.478,Intermediate,Seed,0.016463,hard maple/oak/hickory/beech,85.918,6.505616139,AM,
T0084,WS5-5,WS5-5,WS5,143.0,Sugar Maple,Acer,saccharum,5.1,12.954,Intermediate,Seed,0.013179,hard maple/oak/hickory/beech,65.489,4.898028103,AM,
T0085,WS5-5,WS5-5,WS5,3.0,Sugar Maple,Acer,saccharum,12.4,31.496,Co-dominant,Seed,0.077911,hard maple/oak/hickory/beech,572.842,47.27846378,AM,
T0086,WS5-5,WS5-5,WS5,167.0,Sugar Maple,Acer,saccharum,10.5,26.67,Intermediate,Seed,0.055864,hard maple/oak/hickory/beech,381.694,30.92686143,AM,
T0087,WS5-5,WS5-5,WS5,28.0,Sugar Maple,Acer,saccharum,9.9,25.146,Intermediate,Seed,0.049662,hard maple/oak/hickory/beech,330.627,26.61491903,AM,
T0088,WS5-5,WS5-5,WS5,138.0,Sugar Maple,Acer,saccharum,6.7,17.018,Intermediate,Seed,0.022746,hard maple/oak/hickory/beech,127.48,9.827191666,AM,
T0089,WS5-5,WS5-5,WS5,,Sugar Maple,Acer,saccharum,3.4,8.636,Overtopped,Seed,0.005858,hard maple/oak/hickory/beech,24.341,1.740442338,AM,
T0090,WS5-5,WS5-5,WS5,529.0,Sugar Maple,Acer,saccharum,1.9,4.826,Overtopped,Seed,0.001829,hard maple/oak/hickory/beech,5.881,0.394219421,AM,
T0091,WS5-5,WS5-5,WS5,781.0,Sugar Maple,Acer,saccharum,1.2,3.048,Overtopped,Seed,0.00073,hard maple/oak/hickory/beech,1.915,0.122026942,AM,
T0092,WS5-5,WS5-5,WS5,684.0,Sweet Birch,Betula,lenta,4.0,10.16,,,0.008107,soft maple/birch,35.555,13.31661664,ECM,
T0093,WS5-5,WS5-5,WS5,,Sweet Birch,Betula,lenta,3.6,9.144,Overtopped,Seed,0.006567,soft maple/birch,27.713,10.83853057,ECM,
T0094,WS5-5,WS5-5,WS5,763.0,Sweet Birch,Betula,lenta,1.4,3.556,Overtopped,Seed,0.000993,soft maple/birch,2.969,1.71147199,ECM,
T0095,WS5-5,WS5-5,WS5,723.0,Sweet Birch,Betula,lenta,2.5,6.35,Overtopped,Seed,0.003167,soft maple/birch,11.699,5.314762725,ECM,
T0096,WS5-5,WS5-5,WS5,710.0,Sweet Birch,Betula,lenta,1.6,4.064,Overtopped,Seed,0.001297,soft maple/birch,4.071,2.221789883,ECM,
T0097,WS5-5,WS5-5,WS5,779.0,Sweet Birch,Betula,lenta,1.6,4.064,Overtopped,Seed,0.001297,soft maple/birch,4.071,2.221789883,ECM,
T0098,WS5-5,WS5-5,WS5,,Sweet Birch,Betula,lenta,1.4,3.556,Overtopped,Seed,0.000993,soft maple/birch,2.969,1.71147199,ECM,
T0099,WS5-5,WS5-5,WS5,,Sweet Birch,Betula,lenta,1.3,3.302,Overtopped,Seed,0.000856,soft maple/birch,2.491,1.48071519,ECM,
T0100,WS5-5,WS5-5,WS5,780.0,Sweet Birch,Betula,lenta,1.2,3.048,Overtopped,Seed,0.00073,soft maple/birch,2.062,1.266298904,ECM,
T0101,WS5-5,WS5-5,WS5,,Sweet Birch,Betula,lenta,1.0,2.54,Overtopped,Seed,0.000507,soft maple/birch,1.34,0.886733198,ECM,
T0102,WS5-5,WS5-5,WS5,768.0,Yellow-poplar,Liriodendron,tulipifera,2.0,5.08,Overtopped,Seed,0.002027,mixed hardwood,4.742,0.745192782,AM,
T0103,WS5-5,WS5-5,WS5,766.0,Yellow-poplar,Liriodendron,tulipifera,1.2,3.048,Overtopped,Seed,0.00073,mixed hardwood,1.334,0.221275597,AM,
T0104,WS5-5,WS5-5,WS5,,Yellow-poplar,Liriodendron,tulipifera,1.2,3.048,Overtopped,Seed,0.00073,mixed hardwood,1.334,0.221275597,AM,
T0105,WS5-5,WS5-5,WS5,765.0,Yellow-poplar,Liriodendron,tulipifera,1.1,2.794,Overtopped,Seed,0.000613,mixed hardwood,1.074,0.179932661,AM,
T0106,WS5-4,WS5-4,WS5,613.0,American Beech,Fagus,grandifolia,6.9,17.526,Intermediate,Seed,0.024124,hard maple/oak/hickory/beech,136.969,13.18376665,ECM,
T0107,WS5-4,WS5-4,WS5,3.0,American Beech,Fagus,grandifolia,4.9,12.446,Intermediate,Seed,0.012166,hard maple/oak/hickory/beech,59.397,5.643522234,ECM,
T0108,WS5-4,WS5-4,WS5,49.0,Black Cherry,Prunus,serotina,26.0,66.04,Dominant,Seed,0.342534,mixed hardwood,2769.75,285.4471182,AM,
T0109,WS5-4,WS5-4,WS5,699.0,Striped Maple,Acer,pennsylvanicum,2.2,5.588,Overtopped,Seed,0.002452,soft maple/birch,8.646,0.581691196,AM,
T0110,WS5-4,WS5-4,WS5,717.0,Striped Maple,Acer,pennsylvanicum,2.8,7.112,Overtopped,Seed,0.003973,soft maple/birch,15.295,1.07532439,AM,
T0111,WS5-4,WS5-4,WS5,,Striped Maple,Acer,pennsylvanicum,1.3,3.302,Overtopped,Seed,0.000856,soft maple/birch,2.491,0.15225371,AM,
T0112,WS5-4,WS5-4,WS5,,Sugar Maple,Acer,saccharum,11.8,29.972,Co-dominant,Stump-sprout,0.070554,hard maple/oak/hickory/beech,507.524,41.65785883,AM,
T0113,WS5-4,WS5-4,WS5,695.0,Sugar Maple,Acer,saccharum,4.9,12.446,Intermediate,Seed,0.012166,hard maple/oak/hickory/beech,59.397,4.422673452,AM,
T0114,WS5-4,WS5-4,WS5,156.0,Sugar Maple,Acer,saccharum,3.8,9.652,Intermediate,Seed,0.007317,hard maple/oak/hickory/beech,31.933,2.311675132,AM,
T0115,WS5-4,WS5-4,WS5,668.0,Sugar Maple,Acer,saccharum,3.3,8.382,Intermediate,Seed,0.005518,hard maple/oak/hickory/beech,22.63,1.612778519,AM,
T0116,WS5-4,WS5-4,WS5,,Sugar Maple,Acer,saccharum,2.4,6.096,Intermediate,Seed,0.002919,hard maple/oak/hickory/beech,10.401,0.715557459,AM,
T0117,WS5-4,WS5-4,WS5,694.0,Sugar Maple,Acer,saccharum,2.8,7.112,Overtopped,Seed,0.003973,hard maple/oak/hickory/beech,15.153,1.06043457,AM,
T0118,WS5-4,WS5-4,WS5,696.0,Sugar Maple,Acer,saccharum,2.4,6.096,Overtopped,Seed,0.002919,hard maple/oak/hickory/beech,10.401,0.715557459,AM,
T0119,WS5-4,WS5-4,WS5,697.0,Sugar Maple,Acer,saccharum,1.6,4.064,Overtopped,Seed,0.001297,hard maple/oak/hickory/beech,3.866,0.254262832,AM,
T0120,WS5-4,WS5-4,WS5,722.0,Sweet Birch,Betula,lenta,1.4,3.556,Intermediate,Seed,0.000993,soft maple/birch,2.969,1.71147199,ECM,
T0121,WS5-4,WS5-4,WS5,154.0,Sweet Birch,Betula,lenta,14.8,37.592,Intermediate,Seed,0.110989,soft maple/birch,784.796,171.7219815,ECM,
T0122,WS5-4,WS5-4,WS5,734.0,Sweet Birch,Betula,lenta,3.8,9.652,Intermediate,Seed,0.007317,soft maple/birch,31.493,12.04645661,ECM,
T0123,WS5-4,WS5-4,WS5,709.0,Sweet Birch,Betula,lenta,2.8,7.112,Intermediate,Seed,0.003973,soft maple/birch,15.295,6.632393127,ECM,
T0124,WS5-4,WS5-4,WS5,716.0,Sweet Birch,Betula,lenta,2.2,5.588,Intermediate,Seed,0.002452,soft maple/birch,8.646,4.139871105,ECM,
T0125,WS5-4,WS5-4,WS5,,Sweet Birch,Betula,lenta,1.4,3.556,Overtopped,Seed,0.000993,soft maple/birch,2.969,1.71147199,ECM,
T0126,WS5-4,WS5-4,WS5,,Sweet Birch,Betula,lenta,1.7,4.318,Overtopped,Seed,0.001464,soft maple/birch,4.699,2.501251804,ECM,
T0127,WS5-4,WS5-4,WS5,8.0,White Ash,Fraxinus,americana,3.9,9.906,Overtopped,Seed,0.007707,mixed hardwood,24.904,4.484319153,AM,
T0128,WS5-4,WS5-4,WS5,,Witch Hazel,Hamamelis,virginiana,1.9,4.826,Intermediate,Stump-sprout,0.001829,mixed hardwood,4.175,0.456269343,uncertain,
T0129,WS5-4,WS5-4,WS5,,Witch Hazel,Hamamelis,virginiana,1.1,2.794,Overtopped,Seed,0.000613,mixed hardwood,1.074,0.116806792,uncertain,
T0130,WS5-4,WS5-4,WS5,,Witch Hazel,Hamamelis,virginiana,2.2,5.588,Overtopped,Seed,0.002452,mixed hardwood,6.008,0.657584609,uncertain,
T0131,WS5-4,WS5-4,WS5,,Witch Hazel,Hamamelis,virginiana,1.7,4.318,Overtopped,Seed,0.001464,mixed hardwood,3.167,0.345776277,uncertain,
T0132,WS5-4,WS5-4,WS5,,Witch Hazel,Hamamelis,virginiana,2.0,5.08,Overtopped,Seed,0.002027,mixed hardwood,4.742,0.518510443,uncertain,
T0133,WS5-4,WS5-4,WS5,,Witch Hazel,Hamamelis,virginiana,1.5,3.81,Intermediate,Stump-sprout,0.00114,mixed hardwood,2.321,0.253092161,uncertain,
T0134,WS5-4,WS5-4,WS5,,Yellow-poplar,Liriodendron,tulipifera,1.8,4.572,Overtopped,Seed,0.001642,mixed hardwood,3.65,0.580100116,AM,
T0135,WS5-4,WS5-4,WS5,5.0,Yellow-poplar,Liriodendron,tulipifera,28.1,71.374,Dominant,Seed,0.400101,mixed hardwood,3359.049,398.3809633,AM,
T0136,WS5-4,WS5-4,WS5,700.0,Yellow-poplar,Liriodendron,tulipifera,1.8,4.572,Overtopped,Seed,0.001642,mixed hardwood,3.65,0.580100116,AM,
T0137,WS5-4,WS5-4,WS5,719.0,Yellow-poplar,Liriodendron,tulipifera,4.5,11.43,Intermediate,Seed,0.010261,mixed hardwood,35.531,5.121621765,AM,
T0138,WS5-4,WS5-4,WS5,,Yellow-poplar,Liriodendron,tulipifera,1.0,2.54,Intermediate,Seed,0.000507,mixed hardwood,0.848,0.143456249,AM,
T0139,WS5-4,WS5-4,WS5,698.0,Yellow-poplar,Liriodendron,tulipifera,1.8,4.572,Overtopped,Seed,0.001642,mixed hardwood,3.65,0.580100116,AM,
T0140,WS5-4,WS5-4,WS5,767.0,Yellow-poplar,Liriodendron,tulipifera,1.8,4.572,Overtopped,Seed,0.001642,mixed hardwood,3.65,0.580100116,AM,
T0141,WS5-4,WS5-4,WS5,,Yellow-poplar,Liriodendron,tulipifera,1.7,4.318,Overtopped,Seed,0.001464,mixed hardwood,3.167,0.50640411,AM,
T0142,WS5-4,WS5-4,WS5,,Yellow-poplar,Liriodendron,tulipifera,1.6,4.064,Overtopped,Seed,0.001297,mixed hardwood,2.724,0.438443119,AM,
T0143,WS5-4,WS5-4,WS5,,Yellow-poplar,Liriodendron,tulipifera,1.2,3.048,Overtopped,Seed,0.00073,mixed hardwood,1.334,0.221275597,AM,
T0144,WS5-4,WS5-4,WS5,,Yellow-poplar,Liriodendron,tulipifera,1.2,3.048,Overtopped,Seed,0.00073,mixed hardwood,1.334,0.221275597,AM,
T0145,WS5-4,WS5-4,WS5,,Yellow-poplar,Liriodendron,tulipifera,1.1,2.794,Overtopped,Seed,0.000613,mixed hardwood,1.074,0.179932661,AM,
T0146,WS5-4,WS5-4,WS5,,Yellow-poplar,Liriodendron,tulipifera,1.1,2.794,Overtopped,Seed,0.000613,mixed hardwood,1.074,0.179932661,AM,
T0147,WS5-4,WS5-4,WS5,,Yellow-poplar,Liriodendron,tulipifera,1.1,2.794,Overtopped,Seed,0.000613,mixed hardwood,1.074,0.179932661,AM,
T0148,WS5-4,WS5-4,WS5,,Yellow-poplar,Liriodendron,tulipifera,1.2,3.048,Overtopped,Seed,0.00073,mixed hardwood,1.334,0.221275597,AM,
T0149,WS5-3,WS5-3,WS5,,American Basswood,Tilia,americana,1.0,2.54,Overtopped,Seed,0.000507,mixed hardwood,0.848,0.079773457,ECM,
T0150,WS5-3,WS5-3,WS5,685.0,American Basswood,Tilia,americana,1.6,4.064,Overtopped,Seed,0.001297,mixed hardwood,2.724,0.261348162,ECM,
T0151,WS5-3,WS5-3,WS5,757.0,American Basswood,Tilia,americana,1.7,4.318,Overtopped,Seed,0.001464,mixed hardwood,3.167,0.304575254,ECM,
T0152,WS5-3,WS5-3,WS5,,American Basswood,Tilia,americana,1.2,3.048,Overtopped,Seed,0.00073,mixed hardwood,1.334,0.126408069,ECM,
T0153,WS5-3,WS5-3,WS5,217.0,American Beech,Fagus,grandifolia,9.5,24.13,Co-dominant,Seed,0.04573,hard maple/oak/hickory/beech,298.962,29.12656704,ECM,
T0154,WS5-3,WS5-3,WS5,618.0,American Beech,Fagus,grandifolia,4.5,11.43,Intermediate,Seed,0.010261,hard maple/oak/hickory/beech,48.249,4.569549016,ECM,
T0155,WS5-3,WS5-3,WS5,827.0,American Beech,Fagus,grandifolia,2.0,5.08,Overtopped,Stump-sprout,0.002027,hard maple/oak/hickory/beech,6.665,0.612158557,ECM,
T0156,WS5-3,WS5-3,WS5,826.0,American Beech,Fagus,grandifolia,1.9,4.826,Overtopped,Stump-sprout,0.001829,hard maple/oak/hickory/beech,5.881,0.53906852,ECM,
T0157,WS5-3,WS5-3,WS5,836.0,American Beech,Fagus,grandifolia,1.4,3.556,Overtopped,Seed,0.000993,hard maple/oak/hickory/beech,2.791,0.252862494,ECM,
T0158,WS5-3,WS5-3,WS5,825.0,American Beech,Fagus,grandifolia,1.2,3.048,Overtopped,Seed,0.00073,hard maple/oak/hickory/beech,1.915,0.172557178,ECM,
T0159,WS5-3,WS5-3,WS5,,American Beech,Fagus,grandifolia,7.8,19.812,Intermediate,Seed,0.030828,hard maple/oak/hickory/beech,184.755,17.86600348,ECM,
T0160,WS5-3,WS5-3,WS5,121.0,Bitternut Hickory,Carya,cordiformis,10.3,26.162,Co-dominant,Seed,0.053757,hard maple/oak/hickory/beech,364.19,45.93789517,ECM,
T0161,WS5-3,WS5-3,WS5,577.0,Black Cherry,Prunus,serotina,3.4,8.636,Intermediate,Seed,0.005858,mixed hardwood,17.713,1.574774387,AM,
T0162,WS5-3,WS5-3,WS5,123.0,Black Cherry,Prunus,serotina,3.1,7.874,Overtopped,Seed,0.004869,mixed hardwood,14.082,1.243581868,AM,
T0163,WS5-3,WS5-3,WS5,,Chestnut Oak,Quercus,montana,15.4,39.116,Co-dominant,Seed,0.120171,hard maple/oak/hickory/beech,972.144,138.3913829,ECM,
T0164,WS5-3,WS5-3,WS5,693.0,Cucumbertree,Magnolia,acuminata,1.9,4.826,Overtopped,Seed,0.001829,mixed hardwood,4.175,0.421802577,AM,
T0165,WS5-3,WS5-3,WS5,614.0,Cucumbertree,Magnolia,acuminata,3.8,9.652,Intermediate,Seed,0.007317,mixed hardwood,23.348,2.407520006,AM,
T0166,WS5-3,WS5-3,WS5,688.0,Cucumbertree,Magnolia,acuminata,2.6,6.604,Intermediate,Seed,0.003425,mixed hardwood,9.098,0.927719995,AM,
T0167,WS5-3,WS5-3,WS5,,Devil's Walking Stick,Aralia,spinosa,2.4,6.096,Intermediate,Seed,0.002919,mixed hardwood,7.458,0.821101927,AM,
T0168,WS5-3,WS5-3,WS5,,Devil's Walking Stick,Aralia,spinosa,2.4,6.096,Overtopped,Seed,0.002919,mixed hardwood,7.458,0.821101927,AM,
T0169,WS5-3,WS5-3,WS5,685.0,Fraser Magnolia,Magnolia,fraseri,3.1,7.874,Intermediate,Seed,0.004869,mixed hardwood,14.082,1.443357124,AM,
T0170,WS5-3,WS5-3,WS5,690.0,Fraser Magnolia,Magnolia,fraseri,5.4,13.716,Co-dominant,Seed,0.014776,mixed hardwood,55.88,5.821906156,AM,
T0171,WS5-3,WS5-3,WS5,687.0,Fraser Magnolia,Magnolia,fraseri,4.5,11.43,Intermediate,Seed,0.010261,mixed hardwood,35.531,3.682052836,AM,
T0172,WS5-3,WS5-3,WS5,751.0,Fraser Magnolia,Magnolia,fraseri,3.9,9.906,Intermediate,Seed,0.007707,mixed hardwood,24.904,2.569910778,AM,
T0173,WS5-3,WS5-3,WS5,691.0,Fraser Magnolia,Magnolia,fraseri,2.4,6.096,Intermediate,Seed,0.002919,mixed hardwood,7.458,0.758687525,AM,
T0174,WS5-3,WS5-3,WS5,686.0,Fraser Magnolia,Magnolia,fraseri,2.3,5.842,Overtopped,Seed,0.00268,mixed hardwood,6.71,0.681735399,AM,
T0175,WS5-3,WS5-3,WS5,689.0,Fraser Magnolia,Magnolia,fraseri,1.6,4.064,Overtopped,Seed,0.001297,mixed hardwood,2.724,0.273880943,AM,
T0176,WS5-3,WS5-3,WS5,750.0,Striped Maple,Acer,pennsylvanicum,1.3,3.302,Overtopped,Seed,0.000856,soft maple/birch,2.491,0.15225371,AM,
T0177,WS5-3,WS5-3,WS5,694.0,Striped Maple,Acer,pennsylvanicum,1.8,4.572,Overtopped,Seed,0.001642,soft maple/birch,5.379,0.348858554,AM,
T0178,WS5-3,WS5-3,WS5,760.0,Striped Maple,Acer,pennsylvanicum,2.4,6.096,Overtopped,Seed,0.002919,soft maple/birch,10.622,0.726057488,AM,
T0179,WS5-3,WS5-3,WS5,749.0,Striped Maple,Acer,pennsylvanicum,1.2,3.048,Overtopped,Seed,0.00073,soft maple/birch,2.062,0.124165297,AM,
T0180,WS5-3,WS5-3,WS5,130.0,Sugar Maple,Acer,saccharum,8.1,20.574,Intermediate,Seed,0.033245,hard maple/oak/hickory/beech,202.584,15.94885143,AM,
T0181,WS5-3,WS5-3,WS5,669.0,Sugar Maple,Acer,saccharum,2.5,6.35,Intermediate,Seed,0.003167,hard maple/oak/hickory/beech,11.491,0.794119727,AM,
T0182,WS5-3,WS5-3,WS5,179.0,Sugar Maple,Acer,saccharum,3.6,9.144,Overtopped,Seed,0.006567,hard maple/oak/hickory/beech,27.985,2.013752748,AM,
T0183,WS5-3,WS5-3,WS5,,Sweet Birch,Betula,lenta,2.6,6.604,Overtopped,Seed,0.003425,soft maple/birch,12.836,5.738151316,ECM,
T0184,WS5-3,WS5-3,WS5,671.0,Sweet Birch,Betula,lenta,1.9,4.826,Overtopped,Seed,0.001829,soft maple/birch,6.113,3.10855715,ECM,
T0185,WS5-3,WS5-3,WS5,813.0,Sweet Birch,Betula,lenta,1.8,4.572,Overtopped,Seed,0.001642,soft maple/birch,5.379,2.79685494,ECM,
T0186,WS5-3,WS5-3,WS5,670.0,Sweet Birch,Betula,lenta,1.3,3.302,Overtopped,Seed,0.000856,soft maple/birch,2.491,1.48071519,ECM,
T0187,WS5-3,WS5-3,WS5,,Sweet Birch,Betula,lenta,1.0,2.54,Overtopped,,0.000507,soft maple/birch,1.34,0.886733198,ECM,
T0188,WS5-3,WS5-3,WS5,,Sweet Birch,Betula,lenta,1.0,2.54,Overtopped,Seed,0.000507,soft maple/birch,1.34,0.886733198,ECM,
T0189,WS5-3,WS5-3,WS5,754.0,Sweet Birch,Betula,lenta,1.5,3.81,Overtopped,Seed,0.00114,soft maple/birch,3.495,1.958513994,ECM,
T0190,WS5-3,WS5-3,WS5,692.0,Sweet Birch,Betula,lenta,4.9,12.446,Co-dominant,Seed,0.012166,soft maple/birch,57.458,19.79873927,ECM,
T0191,WS5-3,WS5-3,WS5,668.0,Sweet Birch,Betula,lenta,5.9,14.986,Co-dominant,Seed,0.017638,soft maple/birch,89.148,28.46182641,ECM,
T0192,WS5-3,WS5-3,WS5,682.0,Sweet Birch,Betula,lenta,3.8,9.652,Co-dominant,Seed,0.007317,soft maple/birch,31.493,12.04645661,ECM,
T0193,WS5-3,WS5-3,WS5,746.0,Sweet Birch,Betula,lenta,4.2,10.668,Intermediate,Seed,0.008938,soft maple/birch,39.904,14.64886483,ECM,
T0194,WS5-3,WS5-3,WS5,695.0,Sweet Birch,Betula,lenta,4.0,10.16,Intermediate,Seed,0.008107,soft maple/birch,35.555,13.31661664,ECM,
T0195,WS5-3,WS5-3,WS5,652.0,Sweet Birch,Betula,lenta,3.2,8.128,Intermediate,Seed,0.005189,soft maple/birch,20.975,8.610005908,ECM,
T0196,WS5-3,WS5-3,WS5,616.0,Sweet Birch,Betula,lenta,2.4,6.096,Intermediate,Seed,0.002919,soft maple/birch,10.622,4.907233188,ECM,
T0197,WS5-3,WS5-3,WS5,683.0,Sweet Birch,Betula,lenta,2.3,5.842,Intermediate,Seed,0.00268,soft maple/birch,9.605,4.515592331,ECM,
T0198,WS5-3,WS5-3,WS5,747.0,Sweet Birch,Betula,lenta,1.9,4.826,Intermediate,Seed,0.001829,soft maple/birch,6.113,3.10855715,ECM,
T0199,WS5-3,WS5-3,WS5,755.0,Sweet Birch,Betula,lenta,1.8,4.572,Intermediate,Seed,0.001642,soft maple/birch,5.379,2.79685494,ECM,
T0200,WS5-3,WS5-3,WS5,761.0,Sweet Birch,Betula,lenta,2.4,6.096,Overtopped,Seed,0.002919,soft maple/birch,10.622,4.907233188,ECM,
T0201,WS5-3,WS5-3,WS5,762.0,Sweet Birch,Betula,lenta,2.2,5.588,Overtopped,Seed,0.002452,soft maple/birch,8.646,4.139871105,ECM,
T0202,WS5-3,WS5-3,WS5,,Sweet Birch,Betula,lenta,1.2,3.048,Overtopped,Seed,0.00073,soft maple/birch,2.062,1.266298904,ECM,
T0203,WS5-3,WS5-3,WS5,,Sweet Birch,Betula,lenta,1.2,3.048,Overtopped,Seed,0.00073,soft maple/birch,2.062,1.266298904,ECM,
T0204,WS5-3,WS5-3,WS5,,Sweet Birch,Betula,lenta,1.0,2.54,Overtopped,Seed,0.000507,soft maple/birch,1.34,0.886733198,ECM,
T0205,WS5-3,WS5-3,WS5,,Sweet Birch,Betula,lenta,1.0,2.54,Overtopped,Seed,0.000507,soft maple/birch,1.34,0.886733198,ECM,
T0206,WS5-3,WS5-3,WS5,,Sweet Birch,Betula,lenta,1.0,2.54,Overtopped,Seed,0.000507,soft maple/birch,1.34,0.886733198,ECM,
T0207,WS5-3,WS5-3,WS5,,Yellow-poplar,Liriodendron,tulipifera,1.4,3.556,Overtopped,Seed,0.000993,mixed hardwood,1.956,0.319202463,AM,
T0208,WS5-3,WS5-3,WS5,753.0,Yellow-poplar,Liriodendron,tulipifera,1.1,2.794,Overtopped,Seed,0.000613,mixed hardwood,1.074,0.179932661,AM,
T0209,WS5-3,WS5-3,WS5,758.0,Yellow-poplar,Liriodendron,tulipifera,4.6,11.684,Intermediate,Seed,0.010722,mixed hardwood,37.524,5.396308263,AM,
T0210,WS5-3,WS5-3,WS5,756.0,Yellow-poplar,Liriodendron,tulipifera,4.2,10.668,Intermediate,Seed,0.008938,mixed hardwood,29.936,4.346951893,AM,
T0211,WS5-3,WS5-3,WS5,812.0,Yellow-poplar,Liriodendron,tulipifera,1.4,3.556,Overtopped,Seed,0.000993,mixed hardwood,1.956,0.319202463,AM,
T0212,WS5-2,WS5-2,WS5,,American Basswood,Tilia,americana,1.5,3.81,Overtopped,Seed,0.00114,mixed hardwood,2.321,0.222050972,ECM,
T0213,WS5-2,WS5-2,WS5,,American Basswood,Tilia,americana,1.5,3.81,Overtopped,Seed,0.00114,mixed hardwood,2.321,0.222050972,ECM,
T0214,WS5-2,WS5-2,WS5,788.0,American Beech,Fagus,grandifolia,1.5,3.81,Overtopped,Seed,0.00114,hard maple/oak/hickory/beech,3.302,0.300026009,ECM,
T0215,WS5-2,WS5-2,WS5,781.0,American Beech,Fagus,grandifolia,1.1,2.794,Overtopped,Seed,0.000613,hard maple/oak/hickory/beech,1.549,0.139078713,ECM,
T0216,WS5-2,WS5-2,WS5,782.0,American Beech,Fagus,grandifolia,1.2,3.048,Intermediate,Seed,0.00073,hard maple/oak/hickory/beech,1.915,0.172557178,ECM,
T0217,WS5-2,WS5-2,WS5,2.0,American Beech,Fagus,grandifolia,3.7,9.398,Overtopped,Seed,0.006937,hard maple/oak/hickory/beech,29.921,2.812832778,ECM,
T0218,WS5-2,WS5-2,WS5,180.0,American Beech,Fagus,grandifolia,6.0,15.24,Overtopped,Seed,0.018241,hard maple/oak/hickory/beech,97.378,9.323486776,ECM,
T0219,WS5-2,WS5-2,WS5,167.0,American Beech,Fagus,grandifolia,7.4,18.796,Intermediate,Seed,0.027747,hard maple/oak/hickory/beech,162.475,15.68027377,ECM,
T0220,WS5-2,WS5-2,WS5,9.0,American Beech,Fagus,grandifolia,7.3,18.542,Intermediate,Seed,0.027002,hard maple/oak/hickory/beech,157.168,15.1602525,ECM,
T0221,WS5-2,WS5-2,WS5,,American Beech,Fagus,grandifolia,6.8,17.272,Intermediate,Seed,0.02343,hard maple/oak/hickory/beech,132.174,12.71519794,ECM,
T0222,WS5-2,WS5-2,WS5,3.0,American Beech,Fagus,grandifolia,5.8,14.732,Intermediate,Seed,0.017046,hard maple/oak/hickory/beech,89.644,8.571987707,ECM,
T0223,WS5-2,WS5-2,WS5,15.0,American Beech,Fagus,grandifolia,5.7,14.478,Intermediate,Seed,0.016463,hard maple/oak/hickory/beech,85.918,8.210288264,ECM,
T0224,WS5-2,WS5-2,WS5,650.0,American Beech,Fagus,grandifolia,3.3,8.382,Intermediate,Seed,0.005518,hard maple/oak/hickory/beech,22.63,2.11823968,ECM,
T0225,WS5-2,WS5-2,WS5,612.0,American Beech,Fagus,grandifolia,2.9,7.366,Intermediate,Seed,0.004261,hard maple/oak/hickory/beech,16.508,1.537700702,ECM,
T0226,WS5-2,WS5-2,WS5,769.0,American Beech,Fagus,grandifolia,3.5,8.89,Overtopped,Seed,0.006207,hard maple/oak/hickory/beech,26.125,2.450868558,ECM,
T0227,WS5-2,WS5-2,WS5,600.0,American Beech,Fagus,grandifolia,2.7,6.858,Overtopped,Seed,0.003694,hard maple/oak/hickory/beech,13.866,1.288078839,ECM,
T0228,WS5-2,WS5-2,WS5,,American Beech,Fagus,grandifolia,1.7,4.318,Overtopped,Seed,0.001464,hard maple/oak/hickory/beech,4.482,0.409169894,ECM,
T0229,WS5-2,WS5-2,WS5,670.0,American Beech,Fagus,grandifolia,1.6,4.064,Overtopped,Seed,0.001297,hard maple/oak/hickory/beech,3.866,0.352077319,ECM,
T0230,WS5-2,WS5-2,WS5,,American Beech,Fagus,grandifolia,1.2,3.048,Overtopped,Stem-sprout,0.00073,hard maple/oak/hickory/beech,1.915,0.172557178,ECM,
T0231,WS5-2,WS5-2,WS5,,American Beech,Fagus,grandifolia,1.1,2.794,Overtopped,Seed,0.000613,hard maple/oak/hickory/beech,1.549,0.139078713,ECM,
T0232,WS5-2,WS5-2,WS5,,American Beech,Fagus,grandifolia,1.1,2.794,Overtopped,Seed,0.000613,hard maple/oak/hickory/beech,1.549,0.139078713,ECM,
T0233,WS5-2,WS5-2,WS5,,American Beech,Fagus,grandifolia,1.0,2.54,Overtopped,Seed,0.000507,hard maple/oak/hickory/beech,1.227,0.109813112,ECM,
T0234,WS5-2,WS5-2,WS5,8.0,American Beech,Fagus,grandifolia,,,,,,hard maple/oak/hickory/beech,,,ECM,DBH missing
T0235,WS5-2,WS5-2,WS5,80.0,Black Cherry,Prunus,serotina,15.0,38.1,Co-dominant,Seed,0.114009,mixed hardwood,706.605,69.97085926,AM,
T0236,WS5-2,WS5-2,WS5,637.0,Eastern Hophornbeam,Ostrya,virginiana,2.7,6.858,Overtopped,Seed,0.003694,mixed hardwood,9.992,1.134362003,ECM,
T0237,WS5-2,WS5-2,WS5,85.0,Fraser Magnolia,Magnolia,fraseri,5.5,13.97,Intermediate,Seed,0.015328,mixed hardwood,58.485,6.096637704,AM,
T0238,WS5-2,WS5-2,WS5,740.0,Fraser Magnolia,Magnolia,fraseri,1.6,4.064,Overtopped,Stump-sprout,0.001297,mixed hardwood,2.724,0.273880943,AM,
T0239,WS5-2,WS5-2,WS5,739.0,Fraser Magnolia,Magnolia,fraseri,3.3,8.382,Intermediate,Stump-sprout,0.005518,mixed hardwood,16.447,1.688903734,AM,
T0240,WS5-2,WS5-2,WS5,73.0,Northern Red Oak,Quercus,rubra,11.9,30.226,Co-dominant,Seed,0.071755,hard maple/oak/hickory/beech,518.087,78.50733467,ECM,
T0241,WS5-2,WS5-2,WS5,,Striped Maple,Acer,pennsylvanicum,1.1,2.794,Overtopped,Seed,0.000613,soft maple/birch,1.678,0.099476779,AM,
T0242,WS5-2,WS5-2,WS5,,Striped Maple,Acer,pennsylvanicum,1.4,3.556,Overtopped,Stem-sprout,0.000993,soft maple/birch,2.969,0.183894492,AM,
T0243,WS5-2,WS5-2,WS5,685.0,Striped Maple,Acer,pennsylvanicum,1.9,4.826,Overtopped,Seed,0.001829,soft maple/birch,6.113,0.400382441,AM,
T0244,WS5-2,WS5-2,WS5,,Striped Maple,Acer,pennsylvanicum,1.5,3.81,Overtopped,Stem-sprout,0.00114,soft maple/birch,3.495,0.219234891,AM,
T0245,WS5-2,WS5-2,WS5,,Sugar Maple,Acer,saccharum,20.1,51.054,Dominant,Seed,0.204715,hard maple/oak/hickory/beech,1862.49,162.1734835,AM,
T0246,WS5-2,WS5-2,WS5,599.0,Sugar Maple,Acer,saccharum,1.7,4.318,Overtopped,Seed,0.001464,hard maple/oak/hickory/beech,4.482,0.296804755,AM,
T0247,WS5-2,WS5-2,WS5,122.0,Sugar Maple,Acer,saccharum,14.3,36.322,Co-dominant,Seed,0.103617,hard maple/oak/hickory/beech,811.274,68.02375555,AM,
T0248,WS5-2,WS5-2,WS5,116.0,Sugar Maple,Acer,saccharum,10.3,26.162,Co-dominant,Seed,0.053757,hard maple/oak/hickory/beech,364.19,29.44573898,AM,
T0249,WS5-2,WS5-2,WS5,209.0,Sugar Maple,Acer,saccharum,3.2,8.128,Overtopped,Seed,0.005189,hard maple/oak/hickory/beech,20.992,1.490979477,AM,
T0250,WS5-2,WS5-2,WS5,651.0,Sugar Maple,Acer,saccharum,1.8,4.572,Overtopped,Seed,0.001642,hard maple/oak/hickory/beech,5.154,0.343413497,AM,
T0251,WS5-2,WS5-2,WS5,,Sugar Maple,Acer,saccharum,1.3,3.302,Overtopped,Seed,0.000856,hard maple/oak/hickory/beech,2.329,0.149680088,AM,
T0252,WS5-2,WS5-2,WS5,77.0,Sweet Birch,Betula,lenta,9.8,24.892,Co-dominant,Seed,0.048664,soft maple/birch,296.019,76.72519504,ECM,
T0253,WS5-2,WS5-2,WS5,,Sweet Birch,Betula,lenta,1.3,3.302,Overtopped,Seed,0.000856,soft maple/birch,2.491,1.48071519,ECM,
T0254,WS5-2,WS5-2,WS5,,Sweet Birch,Betula,lenta,1.1,2.794,Overtopped,Seed,0.000613,soft maple/birch,1.678,1.068283092,ECM,
T0255,WS5-1,WS5-1,WS5,785.0,American Beech,Fagus,grandifolia,2.6,6.604,Overtopped,,0.003425,hard maple/oak/hickory/beech,12.646,1.173040427,ECM,
T0256,WS5-1,WS5-1,WS5,102.0,American Beech,Fagus,grandifolia,3.3,8.382,Overtopped,Seed,0.005518,hard maple/oak/hickory/beech,22.63,2.11823968,ECM,
T0257,WS5-1,WS5-1,WS5,,American Beech,Fagus,grandifolia,1.3,3.302,Overtopped,Seed,0.000856,hard maple/oak/hickory/beech,2.329,0.210427867,ECM,
T0258,WS5-1,WS5-1,WS5,,American Beech,Fagus,grandifolia,1.3,3.302,Overtopped,Stem-sprout,0.000856,hard maple/oak/hickory/beech,2.329,0.210427867,ECM,
T0259,WS5-1,WS5-1,WS5,747.0,American Beech,Fagus,grandifolia,3.3,8.382,Overtopped,Seed,0.005518,hard maple/oak/hickory/beech,22.63,2.11823968,ECM,
T0260,WS5-1,WS5-1,WS5,700.0,American Beech,Fagus,grandifolia,1.7,4.318,Overtopped,Seed,0.001464,hard maple/oak/hickory/beech,4.482,0.409169894,ECM,
T0261,WS5-1,WS5-1,WS5,677.0,American Beech,Fagus,grandifolia,1.5,3.81,Overtopped,Seed,0.00114,hard maple/oak/hickory/beech,3.302,0.300026009,ECM,
T0262,WS5-1,WS5-1,WS5,756.0,American Beech,Fagus,grandifolia,2.3,5.842,Overtopped,Seed,0.00268,hard maple/oak/hickory/beech,9.375,0.865615597,ECM,
T0263,WS5-1,WS5-1,WS5,53.0,American Beech,Fagus,grandifolia,9.9,25.146,Intermediate,Seed,0.049662,hard maple/oak/hickory/beech,330.627,32.26186978,ECM,
T0264,WS5-1,WS5-1,WS5,585.0,American Beech,Fagus,grandifolia,2.6,6.604,Overtopped,Seed,0.003425,hard maple/oak/hickory/beech,12.646,1.173040427,ECM,
T0265,WS5-1,WS5-1,WS5,761.0,American Beech,Fagus,grandifolia,1.4,3.556,Overtopped,Seed,0.000993,hard maple/oak/hickory/beech,2.791,0.252862494,ECM,
T0266,WS5-1,WS5-1,WS5,101.0,American Beech,Fagus,grandifolia,4.7,11.938,Overtopped,Seed,0.011193,hard maple/oak/hickory/beech,53.652,5.089643588,ECM,
T0267,WS5-1,WS5-1,WS5,544.0,American Beech,Fagus,grandifolia,4.3,10.922,Overtopped,Seed,0.009369,hard maple/oak/hickory/beech,43.181,4.082542192,ECM,
T0268,WS5-1,WS5-1,WS5,600.0,American Beech,Fagus,grandifolia,3.1,7.874,Overtopped,Seed,0.004869,hard maple/oak/hickory/beech,19.427,1.814130884,ECM,
T0269,WS5-1,WS5-1,WS5,91.0,American Beech,Fagus,grandifolia,3.0,7.62,Overtopped,Seed,0.00456,hard maple/oak/hickory/beech,17.933,1.672509651,ECM,
T0270,WS5-1,WS5-1,WS5,510.0,American Beech,Fagus,grandifolia,2.9,7.366,Overtopped,Seed,0.004261,hard maple/oak/hickory/beech,16.508,1.537700702,ECM,
T0271,WS5-1,WS5-1,WS5,585.0,American Beech,Fagus,grandifolia,2.4,6.096,Overtopped,Seed,0.002919,hard maple/oak/hickory/beech,10.401,0.961928421,ECM,
T0272,WS5-1,WS5-1,WS5,676.0,American Beech,Fagus,grandifolia,2.2,5.588,Overtopped,Seed,0.002452,hard maple/oak/hickory/beech,8.411,0.775301084,ECM,
T0273,WS5-1,WS5-1,WS5,660.0,American Beech,Fagus,grandifolia,2.0,5.08,Overtopped,Seed,0.002027,hard maple/oak/hickory/beech,6.665,0.612158557,ECM,
T0274,WS5-1,WS5-1,WS5,792.0,American Beech,Fagus,grandifolia,1.4,3.556,Overtopped,Seed,0.000993,hard maple/oak/hickory/beech,2.791,0.252862494,ECM,
T0275,WS5-1,WS5-1,WS5,98.0,American Beech,Fagus,grandifolia,1.3,3.302,Overtopped,Seed,0.000856,hard maple/oak/hickory/beech,2.329,0.210427867,ECM,
T0276,WS5-1,WS5-1,WS5,,American Beech,Fagus,grandifolia,1.1,2.794,Overtopped,Seed,0.000613,hard maple/oak/hickory/beech,1.549,0.139078713,ECM,
T0277,WS5-1,WS5-1,WS5,,American Beech,Fagus,grandifolia,1.0,2.54,Overtopped,Seed,0.000507,hard maple/oak/hickory/beech,1.227,0.109813112,ECM,
T0278,WS5-1,WS5-1,WS5,,American Beech,Fagus,grandifolia,1.0,2.54,Overtopped,Seed,0.000507,hard maple/oak/hickory/beech,1.227,0.109813112,ECM,
T0279,WS5-1,WS5-1,WS5,,American Beech,Fagus,grandifolia,1.0,2.54,Overtopped,Seed,0.000507,hard maple/oak/hickory/beech,1.227,0.109813112,ECM,
T0280,WS5-1,WS5-1,WS5,96.0,Black Cherry,Prunus,serotina,21.0,53.34,Dominant,Seed,0.223458,mixed hardwood,1629.618,165.3622112,AM,
T0281,WS5-1,WS5-1,WS5,223.0,Black Cherry,Prunus,serotina,13.1,33.274,Co-dominant,,0.086956,mixed hardwood,504.775,49.49564853,AM,
T0282,WS5-1,WS5-1,WS5,222.0,Black Cherry,Prunus,serotina,24.2,61.468,Dominant,Seed,0.296748,mixed hardwood,2317.713,237.6197261,AM,
T0283,WS5-1,WS5-1,WS5,682.0,Eastern Hophornbeam,Ostrya,virginiana,2.0,5.08,Overtopped,Seed,0.002027,mixed hardwood,4.742,0.538479357,ECM,
T0284,WS5-1,WS5-1,WS5,766.0,Striped Maple,Acer,pennsylvanicum,1.6,4.064,Intermediate,Seed,0.001297,soft maple/birch,4.071,0.258417467,AM,
T0285,WS5-1,WS5-1,WS5,,Striped Maple,Acer,pennsylvanicum,1.3,3.302,Overtopped,Seed,0.000856,soft maple/birch,2.491,0.15225371,AM,
T0286,WS5-1,WS5-1,WS5,715.0,Striped Maple,Acer,pennsylvanicum,,,,,,soft maple/birch,,,AM,DBH missing
T0287,WS5-1,WS5-1,WS5,762.0,Striped Maple,Acer,pennsylvanicum,,,,Seed,,soft maple/birch,,,AM,DBH missing
T0288,WS5-1,WS5-1,WS5,658.0,Sugar Maple,Acer,saccharum,1.4,3.556,Overtopped,Seed,0.000993,hard maple/oak/hickory/beech,2.791,0.180840247,AM,
T0289,WS5-1,WS5-1,WS5,753.0,Sugar Maple,Acer,saccharum,2.1,5.334,Intermediate,Seed,0.002235,hard maple/oak/hickory/beech,7.508,0.508928444,AM,
T0290,WS5-1,WS5-1,WS5,751.0,Sugar Maple,Acer,saccharum,2.0,5.08,Overtopped,Seed,0.002027,hard maple/oak/hickory/beech,6.665,0.449349675,AM,
T0291,WS5-1,WS5-1,WS5,758.0,Sugar Maple,Acer,saccharum,1.1,2.794,Overtopped,Seed,0.000613,hard maple/oak/hickory/beech,1.549,0.097729193,AM,
T0292,WS5-1,WS5-1,WS5,193.0,Sugar Maple,Acer,saccharum,20.8,52.832,Dominant,Seed,0.219222,hard maple/oak/hickory/beech,2024.813,176.9779556,AM,
T0293,WS5-1,WS5-1,WS5,88.0,Sugar Maple,Acer,saccharum,9.8,24.892,Co-dominant,Seed,0.048664,hard maple/oak/hickory/beech,322.534,25.93424804,AM,
T0294,WS5-1,WS5-1,WS5,714.0,Sugar Maple,Acer,saccharum,2.6,6.604,Overtopped,Seed,0.003425,hard maple/oak/hickory/beech,12.646,0.877713577,AM,
T0295,WS5-1,WS5-1,WS5,727.0,Sugar Maple,Acer,saccharum,1.4,3.556,Overtopped,Seed,0.000993,hard maple/oak/hickory/beech,2.791,0.180840247,AM,
T0296,WS5-1,WS5-1,WS5,94.0,Sugar Maple,Acer,saccharum,14.2,36.068,Co-dominant,Seed,0.102172,hard maple/oak/hickory/beech,797.495,66.81643425,AM,
T0297,WS5-1,WS5-1,WS5,549.0,Sugar Maple,Acer,saccharum,4.7,11.938,Intermediate,Seed,0.011193,hard maple/oak/hickory/beech,53.652,3.976496479,AM,
T0298,WS5-1,WS5-1,WS5,604.0,Sugar Maple,Acer,saccharum,4.4,11.176,Intermediate,Seed,0.00981,hard maple/oak/hickory/beech,45.673,3.360484394,AM,
T0299,WS5-1,WS5-1,WS5,683.0,Sugar Maple,Acer,saccharum,2.9,7.366,Intermediate,Seed,0.004261,hard maple/oak/hickory/beech,16.508,1.159776377,AM,
T0300,WS5-1,WS5-1,WS5,550.0,Sugar Maple,Acer,saccharum,5.5,13.97,Overtopped,Seed,0.015328,hard maple/oak/hickory/beech,78.744,5.938864755,AM,
T0301,WS5-1,WS5-1,WS5,553.0,Sugar Maple,Acer,saccharum,2.3,5.842,Overtopped,Seed,0.00268,hard maple/oak/hickory/beech,9.375,0.641914673,AM,
T0302,WS5-1,WS5-1,WS5,754.0,Sugar Maple,Acer,saccharum,1.8,4.572,Overtopped,Seed,0.001642,hard maple/oak/hickory/beech,5.154,0.343413497,AM,
T0303,WS5-1,WS5-1,WS5,784.0,Sugar Maple,Acer,saccharum,1.4,3.556,Overtopped,Seed,0.000993,hard maple/oak/hickory/beech,2.791,0.180840247,AM,
T0304,WS5-1,WS5-1,WS5,,Sugar Maple,Acer,saccharum,1.2,3.048,Overtopped,Seed,0.00073,hard maple/oak/hickory/beech,1.915,0.122026942,AM,
T0305,WS5-1,WS5-1,WS5,,Sugar Maple,Acer,saccharum,1.1,2.794,Overtopped,Seed,0.000613,hard maple/oak/hickory/beech,1.549,0.097729193,AM,
T0306,WS5-1,WS5-1,WS5,221.0,Sugar Maple,Acer,saccharum,,,,,,hard maple/oak/hickory/beech,,,AM,DBH missing
T0307,WS5-1,WS5-1,WS5,,Sweet Birch,Betula,lenta,1.4,3.556,Overtopped,Seed,0.000993,soft maple/birch,2.969,1.71147199,ECM,
T0308,WS5-1,WS5-1,WS5,786.0,Sweet Birch,Betula,lenta,2.1,5.334,Overtopped,Seed,0.002235,soft maple/birch,7.746,3.780101897,ECM,
T0309,WS5-1,WS5-1,WS5,765.0,Sweet Birch,Betula,lenta,1.5,3.81,Overtopped,Seed,0.00114,soft maple/birch,3.495,1.958513994,ECM,
T0310,WS5-1,WS5-1,WS5,199.0,Sweet Birch,Betula,lenta,17.9,45.466,Co-dominant,Seed,0.162354,soft maple/birch,1230.534,249.0195394,ECM,
T0311,WS5-1,WS5-1,WS5,52.0,Sweet Birch,Betula,lenta,13.8,35.052,Co-dominant,Seed,0.096497,soft maple/birch,665.118,149.7784622,ECM,
T0312,WS5-1,WS5-1,WS5,103.0,Sweet Birch,Betula,lenta,10.0,25.4,Co-dominant,Seed,0.050671,soft maple/birch,310.507,79.81505364,ECM,
T0313,WS5-1,WS5-1,WS5,788.0,Sweet Birch,Betula,lenta,3.3,8.382,Intermediate,Seed,0.005518,soft maple/birch,22.558,9.143669722,ECM,
T0314,WS5-1,WS5-1,WS5,787.0,Sweet Birch,Betula,lenta,3.0,7.62,Intermediate,Seed,0.00456,soft maple/birch,18.006,7.589744281,ECM,
T0315,WS5-1,WS5-1,WS5,,Sweet Birch,Betula,lenta,1.9,4.826,Intermediate,Seed,0.001829,soft maple/birch,6.113,3.10855715,ECM,
T0316,WS5-1,WS5-1,WS5,,Sweet Birch,Betula,lenta,1.8,4.572,Intermediate,Stem-sprout,0.001642,soft maple/birch,5.379,2.79685494,ECM,
T0317,WS5-1,WS5-1,WS5,,Sweet Birch,Betula,lenta,1.7,4.318,Intermediate,Seed,0.001464,soft maple/birch,4.699,2.501251804,ECM,
T0318,WS5-1,WS5-1,WS5,,Sweet Birch,Betula,lenta,1.3,3.302,Intermediate,Seed,0.000856,soft maple/birch,2.491,1.48071519,ECM,
T0319,WS5-1,WS5-1,WS5,,Sweet Birch,Betula,lenta,1.7,4.318,Overtopped,Seed,0.001464,soft maple/birch,4.699,2.501251804,ECM,
T0320,WS5-1,WS5-1,WS5,,Sweet Birch,Betula,lenta,1.1,2.794,Overtopped,Seed,0.000613,soft maple/birch,1.678,1.068283092,ECM,
T0321,WS5-1,WS5-1,WS5,,Yellow-poplar,Liriodendron,tulipifera,1.5,3.81,Overtopped,Seed,0.00114,mixed hardwood,2.321,0.376087502,AM,
T0322,WS4C-1,WS4C-1,WS4,14.0,American Beech,Fagus,grandifolia,6.1,15.494,Intermediate,Seed,0.018855,hard maple/oak/hickory/beech,101.387,9.713439286,ECM,
T0323,WS4C-1,WS4C-1,WS4,577.0,American Beech,Fagus,grandifolia,1.4,3.556,Overtopped,Stem-sprout,0.000993,hard maple/oak/hickory/beech,2.791,0.252862494,ECM,
T0324,WS4C-1,WS4C-1,WS4,,Black Cherry,Prunus,serotina,10.7,27.178,Co-dominant,Seed,0.058013,mixed hardwood,305.372,29.50645381,AM,
T0325,WS4C-1,WS4C-1,WS4,675.0,Blackgum,Nyssa,sylvativa,1.7,4.318,Overtopped,Seed,0.001464,mixed hardwood,3.167,0.315112757,AM,
T0326,WS4C-1,WS4C-1,WS4,243.0,Chestnut Oak,Quercus,montana,15.2,38.608,Dominant,Seed,0.11707,hard maple/oak/hickory/beech,941.613,134.4220449,ECM,
T0327,WS4C-1,WS4C-1,WS4,,Fraser Magnolia,Magnolia,fraseri,2.38,6.045,Overtopped,Seed,0.00287,mixed hardwood,7.304,0.742899934,AM,
T0328,WS4C-1,WS4C-1,WS4,,Fraser Magnolia,Magnolia,fraseri,1.91,4.851,Overtopped,Seed,0.001848,mixed hardwood,4.229,0.427403497,AM,
T0329,WS4C-1,WS4C-1,WS4,689.0,Fraser Magnolia,Magnolia,fraseri,1.6,4.064,Overtopped,Stump-sprout,0.001297,mixed hardwood,2.724,0.273880943,AM,
T0330,WS4C-1,WS4C-1,WS4,,Fraser Magnolia,Magnolia,fraseri,2.2,5.588,Intermediate,Stump-sprout,0.002452,mixed hardwood,6.008,0.609682553,AM,
T0331,WS4C-1,WS4C-1,WS4,,Fraser Magnolia,Magnolia,fraseri,1.0,2.54,Overtopped,Seed,0.000507,mixed hardwood,0.848,0.084067297,AM,
T0332,WS4C-1,WS4C-1,WS4,,Northern Red Oak,Quercus,rubra,16.91,42.951,Dominant,Seed,0.144889,hard maple/oak/hickory/beech,1221.465,171.5326614,ECM,
T0333,WS4C-1,WS4C-1,WS4,253.0,Northern Red Oak,Quercus,rubra,15.8,40.132,Dominant,Seed,0.126494,hard maple/oak/hickory/beech,1034.938,147.4880694,ECM,
T0334,WS4C-1,WS4C-1,WS4,249.0,Northern Red Oak,Quercus,rubra,21.9,55.626,Dominant,Seed,0.243022,hard maple/oak/hickory/beech,2296.236,304.8937522,ECM,
T0335,WS4C-1,WS4C-1,WS4,8.0,Northern Red Oak,Quercus,rubra,18.6,47.244,Dominant,Seed,0.175301,hard maple/oak/hickory/beech,1541.251,212.0161502,ECM,
T0336,WS4C-1,WS4C-1,WS4,,Red Maple,Acer,rubrum,4.78,12.141,Intermediate,Seed,0.011577,soft maple/birch,54.184,4.111219379,AM,
T0337,WS4C-1,WS4C-1,WS4,,Red Maple,Acer,rubrum,3.42,8.687,Intermediate,Seed,0.005927,soft maple/birch,24.548,1.74781402,AM,
T0338,WS4C-1,WS4C-1,WS4,,Red Maple,Acer,rubrum,7.25,18.415,Co-dominant,Seed,0.026634,soft maple/birch,145.13,11.91690444,AM,
T0339,WS4C-1,WS4C-1,WS4,,Red Maple,Acer,rubrum,6.93,17.602,Co-dominant,Seed,0.024334,soft maple/birch,130.43,10.61883296,AM,
T0340,WS4C-1,WS4C-1,WS4,,Red Maple,Acer,rubrum,7.3,18.542,Intermediate,Seed,0.027002,soft maple/birch,147.508,12.12800092,AM,
T0341,WS4C-1,WS4C-1,WS4,250.0,Red Maple,Acer,rubrum,3.6,9.144,Overtopped,Seed,0.006567,soft maple/birch,27.713,1.992541622,AM,
T0342,WS4C-1,WS4C-1,WS4,,Red Maple,Acer,rubrum,2.8,7.112,Overtopped,Seed,0.003973,soft maple/birch,15.295,1.048486652,AM,
T0343,WS4C-1,WS4C-1,WS4,,Red Maple,Acer,rubrum,13.7,34.798,Co-dominant,Seed,0.095104,soft maple/birch,653.776,60.57190165,AM,
T0344,WS4C-1,WS4C-1,WS4,500.0,Red Maple,Acer,rubrum,11.1,28.194,Co-dominant,Seed,0.062431,soft maple/birch,397.433,35.38073108,AM,
T0345,WS4C-1,WS4C-1,WS4,,Serviceberry,Amelanchier,arborea,1.9,4.826,Overtopped,Stump-sprout,0.001829,mixed hardwood,4.175,0.345881435,AM,
T0346,WS4C-1,WS4C-1,WS4,13.0,Serviceberry,Amelanchier,arborea,2.52,6.401,Overtopped,Seed,0.003218,mixed hardwood,8.419,0.713384658,AM,
T0347,WS4C-1,WS4C-1,WS4,,Serviceberry,Amelanchier,arborea,2.4,6.096,Overtopped,Stump-sprout,0.002919,mixed hardwood,7.458,0.629515659,AM,
T0348,WS4C-1,WS4C-1,WS4,,Striped Maple,Acer,pennsylvanicum,2.32,5.893,Overtopped,Seed,0.002727,soft maple/birch,9.804,0.6659763,AM,
T0349,WS4C-1,WS4C-1,WS4,,Striped Maple,Acer,pennsylvanicum,1.0,2.54,Overtopped,Seed,0.000507,soft maple/birch,1.34,0.078029807,AM,
T0350,WS4C-1,WS4C-1,WS4,693.0,Striped Maple,Acer,pennsylvanicum,1.6,4.064,Overtopped,Seed,0.001297,soft maple/birch,4.071,0.258417467,AM,
T0351,WS4C-1,WS4C-1,WS4,,Striped Maple,Acer,pennsylvanicum,2.0,5.08,Overtopped,Stump-sprout,0.002027,soft maple/birch,6.901,0.456279867,AM,
T0352,WS4C-1,WS4C-1,WS4,,Striped Maple,Acer,pennsylvanicum,1.1,2.794,Overtopped,Seed,0.000613,soft maple/birch,1.678,0.099476779,AM,
T0353,WS4C-1,WS4C-1,WS4,,Sugar Maple,Acer,saccharum,17.14,43.536,Dominant,Seed,0.148863,hard maple/oak/hickory/beech,1262.474,108.0011182,AM,
T0354,WS4C-1,WS4C-1,WS4,,White Oak,Quercus,alba,35.9,91.186,Dominant,Seed,0.65305,hard maple/oak/hickory/beech,7673.225,910.8773554,ECM,
T0355,WS4B-1,WS4B-1,WS4,291.0,Black Cherry,Prunus,serotina,19.2,48.768,Dominant,Seed,0.186793,mixed hardwood,1304.466,131.5096085,AM,
T0356,WS4B-1,WS4B-1,WS4,,Black Cherry,Prunus,serotina,24.61,62.509,Dominant,Seed,0.306885,mixed hardwood,2416.423,248.0461493,AM,
T0357,WS4B-1,WS4B-1,WS4,,Red Maple,Acer,rubrum,27.88,70.815,Dominant,Seed,0.393859,soft maple/birch,3509.376,372.0640483,AM,
T0358,WS4B-1,WS4B-1,WS4,297.0,Red Maple,Acer,rubrum,7.6,19.304,Intermediate,Seed,0.029267,soft maple/birch,162.249,13.44234066,AM,
T0359,WS4B-1,WS4B-1,WS4,294.0,Red Maple,Acer,rubrum,18.0,45.72,Co-dominant,Seed,0.164173,soft maple/birch,1246.855,121.6606397,AM,
T0360,WS4B-1,WS4B-1,WS4,,Red Maple,Acer,rubrum,21.6,54.864,,Seed,0.236409,soft maple/birch,1919.055,193.840242,AM,
T0361,WS4B-1,WS4B-1,WS4,,Striped Maple,Acer,pennsylvanicum,1.5,3.81,Overtopped,Seed,0.00114,soft maple/birch,3.495,0.219234891,AM,
T0362,WS4B-1,WS4B-1,WS4,,Striped Maple,Acer,pennsylvanicum,1.1,2.794,Overtopped,Seed,0.000613,soft maple/birch,1.678,0.099476779,AM,
T0363,WS4B-1,WS4B-1,WS4,,Striped Maple,Acer,pennsylvanicum,1.0,2.54,Overtopped,Seed,0.000507,soft maple/birch,1.34,0.078029807,AM,
T0364,WS4B-1,WS4B-1,WS4,,Sugar Maple,Acer,saccharum,1.3,3.302,Overtopped,Seed,0.000856,hard maple/oak/hickory/beech,2.329,0.149680088,AM,
T0365,WS4B-1,WS4B-1,WS4,293.0,Sugar Maple,Acer,saccharum,4.5,11.43,Overtopped,Stump-sprout,0.010261,hard maple/oak/hickory/beech,48.249,3.558833734,AM,
T0366,WS4B-1,WS4B-1,WS4,,Sugar Maple,Acer,saccharum,1.75,4.445,Overtopped,Seed,0.001552,hard maple/oak/hickory/beech,4.811,0.319592548,AM,
T0367,WS4B-1,WS4B-1,WS4,290.0,Sugar Maple,Acer,saccharum,8.1,20.574,Co-dominant,Seed,0.033245,hard maple/oak/hickory/beech,202.584,15.94885143,AM,
T0368,WS4B-1,WS4B-1,WS4,,Sugar Maple,Acer,saccharum,6.9,17.526,Intermediate,Seed,0.024124,hard maple/oak/hickory/beech,136.969,10.59321342,AM,
T0369,WS4B-1,WS4B-1,WS4,,Sugar Maple,Acer,saccharum,5.67,14.402,Intermediate,Seed,0.016291,hard maple/oak/hickory/beech,84.821,6.418596452,AM,
T0370,WS4B-1,WS4B-1,WS4,,Sugar Maple,Acer,saccharum,1.57,3.988,Overtopped,Seed,0.001249,hard maple/oak/hickory/beech,3.692,0.242273371,AM,
T0371,WS4B-1,WS4B-1,WS4,612.0,Sugar Maple,Acer,saccharum,1.52,3.861,Overtopped,Seed,0.001171,hard maple/oak/hickory/beech,3.411,0.223067584,AM,
T0372,WS4B-1,WS4B-1,WS4,611.0,Sugar Maple,Acer,saccharum,1.4,3.556,Overtopped,Seed,0.000993,hard maple/oak/hickory/beech,2.791,0.180840247,AM,
T0373,WS4B-1,WS4B-1,WS4,662.0,Sugar Maple,Acer,saccharum,1.3,3.302,Overtopped,Seed,0.000856,hard maple/oak/hickory/beech,2.329,0.149680088,AM,
T0374,WS4B-1,WS4B-1,WS4,,Sugar Maple,Acer,saccharum,1.57,3.988,Overtopped,Seed,0.001249,hard maple/oak/hickory/beech,3.692,0.242273371,AM,
T0375,WS4B-1,WS4B-1,WS4,,Sugar Maple,Acer,saccharum,2.2,5.588,Intermediate,Seed,0.002452,hard maple/oak/hickory/beech,8.411,0.573077156,AM,
T0376,WS4B-1,WS4B-1,WS4,,Sugar Maple,Acer,saccharum,1.02,2.591,Overtopped,Seed,0.000527,hard maple/oak/hickory/beech,1.288,0.080601319,AM,
T0377,WS4B-1,WS4B-1,WS4,,Sugar Maple,Acer,saccharum,1.7,4.318,Overtopped,Seed,0.001464,hard maple/oak/hickory/beech,4.482,0.296804755,AM,
T0378,WS4B-1,WS4B-1,WS4,502.0,Sugar Maple,Acer,saccharum,1.9,4.826,Intermediate,Seed,0.001829,hard maple/oak/hickory/beech,5.881,0.394219421,AM,
T0379,WS4B-1,WS4B-1,WS4,,Sugar Maple,Acer,saccharum,1.4,3.556,Overtopped,Stump-sprout,0.000993,hard maple/oak/hickory/beech,2.791,0.180840247,AM,
T0380,WS4B-1,WS4B-1,WS4,,Sugar Maple,Acer,saccharum,1.2,3.048,Overtopped,Seed,0.00073,hard maple/oak/hickory/beech,1.915,0.122026942,AM,
T0381,WS4B-1,WS4B-1,WS4,,Sugar Maple,Acer,saccharum,11.6,29.464,Co-dominant,Seed,0.068183,hard maple/oak/hickory/beech,486.782,39.8796952,AM,
T0382,WS4B-1,WS4B-1,WS4,,Yellow-poplar,Liriodendron,tulipifera,23.4,59.436,Dominant,Seed,0.277453,mixed hardwood,2132.072,257.8395404,AM,
T0383,WS4A-9,WS4A-9,WS4,29.0,American Basswood,Tilia,americana,6.3,16.002,Intermediate,Seed,0.020111,mixed hardwood,81.944,8.318196061,ECM,
T0384,WS4A-9,WS4A-9,WS4,,Eastern Hophornbeam,Ostrya,virginiana,1.0,2.54,Overtopped,Seed,0.000507,mixed hardwood,0.848,0.096337427,ECM,
T0385,WS4A-9,WS4A-9,WS4,26.0,Northern Red Oak,Quercus,rubra,36.4,92.456,Dominant,Seed,0.671367,hard maple/oak/hickory/beech,7936.716,944.016184,ECM,
T0386,WS4A-9,WS4A-9,WS4,38.0,Red Maple,Acer,rubrum,20.9,53.086,Co-dominant,Seed,0.221335,soft maple/birch,1775.206,178.1931243,AM,
T0387,WS4A-9,WS4A-9,WS4,1.0,Sugar Maple,Acer,saccharum,19.5,49.53,Co-dominant,Seed,0.192676,hard maple/oak/hickory/beech,1729.684,150.1044521,AM,
T0388,WS4A-9,WS4A-9,WS4,,Sugar Maple,Acer,saccharum,4.0,10.16,Intermediate,Seed,0.008107,hard maple/oak/hickory/beech,36.193,2.634955093,AM,
T0389,WS4A-9,WS4A-9,WS4,,Sugar Maple,Acer,saccharum,4.3,10.922,Overtopped,Seed,0.009369,hard maple/oak/hickory/beech,43.181,3.169008981,AM,
T0390,WS4A-9,WS4A-9,WS4,,Sugar Maple,Acer,saccharum,1.8,4.572,Overtopped,Seed,0.001642,hard maple/oak/hickory/beech,5.154,0.343413497,AM,
T0391,WS4A-9,WS4A-9,WS4,27.0,Sugar Maple,Acer,saccharum,9.4,23.876,Intermediate,Seed,0.044773,hard maple/oak/hickory/beech,291.338,23.31789746,AM,
T0392,WS4A-9,WS4A-9,WS4,,Sugar Maple,Acer,saccharum,5.2,13.208,Intermediate,Seed,0.013701,hard maple/oak/hickory/beech,68.668,5.146851078,AM,
T0393,WS4A-9,WS4A-9,WS4,36.0,Sugar Maple,Acer,saccharum,4.1,10.414,Dominant,Seed,0.008518,hard maple/oak/hickory/beech,38.441,2.806332371,AM,
T0394,WS4A-9,WS4A-9,WS4,3.0,Sugar Maple,Acer,saccharum,6.9,17.526,Intermediate,Seed,0.024124,hard maple/oak/hickory/beech,136.969,10.59321342,AM,
T0395,WS4A-9,WS4A-9,WS4,17.0,Sugar Maple,Acer,saccharum,13.8,35.052,Co-dominant,Seed,0.096497,hard maple/oak/hickory/beech,743.768,62.1178632,AM,
T0396,WS4A-9,WS4A-9,WS4,64.0,Sugar Maple,Acer,saccharum,7.5,19.05,Co-dominant,Seed,0.028502,hard maple/oak/hickory/beech,167.887,13.10498124,AM,
T0397,WS4A-9,WS4A-9,WS4,37.0,Sugar Maple,Acer,saccharum,6.2,15.748,Intermediate,Seed,0.019478,hard maple/oak/hickory/beech,105.492,8.062589911,AM,
T0398,WS4A-9,WS4A-9,WS4,67.0,Sugar Maple,Acer,saccharum,7.3,18.542,Intermediate,Seed,0.027002,hard maple/oak/hickory/beech,157.168,12.23155152,AM,
T0399,WS4A-9,WS4A-9,WS4,52.0,White Ash,Fraxinus,americana,21.2,53.848,Dominant,Seed,0.227735,mixed hardwood,1668.435,234.191097,AM,
T0400,WS4A-9,WS4A-9,WS4,51.0,White Ash,Fraxinus,americana,8.0,20.32,Dominant,Seed,0.032429,mixed hardwood,148.313,24.0273966,AM,
T0401,WS4A-9,WS4A-9,WS4,39.0,White Ash,Fraxinus,americana,24.8,62.992,,Seed,0.311645,mixed hardwood,2463.06,337.8429772,AM,
T0402,WS4A-13,WS4A-13,WS4,,American Beech,Fagus,grandifolia,3.34,8.484,Intermediate,Seed,0.005653,hard maple/oak/hickory/beech,23.308,2.182457399,ECM,
T0403,WS4A-13,WS4A-13,WS4,,American Beech,Fagus,grandifolia,1.5,3.81,Intermediate,Seed,0.00114,hard maple/oak/hickory/beech,3.302,0.300026009,ECM,
T0404,WS4A-13,WS4A-13,WS4,,American Beech,Fagus,grandifolia,1.6,4.064,Overtopped,Seed,0.001297,hard maple/oak/hickory/beech,3.866,0.352077319,ECM,
T0405,WS4A-13,WS4A-13,WS4,1.0,Northern Red Oak,Quercus,rubra,18.6,47.244,Co-dominant,Seed,0.175301,hard maple/oak/hickory/beech,1541.251,212.0161502,ECM,
T0406,WS4A-13,WS4A-13,WS4,,Red Maple,Acer,rubrum,2.9,7.366,Intermediate,Seed,0.004261,soft maple/birch,16.618,1.14682798,AM,
T0407,WS4A-13,WS4A-13,WS4,22.0,Red Maple,Acer,rubrum,14.7,37.338,Dominant,Seed,0.109494,soft maple/birch,772.313,72.51710345,AM,
T0408,WS4A-13,WS4A-13,WS4,,Sugar Maple,Acer,saccharum,2.1,5.334,Intermediate,Seed,0.002235,hard maple/oak/hickory/beech,7.508,0.508928444,AM,
T0409,WS4A-13,WS4A-13,WS4,,Sugar Maple,Acer,saccharum,1.75,4.445,Overtopped,Seed,0.001552,hard maple/oak/hickory/beech,4.811,0.319592548,AM,
T0410,WS4A-13,WS4A-13,WS4,,Sugar Maple,Acer,saccharum,1.4,3.556,Overtopped,Seed,0.000993,hard maple/oak/hickory/beech,2.791,0.180840247,AM,
T0411,WS4A-13,WS4A-13,WS4,,Sugar Maple,Acer,saccharum,1.3,3.302,Overtopped,Seed,0.000856,hard maple/oak/hickory/beech,2.329,0.149680088,AM,
T0412,WS4A-13,WS4A-13,WS4,,Sugar Maple,Acer,saccharum,3.3,8.382,Intermediate,Seed,0.005518,hard maple/oak/hickory/beech,22.63,1.612778519,AM,
T0413,WS4A-13,WS4A-13,WS4,,Sugar Maple,Acer,saccharum,2.8,7.112,Intermediate,Seed,0.003973,hard maple/oak/hickory/beech,15.153,1.06043457,AM,
T0414,WS4A-13,WS4A-13,WS4,,Sugar Maple,Acer,saccharum,1.7,4.318,Intermediate,Seed,0.001464,hard maple/oak/hickory/beech,4.482,0.296804755,AM,
T0415,WS4A-13,WS4A-13,WS4,,Sugar Maple,Acer,saccharum,1.4,3.556,Intermediate,Seed,0.000993,hard maple/oak/hickory/beech,2.791,0.180840247,AM,
T0416,WS4A-13,WS4A-13,WS4,,Sugar Maple,Acer,saccharum,2.03,5.156,Overtopped,Seed,0.002088,hard maple/oak/hickory/beech,6.911,0.466750635,AM,
T0417,WS4A-13,WS4A-13,WS4,,Sugar Maple,Acer,saccharum,1.56,3.962,Overtopped,Seed,0.001233,hard maple/oak/hickory/beech,3.633,0.238354915,AM,
T0418,WS4A-13,WS4A-13,WS4,,Sugar Maple,Acer,saccharum,1.36,3.454,Overtopped,Seed,0.000937,hard maple/oak/hickory/beech,2.599,0.167945859,AM,
T0419,WS4A-13,WS4A-13,WS4,,Sugar Maple,Acer,saccharum,3.25,8.255,Intermediate,Seed,0.005352,hard maple/oak/hickory/beech,21.802,1.551152041,AM,
T0420,WS4A-13,WS4A-13,WS4,,Sugar Maple,Acer,saccharum,3.1,7.874,Intermediate,Seed,0.004869,hard maple/oak/hickory/beech,19.427,1.374946453,AM,
T0421,WS4A-13,WS4A-13,WS4,75.0,Sugar Maple,Acer,saccharum,7.31,18.567,Co-dominant,Seed,0.027075,hard maple/oak/hickory/beech,157.686,12.27435493,AM,
T0422,WS4A-13,WS4A-13,WS4,,Sugar Maple,Acer,saccharum,1.8,4.572,Intermediate,Seed,0.001642,hard maple/oak/hickory/beech,5.154,0.343413497,AM,
T0423,WS4A-13,WS4A-13,WS4,78.0,Sugar Maple,Acer,saccharum,6.0,15.24,Co-dominant,Seed,0.018241,hard maple/oak/hickory/beech,97.378,7.415404585,AM,
T0424,WS4A-13,WS4A-13,WS4,,Sugar Maple,Acer,saccharum,3.4,8.636,Intermediate,Seed,0.005858,hard maple/oak/hickory/beech,24.341,1.740442338,AM,
T0425,WS4A-13,WS4A-13,WS4,,Sugar Maple,Acer,saccharum,3.4,8.636,Intermediate,Seed,0.005858,hard maple/oak/hickory/beech,24.341,1.740442338,AM,
T0426,WS4A-13,WS4A-13,WS4,,Sugar Maple,Acer,saccharum,2.8,7.112,Intermediate,Seed,0.003973,hard maple/oak/hickory/beech,15.153,1.06043457,AM,
T0427,WS4A-13,WS4A-13,WS4,,Witch Hazel,Hamamelis,virginiana,1.7,4.318,Overtopped,Seed,0.001464,mixed hardwood,3.167,0.345776277,uncertain,
T0428,WS4A-13,WS4A-13,WS4,,Witch Hazel,Hamamelis,virginiana,1.4,3.556,Overtopped,Seed,0.000993,mixed hardwood,1.956,0.213097723,uncertain,
T0429,WS4A-13,WS4A-13,WS4,38.0,Yellow-poplar,Liriodendron,tulipifera,23.9,60.706,Dominant,Seed,0.289436,mixed hardwood,2247.012,271.1285569,AM,
T0430,WS4A-13,WS4A-13,WS4,18.0,Yellow-poplar,Liriodendron,tulipifera,28.9,73.406,Dominant,Seed,0.423207,mixed hardwood,3601.588,425.870799,AM,
T0431,WS4A-13,WS4A-13,WS4,62.0,Yellow-poplar,Liriodendron,tulipifera,18.75,47.625,Co-dominant,Seed,0.178139,mixed hardwood,1229.852,152.2815088,AM,
T0432,WS4A-11,WS4-A-11,WS4,,American Beech,Fagus,grandifolia,1.32,3.353,Overtopped,Seed,0.000883,hard maple/oak/hickory/beech,2.418,0.218544306,ECM,untagged stems entered as WS4-A-11; merged into WS4A-11 (confirmed by DC 2026-09-11)
T0433,WS4A-11,WS4-A-11,WS4,,American Beech,Fagus,grandifolia,1.23,3.124,Overtopped,Seed,0.000766,hard maple/oak/hickory/beech,2.034,0.183449249,ECM,untagged stems entered as WS4-A-11; merged into WS4A-11 (confirmed by DC 2026-09-11)
T0434,WS4A-11,WS4-A-11,WS4,,American Beech,Fagus,grandifolia,2.5,6.35,Intermediate,Seed,0.003167,hard maple/oak/hickory/beech,11.491,1.064363077,ECM,untagged stems entered as WS4-A-11; merged into WS4A-11 (confirmed by DC 2026-09-11)
T0435,WS4A-11,WS4-A-11,WS4,,American Beech,Fagus,grandifolia,1.0,2.54,Overtopped,Seed,0.000507,hard maple/oak/hickory/beech,1.227,0.109813112,ECM,untagged stems entered as WS4-A-11; merged into WS4A-11 (confirmed by DC 2026-09-11)
T0436,WS4A-11,WS4-A-11,WS4,,American Beech,Fagus,grandifolia,1.0,2.54,Overtopped,Seed,0.000507,hard maple/oak/hickory/beech,1.227,0.109813112,ECM,untagged stems entered as WS4-A-11; merged into WS4A-11 (confirmed by DC 2026-09-11)
T0437,WS4A-11,WS4-A-11,WS4,,American Elm,Ulmus,americana,11.8,29.972,Co-dominant,Seed,0.070554,mixed hardwood,389.38,42.2705115,AM,untagged stems entered as WS4-A-11; merged into WS4A-11 (confirmed by DC 2026-09-11)
T0438,WS4A-11,WS4-A-11,WS4,,Black Oak,Quercus,velutina,16.3,41.402,Dominant,Seed,0.134627,hard maple/oak/hickory/beech,1116.715,156.8997476,ECM,untagged stems entered as WS4-A-11; merged into WS4A-11 (confirmed by DC 2026-09-11)
T0439,WS4A-11,WS4-A-11,WS4,,Pignut Hickory,Carya,glabra,7.9,20.066,Dominant,Seed,0.031624,hard maple/oak/hickory/beech,190.59,24.83621015,ECM,untagged stems entered as WS4-A-11; merged into WS4A-11 (confirmed by DC 2026-09-11)
T0440,WS4A-11,WS4-A-11,WS4,,Sugar Maple,Acer,saccharum,1.5,3.81,Intermediate,Seed,0.00114,hard maple/oak/hickory/beech,3.302,0.215653882,AM,untagged stems entered as WS4-A-11; merged into WS4A-11 (confirmed by DC 2026-09-11)
T0441,WS4A-11,WS4A-11,WS4,167.0,American Beech,Fagus,grandifolia,2.8,7.112,Intermediate,Seed,0.003973,hard maple/oak/hickory/beech,15.153,1.409594331,ECM,
T0442,WS4A-11,WS4A-11,WS4,201.0,American Beech,Fagus,grandifolia,2.7,6.858,Intermediate,Seed,0.003694,hard maple/oak/hickory/beech,13.866,1.288078839,ECM,
T0443,WS4A-11,WS4A-11,WS4,171.0,American Beech,Fagus,grandifolia,2.23,5.664,Overtopped,Seed,0.00252,hard maple/oak/hickory/beech,8.693,0.801773077,ECM,
T0444,WS4A-11,WS4A-11,WS4,154.0,American Beech,Fagus,grandifolia,3.21,8.153,Intermediate,Seed,0.005221,hard maple/oak/hickory/beech,21.15,1.977911057,ECM,
T0445,WS4A-11,WS4A-11,WS4,168.0,American Beech,Fagus,grandifolia,7.72,19.609,Intermediate,Seed,0.0302,hard maple/oak/hickory/beech,180.168,17.4152146,ECM,
T0446,WS4A-11,WS4A-11,WS4,187.0,Northern Red Oak,Quercus,rubra,21.7,55.118,Dominant,Seed,0.238603,hard maple/oak/hickory/beech,2245.384,298.7346864,ECM,
T0447,WS4A-11,WS4A-11,WS4,173.0,Northern Red Oak,Quercus,rubra,33.0,83.82,Dominant,Seed,0.551804,hard maple/oak/hickory/beech,6247.193,759.0104563,ECM,
T0448,WS4A-11,WS4A-11,WS4,183.0,Red Maple,Acer,rubrum,1.2,3.048,Overtopped,Stump-sprout,0.00073,soft maple/birch,2.062,0.120350633,AM,
T0449,WS4A-11,WS4A-11,WS4,214.0,Red Maple,Acer,rubrum,6.0,15.24,Intermediate,Seed,0.018241,soft maple/birch,92.763,7.348370944,AM,
T0450,WS4A-11,WS4A-11,WS4,150.0,Red Maple,Acer,rubrum,7.57,19.228,Co-dominant,Seed,0.029037,soft maple/birch,160.743,13.30719282,AM,
T0451,WS4A-11,WS4A-11,WS4,137.0,Red Maple,Acer,rubrum,2.47,6.274,Dominant,Seed,0.003092,soft maple/birch,11.37,0.761070069,AM,
T0452,WS4A-11,WS4A-11,WS4,139.0,Red Maple,Acer,rubrum,3.16,8.026,Intermediate,Seed,0.005059,soft maple/birch,20.358,1.428121599,AM,
T0453,WS4A-11,WS4A-11,WS4,117.0,Red Maple,Acer,rubrum,3.9,9.906,Co-dominant,Seed,0.007707,soft maple/birch,33.489,2.444659252,AM,
T0454,WS4A-11,WS4A-11,WS4,131.0,Striped Maple,Acer,pennsylvanicum,2.1,5.334,Overtopped,Seed,0.002235,soft maple/birch,7.746,0.516675494,AM,
T0455,WS4A-11,WS4A-11,WS4,132.0,Sugar Maple,Acer,saccharum,1.4,3.556,Intermediate,Seed,0.000993,hard maple/oak/hickory/beech,2.791,0.180840247,AM,
T0456,WS4A-11,WS4A-11,WS4,125.0,Sugar Maple,Acer,saccharum,4.1,10.414,Intermediate,Seed,0.008518,hard maple/oak/hickory/beech,38.441,2.806332371,AM,
T0457,WS4A-11,WS4A-11,WS4,141.0,Sugar Maple,Acer,saccharum,11.35,28.829,Co-dominant,Seed,0.065275,hard maple/oak/hickory/beech,461.57,37.72295716,AM,
T0458,WS4A-11,WS4A-11,WS4,140.0,Sugar Maple,Acer,saccharum,6.04,15.342,Intermediate,Seed,0.018486,hard maple/oak/hickory/beech,98.976,7.542212187,AM,
T0459,WS4A-11,WS4A-11,WS4,133.0,Sugar Maple,Acer,saccharum,7.9,20.066,Dominant,Seed,0.031624,hard maple/oak/hickory/beech,190.59,14.96309439,AM,
T0460,WS4A-10,WS4A-10,WS4,21.0,Black Cherry,Prunus,serotina,17.8,45.212,Co-dominant,Seed,0.160545,mixed hardwood,1080.867,108.37011,AM,
T0461,WS4A-10,WS4A-10,WS4,24.0,Black Cherry,Prunus,serotina,22.1,56.134,Dominant,Seed,0.247481,mixed hardwood,1849.918,188.413841,AM,
T0462,WS4A-10,WS4A-10,WS4,25.0,Black Cherry,Prunus,serotina,,,Dominant,Seed,,mixed hardwood,,,AM,DBH missing
T0463,WS4A-10,WS4A-10,WS4,,Black Cherry,Prunus,serotina,,,Dominant,Seed,,mixed hardwood,,,AM,DBH missing
T0464,WS4A-10,WS4A-10,WS4,27.0,Northern Red Oak,Quercus,rubra,30.5,77.47,Dominant,Seed,0.471365,hard maple/oak/hickory/beech,5154.283,637.003438,ECM,
T0465,WS4A-10,WS4A-10,WS4,11.0,Northern Red Oak,Quercus,rubra,36.0,91.44,Dominant,Seed,0.656693,hard maple/oak/hickory/beech,7725.503,921.0957649,ECM,
T0466,WS4A-10,WS4A-10,WS4,,Striped Maple,Acer,pennsylvanicum,1.2,3.048,Overtopped,Seed,0.00073,soft maple/birch,2.062,0.124165297,AM,
T0467,WS4A-10,WS4A-10,WS4,,Striped Maple,Acer,pennsylvanicum,1.2,3.048,Overtopped,Seed,0.00073,soft maple/birch,2.062,0.124165297,AM,
T0468,WS4A-10,WS4A-10,WS4,66.0,Sugar Maple,Acer,saccharum,6.9,17.526,Intermediate,Seed,0.024124,hard maple/oak/hickory/beech,136.969,10.59321342,AM,
T0469,WS4A-10,WS4A-10,WS4,,Sugar Maple,Acer,saccharum,4.6,11.684,Intermediate,Seed,0.010722,hard maple/oak/hickory/beech,50.908,3.764142784,AM,
T0470,WS4A-10,WS4A-10,WS4,,Sugar Maple,Acer,saccharum,2.7,6.858,Overtopped,Stump-sprout,0.003694,hard maple/oak/hickory/beech,13.866,0.966449117,AM,
T0471,WS4A-10,WS4A-10,WS4,77.0,Sugar Maple,Acer,saccharum,6.5,16.51,Intermediate,Seed,0.021408,hard maple/oak/hickory/beech,118.39,9.095847169,AM,
T0472,WS4A-10,WS4A-10,WS4,,Sugar Maple,Acer,saccharum,4.4,11.176,Intermediate,Seed,0.00981,hard maple/oak/hickory/beech,45.673,3.360484394,AM,
T0473,WS4A-10,WS4A-10,WS4,,Sugar Maple,Acer,saccharum,4.6,11.684,Overtopped,Seed,0.010722,hard maple/oak/hickory/beech,50.908,3.764142784,AM,
T0474,WS4A-10,WS4A-10,WS4,,Sugar Maple,Acer,saccharum,2.3,5.842,Overtopped,Seed,0.00268,hard maple/oak/hickory/beech,9.375,0.641914673,AM,
T0475,WS4A-10,WS4A-10,WS4,,Sugar Maple,Acer,saccharum,3.7,9.398,Overtopped,Seed,0.006937,hard maple/oak/hickory/beech,29.921,2.15959042,AM,
T0476,WS4A-10,WS4A-10,WS4,78.0,Sugar Maple,Acer,saccharum,5.4,13.716,Intermediate,Seed,0.014776,hard maple/oak/hickory/beech,75.295,5.667190081,AM,
T0477,WS4A-10,WS4A-10,WS4,1.0,Sugar Maple,Acer,saccharum,16.8,42.672,Co-dominant,Seed,0.143013,hard maple/oak/hickory/beech,1202.188,102.6178903,AM,
T0478,WS4A-10,WS4A-10,WS4,26.0,Sugar Maple,Acer,saccharum,13.4,34.036,Co-dominant,Seed,0.090984,hard maple/oak/hickory/beech,692.238,57.62596515,AM,
T0479,WS4A-10,WS4A-10,WS4,44.0,Sugar Maple,Acer,saccharum,10.1,25.654,Intermediate,Seed,0.051689,hard maple/oak/hickory/beech,347.169,28.00858258,AM,
T0480,WS4A-10,WS4A-10,WS4,62.0,Sugar Maple,Acer,saccharum,8.0,20.32,Intermediate,Seed,0.032429,hard maple/oak/hickory/beech,196.533,15.45119252,AM,
T0481,WS4A-10,WS4A-10,WS4,79.0,Sugar Maple,Acer,saccharum,7.5,19.05,Intermediate,Seed,0.028502,hard maple/oak/hickory/beech,167.887,13.10498124,AM,
T0482,WS2B-4,WS2B-4,WS2,,American Beech,Fagus,grandifolia,1.1,2.794,Overtopped,Seed,0.000613,hard maple/oak/hickory/beech,1.549,0.139078713,ECM,
T0483,WS2B-4,WS2B-4,WS2,,American Beech,Fagus,grandifolia,1.23,3.124,Intermediate,Seed,0.000766,hard maple/oak/hickory/beech,2.034,0.183449249,ECM,
T0484,WS2B-4,WS2B-4,WS2,,American Beech,Fagus,grandifolia,1.8,4.572,Intermediate,Seed,0.001642,hard maple/oak/hickory/beech,5.154,0.471452277,ECM,
T0485,WS2B-4,WS2B-4,WS2,38.0,American Beech,Fagus,grandifolia,7.0,17.78,Co-dominant,Seed,0.024829,hard maple/oak/hickory/beech,141.865,13.66248654,ECM,
T0486,WS2B-4,WS2B-4,WS2,20.0,American Beech,Fagus,grandifolia,6.34,16.104,Dominant,Seed,0.020368,hard maple/oak/hickory/beech,111.409,10.68851104,ECM,
T0487,WS2B-4,WS2B-4,WS2,154.0,American Beech,Fagus,grandifolia,5.8,14.732,Intermediate,Seed,0.017046,hard maple/oak/hickory/beech,89.644,8.571987707,ECM,
T0488,WS2B-4,WS2B-4,WS2,37.0,American Beech,Fagus,grandifolia,5.3,13.462,Intermediate,Seed,0.014233,hard maple/oak/hickory/beech,71.937,6.855341579,ECM,
T0489,WS2B-4,WS2B-4,WS2,260.0,American Beech,Fagus,grandifolia,3.2,8.128,Intermediate,Seed,0.005189,hard maple/oak/hickory/beech,20.992,1.962672221,ECM,
T0490,WS2B-4,WS2B-4,WS2,,American Beech,Fagus,grandifolia,2.8,7.112,Intermediate,Seed,0.003973,hard maple/oak/hickory/beech,15.153,1.409594331,ECM,
T0491,WS2B-4,WS2B-4,WS2,,American Beech,Fagus,grandifolia,2.5,6.35,Intermediate,Seed,0.003167,hard maple/oak/hickory/beech,11.491,1.064363077,ECM,
T0492,WS2B-4,WS2B-4,WS2,,American Beech,Fagus,grandifolia,1.24,3.15,Overtopped,Seed,0.000779,hard maple/oak/hickory/beech,2.076,0.18716861,ECM,
T0493,WS2B-4,WS2B-4,WS2,,American Beech,Fagus,grandifolia,1.1,2.794,Overtopped,Seed,0.000613,hard maple/oak/hickory/beech,1.549,0.139078713,ECM,
T0494,WS2B-4,WS2B-4,WS2,155.0,American Beech,Fagus,grandifolia,3.8,9.652,Intermediate,Seed,0.007317,hard maple/oak/hickory/beech,31.933,3.005063805,ECM,
T0495,WS2B-4,WS2B-4,WS2,285.0,American Beech,Fagus,grandifolia,1.72,4.369,Overtopped,Stump-sprout,0.001499,hard maple/oak/hickory/beech,4.613,0.421206514,ECM,
T0496,WS2B-4,WS2B-4,WS2,287.0,American Beech,Fagus,grandifolia,1.9,4.826,Intermediate,Seed,0.001829,hard maple/oak/hickory/beech,5.881,0.53906852,ECM,
T0497,WS2B-4,WS2B-4,WS2,26.0,American Beech,Fagus,grandifolia,5.41,13.741,Co-dominant,Seed,0.01483,hard maple/oak/hickory/beech,75.63,7.213465275,ECM,
T0498,WS2B-4,WS2B-4,WS2,254.0,American Beech,Fagus,grandifolia,3.2,8.128,Overtopped,Seed,0.005189,hard maple/oak/hickory/beech,20.992,1.962672221,ECM,
T0499,WS2B-4,WS2B-4,WS2,259.0,American Beech,Fagus,grandifolia,4.2,10.668,Intermediate,Seed,0.008938,hard maple/oak/hickory/beech,40.77,3.851224648,ECM,
T0500,WS2B-4,WS2B-4,WS2,61.0,American Beech,Fagus,grandifolia,3.9,9.906,Intermediate,Seed,0.007707,hard maple/oak/hickory/beech,34.024,3.204923646,ECM,
T0501,WS2B-4,WS2B-4,WS2,65.0,American Beech,Fagus,grandifolia,7.25,18.415,Co-dominant,Seed,0.026634,hard maple/oak/hickory/beech,154.553,14.90415695,ECM,
T0502,WS2B-4,WS2B-4,WS2,,American Beech,Fagus,grandifolia,1.13,2.87,Overtopped,Seed,0.000647,hard maple/oak/hickory/beech,1.654,0.148671583,ECM,
T0503,WS2B-4,WS2B-4,WS2,,American Beech,Fagus,grandifolia,1.1,2.794,Overtopped,Seed,0.000613,hard maple/oak/hickory/beech,1.549,0.139078713,ECM,
T0504,WS2B-4,WS2B-4,WS2,,American Beech,Fagus,grandifolia,1.1,2.794,Overtopped,Seed,0.000613,hard maple/oak/hickory/beech,1.549,0.139078713,ECM,
T0505,WS2B-4,WS2B-4,WS2,,American Beech,Fagus,grandifolia,2.4,6.096,Overtopped,Stump-sprout,0.002919,hard maple/oak/hickory/beech,10.401,0.961928421,ECM,
T0506,WS2B-4,WS2B-4,WS2,64.0,American Beech,Fagus,grandifolia,7.12,18.085,Dominant,Seed,0.025688,hard maple/oak/hickory/beech,147.879,14.25044874,ECM,
T0507,WS2B-4,WS2B-4,WS2,21.0,American Beech,Fagus,grandifolia,5.23,13.284,Intermediate,Seed,0.01386,hard maple/oak/hickory/beech,69.637,6.63308774,ECM,
T0508,WS2B-4,WS2B-4,WS2,181.0,Black Cherry,Prunus,serotina,7.8,19.812,Co-dominant,Seed,0.030828,mixed hardwood,139.274,13.15197691,AM,
T0509,WS2B-4,WS2B-4,WS2,36.0,Black Oak,Quercus,velutina,17.9,45.466,Dominant,Seed,0.162354,hard maple/oak/hickory/beech,1403.481,193.2645992,ECM,
T0510,WS2B-4,WS2B-4,WS2,,Blackgum,Nyssa,sylvativa,2.6,6.604,Intermediate,Seed,0.003425,mixed hardwood,9.098,0.917896396,AM,
T0511,WS2B-4,WS2B-4,WS2,,Flowering Dogwood,Cornus,florida,2.1,5.334,Intermediate,Seed,0.002235,mixed hardwood,5.353,0.508188336,AM,
T0512,WS2B-4,WS2B-4,WS2,182.0,Red Maple,Acer,rubrum,16.7,42.418,Dominant,Seed,0.141316,soft maple/birch,1044.282,100.4558614,AM,
T0513,WS2B-4,WS2B-4,WS2,59.0,Red Maple,Acer,rubrum,6.39,16.231,Intermediate,Stump-sprout,0.020691,soft maple/birch,107.668,8.631065291,AM,
T0514,WS2B-4,WS2B-4,WS2,63.0,Red Maple,Acer,rubrum,10.4,26.416,Co-dominant,Seed,0.054805,soft maple/birch,340.688,29.95655443,AM,
T0515,WS2B-4,WS2B-4,WS2,60.0,Red Maple,Acer,rubrum,13.17,33.452,Dominant,Seed,0.087889,soft maple/birch,595.538,54.76396637,AM,
T0516,WS2B-4,WS2B-4,WS2,34.0,Red Maple,Acer,rubrum,10.1,25.654,Dominant,Seed,0.051689,soft maple/birch,317.901,27.79809748,AM,
T0517,WS2B-4,WS2B-4,WS2,178.0,Sweet Birch,Betula,lenta,7.6,19.304,Dominant,Seed,0.029267,soft maple/birch,162.249,46.68311051,ECM,
T0518,WS2B-4,WS2B-4,WS2,33.0,Sweet Birch,Betula,lenta,9.2,23.368,Dominant,Seed,0.042888,soft maple/birch,254.933,67.81342137,ECM,
T0519,WS2B-4,WS2B-4,WS2,,Witch Hazel,Hamamelis,virginiana,1.8,4.572,Overtopped,Stump-sprout,0.001642,mixed hardwood,3.65,0.398732548,uncertain,
T0520,WS2B-4,WS2B-4,WS2,,Witch Hazel,Hamamelis,virginiana,1.6,4.064,Overtopped,Stump-sprout,0.001297,mixed hardwood,2.724,0.297273208,uncertain,
T0521,WS2B-4,WS2B-4,WS2,,Witch Hazel,Hamamelis,virginiana,1.3,3.302,Overtopped,Stump-sprout,0.000856,mixed hardwood,1.627,0.177149817,uncertain,
T0522,WS2B-2,WS2B-2,WS2,95.0,American Beech,Fagus,grandifolia,4.0,10.16,Intermediate,Seed,0.008107,hard maple/oak/hickory/beech,36.193,3.412507789,ECM,
T0523,WS2B-2,WS2B-2,WS2,78.0,American Beech,Fagus,grandifolia,3.4,8.636,Overtopped,Seed,0.005858,hard maple/oak/hickory/beech,24.341,2.280937569,ECM,
T0524,WS2B-2,WS2B-2,WS2,69.0,American Beech,Fagus,grandifolia,7.6,19.304,Co-dominant,Seed,0.029267,hard maple/oak/hickory/beech,173.404,16.75187503,ECM,
T0525,WS2B-2,WS2B-2,WS2,94.0,American Beech,Fagus,grandifolia,7.5,19.05,Dominant,Seed,0.028502,hard maple/oak/hickory/beech,167.887,16.21079206,ECM,
T0526,WS2B-2,WS2B-2,WS2,304.0,American Beech,Fagus,grandifolia,4.5,11.43,Dominant,Seed,0.010261,hard maple/oak/hickory/beech,48.249,4.569549016,ECM,
T0527,WS2B-2,WS2B-2,WS2,100.0,American Beech,Fagus,grandifolia,6.0,15.24,Intermediate,Seed,0.018241,hard maple/oak/hickory/beech,97.378,9.323486776,ECM,
T0528,WS2B-2,WS2B-2,WS2,76.0,American Beech,Fagus,grandifolia,5.2,13.208,Intermediate,Seed,0.013701,hard maple/oak/hickory/beech,68.668,6.53917118,ECM,
T0529,WS2B-2,WS2B-2,WS2,88.0,American Beech,Fagus,grandifolia,4.93,12.522,Intermediate,Seed,0.012315,hard maple/oak/hickory/beech,60.286,5.729560198,ECM,
T0530,WS2B-2,WS2B-2,WS2,248.0,American Beech,Fagus,grandifolia,3.7,9.398,Intermediate,Seed,0.006937,hard maple/oak/hickory/beech,29.921,2.812832778,ECM,
T0531,WS2B-2,WS2B-2,WS2,,American Beech,Fagus,grandifolia,1.3,3.302,Overtopped,Seed,0.000856,hard maple/oak/hickory/beech,2.329,0.210427867,ECM,
T0532,WS2B-2,WS2B-2,WS2,,American Beech,Fagus,grandifolia,1.1,2.794,Overtopped,Seed,0.000613,hard maple/oak/hickory/beech,1.549,0.139078713,ECM,
T0533,WS2B-2,WS2B-2,WS2,,American Beech,Fagus,grandifolia,1.2,3.048,Intermediate,Seed,0.00073,hard maple/oak/hickory/beech,1.915,0.172557178,ECM,
T0534,WS2B-2,WS2B-2,WS2,66.0,American Beech,Fagus,grandifolia,6.55,16.637,Intermediate,Seed,0.021739,hard maple/oak/hickory/beech,120.625,11.5877221,ECM,
T0535,WS2B-2,WS2B-2,WS2,246.0,American Beech,Fagus,grandifolia,4.46,11.328,Intermediate,Seed,0.010079,hard maple/oak/hickory/beech,47.204,4.469523194,ECM,
T0536,WS2B-2,WS2B-2,WS2,,American Beech,Fagus,grandifolia,1.1,2.794,Intermediate,Seed,0.000613,hard maple/oak/hickory/beech,1.549,0.139078713,ECM,
T0537,WS2B-2,WS2B-2,WS2,64.0,American Beech,Fagus,grandifolia,5.85,14.859,Co-dominant,Seed,0.017341,hard maple/oak/hickory/beech,91.542,8.756335539,ECM,
T0538,WS2B-2,WS2B-2,WS2,68.0,American Beech,Fagus,grandifolia,5.61,14.249,Intermediate,Seed,0.015946,hard maple/oak/hickory/beech,82.638,7.892681418,ECM,
T0539,WS2B-2,WS2B-2,WS2,,American Beech,Fagus,grandifolia,2.1,5.334,Intermediate,Seed,0.002235,hard maple/oak/hickory/beech,7.508,0.690858532,ECM,
T0540,WS2B-2,WS2B-2,WS2,,American Beech,Fagus,grandifolia,1.1,2.794,Intermediate,Seed,0.000613,hard maple/oak/hickory/beech,1.549,0.139078713,ECM,
T0541,WS2B-2,WS2B-2,WS2,,American Beech,Fagus,grandifolia,1.0,2.54,Intermediate,Seed,0.000507,hard maple/oak/hickory/beech,1.227,0.109813112,ECM,
T0542,WS2B-2,WS2B-2,WS2,,American Beech,Fagus,grandifolia,2.4,6.096,Overtopped,Seed,0.002919,hard maple/oak/hickory/beech,10.401,0.961928421,ECM,
T0543,WS2B-2,WS2B-2,WS2,,American Beech,Fagus,grandifolia,1.65,4.191,Overtopped,Seed,0.00138,hard maple/oak/hickory/beech,4.167,0.379984055,ECM,
T0544,WS2B-2,WS2B-2,WS2,,American Beech,Fagus,grandifolia,1.72,4.369,Overtopped,Seed,0.001499,hard maple/oak/hickory/beech,4.613,0.421206514,ECM,
T0545,WS2B-2,WS2B-2,WS2,,American Beech,Fagus,grandifolia,1.5,3.81,Overtopped,Seed,0.00114,hard maple/oak/hickory/beech,3.302,0.300026009,ECM,
T0546,WS2B-2,WS2B-2,WS2,87.0,Black Cherry,Prunus,serotina,7.6,19.304,Overtopped,Seed,0.029267,mixed hardwood,130.573,12.30709506,AM,
T0547,WS2B-2,WS2B-2,WS2,74.0,Black Cherry,Prunus,serotina,13.4,34.036,Dominant,Seed,0.090984,mixed hardwood,533.973,52.4448099,AM,
T0548,WS2B-2,WS2B-2,WS2,83.0,Black Oak,Quercus,velutina,13.9,35.306,Dominant,Seed,0.097901,hard maple/oak/hickory/beech,756.992,110.0597621,ECM,
T0549,WS2B-2,WS2B-2,WS2,80.0,Black Oak,Quercus,velutina,16.1,40.894,Dominant,Seed,0.131344,hard maple/oak/hickory/beech,1083.563,152.6461566,ECM,
T0550,WS2B-2,WS2B-2,WS2,89.0,Black Oak,Quercus,velutina,15.78,40.081,Dominant,Seed,0.126173,hard maple/oak/hickory/beech,1031.731,145.9740848,ECM,
T0551,WS2B-2,WS2B-2,WS2,84.0,Northern Red Oak,Quercus,rubra,12.0,30.48,Dominant,Seed,0.072966,hard maple/oak/hickory/beech,528.779,79.98238508,ECM,
T0552,WS2B-2,WS2B-2,WS2,77.0,Red Maple,Acer,rubrum,15.4,39.116,Dominant,Seed,0.120171,soft maple/birch,862.137,81.66885519,AM,
T0553,WS2B-2,WS2B-2,WS2,90.0,Serviceberry,Amelanchier,arborea,4.18,10.617,Intermediate,Seed,0.008853,mixed hardwood,29.582,2.61037499,AM,
T0554,WS2B-2,WS2B-2,WS2,,Striped Maple,Acer,pennsylvanicum,1.8,4.572,Intermediate,Seed,0.001642,soft maple/birch,5.379,0.348858554,AM,
T0555,WS2B-2,WS2B-2,WS2,96.0,White Oak,Quercus,alba,15.0,38.1,Dominant,Seed,0.114009,hard maple/oak/hickory/beech,911.656,130.5528861,ECM,
T0556,WS2B-1,WS2B-1,WS2,285.0,American Beech,Fagus,grandifolia,2.2,5.588,Overtopped,Seed,0.002452,hard maple/oak/hickory/beech,8.411,0.775301084,ECM,
T0557,WS2B-1,WS2B-1,WS2,,American Beech,Fagus,grandifolia,1.2,3.048,Overtopped,Seed,0.00073,hard maple/oak/hickory/beech,1.915,0.172557178,ECM,
T0558,WS2B-1,WS2B-1,WS2,,American Beech,Fagus,grandifolia,1.1,2.794,Overtopped,Seed,0.000613,hard maple/oak/hickory/beech,1.549,0.139078713,ECM,
T0559,WS2B-1,WS2B-1,WS2,,American Beech,Fagus,grandifolia,1.17,2.972,Overtopped,Seed,0.000694,hard maple/oak/hickory/beech,1.801,0.162060459,ECM,
T0560,WS2B-1,WS2B-1,WS2,,American Beech,Fagus,grandifolia,1.53,3.886,Overtopped,Seed,0.001186,hard maple/oak/hickory/beech,3.466,0.315121101,ECM,
T0561,WS2B-1,WS2B-1,WS2,,American Beech,Fagus,grandifolia,2.3,5.842,Overtopped,Seed,0.00268,hard maple/oak/hickory/beech,9.375,0.865615597,ECM,
T0562,WS2B-1,WS2B-1,WS2,308.0,American Beech,Fagus,grandifolia,5.5,13.97,Co-dominant,Seed,0.015328,hard maple/oak/hickory/beech,78.744,7.514602176,ECM,
T0563,WS2B-1,WS2B-1,WS2,153.0,American Beech,Fagus,grandifolia,5.1,12.954,Co-dominant,Seed,0.013179,hard maple/oak/hickory/beech,65.489,6.231865999,ECM,
T0564,WS2B-1,WS2B-1,WS2,182.0,American Beech,Fagus,grandifolia,10.9,27.686,Dominant,Seed,0.060202,hard maple/oak/hickory/beech,418.168,40.95284876,ECM,
T0565,WS2B-1,WS2B-1,WS2,28.0,American Beech,Fagus,grandifolia,9.4,23.876,Dominant,Seed,0.044773,hard maple/oak/hickory/beech,291.338,28.37246689,ECM,
T0566,WS2B-1,WS2B-1,WS2,26.0,American Beech,Fagus,grandifolia,2.39,6.071,Intermediate,Seed,0.002895,hard maple/oak/hickory/beech,10.297,0.952023673,ECM,
T0567,WS2B-1,WS2B-1,WS2,286.0,American Beech,Fagus,grandifolia,2.4,6.096,Overtopped,Seed,0.002919,hard maple/oak/hickory/beech,10.401,0.961928421,ECM,
T0568,WS2B-1,WS2B-1,WS2,,American Beech,Fagus,grandifolia,1.6,4.064,Overtopped,Seed,0.001297,hard maple/oak/hickory/beech,3.866,0.352077319,ECM,
T0569,WS2B-1,WS2B-1,WS2,313.0,American Beech,Fagus,grandifolia,1.4,3.556,Overtopped,Seed,0.000993,hard maple/oak/hickory/beech,2.791,0.252862494,ECM,
T0570,WS2B-1,WS2B-1,WS2,,American Beech,Fagus,grandifolia,1.4,3.556,Overtopped,Seed,0.000993,hard maple/oak/hickory/beech,2.791,0.252862494,ECM,
T0571,WS2B-1,WS2B-1,WS2,,American Beech,Fagus,grandifolia,1.1,2.794,Overtopped,Seed,0.000613,hard maple/oak/hickory/beech,1.549,0.139078713,ECM,
T0572,WS2B-1,WS2B-1,WS2,27.0,American Beech,Fagus,grandifolia,8.14,20.676,Dominant,Seed,0.033576,hard maple/oak/hickory/beech,205.044,19.85912494,ECM,
T0573,WS2B-1,WS2B-1,WS2,23.0,American Beech,Fagus,grandifolia,6.45,16.383,Intermediate,Seed,0.02108,hard maple/oak/hickory/beech,116.179,11.15412198,ECM,
T0574,WS2B-1,WS2B-1,WS2,52.0,American Beech,Fagus,grandifolia,3.0,7.62,Overtopped,Seed,0.00456,hard maple/oak/hickory/beech,17.933,1.672509651,ECM,
T0575,WS2B-1,WS2B-1,WS2,24.0,American Beech,Fagus,grandifolia,4.24,10.77,Intermediate,Seed,0.00911,hard maple/oak/hickory/beech,41.728,3.94278616,ECM,
T0576,WS2B-1,WS2B-1,WS2,,American Beech,Fagus,grandifolia,2.69,6.833,Intermediate,Seed,0.003667,hard maple/oak/hickory/beech,13.743,1.276285426,ECM,
T0577,WS2B-1,WS2B-1,WS2,53.0,American Beech,Fagus,grandifolia,4.1,10.414,Intermediate,Seed,0.008518,hard maple/oak/hickory/beech,38.441,3.627910456,ECM,
T0578,WS2B-1,WS2B-1,WS2,271.0,American Beech,Fagus,grandifolia,1.58,4.013,Overtopped,Seed,0.001265,hard maple/oak/hickory/beech,3.749,0.341268593,ECM,
T0579,WS2B-1,WS2B-1,WS2,270.0,American Beech,Fagus,grandifolia,1.61,4.089,Overtopped,Seed,0.001313,hard maple/oak/hickory/beech,3.924,0.357557232,ECM,
T0580,WS2B-1,WS2B-1,WS2,302.0,American Beech,Fagus,grandifolia,4.6,11.684,Co-dominant,Seed,0.010722,hard maple/oak/hickory/beech,50.908,4.825416443,ECM,
T0581,WS2B-1,WS2B-1,WS2,22.0,American Beech,Fagus,grandifolia,1.8,4.572,Intermediate,Seed,0.001642,hard maple/oak/hickory/beech,5.154,0.471452277,ECM,
T0582,WS2B-1,WS2B-1,WS2,17.0,American Beech,Fagus,grandifolia,16.13,40.97,Dominant,Seed,0.131832,hard maple/oak/hickory/beech,1088.486,108.1943931,ECM,
T0583,WS2B-1,WS2B-1,WS2,,American Beech,Fagus,grandifolia,1.9,4.826,Overtopped,Seed,0.001829,hard maple/oak/hickory/beech,5.881,0.53906852,ECM,
T0584,WS2B-1,WS2B-1,WS2,,American Beech,Fagus,grandifolia,2.16,5.486,Overtopped,Seed,0.002364,hard maple/oak/hickory/beech,8.041,0.740826604,ECM,
T0585,WS2B-1,WS2B-1,WS2,,American Beech,Fagus,grandifolia,1.85,4.699,Intermediate,Seed,0.001734,hard maple/oak/hickory/beech,5.51,0.504584828,ECM,
T0586,WS2B-1,WS2B-1,WS2,,American Beech,Fagus,grandifolia,1.19,3.023,Intermediate,Seed,0.000718,hard maple/oak/hickory/beech,1.877,0.169014578,ECM,
T0587,WS2B-1,WS2B-1,WS2,35.0,American Beech,Fagus,grandifolia,8.5,21.59,Dominant,Seed,0.03661,hard maple/oak/hickory/beech,227.879,22.10797684,ECM,
T0588,WS2B-1,WS2B-1,WS2,,American Beech,Fagus,grandifolia,1.96,4.978,Intermediate,Seed,0.001946,hard maple/oak/hickory/beech,6.343,0.582256892,ECM,
T0589,WS2B-1,WS2B-1,WS2,,American Beech,Fagus,grandifolia,1.8,4.572,Intermediate,Seed,0.001642,hard maple/oak/hickory/beech,5.154,0.471452277,ECM,
T0590,WS2B-1,WS2B-1,WS2,15.0,Black Cherry,Prunus,serotina,14.79,37.567,Dominant,Seed,0.110842,mixed hardwood,682.31,67.49412004,AM,
T0591,WS2B-1,WS2B-1,WS2,149.0,Black Cherry,Prunus,serotina,11.7,29.718,Dominant,Seed,0.069363,mixed hardwood,381.236,37.07655215,AM,
T0592,WS2B-1,WS2B-1,WS2,51.0,Northern Red Oak,Quercus,rubra,12.61,32.029,Co-dominant,Seed,0.080571,hard maple/oak/hickory/beech,596.794,89.30881193,ECM,
T0593,WS2B-1,WS2B-1,WS2,55.0,Northern Red Oak,Quercus,rubra,9.7,24.638,Dominant,Seed,0.047676,hard maple/oak/hickory/beech,314.559,49.82396222,ECM,
T0594,WS2B-1,WS2B-1,WS2,148.0,Northern Red Oak,Quercus,rubra,8.8,22.352,Dominant,Seed,0.039239,hard maple/oak/hickory/beech,248.013,40.12086632,ECM,
T0595,WS2B-1,WS2B-1,WS2,189.0,Red Maple,Acer,rubrum,6.3,16.002,Co-dominant,Seed,0.020111,soft maple/birch,104.11,8.32388211,AM,
T0596,WS2B-1,WS2B-1,WS2,,Serviceberry,Amelanchier,arborea,1.28,3.251,Overtopped,Seed,0.00083,mixed hardwood,1.565,0.125657271,AM,
T0597,WS2B-1,WS2B-1,WS2,54.0,Sugar Maple,Acer,saccharum,16.1,40.894,Dominant,Seed,0.131344,hard maple/oak/hickory/beech,1083.563,92.05679955,AM,
T0598,WS2B-1,WS2B-1,WS2,50.0,Sugar Maple,Acer,saccharum,16.1,40.894,Dominant,Seed,0.131344,hard maple/oak/hickory/beech,1083.563,92.05679955,AM,
T0599,WS2A-5,WS2A-5,WS2,62.0,American Beech,Fagus,grandifolia,10.6,26.924,Co-dominant,Seed,0.056934,hard maple/oak/hickory/beech,390.629,38.21543662,ECM,
T0600,WS2A-5,WS2A-5,WS2,,American Beech,Fagus,grandifolia,2.6,6.604,Co-dominant,Seed,0.003425,hard maple/oak/hickory/beech,12.646,1.173040427,ECM,
T0601,WS2A-5,WS2A-5,WS2,383.0,American Beech,Fagus,grandifolia,3.9,9.906,Intermediate,Seed,0.007707,hard maple/oak/hickory/beech,34.024,3.204923646,ECM,
T0602,WS2A-5,WS2A-5,WS2,,American Beech,Fagus,grandifolia,2.2,5.588,Overtopped,Seed,0.002452,hard maple/oak/hickory/beech,8.411,0.775301084,ECM,
T0603,WS2A-5,WS2A-5,WS2,61.0,American Beech,Fagus,grandifolia,4.2,10.668,Intermediate,Seed,0.008938,hard maple/oak/hickory/beech,40.77,3.851224648,ECM,
T0604,WS2A-5,WS2A-5,WS2,,American Chestnut,Castenea,dentata,2.69,6.833,Intermediate,Seed,0.003667,mixed hardwood,9.902,1.091039792,uncertain,
T0605,WS2A-5,WS2A-5,WS2,70.0,Blackgum,Nyssa,sylvativa,14.2,36.068,Dominant,Seed,0.102172,mixed hardwood,616.683,65.78620122,AM,
T0606,WS2A-5,WS2A-5,WS2,97.0,Cucumbertree,Magnolia,acuminata,1.4,3.556,Intermediate,Stump-sprout,0.000993,mixed hardwood,1.956,0.195809333,AM,
T0607,WS2A-5,WS2A-5,WS2,91.0,Cucumbertree,Magnolia,acuminata,8.4,21.336,Dominant,Seed,0.035753,mixed hardwood,167.418,17.67078609,AM,
T0608,WS2A-5,WS2A-5,WS2,,Fraser Magnolia,Magnolia,fraseri,1.95,4.953,Intermediate,Seed,0.001927,mixed hardwood,4.453,0.450253782,AM,
T0609,WS2A-5,WS2A-5,WS2,,Fraser Magnolia,Magnolia,fraseri,1.2,3.048,Overtopped,Seed,0.00073,mixed hardwood,1.334,0.132923653,AM,
T0610,WS2A-5,WS2A-5,WS2,411.0,Fraser Magnolia,Magnolia,fraseri,2.66,6.756,Intermediate,Seed,0.003585,mixed hardwood,9.627,0.982461486,AM,
T0611,WS2A-5,WS2A-5,WS2,,Fraser Magnolia,Magnolia,fraseri,2.13,5.41,Intermediate,Stump-sprout,0.002299,mixed hardwood,5.544,0.56210158,AM,
T0612,WS2A-5,WS2A-5,WS2,,Fraser Magnolia,Magnolia,fraseri,1.4,3.556,Intermediate,Seed,0.000993,mixed hardwood,1.956,0.195809333,AM,
T0613,WS2A-5,WS2A-5,WS2,,Fraser Magnolia,Magnolia,fraseri,1.11,2.819,Intermediate,Seed,0.000624,mixed hardwood,1.098,0.109274683,AM,
T0614,WS2A-5,WS2A-5,WS2,,Fraser Magnolia,Magnolia,fraseri,1.2,3.048,Overtopped,Stump-sprout,0.00073,mixed hardwood,1.334,0.132923653,AM,
T0615,WS2A-5,WS2A-5,WS2,393.0,Fraser Magnolia,Magnolia,fraseri,4.2,10.668,Co-dominant,Seed,0.008938,mixed hardwood,29.936,3.095958947,AM,
T0616,WS2A-5,WS2A-5,WS2,385.0,Fraser Magnolia,Magnolia,fraseri,4.72,11.989,Co-dominant,Seed,0.011289,mixed hardwood,40.004,4.151273087,AM,
T0617,WS2A-5,WS2A-5,WS2,,Fraser Magnolia,Magnolia,fraseri,1.0,2.54,Overtopped,Seed,0.000507,mixed hardwood,0.848,0.084067297,AM,
T0618,WS2A-5,WS2A-5,WS2,,Fraser Magnolia,Magnolia,fraseri,2.8,7.112,Intermediate,Stump-sprout,0.003973,mixed hardwood,10.936,1.117619741,AM,
T0619,WS2A-5,WS2A-5,WS2,,Fraser Magnolia,Magnolia,fraseri,2.5,6.35,Intermediate,Stump-sprout,0.003167,mixed hardwood,8.254,0.840647068,AM,
T0620,WS2A-5,WS2A-5,WS2,,Fraser Magnolia,Magnolia,fraseri,1.13,2.87,Intermediate,Seed,0.000647,mixed hardwood,1.148,0.114290024,AM,
T0621,WS2A-5,WS2A-5,WS2,,Fraser Magnolia,Magnolia,fraseri,1.5,3.81,Overtopped,Stump-sprout,0.00114,mixed hardwood,2.321,0.232877865,AM,
T0622,WS2A-5,WS2A-5,WS2,,Fraser Magnolia,Magnolia,fraseri,1.4,3.556,Overtopped,Seed,0.000993,mixed hardwood,1.956,0.195809333,AM,
T0623,WS2A-5,WS2A-5,WS2,,Fraser Magnolia,Magnolia,fraseri,1.06,2.692,Overtopped,Seed,0.000569,mixed hardwood,0.98,0.097323651,AM,
T0624,WS2A-5,WS2A-5,WS2,47.0,Red Maple,Acer,rubrum,15.77,40.056,Dominant,Seed,0.126016,soft maple/birch,911.943,86.77590441,AM,
T0625,WS2A-5,WS2A-5,WS2,,Red Maple,Acer,rubrum,4.65,11.811,Dominant,Seed,0.010956,soft maple/birch,50.765,3.831570524,AM,
T0626,WS2A-5,WS2A-5,WS2,56.0,Red Maple,Acer,rubrum,13.2,33.528,Dominant,Seed,0.088289,soft maple/birch,598.743,55.08323735,AM,
T0627,WS2A-5,WS2A-5,WS2,49.0,Red Maple,Acer,rubrum,6.8,17.272,Dominant,Seed,0.02343,soft maple/birch,124.72,10.11731159,AM,
T0628,WS2A-5,WS2A-5,WS2,305.0,Red Maple,Acer,rubrum,4.5,11.43,Co-dominant,Seed,0.010261,soft maple/birch,46.977,3.523668645,AM,
T0629,WS2A-5,WS2A-5,WS2,365.0,Red Maple,Acer,rubrum,3.4,8.636,Co-dominant,Seed,0.005858,soft maple/birch,24.209,1.721819447,AM,
T0630,WS2A-5,WS2A-5,WS2,59.0,Red Maple,Acer,rubrum,6.3,16.002,Co-dominant,Seed,0.020111,soft maple/birch,104.11,8.32388211,AM,
T0631,WS2A-5,WS2A-5,WS2,147.0,Red Maple,Acer,rubrum,18.3,46.482,Dominant,Seed,0.169691,soft maple/birch,1296.564,126.9083181,AM,
T0632,WS2A-5,WS2A-5,WS2,55.0,Red Maple,Acer,rubrum,17.95,45.593,Dominant,Seed,0.163262,soft maple/birch,1238.679,120.7991113,AM,
T0633,WS2A-5,WS2A-5,WS2,,Red Maple,Acer,rubrum,7.8,19.812,Dominant,Seed,0.030828,soft maple/birch,172.53,14.36467652,AM,
T0634,WS2A-5,WS2A-5,WS2,,Red Maple,Acer,rubrum,2.4,6.096,Intermediate,Stump-sprout,0.002919,soft maple/birch,10.622,0.707173364,AM,
T0635,WS2A-5,WS2A-5,WS2,50.0,Serviceberry,Amelanchier,arborea,5.31,13.487,Co-dominant,Seed,0.014286,mixed hardwood,53.591,4.820474073,AM,
T0636,WS2A-5,WS2A-5,WS2,338.0,Serviceberry,Amelanchier,arborea,2.5,6.35,Co-dominant,Seed,0.003167,mixed hardwood,8.254,0.698960998,AM,
T0637,WS2A-5,WS2A-5,WS2,360.0,Serviceberry,Amelanchier,arborea,2.92,7.417,Intermediate,Seed,0.004321,mixed hardwood,12.138,1.040729266,AM,
T0638,WS2A-5,WS2A-5,WS2,,Striped Maple,Acer,pennsylvanicum,2.36,5.994,Co-dominant,Seed,0.002822,soft maple/birch,10.206,0.695622866,AM,
T0639,WS2A-5,WS2A-5,WS2,,Sugar Maple,Acer,saccharum,2.7,6.858,Intermediate,Seed,0.003694,hard maple/oak/hickory/beech,13.866,0.966449117,AM,
T0640,WS2A-5,WS2A-5,WS2,395.0,Sugar Maple,Acer,saccharum,2.9,7.366,Intermediate,Seed,0.004261,hard maple/oak/hickory/beech,16.508,1.159776377,AM,
T0641,WS2A-5,WS2A-5,WS2,,Sweet Birch,Betula,lenta,1.31,3.327,Overtopped,Seed,0.000869,soft maple/birch,2.536,1.503056494,ECM,
T0642,WS2A-5,WS2A-5,WS2,,Sweet Birch,Betula,lenta,1.1,2.794,Intermediate,Seed,0.000613,soft maple/birch,1.678,1.068283092,ECM,
T0643,WS2A-5,WS2A-5,WS2,,Sweet Birch,Betula,lenta,1.19,3.023,Intermediate,Seed,0.000718,soft maple/birch,2.022,1.245758268,ECM,
T0644,WS2A-5,WS2A-5,WS2,,Sweet Birch,Betula,lenta,1.36,3.454,Intermediate,Stump-sprout,0.000937,soft maple/birch,2.771,1.617212044,ECM,
T0645,WS2A-5,WS2A-5,WS2,,Sweet Birch,Betula,lenta,1.1,2.794,Intermediate,Stump-sprout,0.000613,soft maple/birch,1.678,1.068283092,ECM,
T0646,WS2A-5,WS2A-5,WS2,394.0,Sweet Birch,Betula,lenta,4.5,11.43,Co-dominant,Seed,0.010261,soft maple/birch,46.977,16.76335162,ECM,
T0647,WS2A-5,WS2A-5,WS2,407.0,Sweet Birch,Betula,lenta,2.1,5.334,Intermediate,Seed,0.002235,soft maple/birch,7.746,3.780101897,ECM,
T0648,WS2A-5,WS2A-5,WS2,410.0,Sweet Birch,Betula,lenta,1.4,3.556,Intermediate,Seed,0.000993,soft maple/birch,2.969,1.71147199,ECM,
T0649,WS2A-5,WS2A-5,WS2,,Sweet Birch,Betula,lenta,1.56,3.962,Intermediate,Seed,0.001233,soft maple/birch,3.834,2.114534595,ECM,
T0650,WS2A-5,WS2A-5,WS2,,Sweet Birch,Betula,lenta,1.08,2.743,Intermediate,Stump-sprout,0.000591,soft maple/birch,1.607,1.030653638,ECM,
T0651,WS2A-5,WS2A-5,WS2,60.0,White Oak,Quercus,alba,17.18,43.637,Dominant,Seed,0.149555,hard maple/oak/hickory/beech,1269.635,176.5919103,ECM,
T0652,WS2A-5,WS2A-5,WS2,98.0,White Oak,Quercus,alba,9.2,23.368,Dominant,Seed,0.042888,hard maple/oak/hickory/beech,276.438,43.97361121,ECM,
T0653,WS2A-5,WS2A-5,WS2,143.0,Yellow-poplar,Liriodendron,tulipifera,7.2,18.288,Dominant,Seed,0.026268,mixed hardwood,114.167,15.65313356,AM,
T0654,WS2A-3,WS2A-3,WS2,,American Beech,Fagus,grandifolia,3.1,7.874,Intermediate,Stump-sprout,0.004869,hard maple/oak/hickory/beech,19.427,1.814130884,ECM,
T0655,WS2A-3,WS2A-3,WS2,,American Beech,Fagus,grandifolia,1.73,4.394,Overtopped,Seed,0.001516,hard maple/oak/hickory/beech,4.678,0.427303041,ECM,
T0656,WS2A-3,WS2A-3,WS2,,American Beech,Fagus,grandifolia,3.09,7.849,Intermediate,Seed,0.004839,hard maple/oak/hickory/beech,19.277,1.799659121,ECM,
T0657,WS2A-3,WS2A-3,WS2,,American Beech,Fagus,grandifolia,9.5,24.13,Co-dominant,Seed,0.04573,hard maple/oak/hickory/beech,298.962,29.12656704,ECM,
T0658,WS2A-3,WS2A-3,WS2,,American Beech,Fagus,grandifolia,16.2,41.148,Dominant,Seed,0.13298,hard maple/oak/hickory/beech,1100.065,109.362041,ECM,
T0659,WS2A-3,WS2A-3,WS2,,American Beech,Fagus,grandifolia,1.2,3.048,Overtopped,Stump-sprout,0.00073,hard maple/oak/hickory/beech,1.915,0.172557178,ECM,
T0660,WS2A-3,WS2A-3,WS2,,Black Cherry,Prunus,serotina,15.33,38.938,Dominant,Seed,0.11908,mixed hardwood,745.835,73.97325328,AM,
T0661,WS2A-3,WS2A-3,WS2,,Northern Red Oak,Quercus,rubra,11.2,28.448,Dominant,Seed,0.063561,hard maple/oak/hickory/beech,446.821,68.60314667,ECM,
T0662,WS2A-3,WS2A-3,WS2,316.0,Red Maple,Acer,rubrum,3.4,8.636,Intermediate,Seed,0.005858,soft maple/birch,24.209,1.721819447,AM,
T0663,WS2A-3,WS2A-3,WS2,,Red Maple,Acer,rubrum,15.02,38.151,Dominant,Seed,0.114315,soft maple/birch,812.678,76.61867811,AM,
T0664,WS2A-3,WS2A-3,WS2,149.0,Red Maple,Acer,rubrum,15.3,38.862,Co-dominant,Seed,0.118615,soft maple/birch,848.955,80.32082128,AM,
T0665,WS2A-3,WS2A-3,WS2,,Red Maple,Acer,rubrum,14.47,36.754,Dominant,Seed,0.106096,soft maple/birch,744.047,69.65350686,AM,
T0666,WS2A-3,WS2A-3,WS2,,Red Maple,Acer,rubrum,15.85,40.259,Dominant,Seed,0.127296,soft maple/birch,922.912,87.90499493,AM,
T0667,WS2A-3,WS2A-3,WS2,,Red Maple,Acer,rubrum,13.67,34.722,Dominant,Seed,0.094689,soft maple/birch,650.404,60.23360898,AM,
T0668,WS2A-3,WS2A-3,WS2,,Sugar Maple,Acer,saccharum,1.7,4.318,Overtopped,Seed,0.001464,hard maple/oak/hickory/beech,4.482,0.296804755,AM,
T0669,WS2A-3,WS2A-3,WS2,22.0,Sugar Maple,Acer,saccharum,5.3,13.462,Intermediate,Seed,0.014233,hard maple/oak/hickory/beech,71.937,5.403211851,AM,
T0670,WS2A-3,WS2A-3,WS2,,Sugar Maple,Acer,saccharum,4.42,11.227,Intermediate,Seed,0.0099,hard maple/oak/hickory/beech,46.184,3.39960159,AM,
T0671,WS2A-3,WS2A-3,WS2,,Sugar Maple,Acer,saccharum,3.4,8.636,Intermediate,Seed,0.005858,hard maple/oak/hickory/beech,24.341,1.740442338,AM,
T0672,WS2A-3,WS2A-3,WS2,,Sugar Maple,Acer,saccharum,3.3,8.382,Intermediate,Seed,0.005518,hard maple/oak/hickory/beech,22.63,1.612778519,AM,
T0673,WS2A-3,WS2A-3,WS2,,Sugar Maple,Acer,saccharum,2.02,5.131,Intermediate,Seed,0.002068,hard maple/oak/hickory/beech,6.83,0.460905624,AM,
T0674,WS2A-3,WS2A-3,WS2,371.0,Sugar Maple,Acer,saccharum,2.3,5.842,Intermediate,Seed,0.00268,hard maple/oak/hickory/beech,9.375,0.641914673,AM,
T0675,WS2A-3,WS2A-3,WS2,,Sugar Maple,Acer,saccharum,5.73,14.554,Co-dominant,Seed,0.016636,hard maple/oak/hickory/beech,87.023,6.593349491,AM,
T0676,WS2A-3,WS2A-3,WS2,21.0,Sugar Maple,Acer,saccharum,7.7,19.558,Intermediate,Seed,0.030043,hard maple/oak/hickory/beech,179.026,14.01531555,AM,
T0677,WS2A-3,WS2A-3,WS2,,Sugar Maple,Acer,saccharum,5.05,12.827,Intermediate,Stump-sprout,0.012922,hard maple/oak/hickory/beech,63.933,4.77641821,AM,
T0678,WS2A-3,WS2A-3,WS2,,Sugar Maple,Acer,saccharum,1.8,4.572,Overtopped,Seed,0.001642,hard maple/oak/hickory/beech,5.154,0.343413497,AM,
T0679,WS2A-3,WS2A-3,WS2,,Sugar Maple,Acer,saccharum,2.3,5.842,Overtopped,Seed,0.00268,hard maple/oak/hickory/beech,9.375,0.641914673,AM,
T0680,WS2A-3,WS2A-3,WS2,393.0,Sugar Maple,Acer,saccharum,3.6,9.144,Co-dominant,Seed,0.006567,hard maple/oak/hickory/beech,27.985,2.013752748,AM,
T0681,WS2A-3,WS2A-3,WS2,378.0,Sugar Maple,Acer,saccharum,3.9,9.906,Intermediate,Seed,0.007707,hard maple/oak/hickory/beech,34.024,2.470099511,AM,
T0682,WS2A-3,WS2A-3,WS2,391.0,Sugar Maple,Acer,saccharum,1.6,4.064,Intermediate,Seed,0.001297,hard maple/oak/hickory/beech,3.866,0.254262832,AM,
T0683,WS2A-3,WS2A-3,WS2,152.0,White Oak,Quercus,alba,18.5,46.99,Dominant,Seed,0.173421,hard maple/oak/hickory/beech,1521.103,208.2258122,ECM,
T0684,WS2A-1,WS2A-1,WS2,2.0,American Beech,Fagus,grandifolia,12.1,30.734,Dominant,Seed,0.074187,hard maple/oak/hickory/beech,539.599,53.05449531,ECM,
T0685,WS2A-1,WS2A-1,WS2,,American Beech,Fagus,grandifolia,15.0,38.1,Dominant,Seed,0.114009,hard maple/oak/hickory/beech,911.656,90.36785247,ECM,
T0686,WS2A-1,WS2A-1,WS2,,American Beech,Fagus,grandifolia,3.5,8.89,Intermediate,Seed,0.006207,hard maple/oak/hickory/beech,26.125,2.450868558,ECM,
T0687,WS2A-1,WS2A-1,WS2,,American Beech,Fagus,grandifolia,2.3,5.842,Overtopped,Seed,0.00268,hard maple/oak/hickory/beech,9.375,0.865615597,ECM,
T0688,WS2A-1,WS2A-1,WS2,,American Beech,Fagus,grandifolia,1.82,4.623,Intermediate,Seed,0.001679,hard maple/oak/hickory/beech,5.295,0.484544282,ECM,
T0689,WS2A-1,WS2A-1,WS2,,American Beech,Fagus,grandifolia,2.12,5.385,Overtopped,Seed,0.002278,hard maple/oak/hickory/beech,7.685,0.707283451,ECM,
T0690,WS2A-1,WS2A-1,WS2,302.0,American Beech,Fagus,grandifolia,5.55,14.097,Co-dominant,Seed,0.015608,hard maple/oak/hickory/beech,80.503,7.685084059,ECM,
T0691,WS2A-1,WS2A-1,WS2,,American Beech,Fagus,grandifolia,15.37,39.04,Dominant,Seed,0.119704,hard maple/oak/hickory/beech,967.54,95.99458029,ECM,
T0692,WS2A-1,WS2A-1,WS2,,American Beech,Fagus,grandifolia,11.3,28.702,Dominant,Seed,0.064701,hard maple/oak/hickory/beech,456.622,44.77988994,ECM,
T0693,WS2A-1,WS2A-1,WS2,7.0,American Beech,Fagus,grandifolia,10.4,26.416,Dominant,Seed,0.054805,hard maple/oak/hickory/beech,372.881,36.45292928,ECM,
T0694,WS2A-1,WS2A-1,WS2,1.0,American Beech,Fagus,grandifolia,4.5,11.43,Intermediate,Seed,0.010261,hard maple/oak/hickory/beech,48.249,4.569549016,ECM,
T0695,WS2A-1,WS2A-1,WS2,,American Beech,Fagus,grandifolia,4.0,10.16,Intermediate,Seed,0.008107,hard maple/oak/hickory/beech,36.193,3.412507789,ECM,
T0696,WS2A-1,WS2A-1,WS2,300.0,American Beech,Fagus,grandifolia,3.7,9.398,Intermediate,Seed,0.006937,hard maple/oak/hickory/beech,29.921,2.812832778,ECM,
T0697,WS2A-1,WS2A-1,WS2,329.0,American Beech,Fagus,grandifolia,3.94,10.008,Overtopped,Seed,0.007867,hard maple/oak/hickory/beech,34.885,3.287025083,ECM,
T0698,WS2A-1,WS2A-1,WS2,,American Beech,Fagus,grandifolia,2.2,5.588,Intermediate,Seed,0.002452,hard maple/oak/hickory/beech,8.411,0.775301084,ECM,
T0699,WS2A-1,WS2A-1,WS2,14.0,American Beech,Fagus,grandifolia,5.83,14.808,,Seed,0.017222,hard maple/oak/hickory/beech,90.777,8.682315554,ECM,
T0700,WS2A-1,WS2A-1,WS2,3.0,American Beech,Fagus,grandifolia,3.85,9.779,Intermediate,Seed,0.007511,hard maple/oak/hickory/beech,32.969,3.104034126,ECM,
T0701,WS2A-1,WS2A-1,WS2,343.0,American Beech,Fagus,grandifolia,1.5,3.81,Overtopped,Seed,0.00114,hard maple/oak/hickory/beech,3.302,0.300026009,ECM,
T0702,WS2A-1,WS2A-1,WS2,344.0,American Beech,Fagus,grandifolia,3.1,7.874,Intermediate,Seed,0.004869,hard maple/oak/hickory/beech,19.427,1.814130884,ECM,
T0703,WS2A-1,WS2A-1,WS2,14.0,American Beech,Fagus,grandifolia,6.53,16.586,Co-dominant,Seed,0.021606,hard maple/oak/hickory/beech,119.724,11.50021229,ECM,
T0704,WS2A-1,WS2A-1,WS2,345.0,American Beech,Fagus,grandifolia,1.87,4.75,Overtopped,Stump-sprout,0.001772,hard maple/oak/hickory/beech,5.657,0.51821519,ECM,
T0705,WS2A-1,WS2A-1,WS2,,American Beech,Fagus,grandifolia,11.1,28.194,Dominant,Seed,0.062431,hard maple/oak/hickory/beech,437.145,42.84087663,ECM,
T0706,WS2A-1,WS2A-1,WS2,,American Beech,Fagus,grandifolia,3.2,8.128,Intermediate,Stump-sprout,0.005189,hard maple/oak/hickory/beech,20.992,1.962672221,ECM,
T0707,WS2A-1,WS2A-1,WS2,,American Beech,Fagus,grandifolia,16.6,42.164,Dominant,Seed,0.139628,hard maple/oak/hickory/beech,1167.552,116.1783758,ECM,
T0708,WS2A-1,WS2A-1,WS2,,Pawpaw,Asimina,triloba,2.2,5.588,Intermediate,Seed,0.002452,mixed hardwood,6.008,0.661055164,AM,
T0709,WS2A-1,WS2A-1,WS2,5.0,Sugar Maple,Acer,saccharum,16.4,41.656,Dominant,Seed,0.136284,hard maple/oak/hickory/beech,1133.512,96.49763677,AM,
T0710,WS2A-1,WS2A-1,WS2,,Sugar Maple,Acer,saccharum,14.67,37.262,,Seed,0.109049,hard maple/oak/hickory/beech,863.483,72.6057846,AM,
T0711,WS2A-1,WS2A-1,WS2,15.0,Sugar Maple,Acer,saccharum,8.06,20.472,Co-dominant,,0.032916,hard maple/oak/hickory/beech,200.141,15.74863636,AM,
T0712,WS2A-1,WS2A-1,WS2,17.0,Sugar Maple,Acer,saccharum,16.42,41.707,Dominant,Seed,0.136618,hard maple/oak/hickory/beech,1136.903,96.79822493,AM,
